,ds,alg,task,test_accuracy,test_balanced_accuracy,test_f1,test_precision,test_recall
0,GAMETES_Epistasis_2_Way_1000atts_0.4H_EDM_1_EDM_1_1,LR,feat,-0.17499999999999993,-0.17517877378765956,-0.1724430902645533,-0.17964946445959107,-0.1656441717791411
1,GAMETES_Epistasis_2_Way_1000atts_0.4H_EDM_1_EDM_1_1,LR,feat,-0.175,-0.1746366619784342,-0.1648697214734951,-0.18500000000000005,-0.14556962025316456
2,GAMETES_Epistasis_2_Way_1000atts_0.4H_EDM_1_EDM_1_1,LR,feat,-0.15000000000000002,-0.1499374609130708,-0.14980246714504564,-0.1520569620253165,-0.14743589743589747
3,GAMETES_Epistasis_2_Way_1000atts_0.4H_EDM_1_EDM_1_1,LR,feat,-0.17812500000000003,-0.18031112507856695,-0.1996610169491525,-0.19007339778016463,-0.20945945945945948
4,GAMETES_Epistasis_2_Way_1000atts_0.4H_EDM_1_EDM_1_1,LR,feat,-0.1343749999999999,-0.13499511241446727,-0.12796697626418985,-0.14217754612393474,-0.11515151515151523
5,GAMETES_Epistasis_2_Way_1000atts_0.4H_EDM_1_EDM_1_1,LR,feat,-0.16562499999999997,-0.1647116324535679,-0.1514249424466143,-0.1658704883227176,-0.1354838709677419
6,agaricus_lepiota,LR,feat,0.0,0.0,0.0,0.0,0.0
7,agaricus_lepiota,LR,feat,0.0,0.0,0.0,0.0,0.0
8,agaricus_lepiota,LR,feat,0.0,0.0,0.0,0.0,0.0
9,agaricus_lepiota,LR,feat,0.0,0.0,0.0,0.0,0.0
10,agaricus_lepiota,LR,feat,0.0,0.0,0.0,0.0,0.0
11,agaricus_lepiota,LR,feat,0.0,0.0,0.0,0.0,0.0
12,mushroom,LR,feat,0.0,0.0,0.0,0.0,0.0
13,mushroom,LR,feat,0.0,0.0,0.0,0.0,0.0
14,mushroom,LR,feat,0.0,0.0,0.0,0.0,0.0
15,mushroom,LR,feat,0.0,0.0,0.0,0.0,0.0
16,mushroom,LR,feat,0.0,0.0,0.0,0.0,0.0
17,mushroom,LR,feat,0.0,0.0,0.0,0.0,0.0
18,ring,LR,feat,-0.014864864864864824,-0.015156085744321035,-0.010717234670678422,-0.013480358635813872,-0.0065359477124183885
19,ring,LR,feat,-0.002027027027027062,-0.0022391221764415103,-0.008066025320153325,0.0014020227560050946,-0.021857923497267784
20,ring,LR,feat,0.0,0.0,0.0,0.0,0.0
21,ring,LR,feat,0.0,0.0,0.0,0.0,0.0
22,ring,LR,feat,-0.01621621621621616,-0.016253481258275082,-0.013057934811824157,-0.014532854340237988,-0.010738255033556965
23,ring,LR,feat,-0.0060810810810810745,-0.005836511873148487,-0.0026097799946557254,-0.0058216328775365644,0.0027816411682892728
24,twonorm,LR,feat,0.0,0.0,0.0,0.0,0.0
25,twonorm,LR,feat,-0.020270270270270285,-0.020093921410684112,-0.02315381269638661,-0.014008779424328988,-0.031957390146471365
26,twonorm,LR,feat,-0.010810810810810811,-0.010745383356708826,-0.007743191522311288,-0.016822319771381378,0.0013586956521739468
27,twonorm,LR,feat,-0.015540540540540548,-0.01589608053867919,-0.012454774105905897,-0.021688908825838293,-0.003937007874015741
28,twonorm,LR,feat,0.0,0.0,0.0,0.0,0.0
29,twonorm,LR,feat,-0.004054054054054124,-0.0044327228826761544,0.004077082337951898,-0.020229797012638828,0.026702269692923886
30,clean1,LR,feat,-0.01041666666666674,-0.008474576271186418,-0.012612612612612817,-0.02489331436699882,0.0
31,clean1,LR,feat,-0.01041666666666663,-0.008333333333333193,-0.013698630136986245,-0.027027027027026973,0.0
32,clean1,LR,feat,0.0,0.0,0.0,0.0,0.0
33,clean1,LR,feat,0.0,0.0,0.0,0.0,0.0
34,clean1,LR,feat,0.0,0.0,0.0,0.0,0.0
35,clean1,LR,feat,0.03125,0.0303769401330376,0.03643480879253236,0.04878048780487798,0.024390243902438935
36,dna,LR,feat,0.0,0.0,0.0,0.0,0.0
37,dna,LR,feat,0.0,0.0,0.0,0.0,0.0
38,dna,LR,feat,0.0,0.0,0.0,0.0,0.0
39,dna,LR,feat,0.0,0.0,0.0,0.0,0.0
40,dna,LR,feat,0.0,0.0,0.0,0.0,0.0
41,dna,LR,feat,-0.00783699059561116,-0.00962481127443815,-0.009936841300071442,-0.010054848706177788,-0.00962481127443815
42,phoneme,LR,feat,0.0,0.0,0.0,0.0,0.0
43,phoneme,LR,feat,0.0,0.0,0.0,0.0,0.0
44,phoneme,LR,feat,0.0,0.0,0.0,0.0,0.0
45,phoneme,LR,feat,0.0,0.0,0.0,0.0,0.0
46,phoneme,LR,feat,0.0,0.0,0.0,0.0,0.0
47,phoneme,LR,feat,0.0,0.0,0.0,0.0,0.0
48,mfeat_pixel,LR,feat,0.0,0.0,0.0,0.0,0.0
49,mfeat_pixel,LR,feat,0.01750000000000007,0.014926665475445966,0.015740977729424732,0.019394742250046115,0.014926665475445966
50,mfeat_pixel,LR,feat,-0.007499999999999951,-0.007131995586175832,-0.007451913815997746,-0.005005363369284144,-0.007131995586175832
51,mfeat_pixel,LR,feat,0.0,0.0,0.0,0.0,0.0
52,mfeat_pixel,LR,feat,0.03249999999999997,0.03658730158730139,0.0411403837186235,0.032627720825640805,0.03658730158730139
53,mfeat_pixel,LR,feat,0.025000000000000022,0.031772088855547165,0.028849113282504613,0.026487486560679008,0.031772088855547165
54,banana,LR,feat,0.0018867924528301883,0.004981752674424134,0.0772283272283272,-0.15438596491228063,0.0449897750511248
55,banana,LR,feat,0.0,0.0,0.0,0.0,0.0
56,banana,LR,feat,0.0,0.0,0.0,0.0,0.0
57,banana,LR,feat,0.0,0.0,0.0,0.0,0.0
58,banana,LR,feat,0.0,0.0,0.0,0.0,0.0
59,banana,LR,feat,0.0,0.0,0.0,0.0,0.0
60,mfeat_factors,LR,feat,0.0050000000000000044,0.005887641333865434,0.006182261445782045,0.0061752024509835746,0.005887641333865434
61,mfeat_factors,LR,feat,0.0,0.0,0.0,0.0,0.0
62,mfeat_factors,LR,feat,0.0,0.0,0.0,0.0,0.0
63,mfeat_factors,LR,feat,0.0,0.0,0.0,0.0,0.0
64,mfeat_factors,LR,feat,0.0,0.0,0.0,0.0,0.0
65,mfeat_factors,LR,feat,0.0025000000000000577,0.004762552245203944,0.0009197378553551516,-0.0005792317703557925,0.004762552245203944
66,spambase,LR,feat,-0.007600434310532034,-0.009514496200025202,-0.013395467434550334,0.00020011300499100937,-0.02088772845953002
67,spambase,LR,feat,0.0,-0.001028070802789105,-0.001207931417447683,0.006196502651892977,-0.0056022408963585235
68,spambase,LR,feat,0.010857763300760048,0.013297872340425454,0.018046132971506146,0.00275462297595086,0.02659574468085102
69,spambase,LR,feat,-0.004343105320304019,-0.006603689333875784,-0.009451907150117012,0.004237228684073946,-0.016759776536312887
70,spambase,LR,feat,0.02062975027144409,0.027971629377769314,0.03703007518796997,-0.0002093364036006573,0.06128133704735372
71,spambase,LR,feat,0.0,0.0,0.0,0.0,0.0
72,Hill_Valley_with_noise,LR,feat,0.028806584362139953,0.026338983050847475,0.043201422854602156,0.015361990950226279,0.11199999999999999
73,Hill_Valley_with_noise,LR,feat,-0.004115226337448541,-0.007084745762711897,0.02470468191986186,-0.00639698465785421,0.09599999999999997
74,Hill_Valley_with_noise,LR,feat,0.004115226337448541,0.0044745762711864145,0.006520897832817285,0.0024390243902439046,0.016949152542372836
75,Hill_Valley_with_noise,LR,feat,-0.008230452674897248,-0.008196721311475474,-0.0037618734129596376,-0.004504504504504514,0.0
76,Hill_Valley_with_noise,LR,feat,0.03292181069958838,0.033227204985774195,0.05211356887865748,0.024092615769712222,0.1074380165289256
77,Hill_Valley_with_noise,LR,feat,0.028806584362139898,0.028417558596396164,0.04852542466662979,0.018660889013139448,0.12295081967213117
78,Hill_Valley_without_noise,LR,feat,-0.004115226337448652,-0.004201680672268893,-0.007727272727272805,0.0,-0.008403361344537896
79,Hill_Valley_without_noise,LR,feat,0.0,0.0,0.0,0.0,0.0
80,Hill_Valley_without_noise,LR,feat,0.0,0.0,0.0,0.0,0.0
81,Hill_Valley_without_noise,LR,feat,0.0,0.0,0.0,0.0,0.0
82,Hill_Valley_without_noise,LR,feat,0.0,0.0,0.0,0.0,0.0
83,Hill_Valley_without_noise,LR,feat,0.0,0.0,0.0,0.0,0.0
84,waveform_40,LR,feat,0.0,0.0,0.0,0.0,0.0
85,waveform_40,LR,feat,0.0,0.0,0.0,0.0,0.0
86,waveform_40,LR,feat,0.0,0.0,0.0,0.0,0.0
87,waveform_40,LR,feat,0.0,0.0,0.0,0.0,0.0
88,waveform_40,LR,feat,0.0,0.0,0.0,0.0,0.0
89,waveform_40,LR,feat,0.0,0.0,0.0,0.0,0.0
90,waveform_21,LR,feat,-0.05300000000000005,-0.053434527871533355,-0.056235334940040294,-0.05896489710583053,-0.053434527871533355
91,waveform_21,LR,feat,0.0,0.0,0.0,0.0,0.0
92,waveform_21,LR,feat,0.0,0.0,0.0,0.0,0.0
93,waveform_21,LR,feat,0.0,0.0,0.0,0.0,0.0
94,waveform_21,LR,feat,0.0,0.0,0.0,0.0,0.0
95,waveform_21,LR,feat,-0.03600000000000003,-0.036182385645807225,-0.04247548413645341,-0.045919088350693915,-0.036182385645807225
96,movement_libras,LR,feat,-0.20833333333333331,-0.1584126984126984,-0.17663960626203198,-0.2648290598290599,-0.1584126984126984
97,movement_libras,LR,feat,0.0,0.0,0.0,0.0,0.0
98,movement_libras,LR,feat,0.0,0.0,0.0,0.0,0.0
99,movement_libras,LR,feat,0.0,0.0,0.0,0.0,0.0
100,movement_libras,LR,feat,-0.12500000000000008,-0.09563492063492049,-0.094004448710331,-0.1393871052694583,-0.09563492063492049
101,movement_libras,LR,feat,-0.19444444444444448,-0.1544444444444445,-0.12985347985347992,-0.0783067898285289,-0.1544444444444445
102,satimage,LR,feat,0.0,0.0,0.0,0.0,0.0
103,satimage,LR,feat,0.0,0.0,0.0,0.0,0.0
104,satimage,LR,feat,0.0,0.0,0.0,0.0,0.0
105,satimage,LR,feat,0.0,0.0,0.0,0.0,0.0
106,satimage,LR,feat,0.0,0.0,0.0,0.0,0.0
107,satimage,LR,feat,0.0,0.0,0.0,0.0,0.0
108,chess,LR,feat,0.0,0.0,0.0,0.0,0.0
109,chess,LR,feat,0.0,0.0,0.0,0.0,0.0
110,chess,LR,feat,0.0,0.0,0.0,0.0,0.0
111,chess,LR,feat,0.0,0.0,0.0,0.0,0.0
112,chess,LR,feat,0.0,0.0,0.0,0.0,0.0
113,chess,LR,feat,0.0,0.0,0.0,0.0,0.0
114,kr_vs_kp,LR,feat,0.0,0.0,0.0,0.0,0.0
115,kr_vs_kp,LR,feat,0.0,0.0,0.0,0.0,0.0
116,kr_vs_kp,LR,feat,0.0,0.0,0.0,0.0,0.0
117,kr_vs_kp,LR,feat,0.0,0.0,0.0,0.0,0.0
118,kr_vs_kp,LR,feat,0.0,0.0,0.0,0.0,0.0
119,kr_vs_kp,LR,feat,0.0,0.0,0.0,0.0,0.0
120,optdigits,LR,feat,-0.03736654804270467,-0.036245802879107725,-0.04057541401378284,-0.04116898281179171,-0.036245802879107725
121,optdigits,LR,feat,0.0,0.0,0.0,0.0,0.0
122,optdigits,LR,feat,0.0,0.0,0.0,0.0,0.0
123,optdigits,LR,feat,0.0,0.0,0.0,0.0,0.0
124,optdigits,LR,feat,0.0,0.0,0.0,0.0,0.0
125,optdigits,LR,feat,-0.042704626334519546,-0.041357193812025295,-0.044783362746960154,-0.046136239870804396,-0.041357193812025295
126,splice,LR,feat,-0.0015673981191223207,-0.018556977373839878,-0.0076378609475687975,-0.0077146441128559395,-0.018556977373839878
127,splice,LR,feat,0.0015673981191222097,-0.0031076897858310915,0.0013340842724751667,0.0026710859302654377,-0.0031076897858310915
128,splice,LR,feat,-0.00940438871473348,-0.010263109248268787,-0.008801633125574249,-0.00664101916437676,-0.010263109248268787
129,splice,LR,feat,-0.010971786833855801,-0.016910238633413677,-0.01392450616059615,-0.012523657141637168,-0.016910238633413677
130,splice,LR,feat,-0.03918495297805635,-0.05408638325093795,-0.04159815887612839,-0.0410230091961471,-0.05408638325093795
131,splice,LR,feat,0.0,0.0,0.0,0.0,0.0
132,texture,LR,feat,0.0,0.0,0.0,0.0,0.0
133,texture,LR,feat,0.0,0.0,0.0,0.0,0.0
134,texture,LR,feat,0.0,0.0,0.0,0.0,0.0
135,texture,LR,feat,0.0,0.0,0.0,0.0,0.0
136,texture,LR,feat,0.0,0.0,0.0,0.0,0.0
137,texture,LR,feat,0.0,0.0,0.0,0.0,0.0
138,sonar,LR,feat,0.0,0.0,0.0,0.0,0.0
139,sonar,LR,feat,-0.04761904761904767,-0.04318181818181821,-0.030323005932761937,-0.1204481792717087,0.050000000000000044
140,sonar,LR,feat,-0.023809523809523836,-0.02083333333333337,-0.017825311942958888,-0.04166666666666663,0.0
141,sonar,LR,feat,0.0,0.0,-0.03333333333333338,0.0505050505050505,-0.04761904761904756
142,sonar,LR,feat,-0.0714285714285714,-0.07882352941176463,-0.10338680926916227,-0.08823529411764708,-0.1176470588235295
143,sonar,LR,feat,-0.04761904761904756,-0.045454545454545525,-0.03752345215759856,-0.07518796992481203,0.0
144,molecular_biology_promoters,LR,feat,-0.045454545454545525,-0.04166666666666674,-0.040935672514619936,-0.09722222222222221,0.0
145,molecular_biology_promoters,LR,feat,-0.045454545454545414,-0.07142857142857151,-0.07352941176470584,-0.033333333333333326,-0.1428571428571429
146,molecular_biology_promoters,LR,feat,-0.045454545454545525,-0.06250000000000011,-0.03201970443349755,-0.06190476190476191,0.0
147,molecular_biology_promoters,LR,feat,-0.045454545454545414,-0.03333333333333344,-0.023809523809523947,-0.10389610389610393,0.09999999999999998
148,molecular_biology_promoters,LR,feat,0.0,0.0,0.0,0.0,0.0
149,molecular_biology_promoters,LR,feat,0.045454545454545525,0.045454545454545525,0.05789473684210522,0.0,0.09090909090909094
150,mfeat_fourier,LR,feat,0.0,0.0,0.0,0.0,0.0
151,mfeat_fourier,LR,feat,0.0,0.0,0.0,0.0,0.0
152,mfeat_fourier,LR,feat,0.0,0.0,0.0,0.0,0.0
153,mfeat_fourier,LR,feat,0.0,0.0,0.0,0.0,0.0
154,mfeat_fourier,LR,feat,0.0,0.0,0.0,0.0,0.0
155,mfeat_fourier,LR,feat,0.0,0.0,0.0,0.0,0.0
156,analcatdata_authorship,LR,feat,0.0,0.0,0.0,0.0,0.0
157,analcatdata_authorship,LR,feat,0.0,0.0,0.0,0.0,0.0
158,analcatdata_authorship,LR,feat,0.0,0.0,0.0,0.0,0.0
159,analcatdata_authorship,LR,feat,0.0,0.0,0.0,0.0,0.0
160,analcatdata_authorship,LR,feat,0.0,0.0,0.0,0.0,0.0
161,analcatdata_authorship,LR,feat,0.0,0.0,0.0,0.0,0.0
162,tokyo1,LR,feat,0.0,0.0,0.0,0.0,0.0
163,tokyo1,LR,feat,0.0,0.0,0.0,0.0,0.0
164,tokyo1,LR,feat,0.0,0.0,0.0,0.0,0.0
165,tokyo1,LR,feat,0.0,0.0,0.0,0.0,0.0
166,tokyo1,LR,feat,0.0,0.0,0.0,0.0,0.0
167,tokyo1,LR,feat,0.0,0.0,0.0,0.0,0.0
168,soybean,LR,feat,0.0,0.0,0.0,0.0,0.0
169,soybean,LR,feat,0.0,0.0,0.0,0.0,0.0
170,soybean,LR,feat,0.0,0.0,0.0,0.0,0.0
171,soybean,LR,feat,-0.08148148148148149,-0.055555555555555525,-0.08267036068572992,-0.0917789361469954,-0.055555555555555525
172,soybean,LR,feat,-0.04444444444444445,-0.055555555555555525,-0.07349189849189847,-0.08136375273472046,-0.055555555555555525
173,soybean,LR,feat,0.0,0.0,0.0,0.0,0.0
174,mfeat_karhunen,LR,feat,0.0,0.0,0.0,0.0,0.0
175,mfeat_karhunen,LR,feat,0.0,0.0,0.0,0.0,0.0
176,mfeat_karhunen,LR,feat,0.0,0.0,0.0,0.0,0.0
177,mfeat_karhunen,LR,feat,0.0,0.0,0.0,0.0,0.0
178,mfeat_karhunen,LR,feat,0.0,0.0,0.0,0.0,0.0
179,mfeat_karhunen,LR,feat,0.0,0.0,0.0,0.0,0.0
180,GAMETES_Epistasis_2_Way_1000atts_0.4H_EDM_1_EDM_1_1,KNN,feat,-0.048125000000000084,-0.048125000000000084,-0.03163728843193603,-0.05173926234749837,-0.009999999999999898
181,GAMETES_Epistasis_2_Way_1000atts_0.4H_EDM_1_EDM_1_1,KNN,feat,-0.027499999999999858,-0.027499999999999858,-0.0008936334356254294,-0.02849225806791733,0.028749999999999942
182,GAMETES_Epistasis_2_Way_1000atts_0.4H_EDM_1_EDM_1_1,KNN,feat,-0.050000000000000044,-0.050000000000000044,-0.05519165601257903,-0.05161260477268803,-0.05750000000000011
183,GAMETES_Epistasis_2_Way_1000atts_0.4H_EDM_1_EDM_1_1,KNN,feat,-0.025000000000000022,-0.025000000000000022,-0.004240546186633387,-0.027813534523185246,0.017499999999999905
184,GAMETES_Epistasis_2_Way_1000atts_0.4H_EDM_1_EDM_1_1,KNN,feat,-0.02937500000000004,-0.02937500000000004,-0.013452960090000077,-0.027722838817198614,-0.0024999999999999467
185,GAMETES_Epistasis_2_Way_1000atts_0.4H_EDM_1_EDM_1_1,KNN,feat,-0.06312500000000004,-0.06312500000000004,-0.06155075707899815,-0.06619220501514161,-0.05624999999999991
186,GAMETES_Epistasis_2_Way_1000atts_0.4H_EDM_1_EDM_1_1,SVC,feat,-0.1374999999999999,-0.1374999999999999,-0.13434356304499218,-0.14019320902609705,-0.12875000000000014
187,GAMETES_Epistasis_2_Way_1000atts_0.4H_EDM_1_EDM_1_1,SVC,feat,-0.1512500000000001,-0.1512500000000001,-0.14881224087382855,-0.15074225263364133,-0.14625
188,GAMETES_Epistasis_2_Way_1000atts_0.4H_EDM_1_EDM_1_1,SVC,feat,-0.14375,-0.1437500000000002,-0.1580733261272561,-0.1446716677635893,-0.17125000000000018
189,GAMETES_Epistasis_2_Way_1000atts_0.4H_EDM_1_EDM_1_1,SVC,feat,-0.15749999999999992,-0.15749999999999992,-0.15874871886782005,-0.1591012394421476,-0.1587500000000001
190,GAMETES_Epistasis_2_Way_1000atts_0.4H_EDM_1_EDM_1_1,SVC,feat,-0.13687500000000002,-0.13687500000000002,-0.14986775609057518,-0.1369296455394854,-0.16250000000000014
191,GAMETES_Epistasis_2_Way_1000atts_0.4H_EDM_1_EDM_1_1,SVC,feat,-0.14187499999999992,-0.14187499999999992,-0.12997797511858705,-0.14582925105719324,-0.11625000000000008
192,GAMETES_Epistasis_2_Way_1000atts_0.4H_EDM_1_EDM_1_1,NB,feat,-0.14000000000000012,-0.14000000000000012,-0.16549655558590043,-0.1533033750517041,-0.17500000000000016
193,GAMETES_Epistasis_2_Way_1000atts_0.4H_EDM_1_EDM_1_1,NB,feat,-0.12312500000000004,-0.12312500000000004,-0.1256277682471062,-0.13222708900623104,-0.11374999999999996
194,GAMETES_Epistasis_2_Way_1000atts_0.4H_EDM_1_EDM_1_1,NB,feat,-0.125625,-0.125625,-0.1367417073980013,-0.1367216270940716,-0.13750000000000007
195,GAMETES_Epistasis_2_Way_1000atts_0.4H_EDM_1_EDM_1_1,NB,feat,-0.11312500000000003,-0.11312500000000003,-0.10490523366832094,-0.12353149851259138,-0.08625000000000005
196,GAMETES_Epistasis_2_Way_1000atts_0.4H_EDM_1_EDM_1_1,NB,feat,-0.0981249999999999,-0.0981249999999999,-0.09708612966443986,-0.10998461374543056,-0.08375000000000005
197,GAMETES_Epistasis_2_Way_1000atts_0.4H_EDM_1_EDM_1_1,NB,feat,-0.13812499999999994,-0.13812499999999994,-0.12857867076880192,-0.15209637795144848,-0.10624999999999996
198,GAMETES_Epistasis_2_Way_1000atts_0.4H_EDM_1_EDM_1_1,DT,feat,-0.029374999999999984,-0.029374999999999984,-0.03787879473202188,-0.028464553304517026,-0.04625000000000001
199,GAMETES_Epistasis_2_Way_1000atts_0.4H_EDM_1_EDM_1_1,DT,feat,-0.0012500000000000844,-0.0012500000000000844,0.015438562837189806,-0.0006637745338530232,0.03125000000000011
200,GAMETES_Epistasis_2_Way_1000atts_0.4H_EDM_1_EDM_1_1,DT,feat,0.016874999999999973,0.016874999999999973,0.0011328017262579593,0.01733504295867716,-0.016250000000000098
201,GAMETES_Epistasis_2_Way_1000atts_0.4H_EDM_1_EDM_1_1,DT,feat,0.020625000000000004,0.020625000000000004,0.021405545594017972,0.020788700672425775,0.022499999999999964
202,GAMETES_Epistasis_2_Way_1000atts_0.4H_EDM_1_EDM_1_1,DT,feat,-0.01000000000000012,-0.01000000000000012,0.0005315841953837941,-0.009669664362417008,0.011249999999999982
203,GAMETES_Epistasis_2_Way_1000atts_0.4H_EDM_1_EDM_1_1,DT,feat,-0.025000000000000022,-0.025000000000000022,-0.032632790984873816,-0.02367555016180911,-0.04250000000000009
204,GAMETES_Epistasis_2_Way_1000atts_0.4H_EDM_1_EDM_1_1,RF,feat,-0.09187500000000026,-0.09187500000000026,-0.0790358972304806,-0.10075437269411158,-0.060000000000000164
205,GAMETES_Epistasis_2_Way_1000atts_0.4H_EDM_1_EDM_1_1,RF,feat,-0.10750000000000004,-0.10750000000000015,-0.12264442503967116,-0.11747859023827611,-0.1262500000000002
206,GAMETES_Epistasis_2_Way_1000atts_0.4H_EDM_1_EDM_1_1,RF,feat,-0.073125,-0.073125,-0.08076940517057057,-0.0767506205742583,-0.08375000000000005
207,GAMETES_Epistasis_2_Way_1000atts_0.4H_EDM_1_EDM_1_1,RF,feat,-0.1050000000000001,-0.1050000000000001,-0.10923017130663482,-0.11336250510337342,-0.10499999999999993
208,GAMETES_Epistasis_2_Way_1000atts_0.4H_EDM_1_EDM_1_1,RF,feat,-0.08187500000000003,-0.08187500000000003,-0.09704004151982731,-0.0902918836834754,-0.10249999999999998
209,GAMETES_Epistasis_2_Way_1000atts_0.4H_EDM_1_EDM_1_1,RF,feat,-0.08750000000000002,-0.08750000000000002,-0.08737632294671493,-0.09643734744857757,-0.0799999999999999
210,agaricus_lepiota,KNN,feat,0.0,0.0,0.0,0.0,0.0
211,agaricus_lepiota,KNN,feat,0.0,0.0,0.0,0.0,0.0
212,agaricus_lepiota,KNN,feat,0.0,0.0,0.0,0.0,0.0
213,agaricus_lepiota,KNN,feat,0.0,0.0,0.0,0.0,0.0
214,agaricus_lepiota,KNN,feat,0.0,0.0,0.0,0.0,0.0
215,agaricus_lepiota,KNN,feat,0.0,0.0,0.0,0.0,0.0
216,agaricus_lepiota,SVC,feat,0.0,0.0,0.0,0.0,0.0
217,agaricus_lepiota,SVC,feat,0.0,0.0,0.0,0.0,0.0
218,agaricus_lepiota,SVC,feat,0.0,0.0,0.0,0.0,0.0
219,agaricus_lepiota,SVC,feat,0.0,0.0,0.0,0.0,0.0
220,agaricus_lepiota,SVC,feat,0.0,0.0,0.0,0.0,0.0
221,agaricus_lepiota,SVC,feat,0.0,0.0,0.0,0.0,0.0
222,agaricus_lepiota,NB,feat,0.0,0.0,0.0,0.0,0.0
223,agaricus_lepiota,NB,feat,0.0,0.0,0.0,0.0,0.0
224,agaricus_lepiota,NB,feat,0.0,0.0,0.0,0.0,0.0
225,agaricus_lepiota,NB,feat,0.0,0.0,0.0,0.0,0.0
226,agaricus_lepiota,NB,feat,0.0,0.0,0.0,0.0,0.0
227,agaricus_lepiota,NB,feat,0.0,0.0,0.0,0.0,0.0
228,agaricus_lepiota,DT,feat,0.0,0.0,0.0,0.0,0.0
229,agaricus_lepiota,DT,feat,0.0,0.0,0.0,0.0,0.0
230,agaricus_lepiota,DT,feat,0.0,0.0,0.0,0.0,0.0
231,agaricus_lepiota,DT,feat,0.0,0.0,0.0,0.0,0.0
232,agaricus_lepiota,DT,feat,0.0,0.0,0.0,0.0,0.0
233,agaricus_lepiota,DT,feat,0.0,0.0,0.0,0.0,0.0
234,agaricus_lepiota,RF,feat,0.0,0.0,0.0,0.0,0.0
235,agaricus_lepiota,RF,feat,0.0,0.0,0.0,0.0,0.0
236,agaricus_lepiota,RF,feat,0.0,0.0,0.0,0.0,0.0
237,agaricus_lepiota,RF,feat,0.0,0.0,0.0,0.0,0.0
238,agaricus_lepiota,RF,feat,0.0,0.0,0.0,0.0,0.0
239,agaricus_lepiota,RF,feat,0.0,0.0,0.0,0.0,0.0
240,mushroom,KNN,feat,0.0,0.0,0.0,0.0,0.0
241,mushroom,KNN,feat,0.0,0.0,0.0,0.0,0.0
242,mushroom,KNN,feat,0.0,0.0,0.0,0.0,0.0
243,mushroom,KNN,feat,0.0,0.0,0.0,0.0,0.0
244,mushroom,KNN,feat,0.0,0.0,0.0,0.0,0.0
245,mushroom,KNN,feat,0.0,0.0,0.0,0.0,0.0
246,mushroom,SVC,feat,0.0,0.0,0.0,0.0,0.0
247,mushroom,SVC,feat,0.0,0.0,0.0,0.0,0.0
248,mushroom,SVC,feat,0.0,0.0,0.0,0.0,0.0
249,mushroom,SVC,feat,0.0,0.0,0.0,0.0,0.0
250,mushroom,SVC,feat,0.0,0.0,0.0,0.0,0.0
251,mushroom,SVC,feat,0.0,0.0,0.0,0.0,0.0
252,mushroom,NB,feat,0.0,0.0,0.0,0.0,0.0
253,mushroom,NB,feat,0.0,0.0,0.0,0.0,0.0
254,mushroom,NB,feat,0.0,0.0,0.0,0.0,0.0
255,mushroom,NB,feat,0.0,0.0,0.0,0.0,0.0
256,mushroom,NB,feat,0.0,0.0,0.0,0.0,0.0
257,mushroom,NB,feat,0.0,0.0,0.0,0.0,0.0
258,mushroom,DT,feat,0.0,0.0,0.0,0.0,0.0
259,mushroom,DT,feat,0.0,0.0,0.0,0.0,0.0
260,mushroom,DT,feat,0.0,0.0,0.0,0.0,0.0
261,mushroom,DT,feat,0.0,0.0,0.0,0.0,0.0
262,mushroom,DT,feat,0.0,0.0,0.0,0.0,0.0
263,mushroom,DT,feat,0.0,0.0,0.0,0.0,0.0
264,mushroom,RF,feat,0.0,0.0,0.0,0.0,0.0
265,mushroom,RF,feat,0.0,0.0,0.0,0.0,0.0
266,mushroom,RF,feat,0.0,0.0,0.0,0.0,0.0
267,mushroom,RF,feat,0.0,0.0,0.0,0.0,0.0
268,mushroom,RF,feat,0.0,0.0,0.0,0.0,0.0
269,mushroom,RF,feat,0.0,0.0,0.0,0.0,0.0
270,ring,KNN,feat,0.003108108108108132,0.0031761424963154816,0.0008810765153982603,0.00493460758667752,-0.004016064257028162
271,ring,KNN,feat,0.0009459459459459918,0.0009981711353164169,-0.000746842498022704,0.002217373550347679,-0.004277001052337637
272,ring,KNN,feat,0.0028378378378378644,0.0028582745680493238,0.002094744556972561,0.0027781175518029055,0.0010698766545683691
273,ring,KNN,feat,0.0055405405405405395,0.005535197098848088,0.00548290689717934,0.004563986274571219,0.0066988094982424196
274,ring,KNN,feat,0.004999999999999893,0.005037521618990737,0.003618645066406745,0.0057188036081430305,0.0010709504685407767
275,ring,KNN,feat,0.0035135135135134776,0.003564086370550501,0.002057416746446883,0.004483173607170654,-0.0010659393366694303
276,ring,SVC,feat,-0.045405405405405386,-0.04455804116876799,-0.07950316022237497,-0.036363246960988804,-0.13413654618473897
277,ring,SVC,feat,-0.004729729729729681,-0.00543321446287337,0.06402755180284747,0.040785550499601975,0.07561475849923771
278,ring,SVC,feat,0.021081081081081032,0.019975723511601318,0.07838936032173088,0.038321622617389306,0.13059510770354144
279,ring,SVC,feat,-0.058648648648648716,-0.05850363844500028,-0.049062843016790036,-0.050039794406037064,-0.07388484418959251
280,ring,SVC,feat,-0.004864864864864815,-0.004944562241690709,0.03909014031611957,0.04038222560392962,0.0034805890227577185
281,ring,SVC,feat,-0.00540540540540535,-0.004472009825254308,-0.0364817918817526,0.011589550669017235,-0.10201948614422052
282,ring,NB,feat,0.0012162162162161483,0.001215046634925443,0.0011216726659982745,0.0009918850298022974,0.0013386880856760541
283,ring,NB,feat,0.0014864864864865268,0.0014663688409964903,0.0017425222558477005,0.0005873989758442555,0.003208198211741786
284,ring,NB,feat,0.0013513513513513375,0.0012910542545412351,0.0024454938664409953,-0.0008608852131758438,0.007493431837868547
285,ring,NB,feat,-0.003108108108108132,-0.003144118781808647,-0.0019060722086926551,-0.003661573099396409,0.0008014231614513756
286,ring,NB,feat,0.0014864864864865268,0.001498125288786012,0.0011295387675510637,0.001716175621364724,0.00026773761713527744
287,ring,NB,feat,0.002567567567567597,0.0025592661365924085,0.0025003000969939793,0.0016060675513938083,0.0037486845778836875
288,ring,DT,feat,0.0017567567567567943,0.001778647103192199,0.0009614314115491407,0.002458566341383528,-0.0005354752342704439
289,ring,DT,feat,0.018108108108108034,0.01812346519136654,0.017064355245458684,0.01838927706650828,0.015787928899197445
290,ring,DT,feat,0.0033783783783783994,0.003439675957114252,0.0011187745492673429,0.004680269724798736,-0.002412502058143473
291,ring,DT,feat,0.015540540540540548,0.01566331547304811,0.01123692971949597,0.018885347619667647,0.0037526218957827373
292,ring,DT,feat,0.012837837837837873,0.012824924070999777,0.013363499362292308,0.012522818978549455,0.01419009370816593
293,ring,DT,feat,-0.004324324324324502,-0.004360849625733132,-0.0028741186358182125,-0.005214979877901538,-0.0002666638031626478
294,ring,RF,feat,-1.1102230246251565e-16,7.159150471824915e-05,-0.0022076400007187136,0.00226903626267283,-0.00749665327978577
295,ring,RF,feat,0.009594594594594663,0.009602752720753505,0.008506066598930495,0.00918187489056177,0.007755442447150429
296,ring,RF,feat,0.009189189189189206,0.009164770755673679,0.009527797420477047,0.007160117895131601,0.012043897515194524
297,ring,RF,feat,0.011891891891891881,0.011863848141519528,0.012347263530972596,0.009428143987445181,0.01580009879088562
298,ring,RF,feat,0.002567567567567486,0.002615098867502774,0.0009199132343969962,0.0037252227302336793,-0.002409638554216942
299,ring,RF,feat,0.001621621621621716,0.0016415516893318882,0.0011399546585717513,0.001774821236503521,0.00027167493503421625
300,twonorm,KNN,feat,-0.008513513513513704,-0.008512434602100716,-0.009764520934687493,-0.006711283487425335,-0.01298431042680015
301,twonorm,KNN,feat,-0.017972972972972845,-0.017969158038953603,-0.01633011458344069,-0.02047368076377143,-0.011902863621402138
302,twonorm,KNN,feat,-0.021621621621621512,-0.021622545803515858,-0.02140899324337331,-0.021510187377102197,-0.02136049445927668
303,twonorm,KNN,feat,-0.015945945945946005,-0.01595564208234246,-0.016748944079361783,-0.015066304635917183,-0.0186713235563033
304,twonorm,KNN,feat,-0.014054054054054133,-0.014047128982674906,-0.014619679880232161,-0.013508113675457345,-0.015679332918845712
305,twonorm,KNN,feat,-0.009729729729729741,-0.009720976530320558,-0.00809372841652789,-0.012048729326893048,-0.004054419778371066
306,twonorm,SVC,feat,-0.011486486486486425,-0.011472623511296076,-0.01048402431502804,-0.013593862992106298,-0.007565373221665506
307,twonorm,SVC,feat,-0.006891891891891877,-0.006886058070802781,-0.006303768539319132,-0.008500053541492969,-0.003785246681051624
308,twonorm,SVC,feat,-0.012567567567567606,-0.012565389508983116,-0.012176176537261219,-0.013296292066429238,-0.011088761291738303
309,twonorm,SVC,feat,-0.01743243243243242,-0.017443964593740202,-0.01939020946113401,-0.014041083340706084,-0.02516695315071482
310,twonorm,SVC,feat,-0.010270270270270165,-0.010269548199182799,-0.01001216567826635,-0.010701036553279697,-0.009194675053944334
311,twonorm,SVC,feat,-0.0055405405405406505,-0.005533242341518085,-0.004855043822203142,-0.006525186213221956,-0.002970412902754127
312,twonorm,NB,feat,-0.01310810810810803,-0.013096437504599212,-0.012511953177695379,-0.014434702386137088,-0.010811542259444806
313,twonorm,NB,feat,-0.0077027027027025685,-0.007696322269358569,-0.00685128119234768,-0.009736326655437555,-0.003785612405368788
314,twonorm,NB,feat,-0.012297297297297338,-0.012294205421475635,-0.012024879740339056,-0.012705959122605859,-0.01135756866474058
315,twonorm,NB,feat,-0.016081081081081194,-0.016092243569631237,-0.018116209051348586,-0.012344258987919354,-0.024352485096734156
316,twonorm,NB,feat,-0.01013513513513531,-0.010132220198810882,-0.009046291425670816,-0.011971952265329655,-0.00594814029184787
317,twonorm,NB,feat,-0.006756756756756799,-0.006753841326877508,-0.00686568839361279,-0.006309464669879472,-0.0072991259188823765
318,twonorm,DT,feat,-0.003783783783783856,-0.0037810541773936057,-0.004022017240323694,-0.003855481851512299,-0.004058442745858315
319,twonorm,DT,feat,0.00013513513513507824,0.0001274717053507679,-0.0035466332791747046,0.0033227984485834083,-0.010273196064806367
320,twonorm,DT,feat,-0.0044594594594595804,-0.004470786548629757,-0.008241562363731858,-0.0009464772186379422,-0.01569067037267302
321,twonorm,DT,feat,-0.017702702702702577,-0.017715326607855686,-0.021481821078985996,-0.014463574846620753,-0.02867863804264348
322,twonorm,DT,feat,-0.012432432432432305,-0.012439205242068319,-0.015315508318204163,-0.010162210212072975,-0.020559192480708144
323,twonorm,DT,feat,-0.011081081081081079,-0.011072144032403308,-0.00907941685048097,-0.012975821444409563,-0.005134403686501088
324,twonorm,RF,feat,-0.009729729729729741,-0.009725734894882487,-0.009936594911351015,-0.009570286711319986,-0.010012800351095419
325,twonorm,RF,feat,-0.0028378378378379754,-0.002838571260692313,-0.0031097608494458084,-0.0023213469655110064,-0.0037867095783198357
326,twonorm,RF,feat,-0.010945945945946,-0.010949791480380555,-0.01179399901564504,-0.009797922091687394,-0.013795486961928116
327,twonorm,RF,feat,-0.01297297297297284,-0.012989972737497912,-0.015042186146608127,-0.010343488030627235,-0.0200292579453607
328,twonorm,RF,feat,-0.015810810810810816,-0.015806806104861737,-0.01601815748154045,-0.016396233279609596,-0.015951431810701022
329,twonorm,RF,feat,-0.0066216216216216095,-0.006617972275332784,-0.006720334432016806,-0.00658603951551151,-0.006755293859488698
330,clean1,KNN,feat,0.01473684210526316,0.013771101322872958,0.013944374539349713,0.026072901412243832,0.005110336817653938
331,clean1,KNN,feat,0.008421052631579107,0.010401342108659173,0.012249552628275762,0.0016765945840944152,0.02450638792102211
332,clean1,KNN,feat,0.004210526315789664,0.0010818194435313622,-0.0008354747628565029,0.02551961298595329,-0.024041811846690075
333,clean1,KNN,feat,0.02947368421052643,0.031094334752871267,0.03546037010157088,0.021801368625325,0.043670150987224154
334,clean1,KNN,feat,0.0,-0.0005871725383919113,-0.0012746857325169891,0.0014477682713707196,-0.004878048780487809
335,clean1,KNN,feat,-0.010592105263157792,-0.011962833914053284,-0.017222156456796145,-0.005454527825486388,-0.02392566782810679
336,clean1,SVC,feat,-0.002105263157894832,-0.002991256327657621,-0.002640049990711213,0.004439746300211489,-0.009756097560975618
337,clean1,SVC,feat,0.002105263157894832,0.0018518518518519933,0.002409638554216942,0.004761904761904745,0.0
338,clean1,SVC,feat,-0.0021052631578949432,-0.001322751322751281,-0.002352266207687803,-0.00930232558139521,0.004761904761904745
339,clean1,SVC,feat,-0.004188596491228158,-0.005407149309588188,-0.004938271604938316,0.004761904761904745,-0.014518002322880363
340,clean1,SVC,feat,0.004210526315789553,0.004878048780487809,0.005064072511329787,0.0,0.009756097560975618
341,clean1,SVC,feat,-0.002105263157894832,-0.0018867924528304103,-0.0023529411764707797,-0.0046511627906975495,0.0
342,clean1,NB,feat,-2.1929824561617295e-05,-0.0022556775432983622,-0.0017096499246104235,0.015623431376185382,-0.019396051103368173
343,clean1,NB,feat,-0.01263157894736855,-0.013988901793779873,-0.014876487171151087,-0.004331689509370684,-0.024274099883855982
344,clean1,NB,feat,-0.008442982456140169,-0.007407407407407196,-0.006655207787248818,-0.00894012151770407,0.0
345,clean1,NB,feat,-0.01684210526315788,-0.01833785004516686,-0.01988795518207276,-0.010522036103431498,-0.029268292682926966
346,clean1,NB,feat,-0.002105263157894388,-0.0024390243902437936,-0.0025121122388240824,-0.0001695074865806223,-0.004878048780488031
347,clean1,NB,feat,0.010548245614035001,0.008858111941406732,0.010687896377888362,0.025671079454746892,-0.004645760743322014
348,clean1,DT,feat,0.0,0.0,0.0,0.0,0.0
349,clean1,DT,feat,0.0,0.0,0.0,0.0,0.0
350,clean1,DT,feat,0.0,0.0,0.0,0.0,0.0
351,clean1,DT,feat,0.0,0.0,0.0,0.0,0.0
352,clean1,DT,feat,0.0,0.0,0.0,0.0,0.0
353,clean1,DT,feat,0.0,0.0,0.0,0.0,0.0
354,clean1,RF,feat,0.0,0.0,0.0,0.0,0.0
355,clean1,RF,feat,0.0,0.0,0.0,0.0,0.0
356,clean1,RF,feat,0.0,0.0,0.0,0.0,0.0
357,clean1,RF,feat,0.0,0.0,0.0,0.0,0.0
358,clean1,RF,feat,0.0,0.0,0.0,0.0,0.0
359,clean1,RF,feat,0.0,0.0,0.0,0.0,0.0
360,dna,KNN,feat,-0.0018838304552591945,-0.0007398192576795193,-0.0014565779728451522,-0.0020343762110879293,-0.0007398192576795193
361,dna,KNN,feat,-0.0009419152276294307,-0.0003699096288395376,-0.0011098804479161561,-0.001408245281626086,-0.0003699096288395376
362,dna,KNN,feat,-0.0025078369905956466,-0.0025344117933417953,-0.0025487956780729792,-0.0024452313657412628,-0.0025344117933417953
363,dna,KNN,feat,0.0,0.0,0.0,0.0,0.0
364,dna,KNN,feat,-0.0031397174254317317,-0.0022484186692466324,-0.003184011849991286,-0.0034898418658606545,-0.0022484186692466324
365,dna,KNN,feat,0.004075235109718078,0.004478741052403867,0.00439300422770128,0.0043567465879505995,0.004478741052403867
366,dna,SVC,feat,-0.0006279434850864352,-0.0008714596949889186,-0.0006876796545154384,-0.0004735798394387425,-0.0008714596949889186
367,dna,SVC,feat,0.0003139717425432176,0.00020140986908356862,0.0002044989775051853,0.00020768431983375635,0.00020140986908356862
368,dna,SVC,feat,0.0,0.0,0.0,0.0,0.0
369,dna,SVC,feat,0.0,0.0,0.0,0.0,0.0
370,dna,SVC,feat,-0.00031397174254299554,-0.00020140986908379066,-0.00030963832721819795,-0.0004069450006853881,-0.00020140986908379066
371,dna,SVC,feat,0.0,0.0,0.0,0.0,0.0
372,dna,NB,feat,-0.0003139717425432176,-0.00020140986908356862,-0.0003043958984658701,-0.0004036074790217947,-0.00020140986908356862
373,dna,NB,feat,-0.0006279434850862131,-0.0008714596949891407,-0.0008469205565243554,-0.001047659263710421,-0.0008714596949891407
374,dna,NB,feat,0.00031347962382444194,-3.2910109327155546e-05,0.00018545301772110445,0.00028725664727435873,-3.2910109327155546e-05
375,dna,NB,feat,0.0,0.0,0.0,0.0,0.0
376,dna,NB,feat,-0.00031397174254299554,-0.00043572984749462584,-0.00042918948864212325,-0.0003023267862741763,-0.00043572984749462584
377,dna,NB,feat,-0.0006269592476489949,-0.00040281973816713723,-0.0005997346142760929,-0.0009625994472921562,-0.00040281973816713723
378,dna,DT,feat,-0.0012558869701726483,-0.0010399594547452207,-0.0012333322997282181,-0.001360994134788851,-0.0010399594547452207
379,dna,DT,feat,-0.0009419152276297638,-0.0013071895424835445,-0.0013090179221222353,-0.0013794957662883744,-0.0013071895424835445
380,dna,DT,feat,0.0,2.82941459439634e-06,-8.504199521597311e-05,-0.00012863510482064022,2.82941459439634e-06
381,dna,DT,feat,0.0,0.0,0.0,0.0,0.0
382,dna,DT,feat,0.0006279434850864352,0.0008714596949890296,0.0006377217773477772,0.0004444712451135979,0.0008714596949890296
383,dna,DT,feat,-0.0015673981191222097,-0.0019386704298736124,-0.001731482718573929,-0.0015383965379689446,-0.0019386704298736124
384,dna,RF,feat,0.0003139717425432176,0.00020140986908356862,0.0002942779101228199,0.00034066967557921934,0.00020140986908356862
385,dna,RF,feat,0.0003139717425432176,0.0004357298474944038,0.0005380493451490054,0.0006484696188951977,0.0004357298474944038
386,dna,RF,feat,-0.0021943573667712046,-0.002344319582634813,-0.002349131965229234,-0.00236851955856765,-0.002344319582634813
387,dna,RF,feat,0.0,0.0,0.0,0.0,0.0
388,dna,RF,feat,0.0006279434850864352,0.001105779673400198,0.0008431729455655734,0.0005879288315823183,0.001105779673400198
389,dna,RF,feat,-0.00031347962382444194,-0.0001985804544892833,-0.00028532266497793835,-0.00039045726315234397,-0.0001985804544892833
390,phoneme,KNN,feat,0.0,0.0,0.0,0.0,0.0
391,phoneme,KNN,feat,0.0,0.0,0.0,0.0,0.0
392,phoneme,KNN,feat,0.0,0.0,0.0,0.0,0.0
393,phoneme,KNN,feat,0.0,0.0,0.0,0.0,0.0
394,phoneme,KNN,feat,0.0,0.0,0.0,0.0,0.0
395,phoneme,KNN,feat,0.0,0.0,0.0,0.0,0.0
396,phoneme,SVC,feat,0.0,0.0,0.0,0.0,0.0
397,phoneme,SVC,feat,0.0,0.0,0.0,0.0,0.0
398,phoneme,SVC,feat,0.0,0.0,0.0,0.0,0.0
399,phoneme,SVC,feat,0.0,0.0,0.0,0.0,0.0
400,phoneme,SVC,feat,0.0,0.0,0.0,0.0,0.0
401,phoneme,SVC,feat,0.0,0.0,0.0,0.0,0.0
402,phoneme,NB,feat,0.0,0.0,0.0,0.0,0.0
403,phoneme,NB,feat,0.0,0.0,0.0,0.0,0.0
404,phoneme,NB,feat,0.0,0.0,0.0,0.0,0.0
405,phoneme,NB,feat,0.0,0.0,0.0,0.0,0.0
406,phoneme,NB,feat,0.0,0.0,0.0,0.0,0.0
407,phoneme,NB,feat,0.0,0.0,0.0,0.0,0.0
408,phoneme,DT,feat,0.0,0.0,0.0,0.0,0.0
409,phoneme,DT,feat,0.0,0.0,0.0,0.0,0.0
410,phoneme,DT,feat,0.0,0.0,0.0,0.0,0.0
411,phoneme,DT,feat,0.0,0.0,0.0,0.0,0.0
412,phoneme,DT,feat,0.0,0.0,0.0,0.0,0.0
413,phoneme,DT,feat,0.0,0.0,0.0,0.0,0.0
414,phoneme,RF,feat,0.0,0.0,0.0,0.0,0.0
415,phoneme,RF,feat,0.0,0.0,0.0,0.0,0.0
416,phoneme,RF,feat,0.0,0.0,0.0,0.0,0.0
417,phoneme,RF,feat,0.0,0.0,0.0,0.0,0.0
418,phoneme,RF,feat,0.0,0.0,0.0,0.0,0.0
419,phoneme,RF,feat,0.0,0.0,0.0,0.0,0.0
420,mfeat_pixel,KNN,feat,0.023499999999999854,0.023499999999999854,0.022281249587371765,0.023410746428607854,0.023499999999999854
421,mfeat_pixel,KNN,feat,0.026999999999999913,0.027000000000000024,0.028065857987132237,0.026503553899813626,0.027000000000000024
422,mfeat_pixel,KNN,feat,0.01550000000000007,0.01550000000000007,0.016568348520205278,0.01532050721135969,0.01550000000000007
423,mfeat_pixel,KNN,feat,0.016499999999999848,0.01650000000000007,0.017963838821847933,0.01574407301357683,0.01650000000000007
424,mfeat_pixel,KNN,feat,0.026499999999999857,0.026499999999999857,0.02759692265982583,0.0247149314380658,0.026499999999999857
425,mfeat_pixel,KNN,feat,0.02849999999999997,0.02849999999999997,0.029117693792411692,0.025873076797974126,0.02849999999999997
426,mfeat_pixel,SVC,feat,0.012000000000000122,0.0119999999999999,0.012818108643163573,0.013599914207021113,0.0119999999999999
427,mfeat_pixel,SVC,feat,0.026000000000000134,0.026000000000000023,0.026555504999833723,0.02478448176614767,0.026000000000000023
428,mfeat_pixel,SVC,feat,0.015999999999999903,0.016000000000000014,0.016470841233459654,0.014525975794816182,0.016000000000000014
429,mfeat_pixel,SVC,feat,0.016000000000000014,0.016000000000000014,0.017789140386629487,0.017317455287642614,0.016000000000000014
430,mfeat_pixel,SVC,feat,0.01849999999999996,0.018500000000000072,0.020502499993862222,0.01719482850484111,0.018500000000000072
431,mfeat_pixel,SVC,feat,0.03400000000000003,0.03400000000000003,0.03824042114991166,0.03255540662407097,0.03400000000000003
432,mfeat_pixel,NB,feat,-0.007000000000000006,-0.007000000000000117,-0.006139373549885141,-0.0053240574392452444,-0.007000000000000117
433,mfeat_pixel,NB,feat,0.007499999999999951,0.007499999999999951,0.008326685900185926,0.007990607217730705,0.007499999999999951
434,mfeat_pixel,NB,feat,0.006500000000000061,0.00649999999999995,0.006474944084873591,0.0003761416296050868,0.00649999999999995
435,mfeat_pixel,NB,feat,0.0029999999999998916,0.0030000000000001137,0.0029300722696509185,0.0023753758581642748,0.0030000000000001137
436,mfeat_pixel,NB,feat,0.007500000000000062,0.007500000000000062,0.005296839185583546,0.003387599008878861,0.007500000000000062
437,mfeat_pixel,NB,feat,0.006000000000000116,0.006000000000000116,0.004238393129918583,-0.0016450008240230796,0.006000000000000116
438,mfeat_pixel,DT,feat,0.02100000000000002,0.02100000000000013,0.020536954247325268,0.01999076382493592,0.02100000000000013
439,mfeat_pixel,DT,feat,0.015499999999999958,0.015499999999999958,0.01559130389465091,0.015573405113224803,0.015499999999999958
440,mfeat_pixel,DT,feat,0.010500000000000065,0.010500000000000065,0.010453714363992228,0.008461299168500025,0.010500000000000065
441,mfeat_pixel,DT,feat,0.01649999999999996,0.01649999999999996,0.01718999886367356,0.018062594495109607,0.01649999999999996
442,mfeat_pixel,DT,feat,0.028000000000000025,0.028000000000000136,0.028925278105999763,0.02875927505341469,0.028000000000000136
443,mfeat_pixel,DT,feat,0.025499999999999967,0.025499999999999967,0.024773345088411558,0.021774539423070505,0.025499999999999967
444,mfeat_pixel,RF,feat,0.021499999999999964,0.021499999999999964,0.02094117419238073,0.020174348760747973,0.021499999999999964
445,mfeat_pixel,RF,feat,0.02749999999999997,0.02749999999999997,0.027892145075526398,0.028644074479797665,0.02749999999999997
446,mfeat_pixel,RF,feat,0.013000000000000012,0.013000000000000012,0.013471844768171426,0.012377240888737484,0.013000000000000012
447,mfeat_pixel,RF,feat,0.014499999999999957,0.014499999999999957,0.014540465678020142,0.015014771081054534,0.014499999999999957
448,mfeat_pixel,RF,feat,0.019499999999999962,0.019500000000000073,0.01972743965470236,0.01880528272283577,0.019500000000000073
449,mfeat_pixel,RF,feat,0.04249999999999998,0.04249999999999998,0.04303219069887687,0.043699617084634546,0.04249999999999998
450,banana,KNN,feat,-0.024528301886792447,-0.02633918128654955,-0.037210765074036534,-0.028615979968131144,-0.0437894736842106
451,banana,KNN,feat,-0.01716981132075479,-0.017020242914979722,-0.018305166353700275,-0.02146697469284886,-0.015578947368421026
452,banana,KNN,feat,0.0,0.0,0.0,0.0,0.0
453,banana,KNN,feat,-0.018867924528301883,-0.019825461088619045,-0.025162543274508065,-0.020913173073200952,-0.02905263157894744
454,banana,KNN,feat,0.0,0.0,0.0,0.0,0.0
455,banana,KNN,feat,0.0,0.0,0.0,0.0,0.0
456,banana,SVC,feat,0.0,0.0,0.0,0.0,0.0
457,banana,SVC,feat,0.0,0.0,0.0,0.0,0.0
458,banana,SVC,feat,0.0,0.0,0.0,0.0,0.0
459,banana,SVC,feat,0.0,0.0,0.0,0.0,0.0
460,banana,SVC,feat,0.0,0.0,0.0,0.0,0.0
461,banana,SVC,feat,0.0,0.0,0.0,0.0,0.0
462,banana,NB,feat,0.008679245283018777,0.011623931623931605,0.055328074500478275,-0.036904761904761885,0.03999999999999998
463,banana,NB,feat,-0.011132075471698144,-0.011470985155195734,-0.01992523295302079,-0.02949873782906609,-0.01473684210526316
464,banana,NB,feat,0.0,0.0,0.0,0.0,0.0
465,banana,NB,feat,-0.013018867924528332,-0.012586594691857744,-0.015775723566256006,-0.045956132221192436,-0.008421052631578996
466,banana,NB,feat,0.0,0.0,0.0,0.0,0.0
467,banana,NB,feat,0.0,0.0,0.0,0.0,0.0
468,banana,DT,feat,-0.017735849056603747,-0.018206027890238397,-0.02406516325538477,-0.025226767585751042,-0.02273684210526311
469,banana,DT,feat,-0.018301886792452926,-0.01848133153396314,-0.022504372329343214,-0.025383784670485188,-0.0202105263157894
470,banana,DT,feat,0.0,0.0,0.0,0.0,0.0
471,banana,DT,feat,-0.01584905660377356,-0.015744489428699993,-0.017821493019598234,-0.02198952879581162,-0.014736842105263215
472,banana,DT,feat,0.0,0.0,0.0,0.0,0.0
473,banana,DT,feat,0.0,0.0,0.0,0.0,0.0
474,banana,RF,feat,-0.020566037735848974,-0.020809716599190398,-0.024071857735224023,-0.02505959002065783,-0.0231578947368421
475,banana,RF,feat,-0.01943396226415095,-0.019071524966261744,-0.019594186074633146,-0.024323894368437737,-0.015578947368421026
476,banana,RF,feat,0.0,0.0,0.0,0.0,0.0
477,banana,RF,feat,-0.02132075471698114,-0.02113720197930724,-0.02234016853866716,-0.02564240307995347,-0.01936842105263159
478,banana,RF,feat,0.0,0.0,0.0,0.0,0.0
479,banana,RF,feat,0.0,0.0,0.0,0.0,0.0
480,mfeat_factors,KNN,feat,-0.0025000000000000577,-0.0025000000000000577,-0.002541576328080053,-0.0021578493041312097,-0.0025000000000000577
481,mfeat_factors,KNN,feat,0.0014999999999999458,0.0014999999999999458,0.0015349250979772577,0.001390230541760351,0.0014999999999999458
482,mfeat_factors,KNN,feat,0.0,-2.220446049250313e-16,-0.00012062072376617383,0.0006324391661045592,-2.220446049250313e-16
483,mfeat_factors,KNN,feat,-0.0015000000000000568,-0.0015000000000000568,-0.001376418380801936,-0.0014821537805520535,-0.0015000000000000568
484,mfeat_factors,KNN,feat,0.0045000000000000595,0.0045000000000000595,0.004833111705725868,0.00423070821408289,0.0045000000000000595
485,mfeat_factors,KNN,feat,-0.0050000000000000044,-0.0050000000000000044,-0.005040300689908461,-0.005703969708445222,-0.0050000000000000044
486,mfeat_factors,SVC,feat,-0.0015000000000000568,-0.0015000000000000568,-0.001603344319669242,-0.0018328702905415772,-0.0015000000000000568
487,mfeat_factors,SVC,feat,-0.0010000000000000009,-0.0010000000000000009,-0.0010004077375591613,-0.0009872712655927263,-0.0010000000000000009
488,mfeat_factors,SVC,feat,-0.0014999999999999458,-0.0015000000000001679,-0.0013102568861536046,-0.0010815133881231231,-0.0015000000000001679
489,mfeat_factors,SVC,feat,0.0010000000000000009,0.0010000000000000009,0.0010494605932656054,0.0007334322977201602,0.0010000000000000009
490,mfeat_factors,SVC,feat,0.0004999999999999449,0.0004999999999999449,0.0006649680565350424,0.0007840772129735774,0.0004999999999999449
491,mfeat_factors,SVC,feat,-0.0020000000000000018,-0.0020000000000000018,-0.002169296058035952,-0.002339245853396399,-0.0020000000000000018
492,mfeat_factors,NB,feat,-0.00550000000000006,-0.00550000000000006,-0.005387942366115839,-0.004596715324775458,-0.00550000000000006
493,mfeat_factors,NB,feat,-0.0015000000000000568,-0.0015000000000000568,-0.001274081347695355,-0.001223574009106998,-0.0015000000000000568
494,mfeat_factors,NB,feat,-0.012499999999999956,-0.012499999999999956,-0.012432010869322219,-0.012341956011828303,-0.012499999999999956
495,mfeat_factors,NB,feat,-0.008499999999999952,-0.008499999999999952,-0.008424477258713536,-0.008050863804006658,-0.008499999999999952
496,mfeat_factors,NB,feat,-0.0025000000000000577,-0.0025000000000000577,-0.002526907719381244,-0.0017824482910518968,-0.0025000000000000577
497,mfeat_factors,NB,feat,-0.002000000000000113,-0.002000000000000113,-0.0020719375368333237,-0.0017566835273191694,-0.002000000000000113
498,mfeat_factors,DT,feat,-0.0044999999999998375,-0.0045000000000000595,-0.004574213066605659,-0.004685141147540706,-0.0045000000000000595
499,mfeat_factors,DT,feat,0.0019999999999998908,0.0019999999999998908,0.0016338889645451937,0.0004479062325615235,0.0019999999999998908
500,mfeat_factors,DT,feat,0.0030000000000000027,0.0030000000000001137,0.0031045146026983383,0.003261843838641365,0.0030000000000001137
501,mfeat_factors,DT,feat,-0.0015000000000000568,-0.0015000000000000568,-0.0012221633638366258,-0.0008189916625339633,-0.0015000000000000568
502,mfeat_factors,DT,feat,-0.0004999999999999449,-0.000500000000000056,-2.3906600521428345e-06,-0.0011824684897756566,-0.000500000000000056
503,mfeat_factors,DT,feat,-0.001000000000000112,-0.001000000000000112,-0.0009752628620013359,-0.00193487502571843,-0.001000000000000112
504,mfeat_factors,RF,feat,-0.0045000000000000595,-0.0045000000000000595,-0.004579093549265667,-0.0042107615318812686,-0.0045000000000000595
505,mfeat_factors,RF,feat,0.0010000000000000009,0.0010000000000000009,0.0010564361043392534,0.001154563520393559,0.0010000000000000009
506,mfeat_factors,RF,feat,0.0,0.0,5.287402804521335e-05,0.0005019927000701196,0.0
507,mfeat_factors,RF,feat,-0.0034999999999999476,-0.0034999999999999476,-0.0034962268958039777,-0.003733625767091353,-0.0034999999999999476
508,mfeat_factors,RF,feat,0.0020000000000000018,0.0020000000000000018,0.0018792080006920786,0.0023925688907475706,0.0020000000000000018
509,mfeat_factors,RF,feat,0.000500000000000056,0.000500000000000167,0.000533678795397674,0.0009318501343308361,0.000500000000000167
510,spambase,KNN,feat,0.037818061653212554,0.023542292868725778,0.015367779928696423,0.05479828309724377,-0.043597704823219674
511,spambase,KNN,feat,0.08277486663834221,0.06389738509442822,0.060833245196638686,0.12076675028625972,-0.025370226625877068
512,spambase,KNN,feat,0.04151135344379919,0.03282343411618449,0.030022488267518077,0.05529986546464283,-0.00829185881923189
513,spambase,KNN,feat,0.09173771420478694,0.07469600134577248,0.07295140683072798,0.12989260646286016,-0.006043864054913639
514,spambase,KNN,feat,0.04173464570646268,0.031176696032326978,0.026385666478909275,0.05336760081851777,-0.01874800237432095
515,spambase,KNN,feat,0.05890903082660626,0.0407213791132367,0.03292577966060062,0.0878335322542878,-0.04472855120770747
516,spambase,SVC,feat,-0.07565075768304774,-0.05373129882778149,-0.04129796547735787,-0.10302355610306269,0.04916822671719712
517,spambase,SVC,feat,-0.005219515649341422,-0.0068168750605225314,-0.009122228420208045,2.926542763825868e-05,-0.014357030881390509
518,spambase,SVC,feat,-0.005436670915356601,-0.006802196721349185,-0.009886128078412604,-0.0014763958207973937,-0.013245970503629967
519,spambase,SVC,feat,-0.004779068120662644,-0.005580979172546741,-0.007610014088431094,-0.004009669958293216,-0.009367913185090337
520,spambase,SVC,feat,-0.006083651985082428,-0.007141201879621528,-0.009987015326119009,-0.005484051844834248,-0.012131866124834523
521,spambase,SVC,feat,-0.09260751546051071,-0.07370588143676837,-0.05474023049193921,-0.09939644341986664,0.014950611083207832
522,spambase,NB,feat,-0.00326228579521326,-0.00193059151825703,-0.0026675083553612255,-0.017291144360553568,0.004386405491377698
523,spambase,NB,feat,-0.005215739036019351,-0.005645584981524787,-0.008506344882392658,-0.00823937315335288,-0.007704366619484593
524,spambase,NB,feat,-0.0023905962328282238,-0.0023564086613940827,-0.003401307215650018,-0.005719961033098464,-0.0022038567493113392
525,spambase,NB,feat,0.0017393664731150116,0.004139514771385522,0.006534849552204847,-0.013018267868150413,0.015451349253458813
526,spambase,NB,feat,-0.0047797762356607265,-0.005001307451066972,-0.007268487655806677,-0.009075439992985879,-0.0060606060606061
527,spambase,NB,feat,-0.0021739130434781373,-0.0010275676562203628,-0.0010191172398356096,-0.013866570532746425,0.0044016254965526525
528,spambase,DT,feat,-0.006958410045791674,-0.006603659083104563,-0.008312843277524684,-0.011189131041884015,-0.00495715568543309
529,spambase,DT,feat,-0.001303639711089155,-0.0033858253803268346,-0.003764264733165823,0.006339907888793683,-0.013232272498972741
530,spambase,DT,feat,-0.003263938063541527,-0.004046027224262283,-0.005070925510405555,-0.0020322443917659694,-0.007727196627246968
531,spambase,DT,feat,0.0008731057923806462,0.0013974409453332282,0.001584405052981519,-0.0011429758381030775,0.003864359313882071
532,spambase,DT,feat,-0.0058615399140821145,-0.00513261352754435,-0.006456369351753866,-0.011811759362850283,-0.0016605025645707316
533,spambase,DT,feat,-0.008473540102912569,-0.008723405522607308,-0.011006349142962946,-0.012235690009947064,-0.00991735537190086
534,spambase,RF,feat,-0.004130670820941318,-0.005729384344990929,-0.006540946899982858,0.0008650364259984444,-0.013244448503112571
535,spambase,RF,feat,0.00499740357834122,0.003059985580886604,0.004806808947276697,0.01668448727888827,-0.006077348066298227
536,spambase,RF,feat,-0.00326370202520887,-0.004240034545007543,-0.005116266953455684,-0.0011931725700865536,-0.008839779005525017
537,spambase,RF,feat,0.0010900250200632788,0.000805813141604661,0.0010827507263321268,0.002708654242196129,-0.0005479201862929051
538,spambase,RF,feat,-0.0010836519850825344,-0.00167146262248552,-0.0019187583050270796,0.001007969202539205,-0.004421411503279793
539,spambase,RF,feat,0.0013083604777415214,-7.693467131897336e-05,0.0002871323588286012,0.00796436928224964,-0.006605482245863992
540,Hill_Valley_with_noise,KNN,feat,0.0008162432404855702,0.0007790272320823965,-0.005640376932692093,0.0003233093584933955,-0.011570247933884281
541,Hill_Valley_with_noise,KNN,feat,0.005768118899432073,0.0057715756672537255,0.011592442011823079,0.006831548856761682,0.013223140495867702
542,Hill_Valley_with_noise,KNN,feat,-0.012325272931333509,-0.012356049315810802,-0.017506997674063385,-0.01340415785407112,-0.021419861807343177
543,Hill_Valley_with_noise,KNN,feat,-0.004989286807468629,-0.0050060967348597996,-0.00927027704439981,-0.0046922945996374366,-0.013263785394932892
544,Hill_Valley_with_noise,KNN,feat,0.01567867224432873,0.015722801788375595,0.024856857776939134,0.016231714952293752,0.034697195501964484
545,Hill_Valley_with_noise,KNN,feat,0.014015576641839167,0.014029264327326929,0.009734553642473998,0.01378001350505631,0.004904484487196936
546,Hill_Valley_with_noise,SVC,feat,0.010736999625888477,0.010730253353203989,-0.13517942757471102,0.013712759550224551,-0.25785123966942153
547,Hill_Valley_with_noise,SVC,feat,0.012400095228378039,0.012396694214876047,-0.126458327954736,0.021902226143060033,-0.23966942148760328
548,Hill_Valley_with_noise,SVC,feat,-0.021487603305785197,-0.021494377455629377,0.14331705251418325,-0.05275645820497599,0.26610215417965044
549,Hill_Valley_with_noise,SVC,feat,-0.003241165867428508,-0.0026961116379894956,-0.08284053964242338,-3.0502737812798664e-05,-0.13720363094431642
550,Hill_Valley_with_noise,SVC,feat,0.019001462435805916,0.01839181682698815,-0.05612988131308899,0.03853230142482933,-0.12066115702479341
551,Hill_Valley_with_noise,SVC,feat,0.009087508077407047,0.009090909090909094,-0.07147608042375742,0.017210031299694117,-0.13389784582034947
552,Hill_Valley_with_noise,NB,feat,-0.004118627350950532,-0.00409158650589353,-0.0029630476268571737,-0.011791235151300983,-0.00491803278688524
553,Hill_Valley_with_noise,NB,feat,0.0016528925619834212,0.0016528925619835322,0.0025840001072199026,0.006066715542522028,0.0016528925619835044
554,Hill_Valley_with_noise,NB,feat,-0.0008230452674897748,-0.0008399945806800702,0.0015847791984341109,-0.0004739218153853031,0.001625795962606702
555,Hill_Valley_with_noise,NB,feat,-3.4010135020468013e-06,6.774149844179789e-06,0.00263296668667512,-0.004223458378881939,0.0049586776859504855
556,Hill_Valley_with_noise,NB,feat,3.401013501935779e-06,-6.774149844512856e-06,0.003696073451816717,-0.0024390310686418504,0.0032922368242784827
557,Hill_Valley_with_noise,NB,feat,0.000819644253987728,0.0008332204308360014,-0.0013537592998292824,0.0010657860657860008,-0.001639344262295117
558,Hill_Valley_with_noise,DT,feat,0.0008366493214977955,0.0007790272320822855,-0.0053355213116683675,0.0002840151630593146,-0.011624441132637942
559,Hill_Valley_with_noise,DT,feat,0.01736217392783046,0.017382468500203196,0.02133225627094193,0.016356889644790096,0.02654111908955431
560,Hill_Valley_with_noise,DT,feat,-0.0016188824269632862,-0.0016393442622952281,-0.008556472280475902,-0.0007768455872219082,-0.016434087522016028
561,Hill_Valley_with_noise,DT,feat,0.04452946978199507,0.04453326107573513,0.048082615128078376,0.044427984297521705,0.05119902452242242
562,Hill_Valley_with_noise,DT,feat,-0.00492806856443212,-0.00489771033735259,0.010974052159320291,-0.0029385319634382956,0.021501151605473556
563,Hill_Valley_with_noise,DT,feat,0.017290752644287977,0.017253759653163503,0.013269749953162713,0.016670351119246085,0.00983606557377048
564,Hill_Valley_with_noise,RF,feat,0.026368057681188994,0.026263378945942273,0.01329941754645797,0.02498180559992408,-9.48380978187946e-05
565,Hill_Valley_with_noise,RF,feat,-0.01564806312281064,-0.01566183443977781,-0.009848675608764068,-0.016168338482764333,-0.004904484487196881
566,Hill_Valley_with_noise,RF,feat,0.018161412100806018,0.018161495732285537,0.008872026105905706,0.01815122287688692,-0.0016393442622950616
567,Hill_Valley_with_noise,RF,feat,3.060912151831019e-05,2.709659937688569e-05,-0.013836075503502299,-0.0015845675092023281,-0.02476629183037543
568,Hill_Valley_with_noise,RF,feat,0.01324014556337788,0.013284107844465598,0.019321367610340978,0.01622010799532997,0.02151469990516197
569,Hill_Valley_with_noise,RF,feat,0.02392953100023809,0.02394661969922779,0.031279513234559464,0.023199132413021906,0.03961522828884978
570,Hill_Valley_without_noise,KNN,feat,-0.011570247933884281,-0.011584699453552005,-0.0110165654642842,-0.012561718073529127,-0.00983606557377048
571,Hill_Valley_without_noise,KNN,feat,0.0,0.0,0.0,0.0,0.0
572,Hill_Valley_without_noise,KNN,feat,0.0049586776859503745,0.004849726775956298,0.0114645645003979,0.004882146231497353,0.01803278688524601
573,Hill_Valley_without_noise,KNN,feat,0.0008264462809918216,0.0008196721311475308,0.0011577604182876344,0.0007402266944250835,0.0016393442622950616
574,Hill_Valley_without_noise,KNN,feat,-0.0008264462809917106,-0.0008333333333333526,-0.00043166342412448433,-0.0007849640685461123,0.0
575,Hill_Valley_without_noise,KNN,feat,0.007410808420909576,0.0074250299880049275,0.007643397498983018,0.00678523429522504,0.008183393309342923
576,Hill_Valley_without_noise,SVC,feat,-0.056198347107437985,-0.057131147540983584,-0.030062760079513584,-0.12215427474562157,0.05573770491803276
577,Hill_Valley_without_noise,SVC,feat,0.0,0.0,0.0,0.0,0.0
578,Hill_Valley_without_noise,SVC,feat,-0.02975206611570247,-0.028538251366120315,-0.12032044410570297,-0.04482214272761076,-0.1754098360655738
579,Hill_Valley_without_noise,SVC,feat,0.006611570247933907,0.005532786885245944,0.06721664275466288,-0.015291262135922357,0.13606557377049178
580,Hill_Valley_without_noise,SVC,feat,-0.009917355371900749,-0.011024590163934422,0.049708090075062494,-0.05547362450368698,0.12295081967213117
581,Hill_Valley_without_noise,SVC,feat,0.0008638574295141144,-0.000477808876449326,0.07268396841952007,-0.08296908500502731,0.15571104891376786
582,Hill_Valley_without_noise,NB,feat,-0.0008264462809917106,-0.0008196721311476418,-0.0008226258508354789,-0.0004739120528594043,-0.0016393442622948395
583,Hill_Valley_without_noise,NB,feat,0.0,0.0,0.0,0.0,0.0
584,Hill_Valley_without_noise,NB,feat,0.0016528925619834767,0.0016120218579234735,0.010748792270531382,0.026136363636363735,0.006557377049180357
585,Hill_Valley_without_noise,NB,feat,0.0,0.0,0.0,0.0,0.0
586,Hill_Valley_without_noise,NB,feat,0.0,0.0,0.0,0.0,0.0
587,Hill_Valley_without_noise,NB,feat,-0.010699588477366184,-0.009166666666666712,-0.09903666164452363,-0.03619047619047622,-0.13333333333333353
588,Hill_Valley_without_noise,DT,feat,-0.0008264462809918216,-0.0008606557377048851,0.0015736490015501037,-0.0003124438593545831,0.003278688524590123
589,Hill_Valley_without_noise,DT,feat,0.0,0.0,0.0,0.0,0.0
590,Hill_Valley_without_noise,DT,feat,0.0024793388429752428,0.0025136612021857685,0.00044942589159302493,0.0026828606359472484,-0.0016393442622950616
591,Hill_Valley_without_noise,DT,feat,-0.0016528925619834212,-0.0016256830601093508,-0.0033248220785571103,-0.0014571092831962007,-0.004918032786885185
592,Hill_Valley_without_noise,DT,feat,-0.004132231404958664,-0.004139344262295119,-0.003716608594657389,-0.00414371885654341,-0.003278688524590123
593,Hill_Valley_without_noise,DT,feat,0.00653674795088921,0.006680994268959073,0.0019728983071192197,0.008403634717731756,-0.004971344795415278
594,Hill_Valley_without_noise,RF,feat,0.004132231404958775,0.004180327868852474,0.0012770819066041383,0.004110482519482206,-0.0016393442622950616
595,Hill_Valley_without_noise,RF,feat,0.0,0.0,0.0,0.0,0.0
596,Hill_Valley_without_noise,RF,feat,-0.01074380165289246,-0.010806010928961829,-0.007301474071840897,-0.010909734513274372,-0.003278688524590012
597,Hill_Valley_without_noise,RF,feat,0.006611570247933907,0.006625683060109244,0.006056067939000931,0.007382603842780777,0.004918032786885296
598,Hill_Valley_without_noise,RF,feat,0.004132231404958664,0.004139344262295119,0.0037403813984610013,0.004198320671731315,0.003278688524590123
599,Hill_Valley_without_noise,RF,feat,0.008216848620888895,0.00835432493669197,0.0022265794956771723,0.00855397575501693,-0.004958016793282671
600,waveform_40,KNN,feat,0.0,0.0,0.0,0.0,0.0
601,waveform_40,KNN,feat,0.0,0.0,0.0,0.0,0.0
602,waveform_40,KNN,feat,0.0,0.0,0.0,0.0,0.0
603,waveform_40,KNN,feat,0.0,0.0,0.0,0.0,0.0
604,waveform_40,KNN,feat,0.0,0.0,0.0,0.0,0.0
605,waveform_40,KNN,feat,0.0,0.0,0.0,0.0,0.0
606,waveform_40,SVC,feat,0.0,0.0,0.0,0.0,0.0
607,waveform_40,SVC,feat,0.0,0.0,0.0,0.0,0.0
608,waveform_40,SVC,feat,0.0,0.0,0.0,0.0,0.0
609,waveform_40,SVC,feat,0.0,0.0,0.0,0.0,0.0
610,waveform_40,SVC,feat,0.0,0.0,0.0,0.0,0.0
611,waveform_40,SVC,feat,0.0,0.0,0.0,0.0,0.0
612,waveform_40,NB,feat,0.0,0.0,0.0,0.0,0.0
613,waveform_40,NB,feat,0.0,0.0,0.0,0.0,0.0
614,waveform_40,NB,feat,0.0,0.0,0.0,0.0,0.0
615,waveform_40,NB,feat,0.0,0.0,0.0,0.0,0.0
616,waveform_40,NB,feat,0.0,0.0,0.0,0.0,0.0
617,waveform_40,NB,feat,0.0,0.0,0.0,0.0,0.0
618,waveform_40,DT,feat,0.0,0.0,0.0,0.0,0.0
619,waveform_40,DT,feat,0.0,0.0,0.0,0.0,0.0
620,waveform_40,DT,feat,0.0,0.0,0.0,0.0,0.0
621,waveform_40,DT,feat,0.0,0.0,0.0,0.0,0.0
622,waveform_40,DT,feat,0.0,0.0,0.0,0.0,0.0
623,waveform_40,DT,feat,0.0,0.0,0.0,0.0,0.0
624,waveform_40,RF,feat,0.0,0.0,0.0,0.0,0.0
625,waveform_40,RF,feat,0.0,0.0,0.0,0.0,0.0
626,waveform_40,RF,feat,0.0,0.0,0.0,0.0,0.0
627,waveform_40,RF,feat,0.0,0.0,0.0,0.0,0.0
628,waveform_40,RF,feat,0.0,0.0,0.0,0.0,0.0
629,waveform_40,RF,feat,0.0,0.0,0.0,0.0,0.0
630,waveform_21,KNN,feat,-0.009399999999999964,-0.009588919162482834,-0.009502978024442776,-0.009619335101433757,-0.009588919162482834
631,waveform_21,KNN,feat,-0.0048000000000000265,-0.005013398968429339,-0.005233368711070052,-0.005531342280916007,-0.005013398968429339
632,waveform_21,KNN,feat,-0.010999999999999899,-0.011194245648378343,-0.012170541709172089,-0.012726858325488255,-0.011194245648378343
633,waveform_21,KNN,feat,-0.0009999999999998899,-0.0011331074021232457,-0.0004952122545167637,-0.00024601386025047134,-0.0011331074021232457
634,waveform_21,KNN,feat,-0.007800000000000029,-0.00801375046386743,-0.006594040082807284,-0.006294852567003351,-0.00801375046386743
635,waveform_21,KNN,feat,-0.016199999999999992,-0.016631471997965663,-0.015838936602237563,-0.01641113747704992,-0.016631471997965663
636,waveform_21,SVC,feat,-0.007799999999999918,-0.008066727213854485,-0.010265900204607936,-0.01043364850046724,-0.008066727213854485
637,waveform_21,SVC,feat,-0.0043999999999999595,-0.004611059934964468,-0.005775091732602933,-0.006971894732917261,-0.004611059934964468
638,waveform_21,SVC,feat,-0.009600000000000053,-0.00989013745242262,-0.012350809481046165,-0.014053391679926919,-0.00989013745242262
639,waveform_21,SVC,feat,-0.002000000000000113,-0.002196933914175858,-0.004199237884813245,-0.0035201701952086717,-0.002196933914175858
640,waveform_21,SVC,feat,-0.008399999999999963,-0.008693488065664057,-0.00987044379600377,-0.011308470323075692,-0.008693488065664057
641,waveform_21,SVC,feat,-0.022599999999999953,-0.023178705489780516,-0.027630970221716455,-0.031174295772669947,-0.023178705489780516
642,waveform_21,NB,feat,-0.009400000000000075,-0.00959842523300003,-0.010439316042275215,-0.015115696660450095,-0.00959842523300003
643,waveform_21,NB,feat,-0.0036000000000000476,-0.0037739802106296905,-0.003747514497654203,-0.004628897224967954,-0.0037739802106296905
644,waveform_21,NB,feat,-0.00660000000000005,-0.006848810617645529,-0.006139590254609639,-0.012213769932050589,-0.006848810617645529
645,waveform_21,NB,feat,-0.0025999999999999357,-0.0027318286195916475,-0.0013800142959182748,-0.0028746481227784892,-0.0027318286195916475
646,waveform_21,NB,feat,-0.007199999999999873,-0.007421051598630157,-0.006580186745173688,-0.011716935364124659,-0.007421051598630157
647,waveform_21,NB,feat,-0.021399999999999975,-0.021821642405420616,-0.02473261839876395,-0.037793436040597594,-0.021821642405420616
648,waveform_21,DT,feat,-0.006000000000000005,-0.00611703215077275,-0.006048294039236901,-0.005976234283589288,-0.00611703215077275
649,waveform_21,DT,feat,-0.0050000000000001155,-0.005078412929120035,-0.004685089235184403,-0.004366237336231316,-0.005078412929120035
650,waveform_21,DT,feat,-0.007199999999999984,-0.007383886382218985,-0.007836919784346308,-0.008268558728914521,-0.007383886382218985
651,waveform_21,DT,feat,-0.006399999999999961,-0.006545577692277149,-0.006607841768827116,-0.006585240570935125,-0.006545577692277149
652,waveform_21,DT,feat,0.00019999999999997797,1.5754839571613388e-05,-6.799002876600735e-05,-0.00026666916350570613,1.5754839571613388e-05
653,waveform_21,DT,feat,-0.019600000000000062,-0.019904469643561074,-0.020223551672927886,-0.020592800883048712,-0.019904469643561074
654,waveform_21,RF,feat,-0.011200000000000099,-0.011383686880839461,-0.012166784403334296,-0.012709587702100955,-0.011383686880839461
655,waveform_21,RF,feat,-0.006199999999999872,-0.00641083994504843,-0.006626954670376883,-0.007057831401705794,-0.00641083994504843
656,waveform_21,RF,feat,-0.006599999999999939,-0.006869857282760128,-0.008514723747616082,-0.009087499905641172,-0.006869857282760128
657,waveform_21,RF,feat,-0.0023999999999999577,-0.0025880655065478875,-0.00317065902055802,-0.003295565851900939,-0.0025880655065478875
658,waveform_21,RF,feat,-0.0025999999999999357,-0.00276370315433494,-0.0021031637109937273,-0.0023028559295285023,-0.00276370315433494
659,waveform_21,RF,feat,-0.014399999999999857,-0.014787136585504568,-0.015403486679026468,-0.016391973799361303,-0.014787136585504568
660,movement_libras,KNN,feat,0.0,0.0,0.0019951899951899943,0.0021640211640210905,0.0
661,movement_libras,KNN,feat,-0.01944444444444443,-0.01866666666666661,-0.017735676088617203,-0.012986568986569025,-0.01866666666666661
662,movement_libras,KNN,feat,0.008333333333333304,0.009333333333333305,0.013756021756021808,0.023349206349206286,0.009333333333333305
663,movement_libras,KNN,feat,-0.055555555555555525,-0.051333333333333286,-0.0618722802252214,-0.10489321789321793,-0.051333333333333286
664,movement_libras,KNN,feat,-0.008333333333333304,-0.008000000000000007,-0.008452604040839307,-0.00725108225108223,-0.008000000000000007
665,movement_libras,KNN,feat,-0.0666666666666666,-0.066,-0.0649178163884046,-0.07160798460798462,-0.066
666,movement_libras,SVC,feat,0.008333333333333304,0.008000000000000007,0.005380329909741716,-0.0009472880061114908,0.008000000000000007
667,movement_libras,SVC,feat,-0.016666666666666607,-0.01866666666666661,-0.022022570022569993,-0.03065223665223679,-0.01866666666666661
668,movement_libras,SVC,feat,0.008333333333333304,0.007333333333333303,0.0111088911088911,0.013806579041873213,0.007333333333333303
669,movement_libras,SVC,feat,-0.005555555555555591,-0.006000000000000005,-0.010641419881425196,-0.017340243577085718,-0.006000000000000005
670,movement_libras,SVC,feat,0.0,0.0006666666666666488,0.0015265475265474893,0.002841269841269811,0.0006666666666666488
671,movement_libras,SVC,feat,-0.03333333333333338,-0.03266666666666668,-0.03249167043369938,-0.04515922436746239,-0.03266666666666668
672,movement_libras,NB,feat,0.011111111111111016,0.010666666666666713,0.010352869352869304,-0.0009211159211159059,0.010666666666666713
673,movement_libras,NB,feat,0.005555555555555647,0.005333333333333412,-0.0037902511431923136,-0.04086483886483891,0.005333333333333412
674,movement_libras,NB,feat,0.016666666666666607,0.016666666666666663,0.0197870643288601,0.026529692529692506,0.016666666666666663
675,movement_libras,NB,feat,-0.019444444444444486,-0.01999999999999999,-0.0196343255115633,-0.029317127317127406,-0.01999999999999999
676,movement_libras,NB,feat,0.01388888888888884,0.014000000000000068,0.016344178697119988,0.018894179894179963,0.014000000000000068
677,movement_libras,NB,feat,-0.005555555555555647,-0.0039999999999998925,-0.006005910732253511,-0.022629261576629978,-0.0039999999999998925
678,movement_libras,DT,feat,-0.016666666666666774,-0.017333333333333367,-0.015414067414067478,-0.01760317460317462,-0.017333333333333367
679,movement_libras,DT,feat,-0.011111111111111183,-0.010666666666666602,-0.013885743885743929,-0.020684463684463694,-0.010666666666666602
680,movement_libras,DT,feat,0.005555555555555536,0.00666666666666671,0.011840603840603814,0.01549735449735462,0.00666666666666671
681,movement_libras,DT,feat,-0.02777777777777768,-0.02866666666666673,-0.036453128570775595,-0.046847522847522804,-0.02866666666666673
682,movement_libras,DT,feat,-0.016666666666666607,-0.016666666666666663,-0.017749879749879793,-0.029174603174603242,-0.016666666666666663
683,movement_libras,DT,feat,-0.04722222222222222,-0.045999999999999874,-0.051993265993265925,-0.063037037037037,-0.045999999999999874
684,movement_libras,RF,feat,0.0,-1.1102230246251565e-16,-0.0021918081918081977,-0.004867724867724854,-1.1102230246251565e-16
685,movement_libras,RF,feat,-0.019444444444444486,-0.018666666666666665,-0.021277093277093206,-0.019735449735449606,-0.018666666666666665
686,movement_libras,RF,feat,0.005555555555555591,0.007333333333333303,0.010278018278018275,0.010555555555555596,0.007333333333333303
687,movement_libras,RF,feat,-0.03888888888888886,-0.03933333333333339,-0.03701224701224698,-0.0396488696488696,-0.03933333333333339
688,movement_libras,RF,feat,-0.0027777777777778234,-0.002666666666666595,-0.0052883412883413805,-0.017433862433862468,-0.002666666666666595
689,movement_libras,RF,feat,-0.030555555555555447,-0.03066666666666662,-0.022221260221260197,-0.016658526658526573,-0.03066666666666662
690,satimage,KNN,feat,0.0,0.0,0.0,0.0,0.0
691,satimage,KNN,feat,0.0,0.0,0.0,0.0,0.0
692,satimage,KNN,feat,0.0,0.0,0.0,0.0,0.0
693,satimage,KNN,feat,0.0,0.0,0.0,0.0,0.0
694,satimage,KNN,feat,0.0,0.0,0.0,0.0,0.0
695,satimage,KNN,feat,0.0,0.0,0.0,0.0,0.0
696,satimage,SVC,feat,0.0,0.0,0.0,0.0,0.0
697,satimage,SVC,feat,0.0,0.0,0.0,0.0,0.0
698,satimage,SVC,feat,0.0,0.0,0.0,0.0,0.0
699,satimage,SVC,feat,0.0,0.0,0.0,0.0,0.0
700,satimage,SVC,feat,0.0,0.0,0.0,0.0,0.0
701,satimage,SVC,feat,0.0,0.0,0.0,0.0,0.0
702,satimage,NB,feat,0.0,0.0,0.0,0.0,0.0
703,satimage,NB,feat,0.0,0.0,0.0,0.0,0.0
704,satimage,NB,feat,0.0,0.0,0.0,0.0,0.0
705,satimage,NB,feat,0.0,0.0,0.0,0.0,0.0
706,satimage,NB,feat,0.0,0.0,0.0,0.0,0.0
707,satimage,NB,feat,0.0,0.0,0.0,0.0,0.0
708,satimage,DT,feat,0.0,0.0,0.0,0.0,0.0
709,satimage,DT,feat,0.0,0.0,0.0,0.0,0.0
710,satimage,DT,feat,0.0,0.0,0.0,0.0,0.0
711,satimage,DT,feat,0.0,0.0,0.0,0.0,0.0
712,satimage,DT,feat,0.0,0.0,0.0,0.0,0.0
713,satimage,DT,feat,0.0,0.0,0.0,0.0,0.0
714,satimage,RF,feat,0.0,0.0,0.0,0.0,0.0
715,satimage,RF,feat,0.0,0.0,0.0,0.0,0.0
716,satimage,RF,feat,0.0,0.0,0.0,0.0,0.0
717,satimage,RF,feat,0.0,0.0,0.0,0.0,0.0
718,satimage,RF,feat,0.0,0.0,0.0,0.0,0.0
719,satimage,RF,feat,0.0,0.0,0.0,0.0,0.0
720,chess,KNN,feat,0.0,0.0,0.0,0.0,0.0
721,chess,KNN,feat,0.0,0.0,0.0,0.0,0.0
722,chess,KNN,feat,0.0,0.0,0.0,0.0,0.0
723,chess,KNN,feat,0.0,0.0,0.0,0.0,0.0
724,chess,KNN,feat,0.0,0.0,0.0,0.0,0.0
725,chess,KNN,feat,0.0,0.0,0.0,0.0,0.0
726,chess,SVC,feat,0.0,0.0,0.0,0.0,0.0
727,chess,SVC,feat,0.0,0.0,0.0,0.0,0.0
728,chess,SVC,feat,0.0,0.0,0.0,0.0,0.0
729,chess,SVC,feat,0.0,0.0,0.0,0.0,0.0
730,chess,SVC,feat,0.0,0.0,0.0,0.0,0.0
731,chess,SVC,feat,0.0,0.0,0.0,0.0,0.0
732,chess,NB,feat,0.0,0.0,0.0,0.0,0.0
733,chess,NB,feat,0.0,0.0,0.0,0.0,0.0
734,chess,NB,feat,0.0,0.0,0.0,0.0,0.0
735,chess,NB,feat,0.0,0.0,0.0,0.0,0.0
736,chess,NB,feat,0.0,0.0,0.0,0.0,0.0
737,chess,NB,feat,0.0,0.0,0.0,0.0,0.0
738,chess,DT,feat,0.0,0.0,0.0,0.0,0.0
739,chess,DT,feat,0.0,0.0,0.0,0.0,0.0
740,chess,DT,feat,-0.003755868544600749,-0.003336605477569421,-0.004249014972419363,0.003096963900372396,-0.012574850299400975
741,chess,DT,feat,0.0,0.0,0.0,0.0,0.0
742,chess,DT,feat,-0.0021909233176838905,-0.0018371312488957292,-0.0026765953906318085,0.0037664319067947094,-0.010210210210209958
743,chess,DT,feat,0.0,0.0,0.0,0.0,0.0
744,chess,RF,feat,0.0,0.0,0.0,0.0,0.0
745,chess,RF,feat,0.0,0.0,0.0,0.0,0.0
746,chess,RF,feat,-0.003755868544600749,-0.003336605477569421,-0.004249014972419363,0.003096963900372396,-0.012574850299400975
747,chess,RF,feat,0.0,0.0,0.0,0.0,0.0
748,chess,RF,feat,0.0,0.0,0.0,0.0,0.0
749,chess,RF,feat,0.0,0.0,0.0,0.0,0.0
750,kr_vs_kp,KNN,feat,0.0,0.0,0.0,0.0,0.0
751,kr_vs_kp,KNN,feat,0.0,0.0,0.0,0.0,0.0
752,kr_vs_kp,KNN,feat,-0.008137715179968752,-0.008524590163934476,-0.005308782354595198,-0.007703498687105292,0.0
753,kr_vs_kp,KNN,feat,-0.008763693270735562,-0.008639442426622068,-0.007547679021230658,-0.005217391304347729,-0.011377245508982003
754,kr_vs_kp,KNN,feat,0.0,0.0,0.0,0.0,0.0
755,kr_vs_kp,KNN,feat,0.0,0.0,0.0,0.0,0.0
756,kr_vs_kp,SVC,feat,0.0,0.0,0.0,0.0,0.0
757,kr_vs_kp,SVC,feat,0.0,0.0,0.0,0.0,0.0
758,kr_vs_kp,SVC,feat,0.0,0.0,0.0,0.0,0.0
759,kr_vs_kp,SVC,feat,0.0,0.0,0.0,0.0,0.0
760,kr_vs_kp,SVC,feat,0.0,0.0,0.0,0.0,0.0
761,kr_vs_kp,SVC,feat,0.0,0.0,0.0,0.0,0.0
762,kr_vs_kp,NB,feat,0.0,0.0,0.0,0.0,0.0
763,kr_vs_kp,NB,feat,0.0,0.0,0.0,0.0,0.0
764,kr_vs_kp,NB,feat,0.0,0.0,0.0,0.0,0.0
765,kr_vs_kp,NB,feat,0.0,0.0,0.0,0.0,0.0
766,kr_vs_kp,NB,feat,0.0,0.0,0.0,0.0,0.0
767,kr_vs_kp,NB,feat,0.0,0.0,0.0,0.0,0.0
768,kr_vs_kp,DT,feat,0.0,0.0,0.0,0.0,0.0
769,kr_vs_kp,DT,feat,0.0,0.0,0.0,0.0,0.0
770,kr_vs_kp,DT,feat,0.0,0.0,0.0,0.0,0.0
771,kr_vs_kp,DT,feat,0.0,0.0,0.0,0.0,0.0
772,kr_vs_kp,DT,feat,0.0,0.0,0.0,0.0,0.0
773,kr_vs_kp,DT,feat,0.0,0.0,0.0,0.0,0.0
774,kr_vs_kp,RF,feat,0.0,0.0,0.0,0.0,0.0
775,kr_vs_kp,RF,feat,0.0,0.0,0.0,0.0,0.0
776,kr_vs_kp,RF,feat,0.0,0.0,0.0,0.0,0.0
777,kr_vs_kp,RF,feat,0.0,0.0,0.0,0.0,0.0
778,kr_vs_kp,RF,feat,0.0,0.0,0.0,0.0,0.0
779,kr_vs_kp,RF,feat,0.0,0.0,0.0,0.0,0.0
780,optdigits,KNN,feat,-0.020640569395017905,-0.02047101276610097,-0.02093479517430441,-0.020584482713013275,-0.02047101276610097
781,optdigits,KNN,feat,-0.009074733096085197,-0.009035662358190089,-0.009179280607941043,-0.009300288786723732,-0.009035662358190089
782,optdigits,KNN,feat,-0.02028469750889672,-0.020119417774285053,-0.02088899346923745,-0.021330108819715754,-0.020119417774285053
783,optdigits,KNN,feat,-0.02633451957295385,-0.02606025108214205,-0.026986853953420153,-0.02804757446555417,-0.02606025108214205
784,optdigits,KNN,feat,-0.01672597864768688,-0.016629476503410734,-0.016885212084363554,-0.016975499846209052,-0.016629476503410734
785,optdigits,KNN,feat,-0.022241992882562345,-0.022104587287400612,-0.022037130895917856,-0.02209663393356054,-0.022104587287400612
786,optdigits,SVC,feat,-0.02508896797153015,-0.024818722909663804,-0.025895301734963683,-0.0273326016409271,-0.024818722909663804
787,optdigits,SVC,feat,-0.010854092526690451,-0.01075533090771752,-0.011781495312184198,-0.01241105158692768,-0.01075533090771752
788,optdigits,SVC,feat,-0.019572953736654797,-0.01943700054942754,-0.020386994069703124,-0.021726216734182402,-0.01943700054942754
789,optdigits,SVC,feat,-0.025088967971530263,-0.024770385502271397,-0.02660550105122861,-0.028234881979470217,-0.024770385502271397
790,optdigits,SVC,feat,-0.017437722419928803,-0.017290503323030948,-0.018273060000606467,-0.01914847352192639,-0.017290503323030948
791,optdigits,SVC,feat,-0.020640569395017905,-0.020415226508030293,-0.020795901338673706,-0.021457500174239308,-0.020415226508030293
792,optdigits,NB,feat,-0.020640569395017683,-0.020603734145653085,-0.022542661217943794,-0.015224457937025426,-0.020603734145653085
793,optdigits,NB,feat,-0.012277580071174299,-0.012218867927045296,-0.01379988205665883,-0.011335067148522837,-0.012218867927045296
794,optdigits,NB,feat,-0.020462633451957313,-0.020301952906714882,-0.024409814252639883,-0.01910314947258085,-0.020301952906714882
795,optdigits,NB,feat,-0.03078291814946632,-0.030453581872184277,-0.03558344031642613,-0.028267143705589803,-0.030453581872184277
796,optdigits,NB,feat,-0.021886120996441272,-0.02171951783673909,-0.025917522067449794,-0.019427803539801003,-0.02171951783673909
797,optdigits,NB,feat,-0.019217081850533835,-0.019079126241936972,-0.02065866863603638,-0.01610411202527462,-0.019079126241936972
798,optdigits,DT,feat,-0.0247330960854093,-0.02456947600566106,-0.02415723032055128,-0.023469537654979278,-0.02456947600566106
799,optdigits,DT,feat,-0.006583629893238574,-0.006502035331367395,-0.006955538104269299,-0.007279449424000051,-0.006502035331367395
800,optdigits,DT,feat,-0.019395017793594427,-0.019271270712371558,-0.01939424395700695,-0.01936071882563417,-0.019271270712371558
801,optdigits,DT,feat,-0.02153024911032042,-0.021380357633516645,-0.021590596604721624,-0.020681782314374453,-0.021380357633516645
802,optdigits,DT,feat,-0.010498220640569378,-0.010398979286344812,-0.01062545188114461,-0.01058139552719306,-0.010398979286344812
803,optdigits,DT,feat,-0.020640569395017794,-0.020537354453516676,-0.02015241502330256,-0.020245240546105436,-0.020537354453516676
804,optdigits,RF,feat,-0.01387900355871885,-0.013693150177789937,-0.014127366750003256,-0.013657864165745659,-0.013693150177789937
805,optdigits,RF,feat,-0.011209964412811302,-0.011170502742757216,-0.01123988473711024,-0.010817858562236715,-0.011170502742757216
806,optdigits,RF,feat,-0.021174377224199348,-0.02100916102611594,-0.021245637097045078,-0.020944703768284056,-0.02100916102611594
807,optdigits,RF,feat,-0.022064056939501753,-0.021890182403872083,-0.022279904229270397,-0.022170725611212028,-0.021890182403872083
808,optdigits,RF,feat,-0.020640569395017683,-0.020525249532585277,-0.020972466491878006,-0.020672474038446964,-0.020525249532585277
809,optdigits,RF,feat,-0.019750889679715278,-0.01956797724034598,-0.019616818708476425,-0.019765415217228854,-0.01956797724034598
810,splice,KNN,feat,0.011598746081504685,0.01417953857975185,0.01335635314475514,0.013188209304311749,0.01417953857975185
811,splice,KNN,feat,0.006579135150563742,0.007255923838799583,0.007990031208401804,0.008677391048776073,0.007255923838799583
812,splice,KNN,feat,0.006273037307519935,0.007743364061117752,0.007053044483312454,0.006739251009573954,0.007743364061117752
813,splice,KNN,feat,-0.0034482758620689724,-0.004781710664063521,-0.003955202613517894,-0.002684093107251817,-0.004781710664063521
814,splice,KNN,feat,0.005338995979390027,0.007813800243158808,0.0075093141572328825,0.007365571262469395,0.007813800243158808
815,splice,KNN,feat,0.006897535961575274,0.006960436834259398,0.007865183582191015,0.008330334103935133,0.006960436834259398
816,splice,SVC,feat,-0.0009404388714733258,0.002201951304492744,9.630659360215788e-06,0.00021375037954696197,0.002201951304492744
817,splice,SVC,feat,0.001566906000403434,0.004270589784746148,0.002480826764412414,0.002090379335402681,0.004270589784746148
818,splice,SVC,feat,0.0006264671289303303,0.003429173555351106,0.0015098339811814299,0.0017009849979465752,0.003429173555351106
819,splice,SVC,feat,-0.0018853068114150773,-0.0007483075014620422,-0.0016296237573413253,-0.0014356399677369902,-0.0007483075014620422
820,splice,SVC,feat,-0.004392651683292281,-0.004234220739697259,-0.004626484089783389,-0.00415789529672439,-0.004234220739697259
821,splice,SVC,feat,0.0009409309901921015,0.002241640041533488,0.0011729694957545167,0.0015355442413582665,0.002241640041533488
822,splice,NB,feat,-0.0012539184952977678,-0.0017174546586311568,-0.0013619963223929776,-0.002563961175432228,-0.0017174546586311568
823,splice,NB,feat,0.0031357804756819707,0.004594485097089929,0.0036814791588611895,0.0025690201044547,0.004594485097089929
824,splice,NB,feat,-0.0003115111489494504,4.422776770396375e-05,-0.0001196038377462294,-0.0006152512379690167,4.422776770396375e-05
825,splice,NB,feat,0.0015659217629658828,0.0026388009505123877,0.0019840952845987525,0.0015520458809968884,0.0026388009505123877
826,splice,NB,feat,-4.92118718775636e-07,0.0009430876593897741,0.00030287456610611496,-0.00013312559247891098,0.0009430876593897741
827,splice,NB,feat,-0.0006269592476488839,-0.0006343103019839091,-0.000659338336207238,-0.0010382736259592074,-0.0006343103019839091
828,splice,DT,feat,0.01410658307210022,0.01348157072344014,0.014309142048182122,0.014681717860923427,0.01348157072344014
829,splice,DT,feat,-0.0009394546340359966,0.00199328220312589,0.0015701987547152019,0.0012226922375524474,0.00199328220312589
830,splice,DT,feat,0.01160219091253567,0.012316296410840755,0.011874555399972397,0.011756163650426532,0.012316296410840755
831,splice,DT,feat,0.003762247604612301,0.0019114960824575533,0.004174151648739577,0.0048079228302529975,0.0019114960824575533
832,splice,DT,feat,0.004082616890498492,0.0021582882724653363,0.004648395136565231,0.0061957224093106555,0.0021582882724653363
833,splice,DT,feat,0.0028188560208265434,0.003139385083582802,0.003434234782026979,0.0036595569410434736,0.003139385083582802
834,splice,RF,feat,0.013793103448275779,0.015154720681644362,0.015120176382754646,0.01480832338462168,0.015154720681644362
835,splice,RF,feat,0.0037642160794870705,0.006223035895994378,0.0053317736336455646,0.004678607761357423,0.006223035895994378
836,splice,RF,feat,0.01536443851714786,0.013087316161778606,0.014554866618391116,0.015652676324540038,0.013087316161778606
837,splice,RF,feat,0.008154407169185252,0.008014543361975268,0.009170943241090246,0.009935832912560949,0.008014543361975268
838,splice,RF,feat,0.005650507128339699,0.004111291921006233,0.006001930531782107,0.007309190144582978,0.004111291921006233
839,splice,RF,feat,0.0065835642190321675,0.005595915316903399,0.007135579027859884,0.008212106955958642,0.005595915316903399
840,texture,KNN,feat,0.0,0.0,0.0,0.0,0.0
841,texture,KNN,feat,0.0,0.0,0.0,0.0,0.0
842,texture,KNN,feat,0.0,0.0,0.0,0.0,0.0
843,texture,KNN,feat,0.0,0.0,0.0,0.0,0.0
844,texture,KNN,feat,0.0,0.0,0.0,0.0,0.0
845,texture,KNN,feat,0.0,0.0,0.0,0.0,0.0
846,texture,SVC,feat,0.0,0.0,0.0,0.0,0.0
847,texture,SVC,feat,0.0,0.0,0.0,0.0,0.0
848,texture,SVC,feat,0.0,0.0,0.0,0.0,0.0
849,texture,SVC,feat,0.0,0.0,0.0,0.0,0.0
850,texture,SVC,feat,0.0,0.0,0.0,0.0,0.0
851,texture,SVC,feat,0.0,0.0,0.0,0.0,0.0
852,texture,NB,feat,0.0,0.0,0.0,0.0,0.0
853,texture,NB,feat,0.0,0.0,0.0,0.0,0.0
854,texture,NB,feat,0.0,0.0,0.0,0.0,0.0
855,texture,NB,feat,0.0,0.0,0.0,0.0,0.0
856,texture,NB,feat,0.0,0.0,0.0,0.0,0.0
857,texture,NB,feat,0.0,0.0,0.0,0.0,0.0
858,texture,DT,feat,0.0,0.0,0.0,0.0,0.0
859,texture,DT,feat,0.0,0.0,0.0,0.0,0.0
860,texture,DT,feat,0.0,0.0,0.0,0.0,0.0
861,texture,DT,feat,0.0,0.0,0.0,0.0,0.0
862,texture,DT,feat,0.0,0.0,0.0,0.0,0.0
863,texture,DT,feat,0.0,0.0,0.0,0.0,0.0
864,texture,RF,feat,0.0,0.0,0.0,0.0,0.0
865,texture,RF,feat,0.0,0.0,0.0,0.0,0.0
866,texture,RF,feat,0.0,0.0,0.0,0.0,0.0
867,texture,RF,feat,0.0,0.0,0.0,0.0,0.0
868,texture,RF,feat,0.0,0.0,0.0,0.0,0.0
869,texture,RF,feat,0.0,0.0,0.0,0.0,0.0
870,sonar,KNN,feat,0.00011614401858306422,-6.552943623872043e-05,0.0013602232344209764,-0.007836558865970455,-0.000526315789473708
871,sonar,KNN,feat,0.009872241579558683,0.00909090909090915,0.008585226207177277,0.017907876437288195,0.0
872,sonar,KNN,feat,-0.009407665505226426,-0.009479925109215692,-0.00939743339196153,-0.012536231884057947,-0.0094736842105263
873,sonar,KNN,feat,0.0,-0.002548366964842841,-0.011574770258980904,0.017507144558228216,-0.03157894736842104
874,sonar,KNN,feat,-0.023693379790940883,-0.024874141876430222,-0.02544004422158186,-0.017185007974481747,-0.04105263157894745
875,sonar,KNN,feat,0.019744483159117365,0.01661431246099443,0.006475898363444643,0.041064180057988287,-0.020526315789473726
876,sonar,SVC,feat,-0.018815331010452963,-0.01523819429997919,-0.005560721427814053,-0.04648369936699448,0.03157894736842104
877,sonar,SVC,feat,-0.028687572590011534,-0.02772727272727271,-0.024146540988646215,-0.04271155830753348,-0.010000000000000009
878,sonar,SVC,feat,-0.01927990708478522,-0.016871229457041892,-0.011829573934837079,-0.030794377247466476,0.010526315789473606
879,sonar,SVC,feat,-0.01927990708478511,-0.01922196796338671,-0.022128851540616168,-0.028424978687127123,-0.021052631578947434
880,sonar,SVC,feat,-0.004645760743321681,-0.00454545454545463,0.003621214872198242,-0.011010101010101025,1.1102230246251565e-16
881,sonar,SVC,feat,-0.009756097560975618,-0.007912419388391823,-0.003929498326011527,-0.019700990444024513,0.011052631578947314
882,sonar,NB,feat,-0.02938443670150992,-0.02929477844809658,-0.02731308125645837,-0.02457661501139763,-0.030526315789473624
883,sonar,NB,feat,-0.004878048780487809,-0.004934470563761173,-0.006945614793601229,-0.0015868077691360005,-0.0094736842105263
884,sonar,NB,feat,0.009407665505226648,0.00895881006865007,0.007525546042853493,0.012447576578011432,0.000526315789473597
885,sonar,NB,feat,-0.01927990708478511,-0.021770334928229662,-0.028550311477140822,-0.014074836707520522,-0.052631578947368474
886,sonar,NB,feat,-0.009988385598141747,-0.013463698772623323,-0.025823087147657353,0.002348163345605725,-0.06210526315789466
887,sonar,NB,feat,-0.04320557491289201,-0.04358227584772201,-0.04340256218280347,-0.03968403335794635,-0.04210526315789487
888,sonar,DT,feat,-0.009639953542392554,-0.007134387351778626,0.001072393384242254,-0.025367585630743483,0.03000000000000025
889,sonar,DT,feat,0.05760743321718931,0.05375494071146236,0.04108193900115564,0.08045385202135769,0.0
890,sonar,DT,feat,0.04297328687572588,0.04252860411899306,0.04175011248181981,0.03808615368717683,0.04157894736842105
891,sonar,DT,feat,-0.024738675958188128,-0.023247347618057135,-0.019768934531450566,-0.02775119617224886,-0.010526315789473828
892,sonar,DT,feat,0.048315911730545946,0.052045974620345326,0.059339164424079716,0.033378255731196904,0.09421052631578952
893,sonar,DT,feat,-0.02334494773519158,-0.024221967963386715,-0.026968695812359278,-0.018737816764132553,-0.03105263157894722
894,sonar,RF,feat,0.01962833914053419,0.023661327231121354,0.039673222738958125,-0.008150266971777231,0.08210526315789468
895,sonar,RF,feat,0.014750290360046492,0.013498023715415086,0.014358023436970901,0.004361628709454779,0.010000000000000009
896,sonar,RF,feat,-0.004878048780487809,-0.00382775119617218,-0.0012030075187969835,-0.015131578947368385,0.010526315789473717
897,sonar,RF,feat,-0.009639953542392332,-0.01144164759725419,-0.017494637494637533,0.0033029878618114905,-0.03157894736842104
898,sonar,RF,feat,-0.019744483159117143,-0.01661431246099454,-0.010776697259809898,-0.06057150451887294,0.020526315789473726
899,sonar,RF,feat,0.00034843205574919267,0.0015612648221343672,0.009627552425256702,-0.017002801120448163,0.030000000000000027
900,molecular_biology_promoters,KNN,feat,-0.009090909090908927,-0.009090909090908927,-0.01084611041132777,0.012234432234432324,-0.03818181818181832
901,molecular_biology_promoters,KNN,feat,-0.036363636363636376,-0.033636363636363575,-0.03748917748917735,-0.018694638694638832,-0.054545454545454564
902,molecular_biology_promoters,KNN,feat,-0.00952380952380949,-0.009090909090909038,-0.015491891784797929,-0.008282828282828225,-0.02000000000000013
903,molecular_biology_promoters,KNN,feat,-0.01904761904761898,-0.01636363636363647,-0.021061349024735776,0.008205128205128198,-0.034545454545454546
904,molecular_biology_promoters,KNN,feat,-0.027272727272727337,-0.028181818181818086,-0.03288537549407111,-0.01272727272727292,-0.056363636363636505
905,molecular_biology_promoters,KNN,feat,0.0004329004329002295,-0.0009090909090908594,-0.011659451659451703,0.025404040404040318,-0.021818181818181848
906,molecular_biology_promoters,SVC,feat,-0.05584415584415581,-0.055454545454545534,-0.052648518529525234,-0.057540792540792474,-0.036363636363636376
907,molecular_biology_promoters,SVC,feat,-0.0567099567099566,-0.05727272727272725,-0.056880838459785754,-0.03017482517482528,-0.07454545454545458
908,molecular_biology_promoters,SVC,feat,-0.09393939393939377,-0.09363636363636363,-0.08920253773248321,-0.10944444444444434,-0.06000000000000005
909,molecular_biology_promoters,SVC,feat,-0.009090909090909038,-0.009090909090909038,-0.018036890645586334,0.013317793317793258,-0.054545454545454675
910,molecular_biology_promoters,SVC,feat,-0.02813852813852813,-0.026363636363636367,-0.024585178360922,-0.03353535353535353,-0.016363636363636247
911,molecular_biology_promoters,SVC,feat,-0.06580086580086575,-0.06727272727272726,-0.0718205068588702,-0.05979020979020977,-0.05818181818181822
912,molecular_biology_promoters,NB,feat,-0.01948051948051943,-0.019090909090909047,-0.014658385093167636,-0.046262626262626116,0.0181818181818183
913,molecular_biology_promoters,NB,feat,-0.03722943722943728,-0.03636363636363649,-0.03826839826839823,-0.03414141414141425,-0.036363636363636265
914,molecular_biology_promoters,NB,feat,-0.03766233766233762,-0.03727272727272757,-0.03624291497975729,-0.05047619047619034,-0.019999999999999796
915,molecular_biology_promoters,NB,feat,-0.0004329004329003405,-0.0009090909090909705,0.0035234330886505516,-0.01292929292929279,0.018181818181818188
916,molecular_biology_promoters,NB,feat,-0.03679653679653683,-0.036363636363636154,-0.0370790612895876,-0.05959595959595976,-0.018181818181818188
917,molecular_biology_promoters,NB,feat,-0.02857142857142847,-0.030000000000000027,-0.039277687359528746,-0.015151515151515027,-0.039999999999999925
918,molecular_biology_promoters,DT,feat,-0.0017316017316018062,-0.0027272727272726893,0.006702709952137731,-0.01030303030303037,0.03272727272727283
919,molecular_biology_promoters,DT,feat,-0.01904761904761887,-0.0181818181818183,-0.019387236206458214,-0.013461538461538414,-0.016363636363636247
920,molecular_biology_promoters,DT,feat,-0.027705627705627567,-0.029090909090908945,-0.02228905597326669,-0.01584451324389402,-0.021818181818181848
921,molecular_biology_promoters,DT,feat,-0.009090909090908927,-0.0072727272727269865,-0.006521739130434745,-0.007792207792207684,0.0
922,molecular_biology_promoters,DT,feat,0.026406926406926323,0.026363636363636367,0.022284382284382342,0.03899766899766899,-0.0036363636363636598
923,molecular_biology_promoters,DT,feat,-0.058008658008658065,-0.05818181818181811,-0.06695374800637965,-0.056692196692196606,-0.07636363636363641
924,molecular_biology_promoters,RF,feat,-0.06580086580086575,-0.06818181818181812,-0.06837254532906711,-0.04322066822066806,-0.09636363636363654
925,molecular_biology_promoters,RF,feat,-0.027705627705627678,-0.028181818181818086,-0.03064327485380114,-0.0036363636363634377,-0.054545454545454564
926,molecular_biology_promoters,RF,feat,-0.008658008658008698,-0.008181818181818179,-0.003666859456333049,0.004967320261437869,0.0
927,molecular_biology_promoters,RF,feat,-0.02857142857142847,-0.029090909090909167,-0.033751176359871904,-0.015229215229215165,-0.05454545454545445
928,molecular_biology_promoters,RF,feat,-0.01904761904761898,-0.020909090909090877,-0.026544622425629383,0.0017094017094017033,-0.05999999999999994
929,molecular_biology_promoters,RF,feat,-0.04805194805194812,-0.049090909090909074,-0.0627015496580714,-0.018484848484848326,-0.07818181818181835
930,mfeat_fourier,KNN,feat,0.0,0.0,0.0,0.0,0.0
931,mfeat_fourier,KNN,feat,0.0,0.0,0.0,0.0,0.0
932,mfeat_fourier,KNN,feat,0.0,0.0,0.0,0.0,0.0
933,mfeat_fourier,KNN,feat,0.0,0.0,0.0,0.0,0.0
934,mfeat_fourier,KNN,feat,0.0,0.0,0.0,0.0,0.0
935,mfeat_fourier,KNN,feat,0.0,0.0,0.0,0.0,0.0
936,mfeat_fourier,SVC,feat,0.0,0.0,0.0,0.0,0.0
937,mfeat_fourier,SVC,feat,0.0,0.0,0.0,0.0,0.0
938,mfeat_fourier,SVC,feat,0.0,0.0,0.0,0.0,0.0
939,mfeat_fourier,SVC,feat,0.0,0.0,0.0,0.0,0.0
940,mfeat_fourier,SVC,feat,0.0,0.0,0.0,0.0,0.0
941,mfeat_fourier,SVC,feat,0.0,0.0,0.0,0.0,0.0
942,mfeat_fourier,NB,feat,0.0,0.0,0.0,0.0,0.0
943,mfeat_fourier,NB,feat,0.0,0.0,0.0,0.0,0.0
944,mfeat_fourier,NB,feat,0.0,0.0,0.0,0.0,0.0
945,mfeat_fourier,NB,feat,0.0,0.0,0.0,0.0,0.0
946,mfeat_fourier,NB,feat,0.0,0.0,0.0,0.0,0.0
947,mfeat_fourier,NB,feat,0.0,0.0,0.0,0.0,0.0
948,mfeat_fourier,DT,feat,0.0,0.0,0.0,0.0,0.0
949,mfeat_fourier,DT,feat,0.0,0.0,0.0,0.0,0.0
950,mfeat_fourier,DT,feat,0.0,0.0,0.0,0.0,0.0
951,mfeat_fourier,DT,feat,0.0,0.0,0.0,0.0,0.0
952,mfeat_fourier,DT,feat,0.0,0.0,0.0,0.0,0.0
953,mfeat_fourier,DT,feat,0.0,0.0,0.0,0.0,0.0
954,mfeat_fourier,RF,feat,0.0,0.0,0.0,0.0,0.0
955,mfeat_fourier,RF,feat,0.0,0.0,0.0,0.0,0.0
956,mfeat_fourier,RF,feat,0.0,0.0,0.0,0.0,0.0
957,mfeat_fourier,RF,feat,0.0,0.0,0.0,0.0,0.0
958,mfeat_fourier,RF,feat,0.0,0.0,0.0,0.0,0.0
959,mfeat_fourier,RF,feat,0.0,0.0,0.0,0.0,0.0
960,analcatdata_authorship,KNN,feat,-0.010714285714285787,-0.04653665131949025,-0.04675607208543886,-0.033903787943149966,-0.04653665131949025
961,analcatdata_authorship,KNN,feat,-0.0035714285714284477,-0.021613471274488205,-0.019704347023608904,-0.017505167505167396,-0.021613471274488205
962,analcatdata_authorship,KNN,feat,-0.0023809523809524835,-0.009037102257441254,-0.009780459742815495,-0.009254723934602027,-0.009037102257441254
963,analcatdata_authorship,KNN,feat,-0.005952380952380709,-0.025245709480505307,-0.02410271085417215,-0.023512229726040168,-0.025245709480505307
964,analcatdata_authorship,KNN,feat,0.0,0.0,0.0,0.0,0.0
965,analcatdata_authorship,KNN,feat,-0.0035714285714284477,-0.023501628726734558,-0.02537941979391578,-0.02924231062284799,-0.023501628726734558
966,analcatdata_authorship,SVC,feat,0.0,0.006161522647066042,-0.004440164176585881,-0.018356807664286046,0.006161522647066042
967,analcatdata_authorship,SVC,feat,-0.0023809523809523725,-0.006027832807493749,-0.006174340345635576,-0.006237047196098744,-0.006027832807493749
968,analcatdata_authorship,SVC,feat,-0.004761904761904634,-0.015064935064935003,-0.013656625130395228,-0.010345320874982078,-0.015064935064935003
969,analcatdata_authorship,SVC,feat,-0.0035573400958016643,-0.011777531762576343,-0.019230683615388044,-0.02408315807687933,-0.011777531762576343
970,analcatdata_authorship,SVC,feat,0.0,0.0,0.0,0.0,0.0
971,analcatdata_authorship,SVC,feat,-0.009509721048182596,-0.02381810624223979,-0.02331617349466042,-0.024246500930305004,-0.02381810624223979
972,analcatdata_authorship,NB,feat,-0.008333333333333193,-0.021335531644604444,-0.02111162292426516,-0.02012420104824375,-0.021335531644604444
973,analcatdata_authorship,NB,feat,-0.0011904761904764083,-0.0020634920634919895,-0.006006621816847191,-0.009372322592661408,-0.0020634920634919895
974,analcatdata_authorship,NB,feat,-0.0023809523809523725,-0.009725829725829582,-0.008620621794257821,-0.007061754227702499,-0.009725829725829582
975,analcatdata_authorship,NB,feat,-0.009509721048182374,-0.02017452692427757,-0.02089685864252966,-0.02116406517831082,-0.02017452692427757
976,analcatdata_authorship,NB,feat,0.0,0.0,0.0,0.0,0.0
977,analcatdata_authorship,NB,feat,-0.01189771766694836,-0.03735015732024716,-0.03961605298065041,-0.04322271547673717,-0.03735015732024716
978,analcatdata_authorship,DT,feat,0.0035714285714284477,0.005008843644031646,0.0016190427119694428,-0.002384273348514654,0.005008843644031646
979,analcatdata_authorship,DT,feat,0.0023809523809523725,-0.00020593342627250877,0.0032342865142824806,0.006482129403005965,-0.00020593342627250877
980,analcatdata_authorship,DT,feat,-0.009523809523809601,-0.0233149900946511,-0.021370434738398503,-0.019642319207658687,-0.0233149900946511
981,analcatdata_authorship,DT,feat,-0.016603268526345416,-0.04385453667856465,-0.03697713213017817,-0.03333081111552061,-0.04385453667856465
982,analcatdata_authorship,DT,feat,0.0,0.0,0.0,0.0,0.0
983,analcatdata_authorship,DT,feat,-0.01426458157227406,-0.035916399430856116,-0.036589481976808336,-0.036486924572834534,-0.035916399430856116
984,analcatdata_authorship,RF,feat,-0.003571428571429003,-0.015502053768348789,-0.015317904464512422,-0.014293631461154033,-0.015502053768348789
985,analcatdata_authorship,RF,feat,0.0011904761904761862,0.004545454545454741,0.003265927375516231,0.0012091038406827348,0.004545454545454741
986,analcatdata_authorship,RF,feat,-0.0035714285714286698,-0.013636363636363558,-0.010415638560367424,-0.006499582289056005,-0.013636363636363558
987,analcatdata_authorship,RF,feat,-0.0059453367145674285,-0.021018682094049557,-0.01787488355520961,-0.0127377184580576,-0.021018682094049557
988,analcatdata_authorship,RF,feat,0.0,0.0,0.0,0.0,0.0
989,analcatdata_authorship,RF,feat,-0.008333333333333193,-0.03423907143108895,-0.033657357560220036,-0.03029727861653342,-0.03423907143108895
990,tokyo1,KNN,feat,0.0,0.0,0.0,0.0,0.0
991,tokyo1,KNN,feat,0.0,0.0,0.0,0.0,0.0
992,tokyo1,KNN,feat,0.0,0.0,0.0,0.0,0.0
993,tokyo1,KNN,feat,0.0,0.0,0.0,0.0,0.0
994,tokyo1,KNN,feat,0.0,0.0,0.0,0.0,0.0
995,tokyo1,KNN,feat,0.0,0.0,0.0,0.0,0.0
996,tokyo1,SVC,feat,0.013541666666666674,0.018840579710144967,0.008798277260396614,0.015097418178328104,0.0
997,tokyo1,SVC,feat,0.0,0.0,0.0,0.0,0.0
998,tokyo1,SVC,feat,0.011458333333333293,0.020395899611169943,-0.014052982008783188,-0.013688610240334409,-0.011382113821138073
999,tokyo1,SVC,feat,0.0,0.0,0.0,0.0,0.0
1000,tokyo1,SVC,feat,0.0,0.0,0.0,0.0,0.0
1001,tokyo1,SVC,feat,0.0,0.0,0.0,0.0,0.0
1002,tokyo1,NB,feat,0.0010416666666669405,0.0008130081300813385,0.0008417670682732137,9.998750156225977e-05,0.001626016260162566
1003,tokyo1,NB,feat,0.0,0.0,0.0,0.0,0.0
1004,tokyo1,NB,feat,0.0031249999999999334,0.003711558854718966,0.0022803366211203713,0.002819237147595355,0.001626016260162788
1005,tokyo1,NB,feat,0.003141361256544517,0.004347826086956608,0.0022398594597985433,0.004193093727977493,0.0
1006,tokyo1,NB,feat,0.0,0.0,0.0,0.0,0.0
1007,tokyo1,NB,feat,0.0,0.0,0.0,0.0,0.0
1008,tokyo1,DT,feat,0.0,-0.0006362672322374197,9.842519685043793e-05,-0.001228261493428251,0.001626016260162344
1009,tokyo1,DT,feat,0.0,0.0,0.0,0.0,0.0
1010,tokyo1,DT,feat,0.004166666666666763,0.0064333686815128965,0.003025859770727779,0.007757983193277362,-0.001626016260162344
1011,tokyo1,DT,feat,0.0010471204188480243,-0.0016987407935374899,0.0013608682339332212,-0.005655172413792986,0.008196721311475641
1012,tokyo1,DT,feat,0.0,0.0,0.0,0.0,0.0
1013,tokyo1,DT,feat,0.0,0.0,0.0,0.0,0.0
1014,tokyo1,RF,feat,0.0010416666666668295,0.0014492753623187582,0.00076494023904361,0.001476377952756014,0.0
1015,tokyo1,RF,feat,0.0,0.0,0.0,0.0,0.0
1016,tokyo1,RF,feat,0.0,0.0006362672322374197,-5.24521374243303e-05,0.0014959349593497429,-0.001626016260162344
1017,tokyo1,RF,feat,0.0,0.0,0.0,0.0,0.0
1018,tokyo1,RF,feat,0.0,0.0,0.0,0.0,0.0
1019,tokyo1,RF,feat,0.0,0.0,0.0,0.0,0.0
1020,soybean,KNN,feat,-0.0414814814814814,-0.03611111111111115,-0.038959230806808076,-0.030880367499446004,-0.03611111111111115
1021,soybean,KNN,feat,-0.042962962962962925,-0.03128177196804638,-0.03574868951673538,-0.03384502422078556,-0.03128177196804638
1022,soybean,KNN,feat,-0.09333333333333321,-0.04733115468409593,-0.05594808742892304,-0.04853591908245519,-0.04733115468409593
1023,soybean,KNN,feat,-0.0251851851851852,-0.03316993464052287,-0.03038232598462909,-0.0275805875983704,-0.03316993464052287
1024,soybean,KNN,feat,-0.03111111111111109,-0.03240740740740744,-0.022284427194578016,-0.012284864521568295,-0.03240740740740744
1025,soybean,KNN,feat,-0.051851851851851816,-0.020370370370370372,-0.03019275767021201,-0.029090281159130482,-0.020370370370370372
1026,soybean,SVC,feat,-0.020740740740740782,-0.03888888888888897,-0.03849995387948413,-0.03172443325655527,-0.03888888888888897
1027,soybean,SVC,feat,-0.016296296296296364,-0.033569353667392776,-0.03746861229164872,-0.036324948930025136,-0.033569353667392776
1028,soybean,SVC,feat,-0.022222222222222254,-0.04684095860566451,-0.04855070952987811,-0.04629840686197251,-0.04684095860566451
1029,soybean,SVC,feat,-0.01185185185185178,-0.021568627450980316,-0.02340562345900782,-0.023300689891207205,-0.021568627450980316
1030,soybean,SVC,feat,-0.013333333333333364,-0.02438271604938269,-0.023670425712228382,-0.020952939861390685,-0.02438271604938269
1031,soybean,SVC,feat,-0.010370370370370363,-0.02314814814814814,-0.024779311811665317,-0.024418971297341607,-0.02314814814814814
1032,soybean,NB,feat,-0.020740740740740782,-0.03888888888888875,-0.038393458393458424,-0.03164249438162492,-0.03888888888888875
1033,soybean,NB,feat,0.004444444444444529,-0.04520697167755994,-0.03203074805931383,-0.02327579312478012,-0.04520697167755994
1034,soybean,NB,feat,-0.007407407407407474,-0.06314451706608565,-0.04847922390569431,-0.0345905781013795,-0.06314451706608565
1035,soybean,NB,feat,0.001481481481481417,-0.022712418300653514,-0.017568884941825014,-0.01658994441687467,-0.022712418300653514
1036,soybean,NB,feat,-0.001481481481481417,-0.028703703703703898,-0.01967235633902298,-0.014246031746031784,-0.028703703703703898
1037,soybean,NB,feat,0.0,-0.028086419753086567,-0.020926321193896702,-0.0174692659101362,-0.028086419753086567
1038,soybean,DT,feat,-0.01777777777777778,-0.03333333333333349,-0.03331409331409341,-0.03164249438162492,-0.03333333333333349
1039,soybean,DT,feat,-0.014814814814814892,-0.030791575889615064,-0.03689275248962931,-0.03906944391843109,-0.030791575889615064
1040,soybean,DT,feat,-0.0222222222222222,-0.04684095860566451,-0.0501447134855334,-0.04908552759632889,-0.04684095860566451
1041,soybean,DT,feat,-0.010370370370370474,-0.018790849673202548,-0.021764287240675584,-0.023256611083541434,-0.018790849673202548
1042,soybean,DT,feat,-0.011851851851851891,-0.021604938271604923,-0.02203205160194399,-0.020912698412698327,-0.021604938271604923
1043,soybean,DT,feat,-0.010370370370370474,-0.02314814814814814,-0.026363062953419003,-0.027191488132358388,-0.02314814814814814
1044,soybean,RF,feat,-0.017777777777777892,-0.03333333333333349,-0.03330719404462651,-0.03163258480649789,-0.03333333333333349
1045,soybean,RF,feat,-0.013333333333333475,-0.028013798111837296,-0.03371144694667261,-0.03628232318407448,-0.028013798111837296
1046,soybean,RF,feat,-0.020740740740740782,-0.044063180827886794,-0.046963407942576474,-0.04629840686197251,-0.044063180827886794
1047,soybean,RF,feat,-0.010370370370370474,-0.018790849673202548,-0.02177121211871408,-0.02326660159624938,-0.018790849673202548
1048,soybean,RF,feat,-0.011851851851851947,-0.021604938271604923,-0.022032051601944103,-0.020912698412698494,-0.021604938271604923
1049,soybean,RF,feat,-0.00888888888888889,-0.020370370370370372,-0.023192010224363735,-0.024418971297341496,-0.020370370370370372
1050,mfeat_karhunen,KNN,feat,0.0,0.0,0.0,0.0,0.0
1051,mfeat_karhunen,KNN,feat,-0.0014999999999999458,-0.0014999999999999458,-0.0014627710934822513,-0.0011065384450624771,-0.0014999999999999458
1052,mfeat_karhunen,KNN,feat,0.0,0.0,0.0,0.0,0.0
1053,mfeat_karhunen,KNN,feat,0.0024999999999999467,0.0024999999999999467,0.0020538328580556042,0.0018191894377127538,0.0024999999999999467
1054,mfeat_karhunen,KNN,feat,0.000500000000000056,0.0004999999999999449,0.0005562963337674143,0.0006913859178540038,0.0004999999999999449
1055,mfeat_karhunen,KNN,feat,0.006500000000000061,0.006500000000000061,0.006698633003989762,0.006372617840108119,0.006500000000000061
1056,mfeat_karhunen,SVC,feat,0.0,0.0,0.0,0.0,0.0
1057,mfeat_karhunen,SVC,feat,0.0040000000000000036,0.0040000000000000036,0.003555437001085515,0.003962950802420928,0.0040000000000000036
1058,mfeat_karhunen,SVC,feat,0.0,0.0,0.0,0.0,0.0
1059,mfeat_karhunen,SVC,feat,0.008499999999999952,0.008500000000000063,0.008311167233006733,0.007588474875134699,0.008500000000000063
1060,mfeat_karhunen,SVC,feat,0.0030000000000000027,0.0030000000000000027,0.0030561090675562674,0.0030727752881528625,0.0030000000000000027
1061,mfeat_karhunen,SVC,feat,0.0,-1.1102230246251565e-16,1.7323449308936922e-05,3.927422305083361e-05,-1.1102230246251565e-16
1062,mfeat_karhunen,NB,feat,0.0,0.0,0.0,0.0,0.0
1063,mfeat_karhunen,NB,feat,-0.008000000000000007,-0.008000000000000007,-0.008614179942343925,-0.008154536274378343,-0.008000000000000007
1064,mfeat_karhunen,NB,feat,0.0,0.0,0.0,0.0,0.0
1065,mfeat_karhunen,NB,feat,0.00649999999999995,0.006499999999999728,0.006795788944308989,0.006983559668673922,0.006499999999999728
1066,mfeat_karhunen,NB,feat,0.0030000000000000027,0.0030000000000000027,0.002762212934273367,0.002912029259446336,0.0030000000000000027
1067,mfeat_karhunen,NB,feat,0.0035000000000000586,0.0034999999999999476,0.0033494255943349316,0.002663060147073182,0.0034999999999999476
1068,mfeat_karhunen,DT,feat,0.0,0.0,0.0,0.0,0.0
1069,mfeat_karhunen,DT,feat,-0.0019999999999998908,-0.0019999999999998908,-0.000914633374031748,-0.0005466995004984598,-0.0019999999999998908
1070,mfeat_karhunen,DT,feat,0.0,0.0,0.0,0.0,0.0
1071,mfeat_karhunen,DT,feat,0.0040000000000000036,0.0040000000000000036,0.004682816372885257,0.004283727455079656,0.0040000000000000036
1072,mfeat_karhunen,DT,feat,-0.0004999999999999449,-0.0004999999999999449,-0.0005071256576575367,-0.00036962254685868334,-0.0004999999999999449
1073,mfeat_karhunen,DT,feat,0.011499999999999955,0.011500000000000066,0.012726974461814589,0.013587669818902803,0.011500000000000066
1074,mfeat_karhunen,RF,feat,0.0,0.0,0.0,0.0,0.0
1075,mfeat_karhunen,RF,feat,0.0024999999999999467,0.0024999999999999467,0.0025521224272965215,0.001831321019287846,0.0024999999999999467
1076,mfeat_karhunen,RF,feat,0.0,0.0,0.0,0.0,0.0
1077,mfeat_karhunen,RF,feat,0.011499999999999955,0.011499999999999844,0.01160781958711754,0.011912508216046391,0.011499999999999844
1078,mfeat_karhunen,RF,feat,0.0,0.0,-6.473074715063198e-05,0.0006929652003673237,0.0
1079,mfeat_karhunen,RF,feat,0.0029999999999998916,0.0030000000000001137,0.003406537844259927,0.00396756297842793,0.0030000000000001137
1080,GAMETES_Epistasis_2_Way_1000atts_0.4H_EDM_1_EDM_1_1,KNN,hyperparameter,-0.004374999999999907,-0.004374999999999907,-0.003742658791077158,-0.0039379913340207295,-0.016249999999999987
1081,GAMETES_Epistasis_2_Way_1000atts_0.4H_EDM_1_EDM_1_1,KNN,hyperparameter,0.0006250000000000977,0.0006249999999999867,0.010993620655921688,9.641754390132817e-05,-0.025000000000000022
1082,GAMETES_Epistasis_2_Way_1000atts_0.4H_EDM_1_EDM_1_1,KNN,hyperparameter,-0.020000000000000018,-0.020000000000000018,-0.011903048132709482,-0.018797995851214222,-0.016249999999999987
1083,GAMETES_Epistasis_2_Way_1000atts_0.4H_EDM_1_EDM_1_1,KNN,hyperparameter,-0.018125000000000058,-0.018125000000000058,-0.041356798772669845,-0.015106155100530816,-0.07125000000000004
1084,GAMETES_Epistasis_2_Way_1000atts_0.4H_EDM_1_EDM_1_1,KNN,hyperparameter,-0.004374999999999907,-0.004374999999999907,-0.006921873246535704,-0.0038489750221479824,-0.022500000000000075
1085,GAMETES_Epistasis_2_Way_1000atts_0.4H_EDM_1_EDM_1_1,KNN,hyperparameter,0.0,0.0,-0.00977427424306021,0.00036133694670281713,-0.030000000000000027
1086,GAMETES_Epistasis_2_Way_1000atts_0.4H_EDM_1_EDM_1_1,SVC,hyperparameter,-0.010624999999999996,-0.010624999999999996,-0.009772151744473434,-0.010908229626017119,-0.050000000000000044
1087,GAMETES_Epistasis_2_Way_1000atts_0.4H_EDM_1_EDM_1_1,SVC,hyperparameter,-0.004374999999999907,-0.004375000000000018,0.024399749057653575,0.00022545667812268189,-0.019999999999999907
1088,GAMETES_Epistasis_2_Way_1000atts_0.4H_EDM_1_EDM_1_1,SVC,hyperparameter,-0.008750000000000091,-0.008750000000000091,-0.005443998215082568,-0.008111174134997123,-0.05124999999999991
1089,GAMETES_Epistasis_2_Way_1000atts_0.4H_EDM_1_EDM_1_1,SVC,hyperparameter,-0.009375000000000022,-0.009375000000000022,0.001968536527846787,-0.009265082742676234,-0.05249999999999999
1090,GAMETES_Epistasis_2_Way_1000atts_0.4H_EDM_1_EDM_1_1,SVC,hyperparameter,-0.010000000000000009,-0.010000000000000009,-0.02984509196110474,-0.013183327025426517,-0.10874999999999996
1091,GAMETES_Epistasis_2_Way_1000atts_0.4H_EDM_1_EDM_1_1,SVC,hyperparameter,0.00562499999999988,0.00562499999999988,0.009312149505460443,0.005218564934441505,-0.013750000000000151
1092,GAMETES_Epistasis_2_Way_1000atts_0.4H_EDM_1_EDM_1_1,LR,hyperparameter,-0.0068749999999999645,-0.0068749999999999645,-0.007366545595397511,-0.007208084763342393,-0.007500000000000007
1093,GAMETES_Epistasis_2_Way_1000atts_0.4H_EDM_1_EDM_1_1,LR,hyperparameter,0.0031249999999999334,0.0031249999999999334,0.010879747482840763,0.0023997146299640226,0.0
1094,GAMETES_Epistasis_2_Way_1000atts_0.4H_EDM_1_EDM_1_1,LR,hyperparameter,-0.010624999999999996,-0.010624999999999996,-0.01098943006284192,-0.010736631532682672,-0.01375000000000004
1095,GAMETES_Epistasis_2_Way_1000atts_0.4H_EDM_1_EDM_1_1,LR,hyperparameter,-0.013125000000000053,-0.013125000000000053,-0.011604981474109988,-0.013411158557770086,-0.010000000000000009
1096,GAMETES_Epistasis_2_Way_1000atts_0.4H_EDM_1_EDM_1_1,LR,hyperparameter,-0.001875000000000071,-0.001875000000000071,-0.0009035548130416071,-0.0016960618888762768,0.0
1097,GAMETES_Epistasis_2_Way_1000atts_0.4H_EDM_1_EDM_1_1,LR,hyperparameter,-0.00374999999999992,-0.00374999999999992,-0.002498828972666789,-0.003811111982727877,-0.006249999999999978
1098,GAMETES_Epistasis_2_Way_1000atts_0.4H_EDM_1_EDM_1_1,NB,hyperparameter,-0.0006250000000000977,-0.0006250000000000977,-0.0010193859698628405,-0.000714239856189014,-0.0012499999999999734
1099,GAMETES_Epistasis_2_Way_1000atts_0.4H_EDM_1_EDM_1_1,NB,hyperparameter,0.0,0.0,0.0,0.0,0.0
1100,GAMETES_Epistasis_2_Way_1000atts_0.4H_EDM_1_EDM_1_1,NB,hyperparameter,0.0,0.0,0.0,0.0,0.0
1101,GAMETES_Epistasis_2_Way_1000atts_0.4H_EDM_1_EDM_1_1,NB,hyperparameter,0.0,0.0,0.0,0.0,0.0
1102,GAMETES_Epistasis_2_Way_1000atts_0.4H_EDM_1_EDM_1_1,NB,hyperparameter,0.0,0.0,0.0,0.0,0.0
1103,GAMETES_Epistasis_2_Way_1000atts_0.4H_EDM_1_EDM_1_1,NB,hyperparameter,0.0,0.0,0.0,0.0,0.0
1104,GAMETES_Epistasis_2_Way_1000atts_0.4H_EDM_1_EDM_1_1,DT,hyperparameter,-0.016249999999999987,-0.016249999999999987,0.0057899488143920985,-0.01882804529147991,-0.09499999999999997
1105,GAMETES_Epistasis_2_Way_1000atts_0.4H_EDM_1_EDM_1_1,DT,hyperparameter,-0.010000000000000064,-0.009999999999999953,-0.05338497040141127,-0.015466807180163966,-0.14
1106,GAMETES_Epistasis_2_Way_1000atts_0.4H_EDM_1_EDM_1_1,DT,hyperparameter,-0.01375000000000004,-0.01375000000000004,-0.043856604042420366,-0.014462605876309209,-0.10124999999999995
1107,GAMETES_Epistasis_2_Way_1000atts_0.4H_EDM_1_EDM_1_1,DT,hyperparameter,-0.02124999999999999,-0.02124999999999999,-0.07897855852508728,-0.016763597630256588,-0.13124999999999998
1108,GAMETES_Epistasis_2_Way_1000atts_0.4H_EDM_1_EDM_1_1,DT,hyperparameter,-0.012500000000000011,-0.012500000000000011,0.01191551441424632,-0.010912048827721177,-0.08124999999999993
1109,GAMETES_Epistasis_2_Way_1000atts_0.4H_EDM_1_EDM_1_1,DT,hyperparameter,-0.009375000000000133,-0.009375000000000133,-0.003604245109044224,-0.008240570940797554,-0.08499999999999996
1110,GAMETES_Epistasis_2_Way_1000atts_0.4H_EDM_1_EDM_1_1,RF,hyperparameter,-0.023125000000000007,-0.023125000000000118,-0.030118417631346595,-0.025814566344343315,-0.04625000000000001
1111,GAMETES_Epistasis_2_Way_1000atts_0.4H_EDM_1_EDM_1_1,RF,hyperparameter,-0.02937500000000004,-0.02937500000000004,-0.036236329672575784,-0.029786901246926734,-0.04250000000000009
1112,GAMETES_Epistasis_2_Way_1000atts_0.4H_EDM_1_EDM_1_1,RF,hyperparameter,-0.02749999999999997,-0.02749999999999997,-0.002235929841294282,-0.02921440462552527,-0.03749999999999998
1113,GAMETES_Epistasis_2_Way_1000atts_0.4H_EDM_1_EDM_1_1,RF,hyperparameter,-0.03500000000000003,-0.03500000000000003,-0.0469739827186354,-0.03661727361731809,-0.05624999999999997
1114,GAMETES_Epistasis_2_Way_1000atts_0.4H_EDM_1_EDM_1_1,RF,hyperparameter,-0.0012499999999999734,-0.0012500000000000844,-0.0004222083517116948,-0.0013924443933740482,-0.028749999999999998
1115,GAMETES_Epistasis_2_Way_1000atts_0.4H_EDM_1_EDM_1_1,RF,hyperparameter,-0.013749999999999984,-0.013749999999999873,-0.007091391252822932,-0.01359902331404933,-0.034999999999999976
1116,agaricus_lepiota,KNN,hyperparameter,0.0,0.0,0.0,0.0,0.0
1117,agaricus_lepiota,KNN,hyperparameter,0.0,0.0,0.0,0.0,0.0
1118,agaricus_lepiota,KNN,hyperparameter,0.0,0.0,0.0,0.0,0.0
1119,agaricus_lepiota,KNN,hyperparameter,0.0,0.0,0.0,0.0,0.0
1120,agaricus_lepiota,KNN,hyperparameter,0.0,0.0,0.0,0.0,0.0
1121,agaricus_lepiota,KNN,hyperparameter,0.0,0.0,0.0,0.0,0.0
1122,agaricus_lepiota,SVC,hyperparameter,0.0,0.0,0.0,0.0,0.0
1123,agaricus_lepiota,SVC,hyperparameter,0.0,0.0,0.0,0.0,0.0
1124,agaricus_lepiota,SVC,hyperparameter,0.0,0.0,0.0,0.0,0.0
1125,agaricus_lepiota,SVC,hyperparameter,0.0,0.0,0.0,0.0,0.0
1126,agaricus_lepiota,SVC,hyperparameter,0.0,0.0,0.0,0.0,0.0
1127,agaricus_lepiota,SVC,hyperparameter,0.0,0.0,0.0,0.0,0.0
1128,agaricus_lepiota,LR,hyperparameter,0.0,0.0,0.0,0.0,0.0
1129,agaricus_lepiota,LR,hyperparameter,0.0,0.0,0.0,0.0,0.0
1130,agaricus_lepiota,LR,hyperparameter,0.0,0.0,0.0,0.0,0.0
1131,agaricus_lepiota,LR,hyperparameter,0.0,0.0,0.0,0.0,0.0
1132,agaricus_lepiota,LR,hyperparameter,0.0,0.0,0.0,0.0,0.0
1133,agaricus_lepiota,LR,hyperparameter,0.0,0.0,0.0,0.0,0.0
1134,agaricus_lepiota,NB,hyperparameter,-1.2055943443556316e-07,-4.711041618543632e-05,-0.00010993835791395234,0.0,-0.0012768130745658413
1135,agaricus_lepiota,NB,hyperparameter,-0.0001227897838900205,-9.941505774524462e-05,-7.679105301239275e-05,-0.000669010770689149,0.0
1136,agaricus_lepiota,NB,hyperparameter,-0.0004910385761256464,-0.000519886738966524,-0.000571157160193625,0.0,-0.0012762919263721306
1137,agaricus_lepiota,NB,hyperparameter,0.0001227897838900205,0.00012768130745677286,0.00013865341902241646,2.013112780940851e-05,0.0
1138,agaricus_lepiota,NB,hyperparameter,0.0,0.0,0.0,0.0,-0.0007660878447394159
1139,agaricus_lepiota,NB,hyperparameter,-0.0002454590083456054,-0.00023651844843919356,-0.00023291444843365205,-0.00046159980370497067,-0.0010214504596526286
1140,agaricus_lepiota,DT,hyperparameter,0.0,0.0,0.0,0.0,0.0
1141,agaricus_lepiota,DT,hyperparameter,0.0,0.0,0.0,0.0,0.0
1142,agaricus_lepiota,DT,hyperparameter,0.0,0.0,0.0,0.0,0.0
1143,agaricus_lepiota,DT,hyperparameter,0.0,0.0,0.0,0.0,0.0
1144,agaricus_lepiota,DT,hyperparameter,0.0,0.0,0.0,0.0,0.0
1145,agaricus_lepiota,DT,hyperparameter,0.0,0.0,0.0,0.0,0.0
1146,agaricus_lepiota,RF,hyperparameter,0.0,0.0,0.0,0.0,0.0
1147,agaricus_lepiota,RF,hyperparameter,0.0,0.0,0.0,0.0,0.0
1148,agaricus_lepiota,RF,hyperparameter,0.0,0.0,0.0,0.0,0.0
1149,agaricus_lepiota,RF,hyperparameter,0.0,0.0,0.0,0.0,0.0
1150,agaricus_lepiota,RF,hyperparameter,0.0,0.0,0.0,0.0,0.0
1151,agaricus_lepiota,RF,hyperparameter,0.0,0.0,0.0,0.0,0.0
1152,mushroom,KNN,hyperparameter,0.0,0.0,0.0,0.0,0.0
1153,mushroom,KNN,hyperparameter,0.0,0.0,0.0,0.0,0.0
1154,mushroom,KNN,hyperparameter,0.0,0.0,0.0,0.0,0.0
1155,mushroom,KNN,hyperparameter,0.0,0.0,0.0,0.0,0.0
1156,mushroom,KNN,hyperparameter,0.0,0.0,0.0,0.0,0.0
1157,mushroom,KNN,hyperparameter,-0.00012309207287042323,-0.00012768130745677286,-0.00012774655084324404,0.0,-0.00025536261491321266
1158,mushroom,SVC,hyperparameter,0.0,0.0,0.0,0.0,0.0
1159,mushroom,SVC,hyperparameter,0.0,0.0,0.0,0.0,0.0
1160,mushroom,SVC,hyperparameter,0.0,0.0,0.0,0.0,0.0
1161,mushroom,SVC,hyperparameter,0.0,0.0,0.0,0.0,0.0
1162,mushroom,SVC,hyperparameter,0.0,0.0,0.0,0.0,0.0
1163,mushroom,SVC,hyperparameter,0.0,0.0,0.0,0.0,0.0
1164,mushroom,LR,hyperparameter,-0.0006154603643527823,-0.0006029664785591748,-0.0006263667366848136,-0.0010115897941063157,-0.00025536261491321266
1165,mushroom,LR,hyperparameter,-0.00012309207287053425,-0.00011882129277562825,-0.00012166542931646429,-0.0002464881460879642,0.0
1166,mushroom,LR,hyperparameter,-0.00024618414574084646,-0.00025536261491321266,-0.00026732790628380965,-0.0007113566315367637,-0.0005107252298264253
1167,mushroom,LR,hyperparameter,0.0,0.0,0.0,0.0,-0.00025536261491321266
1168,mushroom,LR,hyperparameter,-0.00012309207287042323,-0.00012768130745666184,-0.0001335285709930245,-9.057587081473528e-06,-0.00025536261491321266
1169,mushroom,LR,hyperparameter,0.0,0.0,0.0,0.0,0.0
1170,mushroom,NB,hyperparameter,-0.00036927621861160276,-0.00035646387832688475,-0.00032583981287892527,-0.0006278610624523839,-0.000766087844739638
1171,mushroom,NB,hyperparameter,0.0,0.0,0.0,0.0,-0.00025536261491321266
1172,mushroom,NB,hyperparameter,0.0,0.0,0.0,0.0,-0.0005107252298263143
1173,mushroom,NB,hyperparameter,0.0,0.0,0.0,0.0,-0.00025536261491321266
1174,mushroom,NB,hyperparameter,0.0,0.0,0.0,0.0,-0.0010214504596528506
1175,mushroom,NB,hyperparameter,0.0,0.0,0.0,0.0,-0.0010214504596527396
1176,mushroom,DT,hyperparameter,0.0,0.0,0.0,0.0,0.0
1177,mushroom,DT,hyperparameter,0.0,0.0,0.0,0.0,0.0
1178,mushroom,DT,hyperparameter,0.0,0.0,0.0,0.0,0.0
1179,mushroom,DT,hyperparameter,0.0,0.0,0.0,0.0,0.0
1180,mushroom,DT,hyperparameter,0.0,0.0,0.0,0.0,0.0
1181,mushroom,DT,hyperparameter,0.0,0.0,0.0,0.0,0.0
1182,mushroom,RF,hyperparameter,0.0,0.0,0.0,0.0,0.0
1183,mushroom,RF,hyperparameter,0.0,0.0,0.0,0.0,0.0
1184,mushroom,RF,hyperparameter,0.0,0.0,0.0,0.0,0.0
1185,mushroom,RF,hyperparameter,0.0,0.0,0.0,0.0,0.0
1186,mushroom,RF,hyperparameter,0.0,0.0,0.0,0.0,0.0
1187,mushroom,RF,hyperparameter,0.0,0.0,0.0,0.0,0.0
1188,ring,KNN,hyperparameter,0.0,0.0,0.0,0.0,0.0
1189,ring,KNN,hyperparameter,0.0,0.0,0.0,0.0,0.0
1190,ring,KNN,hyperparameter,0.0,0.0,0.0,0.0,-0.0002676659528908498
1191,ring,KNN,hyperparameter,0.0,0.0,0.0,0.0,0.0
1192,ring,KNN,hyperparameter,0.0,0.0,0.0,0.0,-0.0002676659528908498
1193,ring,KNN,hyperparameter,0.0,0.0,0.0,0.0,0.0
1194,ring,SVC,hyperparameter,-0.00013513513513518927,-0.0001811712781574215,-3.433624719961781e-05,-0.004462946101464804,-0.009368308351177634
1195,ring,SVC,hyperparameter,-0.00013513513513518927,-9.438439168529822e-05,-0.0002242452036461673,-0.0014892477200663112,-0.011777301927194839
1196,ring,SVC,hyperparameter,0.0,0.0,0.0,-0.00662137550233477,-0.008029978586723607
1197,ring,SVC,hyperparameter,-0.0006756756756757243,-0.0006533854483230517,-0.0007078451590685209,-0.003716136778214807,-0.01124197002141325
1198,ring,SVC,hyperparameter,0.0,0.0,0.0,-0.004668262411761992,-0.008029978586723607
1199,ring,SVC,hyperparameter,-0.0009459459459459918,-0.0009867990424806683,-0.0008392257503327949,-0.004732125359816708,-0.009903640256959223
1200,ring,LR,hyperparameter,0.0,0.0,0.0,0.0,-0.16274089935760172
1201,ring,LR,hyperparameter,0.0,0.0,0.0,0.0,-0.16193790149892928
1202,ring,LR,hyperparameter,0.0,0.0,0.0,0.0,-0.16541755888650955
1203,ring,LR,hyperparameter,0.0,0.0,0.0,0.0,-0.1608672376873661
1204,ring,LR,hyperparameter,0.0,0.0,0.0,0.0,-0.16059957173447525
1205,ring,LR,hyperparameter,0.0,0.0,0.0,0.0,-0.16113490364025695
1206,ring,NB,hyperparameter,0.0,0.0,0.0,0.0,0.0
1207,ring,NB,hyperparameter,0.0,0.0,0.0,0.0,0.0
1208,ring,NB,hyperparameter,0.0,0.0,0.0,0.0,0.0
1209,ring,NB,hyperparameter,0.0,0.0,0.0,0.0,0.0
1210,ring,NB,hyperparameter,0.0,0.0,0.0,0.0,0.0
1211,ring,NB,hyperparameter,0.0,0.0,0.0,0.0,0.0
1212,ring,DT,hyperparameter,0.0,0.0,0.0,0.0,-0.02997858672376874
1213,ring,DT,hyperparameter,0.0,0.0,0.0,0.0,-0.02623126338329773
1214,ring,DT,hyperparameter,0.0,0.0,0.0,0.0,-0.027837259100642275
1215,ring,DT,hyperparameter,0.0,0.0,0.0,0.0,-0.021948608137045134
1216,ring,DT,hyperparameter,0.0,0.0,0.0,0.0,-0.023554603854389677
1217,ring,DT,hyperparameter,0.0,0.0,0.0,0.0,-0.029443254817987152
1218,ring,RF,hyperparameter,-0.0017567567567567943,-0.001742458599440888,-0.0018608999889464517,-0.00033459687453440967,-0.025695931477516365
1219,ring,RF,hyperparameter,-0.0013513513513511155,-0.0013435895757554217,-0.0014146913775201497,-0.0006051070212812482,-0.0262312633832974
1220,ring,RF,hyperparameter,-0.0002702702702702675,-0.0002729257641920224,-0.0002610076863189814,-0.000543152741247166,-0.025428265524625182
1221,ring,RF,hyperparameter,0.00013513513513496722,0.00012068344819204935,0.0002116922115867892,-0.001310959823597968,-0.01927194860813708
1222,ring,RF,hyperparameter,-0.0013513513513514486,-0.0013356998588032187,-0.0014496497391239815,-0.0004774264799551897,-0.025160599571734554
1223,ring,RF,hyperparameter,0.0,2.6299056508083396e-06,-1.6794395207408996e-05,4.7395760923718555e-06,-0.022483940042826722
1224,twonorm,KNN,hyperparameter,-0.00027027027027037853,-0.00027114840289776954,-0.00028734081318160243,-0.000760405172169798,-0.0008131508131509202
1225,twonorm,KNN,hyperparameter,-0.0012162162162162593,-0.0012149021760251566,-0.0011723850495900523,-0.0028978419963143764,0.0005396630396627966
1226,twonorm,KNN,hyperparameter,-0.00108108108108107,-0.0010809348309347433,-0.001072421940471746,-0.0013360378199075429,-0.0018930618930620424
1227,twonorm,KNN,hyperparameter,-0.0004054054054054568,-0.00040555197142677635,-0.0004148759135055302,-0.0002781690651205704,-0.0013536913536912332
1228,twonorm,KNN,hyperparameter,-0.00040540540540523473,-0.0004030688776910374,-0.0004110611574259515,-0.0015708385003035952,-0.000540540540540313
1229,twonorm,KNN,hyperparameter,0.00027027027027037853,0.00027027058614537136,0.00026954177897586806,0.00026852846401725916,0.00027056277056281
1230,twonorm,SVC,hyperparameter,-0.0008108108108108025,-0.000811103311103234,-0.00080758529393965,-0.002876305291153791,-0.0016224991224992324
1231,twonorm,SVC,hyperparameter,-0.0018918918918919836,-0.001893208459083251,-0.0019264093467538101,-0.002154323906562783,-0.003246460746460955
1232,twonorm,SVC,hyperparameter,-0.002162162162162251,-0.0021601187664900268,-0.0020897368015252438,-0.005275134201348952,-0.00027085527085546346
1233,twonorm,SVC,hyperparameter,-0.001081081081081181,-0.0010826892009397904,-0.0011105332243527277,-0.002095781573073663,-0.0021647946647948
1234,twonorm,SVC,hyperparameter,-0.001621621621621716,-0.0016219157012892227,-0.00163409080085275,-0.003682958313798723,-0.0018939393939396698
1235,twonorm,SVC,hyperparameter,-0.0002702702702702675,-0.0002686634139120736,-0.00023189021093805717,-0.0018311097771014362,-0.0010822510822509068
1236,twonorm,LR,hyperparameter,0.0,-2.9218441721656774e-07,5.146551736778804e-06,-0.000262583013448614,-0.0005408330408330775
1237,twonorm,LR,hyperparameter,-0.0008108108108108025,-0.0008111039428532196,-0.0008179582205743996,-0.0007927605260663606,-0.0010822510822511289
1238,twonorm,LR,hyperparameter,0.0,0.0,2.2160159374173816e-08,-1.1061858177230377e-06,-0.00027027027027037853
1239,twonorm,LR,hyperparameter,-0.0004054054054055678,-0.0004059904059904307,-0.000411209396263823,-0.0007903812453368131,-0.00108225108225124
1240,twonorm,LR,hyperparameter,-0.00013513513513496722,-0.00013498920086396637,-0.00013356841374156936,-0.0002708128719164371,-0.00027056277056281
1241,twonorm,LR,hyperparameter,-0.00027027027027037853,-0.0002702705861451493,-0.00027941162184119683,-0.000798266112488788,-0.0005408330408329665
1242,twonorm,NB,hyperparameter,0.0,0.0,0.0,0.0,0.0
1243,twonorm,NB,hyperparameter,0.0,0.0,0.0,0.0,0.0
1244,twonorm,NB,hyperparameter,0.0,0.0,0.0,0.0,0.0
1245,twonorm,NB,hyperparameter,0.0,0.0,0.0,0.0,0.0
1246,twonorm,NB,hyperparameter,0.0,0.0,0.0,0.0,0.0
1247,twonorm,NB,hyperparameter,0.0,0.0,0.0,0.0,0.0
1248,twonorm,DT,hyperparameter,-0.0028378378378377533,-0.0028412012753264992,-0.003316522860972837,-0.0015304479299022011,-0.005952380952380931
1249,twonorm,DT,hyperparameter,-0.0033783783783785104,-0.0033782362346075345,-0.0032813373848810112,-0.0033105126514525463,-0.0032467532467531646
1250,twonorm,DT,hyperparameter,-0.002027027027027062,-0.0020239614597066247,-0.0015799206948662325,-0.003974531569923889,-1.1700011699478097e-06
1251,twonorm,DT,hyperparameter,-0.003918918918918934,-0.003916146483641025,-0.003308573854915675,-0.006674053781213107,-2.9250029243144127e-07
1252,twonorm,DT,hyperparameter,-0.0022972972972974404,-0.002294232045851885,-0.0018587433014736199,-0.004242683713837181,0.0
1253,twonorm,DT,hyperparameter,-0.0014864864864864158,-0.0014860499471731625,-0.001444693261030805,-0.0018434092724239903,-0.0010822510822511289
1254,twonorm,RF,hyperparameter,-0.001081081081081181,-0.0010802051595788509,-0.0010697718994313599,-0.0016130841051528177,-0.0005402480402479926
1255,twonorm,RF,hyperparameter,-0.00040540540540523473,-0.0004054054054054568,-0.0004152721940403614,-0.0007569847548134501,-0.0008108108108108025
1256,twonorm,RF,hyperparameter,0.0,2.9218441743861234e-07,6.421107933030079e-06,-0.000653907749401994,-0.0008119808119807503
1257,twonorm,RF,hyperparameter,-0.00027027027027037853,-0.00027085495498013756,-0.0003033206234407393,-7.636103112385051e-06,-0.0016224991224992324
1258,twonorm,RF,hyperparameter,-0.0009459459459459918,-0.000946093143717186,-0.0009464407566783795,-0.0008031931901349987,-0.0010822510822509068
1259,twonorm,RF,hyperparameter,-0.0002702702702701565,-0.00027056277056281,-0.00027822289839296577,-0.00022793877219495773,-0.000541125541125731
1260,clean1,KNN,hyperparameter,-0.012605042016806678,-0.013889123387586966,-0.014838877753793334,-0.008589598560811984,-0.0339366515837104
1261,clean1,KNN,hyperparameter,-0.010504201680672232,-0.009273485513608293,-0.009860358563011928,-0.016476969566425526,-0.0145173453996984
1262,clean1,KNN,hyperparameter,0.0,0.0,0.0,0.0,-0.004901960784313597
1263,clean1,KNN,hyperparameter,-0.01680672268907557,-0.017588809346930523,-0.018803800451007602,-0.013754480286738424,-0.03355957767722462
1264,clean1,KNN,hyperparameter,-0.014705882352941235,-0.012521526980482256,-0.01300321822613637,-0.027449801156697706,0.004807692307692402
1265,clean1,KNN,hyperparameter,0.0,0.0,0.0,-0.00261854140367368,-0.004807692307692402
1266,clean1,SVC,hyperparameter,0.0,0.0,0.0,-0.004716981132075637,0.0
1267,clean1,SVC,hyperparameter,0.0,0.0,0.0,0.0,0.0
1268,clean1,SVC,hyperparameter,0.0,0.0,0.0,0.0,0.0
1269,clean1,SVC,hyperparameter,0.0,0.0,0.0,0.0,0.0
1270,clean1,SVC,hyperparameter,0.0,0.0,0.0,-0.004716981132075637,0.0
1271,clean1,SVC,hyperparameter,0.0,0.0,0.0,-0.004807692307692402,0.0
1272,clean1,LR,hyperparameter,0.0,0.0,0.0,0.0,0.0
1273,clean1,LR,hyperparameter,0.0,0.0,0.0,0.0,0.0
1274,clean1,LR,hyperparameter,0.0,0.0,0.0,0.0,0.0
1275,clean1,LR,hyperparameter,0.0,0.0,0.0,0.0,0.0
1276,clean1,LR,hyperparameter,0.0,0.0,0.0,0.0,0.0
1277,clean1,LR,hyperparameter,0.0021008403361344463,0.0024038461538460343,0.0024271844660194164,0.0,0.004807692307692402
1278,clean1,NB,hyperparameter,0.0,0.0,0.0,0.0,0.0
1279,clean1,NB,hyperparameter,0.0,0.0,0.0,0.0,0.0
1280,clean1,NB,hyperparameter,0.0,0.0,0.0,0.0,0.0
1281,clean1,NB,hyperparameter,0.0,0.0,0.0,0.0,0.0
1282,clean1,NB,hyperparameter,0.0,0.0,0.0,0.0,0.0
1283,clean1,NB,hyperparameter,-0.0021008403361344463,-0.001865671641791078,-0.0021266236040856645,-0.004537946003158266,0.0
1284,clean1,DT,hyperparameter,0.0,0.0,0.0,0.0,0.0
1285,clean1,DT,hyperparameter,0.0,0.0,0.0,0.0,0.0
1286,clean1,DT,hyperparameter,0.0,0.0,0.0,0.0,0.0
1287,clean1,DT,hyperparameter,0.0,0.0,0.0,0.0,0.0
1288,clean1,DT,hyperparameter,0.0,0.0,0.0,0.0,0.0
1289,clean1,DT,hyperparameter,0.0,0.0,0.0,0.0,0.0
1290,clean1,RF,hyperparameter,-0.0021008403361343353,-0.001865671641791189,-0.0023809523809523725,-0.004716981132075637,0.0
1291,clean1,RF,hyperparameter,-0.0021008403361344463,-0.002450980392156743,-0.0024752475247525885,0.0,-0.004901960784313819
1292,clean1,RF,hyperparameter,-0.0021008403361345573,-0.001865671641790967,-0.0023360287511231537,-0.004716981132075193,0.0
1293,clean1,RF,hyperparameter,0.0,0.0,0.0,0.0,0.0
1294,clean1,RF,hyperparameter,0.0,2.7436347673326367e-05,-4.623208506726595e-05,-9.071117561676445e-05,0.0
1295,clean1,RF,hyperparameter,-0.004201680672269004,-0.004269517795637223,-0.004901960784313819,-0.0050000000000000044,-0.00480769230769218
1296,dna,KNN,hyperparameter,0.0,0.0,0.0,0.0,0.0
1297,dna,KNN,hyperparameter,0.0,0.0,0.0,0.0,0.0
1298,dna,KNN,hyperparameter,0.0,0.0,0.0,0.0,0.0
1299,dna,KNN,hyperparameter,0.0,0.0,0.0,0.0,0.0
1300,dna,KNN,hyperparameter,0.0,0.0,0.0,0.0,0.0
1301,dna,KNN,hyperparameter,0.0,0.0,0.0,0.0,0.0
1302,dna,SVC,hyperparameter,0.00031367628607281706,0.0001990158480242865,0.0004128255773948597,6.727743747936277e-05,0.0001990158480242865
1303,dna,SVC,hyperparameter,-0.0012547051442908241,-0.0013371046535868292,-0.0013783290145107374,-0.0014540191185966611,-0.0013371046535868292
1304,dna,SVC,hyperparameter,-0.0003140703517587884,-0.0006685523267934146,-0.000658203203460439,-0.0006600778696844722,-0.0006685523267934146
1305,dna,SVC,hyperparameter,-0.0015695636274219993,-0.0019401591333577661,-0.0020432311512136314,-0.00211110329686659,-0.0019401591333577661
1306,dna,SVC,hyperparameter,-0.0015687754960498346,-0.0019447039268425392,-0.001821141347344013,-0.0016651701817675946,-0.0019447039268425392
1307,dna,SVC,hyperparameter,-0.002196522133881551,-0.0014132396330596153,-0.0016355909879203212,-0.001832118389769155,-0.0014132396330596153
1308,dna,LR,hyperparameter,0.0,0.0,0.0,0.0,0.0
1309,dna,LR,hyperparameter,0.0,0.0,0.0,0.0,0.0
1310,dna,LR,hyperparameter,0.0,0.0,0.0,0.0,0.0
1311,dna,LR,hyperparameter,-0.00031367628607281706,-0.0004340277777777901,-0.00043197309646447746,-0.0004196922707737638,-0.0004340277777777901
1312,dna,LR,hyperparameter,0.0,0.0,0.0,0.0,0.0
1313,dna,LR,hyperparameter,-0.00031367628607281706,-0.0002012882447663955,-0.00031421753412130826,-0.0004241062206323809,-0.0002012882447663955
1314,dna,NB,hyperparameter,0.0,0.0,0.0,0.0,0.0
1315,dna,NB,hyperparameter,0.0,0.0,0.0,0.0,0.0
1316,dna,NB,hyperparameter,0.0,0.0,0.0,0.0,0.0
1317,dna,NB,hyperparameter,0.0,0.0,0.0,0.0,0.0
1318,dna,NB,hyperparameter,0.0,0.0,0.0,0.0,0.0
1319,dna,NB,hyperparameter,0.0,0.0,0.0,0.0,0.0
1320,dna,DT,hyperparameter,0.0,0.0,0.0,0.0,0.0
1321,dna,DT,hyperparameter,-0.0028230865746552425,-0.002995743438635623,-0.003490582423792743,-0.0038912769721736185,-0.002995743438635623
1322,dna,DT,hyperparameter,-0.0012582517354651213,0.0,0.0,0.0,0.0
1323,dna,DT,hyperparameter,-0.0012543110786049638,0.0005782955861292072,-0.0018777336643851505,-0.0036055371139109837,0.0005782955861292072
1324,dna,DT,hyperparameter,0.00031210002332859865,-0.0009641944362943633,-9.42685909425256e-05,0.0006516170165140611,-0.0009641944362943633
1325,dna,DT,hyperparameter,-0.0012562814070352646,-0.001503858958837867,-0.0018540815231441465,-0.0024481170343482184,-0.001503858958837867
1326,dna,RF,hyperparameter,0.0,0.0,0.0,0.0,0.0
1327,dna,RF,hyperparameter,0.0006277466378316054,0.0011003077078287626,0.0008889526958814065,0.0006309425321234796,0.0011003077078287626
1328,dna,RF,hyperparameter,-0.0012562814070350425,-0.0017383835078533805,-0.0014346936284581613,-0.001113461168903207,-0.0017383835078533805
1329,dna,RF,hyperparameter,0.0,0.0,0.0,0.0,0.0
1330,dna,RF,hyperparameter,-0.0012547051442910462,-0.0017406559045958225,-0.001864662095698022,-0.0020644999566612476,-0.0017406559045958225
1331,dna,RF,hyperparameter,0.0,-0.0002345245490157355,-0.00011825725331959802,5.49026154839094e-06,-0.0002345245490157355
1332,phoneme,KNN,hyperparameter,0.0009252405625461702,0.002472199272184561,0.0027681982391358773,-0.0022181029672668773,0.004419191919191934
1333,phoneme,KNN,hyperparameter,0.0007401924500369805,0.0005235602094240122,0.0010171708120413347,0.0020604799937204987,0.0
1334,phoneme,KNN,hyperparameter,0.0007401924500369805,0.0007066274151902308,0.0010836465558441422,0.0015511009536868237,0.0006265425031168892
1335,phoneme,KNN,hyperparameter,-0.001480384900073961,-0.0021512232730807046,-0.0029024767801857365,-0.0024078880099500655,-0.0037783375314861534
1336,phoneme,KNN,hyperparameter,0.001480384900074183,0.0012338887454856895,0.002229177798944715,0.003550735784238368,0.000634493550110804
1337,phoneme,KNN,hyperparameter,-0.0007401924500369805,-0.001585089923593963,-0.001726552036688811,-0.00010298102981032287,-0.006311541103732554
1338,phoneme,SVC,hyperparameter,0.0,0.0,0.0,0.0,0.0
1339,phoneme,SVC,hyperparameter,0.0,0.0,0.0,0.0,0.0
1340,phoneme,SVC,hyperparameter,0.0,0.0,0.0,0.0,0.0
1341,phoneme,SVC,hyperparameter,0.0,0.0,0.0,0.0,0.0
1342,phoneme,SVC,hyperparameter,0.0,0.0,0.0,0.0,0.0
1343,phoneme,SVC,hyperparameter,0.0,0.0,0.0,0.0,0.0
1344,phoneme,LR,hyperparameter,-0.00037009622501837924,-0.000445751513313164,-0.0006876817747532016,-0.0008005407701725531,-0.0006297229219143774
1345,phoneme,LR,hyperparameter,-0.00018504811250918962,-0.00031565656565657463,-0.00017923253217366764,-0.0004538420332123039,-0.0006313131313130937
1346,phoneme,LR,hyperparameter,-0.0003700962250186013,-0.0006297229219143219,-0.001051985264019617,-0.0006414262688727579,-0.0012594458438286993
1347,phoneme,LR,hyperparameter,-0.0007401924500369805,0.0,0.0003149844933583168,-0.002230284171503616,0.0
1348,phoneme,LR,hyperparameter,-0.00037009622501849027,-0.0009973913364911269,-0.0016997852555246107,-0.000698572428392219,-0.0025188916876573986
1349,phoneme,LR,hyperparameter,-0.00018504811250918962,-0.00031486146095716094,-0.0005095726869039918,-0.00031854648419060716,-0.0006297229219143219
1350,phoneme,NB,hyperparameter,0.0,0.0,0.0,0.0,0.0
1351,phoneme,NB,hyperparameter,0.0,0.0,0.0,0.0,0.0
1352,phoneme,NB,hyperparameter,0.0,0.0,0.0,0.0,0.0
1353,phoneme,NB,hyperparameter,0.0,0.0,0.0,0.0,0.0
1354,phoneme,NB,hyperparameter,0.0,0.0,0.0,0.0,0.0
1355,phoneme,NB,hyperparameter,0.0,0.0,0.0,0.0,0.0
1356,phoneme,DT,hyperparameter,-0.00943745373797189,-0.008336510987368873,-0.013559151272678593,-0.021045808458503013,-0.0056738671348243175
1357,phoneme,DT,hyperparameter,-0.0033308660251665234,-0.001249395572765044,-0.0033965904735528962,-0.010135753648707446,-0.010727552604126944
1358,phoneme,DT,hyperparameter,-0.005736491487786988,-0.003189334903557328,-0.00484021670525181,-0.02098055299178403,-0.008208660916469546
1359,phoneme,DT,hyperparameter,-0.004071058475203504,0.0002425819431902676,-0.002791008997229283,-0.01582782511746439,0.010705289672544027
1360,phoneme,DT,hyperparameter,0.0,0.0,0.0,0.0,0.0
1361,phoneme,DT,hyperparameter,0.0,0.0,0.0,0.0,-0.004414421290995563
1362,phoneme,RF,hyperparameter,-0.0018504811250925624,-0.0025990856978663768,-0.003359333381039886,-0.002300489144947293,-0.004412831081596735
1363,phoneme,RF,hyperparameter,-0.00018504811250918962,-0.0007921193062702114,-0.00048174319974336743,0.0005065740368570548,-0.0031565656565656353
1364,phoneme,RF,hyperparameter,-0.0007401924500369805,-0.0010756116365403523,-0.001388555901862043,-0.0010188913130736443,-0.0018891687657431877
1365,phoneme,RF,hyperparameter,0.0,0.000370053728674935,0.00017601399058286837,-0.000963372624456893,0.0012642164720250149
1366,phoneme,RF,hyperparameter,-0.00018504811250930064,-0.0006842572862453267,-0.0006010199175263686,1.935930741103764e-05,-0.0018923491845405094
1367,phoneme,RF,hyperparameter,-0.00037009622501837924,-0.0006297229219144329,-0.0007519942755678244,-0.00019736978787943116,-0.0012594458438286438
1368,mfeat_pixel,KNN,hyperparameter,-0.0015000000000000568,-0.0015000000000000568,-0.001562863017687599,-0.0015635982846411434,-0.0015000000000000568
1369,mfeat_pixel,KNN,hyperparameter,0.0,0.0,-9.691216999563323e-06,-7.213587776244701e-05,0.0
1370,mfeat_pixel,KNN,hyperparameter,0.0,0.0,1.2717709608200956e-05,0.00010388244227643728,0.0
1371,mfeat_pixel,KNN,hyperparameter,-0.0034999999999999476,-0.0034999999999999476,-0.003481334560684335,-0.003301671565912434,-0.0034999999999999476
1372,mfeat_pixel,KNN,hyperparameter,-0.0024999999999999467,-0.0024999999999999467,-0.002504199268794638,-0.0025408150409628183,-0.0024999999999999467
1373,mfeat_pixel,KNN,hyperparameter,0.0,0.0,-4.7204499202591066e-05,-3.171851643257728e-05,0.0
1374,mfeat_pixel,SVC,hyperparameter,0.0,0.0,4.691405515178104e-06,1.9936820882082706e-05,0.0
1375,mfeat_pixel,SVC,hyperparameter,-0.0010000000000000009,-0.0010000000000000009,-0.001005103571581789,-0.001020433173269386,-0.0010000000000000009
1376,mfeat_pixel,SVC,hyperparameter,-0.0010000000000000009,-0.0010000000000000009,-0.0009731917716685468,-0.0008536534271827989,-0.0010000000000000009
1377,mfeat_pixel,SVC,hyperparameter,0.000500000000000056,0.000500000000000056,0.0004739561592248531,0.00047961125669426785,0.000500000000000056
1378,mfeat_pixel,SVC,hyperparameter,-0.0014999999999999458,-0.0014999999999999458,-0.0014971309079607753,-0.0014655987525822312,-0.0014999999999999458
1379,mfeat_pixel,SVC,hyperparameter,-0.0020000000000000018,-0.0020000000000000018,-0.0019803421518620468,-0.0019419075322436585,-0.0020000000000000018
1380,mfeat_pixel,LR,hyperparameter,0.0,0.0,0.0,0.0,0.0
1381,mfeat_pixel,LR,hyperparameter,0.0,0.0,4.092835636393399e-05,0.00019706471358194033,0.0
1382,mfeat_pixel,LR,hyperparameter,-0.0010000000000000009,-0.0010000000000000009,-0.001021016954287024,-0.0009796326005001577,-0.0010000000000000009
1383,mfeat_pixel,LR,hyperparameter,-0.000500000000000056,-0.000500000000000056,-0.0004915639915640257,-0.00044128358414086133,-0.000500000000000056
1384,mfeat_pixel,LR,hyperparameter,0.0,0.0,-1.9694158161498443e-05,-8.819553462402485e-05,0.0
1385,mfeat_pixel,LR,hyperparameter,-0.0040000000000000036,-0.0040000000000000036,-0.003978074990956371,-0.004076626921531212,-0.0040000000000000036
1386,mfeat_pixel,NB,hyperparameter,-0.0010000000000000009,-0.0010000000000000009,-0.00098009122953846,-0.0010341675152634178,-0.0010000000000000009
1387,mfeat_pixel,NB,hyperparameter,-0.0015000000000000568,-0.0015000000000000568,-0.0015066951923820016,-0.0016177090663204163,-0.0015000000000000568
1388,mfeat_pixel,NB,hyperparameter,-0.0010000000000000009,-0.0010000000000000009,-0.0009411416111507753,-0.0005643600332280174,-0.0010000000000000009
1389,mfeat_pixel,NB,hyperparameter,-0.0015000000000000568,-0.0015000000000000568,-0.0013359513342249274,-0.0007626458910192646,-0.0015000000000000568
1390,mfeat_pixel,NB,hyperparameter,0.000500000000000056,0.000500000000000056,0.000499251054535188,0.0004323548796478782,0.000500000000000056
1391,mfeat_pixel,NB,hyperparameter,-0.0014999999999999458,-0.0014999999999999458,-0.0015026124715832312,-0.001099791679766815,-0.0014999999999999458
1392,mfeat_pixel,DT,hyperparameter,0.0010000000000000009,0.0010000000000000009,0.001264722327153578,0.0006180584650092857,0.0010000000000000009
1393,mfeat_pixel,DT,hyperparameter,0.0044999999999999485,0.0044999999999999485,0.004342261729758379,0.0024104426764857134,0.0044999999999999485
1394,mfeat_pixel,DT,hyperparameter,-0.008499999999999952,-0.008500000000000063,-0.008659096876248107,-0.008908045121655439,-0.008500000000000063
1395,mfeat_pixel,DT,hyperparameter,0.0025000000000000577,0.0024999999999999467,0.0025149532877286607,0.0026965793354273293,0.0024999999999999467
1396,mfeat_pixel,DT,hyperparameter,-0.0014999999999999458,-0.0015000000000000568,-0.0013029980315633072,-0.0008058031983625424,-0.0015000000000000568
1397,mfeat_pixel,DT,hyperparameter,-0.0020000000000000018,-0.0020000000000000018,-0.0020372827296094576,-0.0011175586444251984,-0.0020000000000000018
1398,mfeat_pixel,RF,hyperparameter,-0.0010000000000000009,-0.0010000000000000009,-0.000982570000353622,-0.0009133720019831593,-0.0010000000000000009
1399,mfeat_pixel,RF,hyperparameter,-0.0020000000000000018,-0.0020000000000000018,-0.001994734084912575,-0.0018649927250782294,-0.0020000000000000018
1400,mfeat_pixel,RF,hyperparameter,-0.0004999999999999449,-0.0004999999999999449,-0.0005268222276175738,-0.0004934228744807312,-0.0004999999999999449
1401,mfeat_pixel,RF,hyperparameter,-0.0035000000000000586,-0.0035000000000000586,-0.003465573193410565,-0.0034126681877395537,-0.0035000000000000586
1402,mfeat_pixel,RF,hyperparameter,-0.000500000000000056,-0.000500000000000056,-0.0004997908652123462,-0.0005153079293324092,-0.000500000000000056
1403,mfeat_pixel,RF,hyperparameter,-0.0024999999999999467,-0.0024999999999999467,-0.0025206978235478017,-0.0024785839458530967,-0.0024999999999999467
1404,banana,KNN,hyperparameter,-0.0022641509433961593,-0.0022886180546919377,-0.0025808205303197163,-0.002553655973809632,-0.004208754208754217
1405,banana,KNN,hyperparameter,-0.0022641509433962703,-0.0022886180546918267,-0.002532972562440672,-0.0035683957949576017,-0.002525252525252486
1406,banana,KNN,hyperparameter,0.0,0.0,0.0,-0.0008872022025223636,0.0
1407,banana,KNN,hyperparameter,-0.0020754716981131738,-0.0017232286384133433,-0.001832770402244721,-0.0053751424437666895,0.0016835016835017313
1408,banana,KNN,hyperparameter,-0.0016981132075472027,-0.0018545003155127082,-0.002056796552790896,-0.0038253286478650006,-0.0033670033670034627
1409,banana,KNN,hyperparameter,-0.0011320754716980241,-0.0011443090273458578,-0.0012776764356863257,-0.002495925686622269,-0.0012626262626262985
1410,banana,SVC,hyperparameter,-0.0007547169811323862,-0.0006445554496170569,-0.0007108990279294236,-0.0020240981317032336,-0.002104377104377164
1411,banana,SVC,hyperparameter,0.0005660377358491786,0.0007890694450199964,0.0009248907947402296,-0.0013285994213702024,0.00042087542087543284
1412,banana,SVC,hyperparameter,0.0003773584905661931,0.000499753577729023,0.0005768964803202214,-0.0007157237735997413,1.1102230246251565e-16
1413,banana,SVC,hyperparameter,-0.00037735849056608206,-0.00022368002874162407,-0.000231674114041569,-0.0019617841339969466,0.0008417508417508657
1414,banana,SVC,hyperparameter,0.0,0.0,0.0,-0.00042272890626060544,0.0
1415,banana,SVC,hyperparameter,0.00037735849056597104,0.00046031449930206136,0.0005305567778066678,-0.0002881205673758158,-0.00042087542087543284
1416,banana,LR,hyperparameter,0.0,0.0,0.0,0.0,-0.019781144781144788
1417,banana,LR,hyperparameter,0.0,0.0,0.0,0.0,-0.022306397306397316
1418,banana,LR,hyperparameter,0.0,0.0,0.0,0.0,-0.015572390572390599
1419,banana,LR,hyperparameter,0.0,0.0,0.0,0.0,-0.01641414141414141
1420,banana,LR,hyperparameter,0.0,0.0,0.0,0.0,-0.015572390572390599
1421,banana,LR,hyperparameter,0.0,0.0,0.0,0.0,-0.017255892255892302
1422,banana,NB,hyperparameter,0.0,0.0,0.0,0.0,0.0
1423,banana,NB,hyperparameter,0.0,0.0,0.0,0.0,0.0
1424,banana,NB,hyperparameter,0.0,0.0,0.0,0.0,0.0
1425,banana,NB,hyperparameter,0.0,0.0,0.0,0.0,0.0
1426,banana,NB,hyperparameter,0.0,0.0,0.0,0.0,0.0
1427,banana,NB,hyperparameter,0.0,0.0,0.0,0.0,0.0
1428,banana,DT,hyperparameter,0.0,0.0,0.0,0.0,-0.008417508417508213
1429,banana,DT,hyperparameter,0.0,0.0,0.0,0.0,-0.00042087542087543284
1430,banana,DT,hyperparameter,0.0,0.0,0.0,0.0,-0.007154882154882247
1431,banana,DT,hyperparameter,0.0,0.0,0.0,0.0,-0.02020202020202011
1432,banana,DT,hyperparameter,-0.00018867924528298552,-1.3242318303907652e-05,1.4254964291193772e-05,-0.0016749361860783907,-0.004208754208754106
1433,banana,DT,hyperparameter,0.0011320754716981352,0.0004476479339681205,0.0013792201292199824,0.0006491468355875885,-0.01094276094276092
1434,banana,RF,hyperparameter,-0.0022641509433962703,-0.00201254450570465,-0.002268538983378976,-0.0051626000652539306,-0.01220538720538722
1435,banana,RF,hyperparameter,-0.00018867924528309654,-0.000959780200546434,-0.0012083933206905595,-3.7576700677166563e-05,-0.018097643097643057
1436,banana,RF,hyperparameter,-0.0013207547169811207,-0.0015913812083443446,-0.0017162662178009658,-0.0030548546324059567,-0.015993265993266004
1437,banana,RF,hyperparameter,-0.0007547169811322751,-0.0011045820724342459,-0.0006646720418426177,-0.002683309879902951,-0.018097643097643168
1438,banana,RF,hyperparameter,-0.0013207547169810097,-0.0008420387182357381,-0.0008679234020244619,-0.005937962003509711,-0.010101010101010055
1439,banana,RF,hyperparameter,0.00018867924528298552,-0.0005783438580976297,-0.0005912118228372787,0.0001983304913234507,-0.021885521885521952
1440,mfeat_factors,KNN,hyperparameter,-0.0050000000000000044,-0.004999999999999893,-0.00487153281924757,-0.004674918186606036,-0.004999999999999893
1441,mfeat_factors,KNN,hyperparameter,-0.0010000000000000009,-0.0010000000000000009,-0.0008986810403084355,-0.0003046983611821874,-0.0010000000000000009
1442,mfeat_factors,KNN,hyperparameter,-0.0040000000000000036,-0.0040000000000000036,-0.004005950196781183,-0.003628378860574988,-0.0040000000000000036
1443,mfeat_factors,KNN,hyperparameter,0.0010000000000000009,0.0010000000000000009,0.000972179684720631,0.0009794864171661644,0.0010000000000000009
1444,mfeat_factors,KNN,hyperparameter,-0.0030000000000000027,-0.0030000000000000027,-0.002878037016452728,-0.0026610671866290625,-0.0030000000000000027
1445,mfeat_factors,KNN,hyperparameter,-0.0015000000000000568,-0.0015000000000000568,-0.001339508265081668,-0.0006387807617695973,-0.0015000000000000568
1446,mfeat_factors,SVC,hyperparameter,-0.0040000000000000036,-0.0040000000000000036,-0.00401640364410305,-0.00404676154079997,-0.0040000000000000036
1447,mfeat_factors,SVC,hyperparameter,-0.0025000000000000577,-0.0025000000000000577,-0.002497592178015151,-0.0023485610055987705,-0.0025000000000000577
1448,mfeat_factors,SVC,hyperparameter,-0.0024999999999999467,-0.0024999999999999467,-0.0025175364908888165,-0.0023996303777992223,-0.0024999999999999467
1449,mfeat_factors,SVC,hyperparameter,0.0,0.0,-6.139731559606787e-06,-2.109255616877803e-05,0.0
1450,mfeat_factors,SVC,hyperparameter,-0.0014999999999999458,-0.0014999999999999458,-0.001528022736973611,-0.001411754746829641,-0.0014999999999999458
1451,mfeat_factors,SVC,hyperparameter,0.0,0.0,-2.4820134900016555e-05,-4.8781232376837735e-05,0.0
1452,mfeat_factors,LR,hyperparameter,-0.000500000000000056,-0.000500000000000056,-0.000501634752282043,-0.00045355587808437736,-0.000500000000000056
1453,mfeat_factors,LR,hyperparameter,-0.0020000000000000018,-0.0020000000000000018,-0.0019807487946744695,-0.0019567174192689496,-0.0020000000000000018
1454,mfeat_factors,LR,hyperparameter,-0.000500000000000056,-0.000500000000000056,-0.0004997941483446677,-0.0005203210456896645,-0.000500000000000056
1455,mfeat_factors,LR,hyperparameter,0.0,0.0,0.0,0.0,0.0
1456,mfeat_factors,LR,hyperparameter,-0.000500000000000056,-0.000500000000000056,-0.0004910619508400327,-0.0004367575122291578,-0.000500000000000056
1457,mfeat_factors,LR,hyperparameter,0.0,0.0,9.1210947457121e-06,4.488598777685482e-05,0.0
1458,mfeat_factors,NB,hyperparameter,0.0,0.0,0.0,0.0,0.0
1459,mfeat_factors,NB,hyperparameter,0.0,0.0,-1.7919360831175624e-05,-9.42842191247184e-05,0.0
1460,mfeat_factors,NB,hyperparameter,0.0,0.0,0.0,-1.1092407503632273e-06,0.0
1461,mfeat_factors,NB,hyperparameter,0.0,0.0,9.911701173037635e-06,-6.407529365526354e-05,0.0
1462,mfeat_factors,NB,hyperparameter,0.0,0.0,0.0,0.0,0.0
1463,mfeat_factors,NB,hyperparameter,-0.000500000000000056,-0.000500000000000056,-0.00047246355293562026,-0.00043577218176937826,-0.000500000000000056
1464,mfeat_factors,DT,hyperparameter,-0.000500000000000056,-0.0004999999999999449,-0.00038145677508472087,-0.00042088722981126203,-0.0004999999999999449
1465,mfeat_factors,DT,hyperparameter,0.0,0.0,0.0,0.0,0.0
1466,mfeat_factors,DT,hyperparameter,0.0,0.0,0.0,-0.0025623495794601103,0.0
1467,mfeat_factors,DT,hyperparameter,0.0004999999999999449,0.0004999999999999449,0.000575374502771675,0.0010553592597370987,0.0004999999999999449
1468,mfeat_factors,DT,hyperparameter,0.0,0.0,0.0,0.0,0.0
1469,mfeat_factors,DT,hyperparameter,0.0,0.0,0.0,0.0,0.0
1470,mfeat_factors,RF,hyperparameter,-0.0004999999999999449,-0.0004999999999999449,-0.0005148619201247318,-0.0004906649044036371,-0.0004999999999999449
1471,mfeat_factors,RF,hyperparameter,-0.0020000000000000018,-0.0020000000000000018,-0.0019878669356028222,-0.0019299975830238125,-0.0020000000000000018
1472,mfeat_factors,RF,hyperparameter,-0.0004999999999999449,-0.0004999999999999449,-0.0005087450134045879,-0.000557513678600241,-0.0004999999999999449
1473,mfeat_factors,RF,hyperparameter,-0.0010000000000000009,-0.0010000000000000009,-0.0009627323511249841,-0.0008304285566606007,-0.0010000000000000009
1474,mfeat_factors,RF,hyperparameter,-0.0020000000000000018,-0.0020000000000000018,-0.0020120860124365203,-0.0018009569212299459,-0.0020000000000000018
1475,mfeat_factors,RF,hyperparameter,-0.0024999999999999467,-0.0024999999999999467,-0.0025446794012694562,-0.00251392921603677,-0.0024999999999999467
1476,spambase,KNN,hyperparameter,0.0,0.0,0.0,0.0,-0.0016519823788547772
1477,spambase,KNN,hyperparameter,-0.004347826086956608,-0.004262987701945553,-0.005272276814635268,-0.006564609087118645,-0.003863134657836609
1478,spambase,KNN,hyperparameter,-0.0008695652173914548,-0.0009105564370797126,-0.0012099248191814738,-0.001146088509754617,-0.001103752759381904
1479,spambase,KNN,hyperparameter,-0.004347826086956497,-0.0036833987350390895,-0.004560277962398773,-0.008808392781906704,-0.006063346656164148
1480,spambase,KNN,hyperparameter,-0.003041022929021975,-0.003567262240686375,-0.004404077892835145,-0.007418907355130733,-0.006058484309206413
1481,spambase,KNN,hyperparameter,-0.0015236278472406939,-0.001779939887439408,-0.0015664150458164494,-0.00261172279260824,-0.006070640176600417
1482,spambase,SVC,hyperparameter,-0.002826086956521645,-0.003876990951444337,-0.004253163349094535,-0.018898125335002458,-0.008830022075055233
1483,spambase,SVC,hyperparameter,0.0,0.0,0.0,-0.03826520705426173,0.0
1484,spambase,SVC,hyperparameter,0.0,0.0,0.0,-0.009901815423270843,0.0
1485,spambase,SVC,hyperparameter,-0.00021436935745877683,0.0011815433345961912,0.0005584218035985522,-0.037863970922494605,0.007174392935982432
1486,spambase,SVC,hyperparameter,-0.00043213840516742597,-0.0007347402147082072,-0.0008128467549064489,-0.01990085592770041,-0.0021868405441938243
1487,spambase,SVC,hyperparameter,0.0,0.0,0.0,-0.021177491329208986,0.0
1488,spambase,LR,hyperparameter,-0.0006521739130433968,-0.0006346182472339867,-0.000866673722926814,-0.002457666604644415,-0.04191099960128741
1489,spambase,LR,hyperparameter,-0.0002173913043476139,-0.0001793400286943525,-0.00025674287876320534,-0.0005432651460687277,-0.04192315546868153
1490,spambase,LR,hyperparameter,0.0015213613870735943,0.0019285283620698035,0.002128068715183229,0.0005410476563947331,-0.03255705964154765
1491,spambase,LR,hyperparameter,-0.0015217391304347405,-0.0016417728454652947,-0.0020085188351823824,-0.0018850222580579779,-0.04522468905291188
1492,spambase,LR,hyperparameter,0.0,0.0,0.0,0.0,-0.038605819256839036
1493,spambase,LR,hyperparameter,-0.001303592339364612,-0.0007862456887132163,-0.001314239209424195,-0.004514546949742848,-0.04577778101934227
1494,spambase,NB,hyperparameter,0.00891304347826094,0.006676754048413058,0.00675005932176298,-0.07167664601473589,-0.056770331903803206
1495,spambase,NB,hyperparameter,0.0,0.0,0.0,-0.06822915480476655,-0.0474321945716758
1496,spambase,NB,hyperparameter,-0.0010860121633362585,-0.0012806616145975003,-0.0012894647910399737,-0.07051822515588702,-0.05352471530958569
1497,spambase,NB,hyperparameter,0.004130434782608772,0.004373442156704432,0.004499209616131816,-0.06885731703946163,-0.04191221518802701
1498,spambase,NB,hyperparameter,0.0,0.0,0.0,-0.07767859182634118,-0.04685357528371803
1499,spambase,NB,hyperparameter,0.011086956521739078,0.009146341463414642,0.009102072895176394,-0.05838589846961062,-0.04575954721825137
1500,spambase,DT,hyperparameter,-0.001955766252408009,-0.002338958929241186,-0.0024365339156399157,-0.003494815015537611,-0.02978552187569905
1501,spambase,DT,hyperparameter,-0.001954633022324459,-0.001518069890468321,-0.002253899182368291,-0.005531517713259659,-0.008272067761667223
1502,spambase,DT,hyperparameter,-0.003043478260869592,-0.003863134657836609,-0.004426394982109949,-0.0034259938696542536,-0.025369295251431945
1503,spambase,DT,hyperparameter,-0.00021739130434805798,0.0004968470993630403,3.796635113806346e-05,-0.008519532883918268,-0.012691941146152463
1504,spambase,DT,hyperparameter,0.0002162580742641751,0.0008506648097944547,0.0006973019644533895,-0.002831516670394829,-0.011036312007079552
1505,spambase,DT,hyperparameter,-0.0013043478260869046,-0.0031046015563388485,-0.0027593350252584914,-0.004581336356324406,-0.029791599809396052
1506,spambase,RF,hyperparameter,-0.0006523627847240254,-0.0009244127306874406,-0.0009359189701736437,-0.005246366987418094,-0.002207505518763586
1507,spambase,RF,hyperparameter,-0.0004347826086957829,-0.0005518763796910076,-0.0005907023450881788,-0.005041108467469635,-0.0011037527593820151
1508,spambase,RF,hyperparameter,-0.0010869565217391797,-0.0009932983046232469,-0.0013217353564085599,-0.006576882198015999,-0.0016544135523334225
1509,spambase,RF,hyperparameter,-0.0004347826086957829,-0.0006484745408420478,-0.0005990868215540734,-0.0038013075902335602,-0.0016556291390728006
1510,spambase,RF,hyperparameter,-0.0006512295546408087,-0.0010191875117296911,-0.0009546604496684097,-0.004821266889587172,-0.002755735138236459
1511,spambase,RF,hyperparameter,-0.0013039700827259804,-0.0011726383333175994,-0.0016145754740285456,-0.005548929647939405,-0.0005518763796907855
1512,Hill_Valley_with_noise,KNN,hyperparameter,-0.0066006600660065695,-0.006606178110839966,-0.00582505729564553,-0.006680819180819086,-0.009911990240501933
1513,Hill_Valley_with_noise,KNN,hyperparameter,-0.01567656765676584,-0.015674015336354152,-0.014907257846143551,-0.014974287059870472,-0.019769518996165747
1514,Hill_Valley_with_noise,KNN,hyperparameter,0.0024752475247524774,0.0024507668177065067,-0.0007846839559589869,0.0026917779653357066,-0.004966887417218513
1515,Hill_Valley_with_noise,KNN,hyperparameter,0.014851485148514754,0.014802631578947456,0.01266682609543246,0.014340868154223418,0.011513157894736947
1516,Hill_Valley_with_noise,KNN,hyperparameter,-0.011551155115511635,-0.011529496340188183,-0.02190887857584567,-0.009787381596782385,-0.03463750435691881
1517,Hill_Valley_with_noise,KNN,hyperparameter,-0.022277227722772297,-0.02228019344719412,-0.028569165089944226,-0.019275313483087975,-0.03954993028929932
1518,Hill_Valley_with_noise,SVC,hyperparameter,-0.0033003300330032292,-0.003436519693272966,0.001313865689080429,-0.07631614184259361,-0.00658983966538873
1519,Hill_Valley_with_noise,SVC,hyperparameter,-0.03960396039603964,-0.039762330080167496,-0.032572994605182815,-0.06573423098657416,-0.011589403973509826
1520,Hill_Valley_with_noise,SVC,hyperparameter,-0.061881188118811825,-0.0615523701638202,-0.039920912298092914,-0.10555663667639459,-0.016382014639246822
1521,Hill_Valley_with_noise,SVC,hyperparameter,-0.04372937293729384,-0.04354740327640294,-0.04230677986334086,-0.07264927767793172,-0.03117375392122701
1522,Hill_Valley_with_noise,SVC,hyperparameter,-0.017326732673267453,-0.016970198675496873,-0.02990421373096941,-0.004168566889742764,-0.045562478215406155
1523,Hill_Valley_with_noise,SVC,hyperparameter,-0.005775577557755596,-0.00597987103520381,0.000987486154503281,-0.04394177845964242,-0.039658853258975224
1524,Hill_Valley_with_noise,LR,hyperparameter,-0.0016501650165015036,-0.001644736842105421,-0.00152648778809783,-0.008714467106340829,0.0
1525,Hill_Valley_with_noise,LR,hyperparameter,-0.0024752475247523664,-0.0024888898570928353,-0.0022812088789178064,-0.012367043440704162,-3.267689090258319e-05
1526,Hill_Valley_with_noise,LR,hyperparameter,0.0008250825082507518,0.0008332607180201457,0.0007441920662656365,-0.008834755998054722,-0.0016447368421051989
1527,Hill_Valley_with_noise,LR,hyperparameter,0.0016501650165016146,0.0016556291390728006,0.0017449664429531886,-0.010898119669548456,0.0033112582781456013
1528,Hill_Valley_with_noise,LR,hyperparameter,-0.0016501650165016146,-0.0016501829905890553,-0.0012651470208957516,-0.013545702159210027,0.0016665214360405134
1529,Hill_Valley_with_noise,LR,hyperparameter,-0.0016501650165016146,-0.001644736842105643,-0.001338028692774218,-0.014121808148625736,-0.009857528755664147
1530,Hill_Valley_with_noise,NB,hyperparameter,0.0,0.0,0.0,0.0,0.0
1531,Hill_Valley_with_noise,NB,hyperparameter,0.0,0.0,0.0,0.0,0.0
1532,Hill_Valley_with_noise,NB,hyperparameter,0.0,0.0,0.0,0.0,0.0
1533,Hill_Valley_with_noise,NB,hyperparameter,0.0,0.0,0.0,0.0,0.0
1534,Hill_Valley_with_noise,NB,hyperparameter,0.0,0.0,0.0,0.0,0.0
1535,Hill_Valley_with_noise,NB,hyperparameter,0.0,0.0,0.0,0.0,0.0
1536,Hill_Valley_with_noise,DT,hyperparameter,-0.0033003300330032292,-0.003485535029627007,-0.03752873563218395,-0.011974358622262926,-0.05960264900662249
1537,Hill_Valley_with_noise,DT,hyperparameter,-0.018151815181517983,-0.01820102823283376,0.0525775202723236,-0.0376489836416557,-0.08881578947368418
1538,Hill_Valley_with_noise,DT,hyperparameter,-0.024752475247524663,-0.024409637504356763,-0.21705173593516153,-0.0024193548387096975,-0.2867506099686301
1539,Hill_Valley_with_noise,DT,hyperparameter,0.009075907590759158,0.009127744858835829,0.01618391652829876,0.0016873203391361002,0.024834437086092676
1540,Hill_Valley_with_noise,DT,hyperparameter,-0.007425742574257321,-0.007335962007668173,-0.11758846310624665,0.0023255849024734765,-0.1847442488672011
1541,Hill_Valley_with_noise,DT,hyperparameter,0.0,-0.0002614151272221088,0.08433782738513085,-0.01710603119950327,-0.021523178807947074
1542,Hill_Valley_with_noise,RF,hyperparameter,-0.0008250825082508628,-0.0008169222725689096,0.00024804311511228416,-0.0010161471606926487,-0.003289473684210509
1543,Hill_Valley_with_noise,RF,hyperparameter,-0.02310231023102316,-0.023075331125827825,-0.03838371493833603,-0.023987680522310262,-0.051215580341582356
1544,Hill_Valley_with_noise,RF,hyperparameter,-0.008250825082508184,-0.008272699546880369,-0.006435841866268888,-0.008088789533068352,-0.004977779714186115
1545,Hill_Valley_with_noise,RF,hyperparameter,-0.004950495049504955,-0.004950548971767166,-0.008375827622698728,-0.0044255001491338986,-0.011567619379574734
1546,Hill_Valley_with_noise,RF,hyperparameter,-0.01320132013201325,-0.013223248518647646,-0.008683776602010584,-0.012600956694215237,-0.005010456605089031
1547,Hill_Valley_with_noise,RF,hyperparameter,-0.0033003300330033403,-0.003305812129661967,-0.0008126285467330296,-0.00287779910852648,0.0
1548,Hill_Valley_without_noise,KNN,hyperparameter,-0.0024752475247524774,-0.0023856209150326935,-0.0060948648377047165,-0.0013459205338186564,-0.011437908496732097
1549,Hill_Valley_without_noise,KNN,hyperparameter,-0.0024752475247524774,-0.0024183006535947182,-0.0047967335324826665,-0.0018706893033103578,-0.008169934640522847
1550,Hill_Valley_without_noise,KNN,hyperparameter,-0.02640264026402639,-0.0265849673202615,-0.018400661023744158,-0.027866174504980412,-0.008169934640522847
1551,Hill_Valley_without_noise,KNN,hyperparameter,0.004125412541254092,0.0042156862745097445,-9.548818333726672e-05,0.005953660896677704,-0.013071895424836555
1552,Hill_Valley_without_noise,KNN,hyperparameter,-0.005775577557755707,-0.005735294117647172,-0.007143234798811293,-0.004722624623202276,-0.02941176470588236
1553,Hill_Valley_without_noise,KNN,hyperparameter,0.008250825082508184,0.008235294117647118,0.009041065796158376,0.00954831363124009,0.0032679738562091387
1554,Hill_Valley_without_noise,SVC,hyperparameter,-0.0008250825082507518,-0.0008169934640523957,-0.0008196721311476418,0.0,-0.0016339869281045694
1555,Hill_Valley_without_noise,SVC,hyperparameter,-0.0016501650165016146,-0.0016503267973856373,-0.001628716506967165,-0.0016024298282361071,-0.0016339869281045694
1556,Hill_Valley_without_noise,SVC,hyperparameter,0.0,0.0,0.0,0.0,0.0
1557,Hill_Valley_without_noise,SVC,hyperparameter,0.0,-1.6339869280956876e-05,0.0,-0.0016233766233766378,0.0
1558,Hill_Valley_without_noise,SVC,hyperparameter,-0.0016501650165016146,-0.0016339869281045694,-0.0016447368421051989,0.0,-0.0032679738562092497
1559,Hill_Valley_without_noise,SVC,hyperparameter,0.0,0.0,0.0,0.0,0.0
1560,Hill_Valley_without_noise,LR,hyperparameter,0.0008250825082507518,0.0008169934640523957,0.0008196721311476418,0.0,0.0016339869281045694
1561,Hill_Valley_without_noise,LR,hyperparameter,-0.0008250825082507518,-0.0008333333333333526,-0.0008143322475570036,-0.0016233766233766378,0.0
1562,Hill_Valley_without_noise,LR,hyperparameter,0.0,0.0,0.0,0.0,0.0
1563,Hill_Valley_without_noise,LR,hyperparameter,0.0,0.0,0.0,0.0,0.0
1564,Hill_Valley_without_noise,LR,hyperparameter,0.0,0.0,0.0,0.0,0.0
1565,Hill_Valley_without_noise,LR,hyperparameter,0.0,0.0,0.0,0.0,0.0
1566,Hill_Valley_without_noise,NB,hyperparameter,0.0,0.0,0.0,0.0,0.0
1567,Hill_Valley_without_noise,NB,hyperparameter,0.0,0.0,0.0,0.0,0.0
1568,Hill_Valley_without_noise,NB,hyperparameter,0.0,0.0,0.0,0.0,0.0
1569,Hill_Valley_without_noise,NB,hyperparameter,0.0,0.0,0.0,0.0,0.0
1570,Hill_Valley_without_noise,NB,hyperparameter,0.0,0.0,0.0,0.0,0.0
1571,Hill_Valley_without_noise,NB,hyperparameter,0.0,0.0,0.0,0.0,0.0
1572,Hill_Valley_without_noise,DT,hyperparameter,0.0,0.0,0.0,0.0,-0.23529411764705888
1573,Hill_Valley_without_noise,DT,hyperparameter,0.0,0.0,0.0,0.0,-0.3055555555555557
1574,Hill_Valley_without_noise,DT,hyperparameter,0.0,0.0,0.0,0.0,-0.196078431372549
1575,Hill_Valley_without_noise,DT,hyperparameter,0.0,0.0,0.0,0.0,-0.31209150326797397
1576,Hill_Valley_without_noise,DT,hyperparameter,0.0,0.0,0.0,0.0,-0.14542483660130723
1577,Hill_Valley_without_noise,DT,hyperparameter,-0.018976897689768957,-0.018856209150326597,-0.02447587454297573,-0.01778711363400376,-0.30718954248366015
1578,Hill_Valley_without_noise,RF,hyperparameter,-0.009075907590759158,-0.009183006535947724,-0.004652821651202954,-0.010595375180412758,-0.02941176470588236
1579,Hill_Valley_without_noise,RF,hyperparameter,-0.0016501650165016146,-0.001830065359477162,0.004704304535943171,-0.0058280664093602885,-0.016339869281045694
1580,Hill_Valley_without_noise,RF,hyperparameter,-0.009075907590759158,-0.009232026143790928,-0.002886930758202122,-0.011330877172180065,-0.006535947712418277
1581,Hill_Valley_without_noise,RF,hyperparameter,-0.010726072607260773,-0.010800653594771226,-0.007862156911471851,-0.01121768054388439,-0.042483660130719025
1582,Hill_Valley_without_noise,RF,hyperparameter,-0.00990099009900991,-0.009869281045751466,-0.010744456786671464,-0.008734722064623557,-0.03104575163398693
1583,Hill_Valley_without_noise,RF,hyperparameter,-0.0024752475247524774,-0.0024999999999999467,-0.001520675036352781,-0.002918861545719076,-0.03104575163398693
1584,waveform_40,KNN,hyperparameter,-0.0021999999999999797,-0.0022099916618488757,-0.002161687045356908,-0.0021363149645017288,-0.0022099916618488757
1585,waveform_40,KNN,hyperparameter,0.0,0.0,0.0,0.0,0.0
1586,waveform_40,KNN,hyperparameter,0.0,0.0,0.0,0.0,0.0
1587,waveform_40,KNN,hyperparameter,0.0,0.0,0.0,0.0,0.0
1588,waveform_40,KNN,hyperparameter,0.0,0.0,0.0,0.0,0.0
1589,waveform_40,KNN,hyperparameter,-0.0025999999999999357,-0.0026063358998180686,-0.002577779483301512,-0.002527717401444085,-0.0026063358998180686
1590,waveform_40,SVC,hyperparameter,-0.0006000000000000449,-0.000683494451035549,-0.0004703503910996609,-0.0007048308884699539,-0.000683494451035549
1591,waveform_40,SVC,hyperparameter,-0.0022000000000000908,-0.0024581099366687287,-0.0017026215549660328,-0.004484754754111253,-0.0024581099366687287
1592,waveform_40,SVC,hyperparameter,-0.0008000000000000229,-0.0007241648181456339,-0.0009227640177017493,-0.0009164242308012938,-0.0007241648181456339
1593,waveform_40,SVC,hyperparameter,-0.0038000000000001366,-0.0037697759400827646,-0.003856844700472206,-0.0036934737589787714,-0.0037697759400827646
1594,waveform_40,SVC,hyperparameter,-0.00039999999999995595,-0.0008114163400386731,0.0,-0.004033934870519951,-0.0008114163400386731
1595,waveform_40,SVC,hyperparameter,-0.0014000000000000679,-0.0014428958595534835,-0.001363621466886622,-0.0023045779708766867,-0.0014428958595534835
1596,waveform_40,LR,hyperparameter,-0.00019999999999997797,-0.0002012882447663955,-0.00019782535094636788,-0.00018103406850078496,-0.0002012882447663955
1597,waveform_40,LR,hyperparameter,0.0,0.0,-1.0692785201715793e-06,5.431708911540767e-07,0.0
1598,waveform_40,LR,hyperparameter,-0.00019999999999997797,-0.00020128824476661755,-0.0001957735494634294,-0.00019197715677521376,-0.00020128824476661755
1599,waveform_40,LR,hyperparameter,0.0,0.0,-5.688085973454271e-06,-1.122395809516341e-06,0.0
1600,waveform_40,LR,hyperparameter,-0.0005999999999999339,-0.0005957866578133464,-0.0006018555094002842,-0.000610823628610202,-0.0005957866578133464
1601,waveform_40,LR,hyperparameter,-0.0010000000000000009,-0.0010112113331826045,-0.0009874585833756777,-0.0010272159487374477,-0.0010112113331826045
1602,waveform_40,NB,hyperparameter,0.0,0.0,0.0,0.0,0.0
1603,waveform_40,NB,hyperparameter,0.0,0.0,0.0,0.0,0.0
1604,waveform_40,NB,hyperparameter,0.0,0.0,0.0,0.0,0.0
1605,waveform_40,NB,hyperparameter,0.0,0.0,0.0,0.0,0.0
1606,waveform_40,NB,hyperparameter,0.0,0.0,0.0,0.0,0.0
1607,waveform_40,NB,hyperparameter,0.0,0.0,0.0,0.0,0.0
1608,waveform_40,DT,hyperparameter,-0.0015999999999999348,-0.0014955433490531078,-0.0018582262068010946,-0.0006775621984657088,-0.0014955433490531078
1609,waveform_40,DT,hyperparameter,-0.0032000000000000917,-0.0030706127168129704,-0.0036615159590071,-0.0026427779081811265,-0.0030706127168129704
1610,waveform_40,DT,hyperparameter,-0.0048000000000000265,-0.004590182899265827,-0.005365400341913462,-0.004776070081560224,-0.004590182899265827
1611,waveform_40,DT,hyperparameter,0.007600000000000051,0.007716222212764912,0.006636421442111073,0.007603234799267722,0.007716222212764912
1612,waveform_40,DT,hyperparameter,1.1102230246251565e-16,0.00018310998022186276,-0.0005223219140458868,0.0010927149610029385,0.00018310998022186276
1613,waveform_40,DT,hyperparameter,0.0,-0.00021093216149581373,0.0002280402159388073,-0.00026183808546331733,-0.00021093216149581373
1614,waveform_40,RF,hyperparameter,-0.0036000000000000476,-0.003551740463576647,-0.0037301862253207307,-0.003342493512472511,-0.003551740463576647
1615,waveform_40,RF,hyperparameter,-0.0008000000000000229,-0.0007952290776573889,-0.0008391738059398968,-0.0010466585056408961,-0.0007952290776573889
1616,waveform_40,RF,hyperparameter,-0.0015999999999999348,-0.0015874301728580065,-0.0016118281639904142,-0.0016221153351156925,-0.0015874301728580065
1617,waveform_40,RF,hyperparameter,-0.0015999999999999348,-0.0016399013757077974,-0.0015447721795722735,-0.001806242097835531,-0.0016399013757077974
1618,waveform_40,RF,hyperparameter,-0.0030000000000000027,-0.002944567762141026,-0.0031215692106162374,-0.0028643665026021337,-0.002944567762141026
1619,waveform_40,RF,hyperparameter,-0.0012000000000000899,-0.0012154238623767188,-0.0011926145931270282,-0.0010977812661695507,-0.0012154238623767188
1620,waveform_21,KNN,hyperparameter,-0.0005999999999999339,-0.0005725874392595864,-0.0004989280838392229,-0.0008222099053413201,-0.0005725874392595864
1621,waveform_21,KNN,hyperparameter,-0.0041999999999999815,-0.004276895855770402,-0.004346669569867179,-0.00424017365127316,-0.004276895855770402
1622,waveform_21,KNN,hyperparameter,-0.0013999999999998458,-0.001366291434995337,-0.001321693896930487,-0.0015380445822160693,-0.001366291434995337
1623,waveform_21,KNN,hyperparameter,-0.0010000000000000009,-0.000913455463176116,-0.0007613835867691376,-0.0008331680063922153,-0.000913455463176116
1624,waveform_21,KNN,hyperparameter,0.00019999999999997797,0.00023940543161893313,0.0002834658864615536,0.00021023069816250572,0.00023940543161893313
1625,waveform_21,KNN,hyperparameter,-0.0010000000000000009,-0.0010332477001001594,-0.0010138129106256333,-0.0010025507849148463,-0.0010332477001001594
1626,waveform_21,SVC,hyperparameter,0.00039999999999995595,0.00034785780771406927,0.00010163375637750605,0.0011736436989093768,0.00034785780771406927
1627,waveform_21,SVC,hyperparameter,-0.0023999999999999577,-0.002444643704688887,-0.0027635491877882057,-0.0032794957576878225,-0.002444643704688887
1628,waveform_21,SVC,hyperparameter,-0.0029999999999998916,-0.0029630400129646572,-0.003046607745481489,-0.0037298605729998435,-0.0029630400129646572
1629,waveform_21,SVC,hyperparameter,-0.0029999999999998916,-0.003089592394649454,-0.003235914246280558,-0.004547010935727069,-0.003089592394649454
1630,waveform_21,SVC,hyperparameter,-0.0033999999999999586,-0.0035139397283380225,-0.003836160743437844,-0.0023054476939587953,-0.0035139397283380225
1631,waveform_21,SVC,hyperparameter,-0.0030000000000000027,-0.0031145475022559266,-0.003160109026371316,-0.002627624269817108,-0.0031145475022559266
1632,waveform_21,LR,hyperparameter,-0.0007999999999999119,-0.0008344901464457655,-0.0008749739632625264,-0.0006572745286790305,-0.0008344901464457655
1633,waveform_21,LR,hyperparameter,-0.00040000000000006697,-0.0004194804482362535,-0.0004663638082731403,-0.00036506741312392066,-0.0004194804482362535
1634,waveform_21,LR,hyperparameter,-0.0023999999999998467,-0.0023857963388540515,-0.002356440719278763,-0.002386656525978914,-0.0023857963388540515
1635,waveform_21,LR,hyperparameter,-0.00039999999999995595,-0.00040257648953301306,-0.00040963156130535694,-0.0003878529483960502,-0.00040257648953301306
1636,waveform_21,LR,hyperparameter,-0.00019999999999997797,-0.00019654088050313767,-0.00019457208199491483,-0.0001942620883834678,-0.00019654088050313767
1637,waveform_21,LR,hyperparameter,-0.0006000000000000449,-0.0006048418617012885,-0.0006056939455099108,-0.0005946265128530248,-0.0006048418617012885
1638,waveform_21,NB,hyperparameter,0.0,0.0,0.0,0.0,0.0
1639,waveform_21,NB,hyperparameter,0.0,0.0,0.0,0.0,0.0
1640,waveform_21,NB,hyperparameter,0.0,0.0,0.0,0.0,0.0
1641,waveform_21,NB,hyperparameter,0.0,0.0,0.0,0.0,0.0
1642,waveform_21,NB,hyperparameter,0.0,0.0,0.0,0.0,0.0
1643,waveform_21,NB,hyperparameter,0.0,0.0,0.0,0.0,0.0
1644,waveform_21,DT,hyperparameter,0.0,0.0,0.0,0.0,0.0
1645,waveform_21,DT,hyperparameter,-0.0045999999999999375,-0.004526745528978249,-0.00450137105167181,-0.004175026143584004,-0.004526745528978249
1646,waveform_21,DT,hyperparameter,0.0015999999999999348,0.0014333357885067954,0.0013856333597257464,0.0016619355084614984,0.0014333357885067954
1647,waveform_21,DT,hyperparameter,-0.00039999999999995595,-0.0003207558969084978,-0.00016233455999459245,-0.000636921749972652,-0.0003207558969084978
1648,waveform_21,DT,hyperparameter,-0.0005999999999999339,-0.0005179973593223419,-0.0005485373018665474,-0.0006677531546077642,-0.0005179973593223419
1649,waveform_21,DT,hyperparameter,-0.009400000000000075,-0.009503213346428119,-0.009989327950045923,-0.00971452385083138,-0.009503213346428119
1650,waveform_21,RF,hyperparameter,-0.0031999999999999806,-0.0031809624595341424,-0.0032129587668778825,-0.003366450957385192,-0.0031809624595341424
1651,waveform_21,RF,hyperparameter,-0.0029999999999998916,-0.003046027330368184,-0.0031644979455022204,-0.0026732445199361132,-0.003046027330368184
1652,waveform_21,RF,hyperparameter,-0.0020000000000000018,-0.001976996061107239,-0.0019206970847416294,-0.0023755080204438395,-0.001976996061107239
1653,waveform_21,RF,hyperparameter,-0.0040000000000000036,-0.003995326454946491,-0.004096617083321097,-0.003810267777855869,-0.003995326454946491
1654,waveform_21,RF,hyperparameter,-0.0006000000000000449,-0.000553597982206,-0.0004522950339687082,-0.0010810960319523888,-0.000553597982206
1655,waveform_21,RF,hyperparameter,-0.0024000000000000687,-0.0024415090887457414,-0.0023054727286414556,-0.0029477553168778536,-0.0024415090887457414
1656,movement_libras,KNN,hyperparameter,-0.002777777777777768,-0.002777777777777768,0.0005428585575645295,-0.000843554593554674,-0.002777777777777768
1657,movement_libras,KNN,hyperparameter,-0.019444444444444375,-0.019444444444444486,-0.021420024190922038,-0.01134587634587636,-0.019444444444444486
1658,movement_libras,KNN,hyperparameter,-0.036111111111111094,-0.036111111111111094,-0.03712629962629954,-0.037893819143819174,-0.036111111111111094
1659,movement_libras,KNN,hyperparameter,-0.002777777777777768,-0.002777777777777657,-0.001695643680937775,0.0,-0.002777777777777657
1660,movement_libras,KNN,hyperparameter,0.0,0.0,0.0,0.0,0.0
1661,movement_libras,KNN,hyperparameter,-0.002777777777777768,-0.002777777777777768,-0.0006061993561994328,0.006930245680245695,-0.002777777777777768
1662,movement_libras,SVC,hyperparameter,0.0,0.0,-0.00010683760683760646,-0.0020634920634921006,0.0
1663,movement_libras,SVC,hyperparameter,-0.002777777777777768,-0.002777777777777768,-0.002917082917083036,-0.0017857142857142794,-0.002777777777777768
1664,movement_libras,SVC,hyperparameter,0.002777777777777768,0.002777777777777768,0.0016574166574165883,0.008002645502645511,0.002777777777777768
1665,movement_libras,SVC,hyperparameter,-0.002777777777777768,-0.002777777777777657,-0.002619232619232581,-0.005416666666666625,-0.002777777777777657
1666,movement_libras,SVC,hyperparameter,-0.008333333333333304,-0.008333333333333304,-0.008150183150183121,-0.007738095238095211,-0.008333333333333304
1667,movement_libras,SVC,hyperparameter,-0.011111111111111072,-0.011111111111111072,-0.011811706811706846,-0.008280423280423221,-0.011111111111111072
1668,movement_libras,LR,hyperparameter,0.0,0.0,0.0,0.0,0.0
1669,movement_libras,LR,hyperparameter,0.0,0.0,0.0,0.0,0.0
1670,movement_libras,LR,hyperparameter,0.0,0.0,0.0,0.0,0.0
1671,movement_libras,LR,hyperparameter,-0.008333333333333415,-0.008333333333333304,-0.006633644133644201,-0.005337301587301502,-0.008333333333333304
1672,movement_libras,LR,hyperparameter,0.0,0.0,0.0,-0.001137057387057383,0.0
1673,movement_libras,LR,hyperparameter,-0.02499999999999991,-0.02499999999999991,-0.023380794042558772,-0.027442881192881186,-0.02499999999999991
1674,movement_libras,NB,hyperparameter,0.0,0.0,0.0,0.0,0.0
1675,movement_libras,NB,hyperparameter,0.0,0.0,0.0,0.0,0.0
1676,movement_libras,NB,hyperparameter,0.0,0.0,0.0,0.0,0.0
1677,movement_libras,NB,hyperparameter,0.0,0.0,0.0,0.0,0.0
1678,movement_libras,NB,hyperparameter,0.0,0.0,0.0,0.0,0.0
1679,movement_libras,NB,hyperparameter,0.0,0.0,0.0,0.0,0.0
1680,movement_libras,DT,hyperparameter,0.002777777777777768,0.002777777777777768,0.003536308462779081,0.0011628186628185322,0.002777777777777768
1681,movement_libras,DT,hyperparameter,0.005555555555555536,0.005555555555555536,0.008552917670564653,0.008872655122655226,0.005555555555555536
1682,movement_libras,DT,hyperparameter,-0.002777777777777768,-0.002777777777777768,-0.0024723424723424037,-0.0015939153439153975,-0.002777777777777768
1683,movement_libras,DT,hyperparameter,0.0,0.0,0.0,0.0,0.0
1684,movement_libras,DT,hyperparameter,-0.005555555555555647,-0.005555555555555536,-0.006587532837532772,-0.004292328042328042,-0.005555555555555536
1685,movement_libras,DT,hyperparameter,0.002777777777777768,0.002777777777777768,0.0031518481518481023,0.004107142857142754,0.002777777777777768
1686,movement_libras,RF,hyperparameter,-0.002777777777777768,-0.002777777777777879,-0.0019256125138478186,-0.007669552669552604,-0.002777777777777879
1687,movement_libras,RF,hyperparameter,-0.011111111111111183,-0.011111111111111072,-0.011200882450882466,-0.008763227513227445,-0.011111111111111072
1688,movement_libras,RF,hyperparameter,-0.02777777777777779,-0.02777777777777779,-0.027815240315240297,-0.02479497354497362,-0.02777777777777779
1689,movement_libras,RF,hyperparameter,-0.005555555555555647,-0.005555555555555536,-0.006651866651866678,-0.009070466570466618,-0.005555555555555536
1690,movement_libras,RF,hyperparameter,-0.019444444444444375,-0.019444444444444375,-0.01781329781329788,-0.017043650793650778,-0.019444444444444375
1691,movement_libras,RF,hyperparameter,-1.1102230246251565e-16,-1.1102230246251565e-16,-0.00013273763273757844,0.004761904761904634,-1.1102230246251565e-16
1692,satimage,KNN,hyperparameter,-0.002486402666592391,-0.0034981998275104287,-0.0026077150069734323,-0.002067300769364455,-0.0034981998275104287
1693,satimage,KNN,hyperparameter,-0.005906124288439507,-0.007096260112516517,-0.007204241972038505,-0.007197029107162356,-0.007096260112516517
1694,satimage,KNN,hyperparameter,-0.0018650918805598327,-0.0026357246927447564,-0.0025242234715758816,-0.002279288818744729,-0.0026357246927447564
1695,satimage,KNN,hyperparameter,-0.0006215040397760108,-0.0014084919797880957,-0.0014739899129829759,-0.0012303629376290148,-0.0014084919797880957
1696,satimage,KNN,hyperparameter,-0.0012429114526807394,-0.00212632397991086,-0.0017693569885139926,-0.0012698961778706552,-0.00212632397991086
1697,satimage,KNN,hyperparameter,-0.0038862361591668337,-0.0040599820404063625,-0.004931407397331777,-0.006022888278803928,-0.0040599820404063625
1698,satimage,SVC,hyperparameter,-0.0003107520198881719,-0.0008288661407493958,-0.0004966829795033378,-0.00020675709725814784,-0.0008288661407493958
1699,satimage,SVC,hyperparameter,-0.00031075201988783885,-0.0008607423503328437,-0.0005580365056239156,-0.0005681547465316017,-0.0008607423503328437
1700,satimage,SVC,hyperparameter,-0.001088694965198811,-0.0028887209802519465,-0.002124243049876573,-0.0013195937819111547,-0.0028887209802519465
1701,satimage,SVC,hyperparameter,-0.0017091361093847235,-0.0029589046255991125,-0.0029434449046789046,-0.002282413977221731,-0.0029589046255991125
1702,satimage,SVC,hyperparameter,-0.003262896208825361,-0.0036448422192794094,-0.0036825135759037675,-0.004008617094393485,-0.0036448422192794094
1703,satimage,SVC,hyperparameter,-0.0013983840894964406,-0.0017657949345425417,-0.0017527877122487379,-0.0018555722471055303,-0.0017657949345425417
1704,satimage,LR,hyperparameter,-0.0003107520198881719,-0.0010355942194049117,-0.0012894386981716632,-0.0009759485200068196,-0.0010355942194049117
1705,satimage,LR,hyperparameter,0.0,0.0,0.0,0.0,0.0
1706,satimage,LR,hyperparameter,-0.0004661280298322579,-0.0010316515143105054,-0.0008203678268687842,-0.0005596236628995221,-0.0010316515143105054
1707,satimage,LR,hyperparameter,0.0,0.0,0.0,0.0,0.0
1708,satimage,LR,hyperparameter,0.0,0.0,0.0,-0.00016026815357750301,0.0
1709,satimage,LR,hyperparameter,-0.0018652851343037291,-0.0031589059603692737,-0.0030311275530121584,-0.002029037832338987,-0.0031589059603692737
1710,satimage,NB,hyperparameter,0.0,0.0,0.0,0.0,0.0
1711,satimage,NB,hyperparameter,0.0,0.0,0.0,0.0,0.0
1712,satimage,NB,hyperparameter,0.0,0.0,0.0,0.0,0.0
1713,satimage,NB,hyperparameter,0.0,0.0,0.0,0.0,0.0
1714,satimage,NB,hyperparameter,0.0,0.0,0.0,0.0,0.0
1715,satimage,NB,hyperparameter,0.0,0.0,0.0,0.0,0.0
1716,satimage,DT,hyperparameter,-0.005593536357986206,-0.007528581067663631,-0.005557770714573973,-0.0058318097484587605,-0.007528581067663631
1717,satimage,DT,hyperparameter,0.0006215040397762328,0.0005530237356836665,0.0013352451308843438,0.002874021214749556,0.0005530237356836665
1718,satimage,DT,hyperparameter,-0.00155260057697848,-0.007287043727197018,-0.0066942579298997495,-0.004893424442568128,-0.007287043727197018
1719,satimage,DT,hyperparameter,-0.0037297006267605903,-0.00472052229240405,-0.003608670117863144,-0.0018906374475267107,-0.00472052229240405
1720,satimage,DT,hyperparameter,-0.00015508612932846333,-0.0030514478098262465,1.5241424566880823e-08,0.0001220686412776173,-0.0030514478098262465
1721,satimage,DT,hyperparameter,0.0,-0.0005797668726911231,0.0,0.0,-0.0005797668726911231
1722,satimage,RF,hyperparameter,-0.00015537600994441902,-0.00019643062418794877,-0.00016940592260183962,-0.00023487894476514892,-0.00019643062418794877
1723,satimage,RF,hyperparameter,-0.0015542432338000456,-0.0010018119443226947,-0.0017725440417472038,-0.0028433260790395876,-0.0010018119443226947
1724,satimage,RF,hyperparameter,-0.0004664179104477695,3.8581079641941685e-05,-0.0002886978419393005,-0.0008997307434235324,3.8581079641941685e-05
1725,satimage,RF,hyperparameter,-0.0015537600994404155,-0.0011107122224423005,-0.0014798798399192625,-0.0020911223973977267,-0.0011107122224423005
1726,satimage,RF,hyperparameter,-0.0004660314029601986,-0.001106803621688135,-0.0006083328836883339,-2.4819983272195145e-05,-0.001106803621688135
1727,satimage,RF,hyperparameter,0.0004661280298322579,0.0004668223620069023,0.0006214026351225588,0.0009891426744593756,0.0004668223620069023
1728,chess,KNN,hyperparameter,-0.0028160200250313405,-0.0027749331782987996,-0.002737881260734154,-0.0019317522123655229,-0.003589951005702585
1729,chess,KNN,hyperparameter,-0.003441802252815873,-0.003379756927442412,-0.003309673389627177,-0.004098526042480843,-0.0053999862311108204
1730,chess,KNN,hyperparameter,0.0,0.0,-1.0867082323118282e-05,-6.431439505305558e-05,-0.0017956926324969036
1731,chess,KNN,hyperparameter,-0.005944931163955225,-0.006278502833208188,-0.005307119352275236,-0.011492991550282605,2.868518582221924e-06
1732,chess,KNN,hyperparameter,-0.00406758448060085,-0.0042838264874826,-0.003725618596310376,-0.007958509075394415,-0.003592819524285029
1733,chess,KNN,hyperparameter,-0.0028160200250314515,-0.0029232897913141764,-0.0026063364277225665,-0.005041832483027586,-0.005993769577639418
1734,chess,SVC,hyperparameter,-0.0003128911138922108,-0.0002997601918464099,-0.0003008337392201854,-4.282239553954348e-06,-0.0017942583732055706
1735,chess,SVC,hyperparameter,0.00031289111389243285,0.00027071926454602657,0.0003058443965350266,-0.0011933174224344478,-4.302777873443908e-06
1736,chess,SVC,hyperparameter,-0.0003128911138922108,-0.00029961846288084626,-0.00030227143386274413,-4.3027778732218636e-06,-0.0012004750266771946
1737,chess,SVC,hyperparameter,0.0,-2.9899785911613463e-05,9.388314560321298e-06,-0.0005951005573384682,-0.004189471389395627
1738,chess,SVC,hyperparameter,0.0,0.0,0.0,0.0,-0.003589951005702363
1739,chess,SVC,hyperparameter,0.0003128911138922108,0.0002997601918464099,0.0003008397603645463,-2.840736804010646e-06,-0.0017956926324967926
1740,chess,LR,hyperparameter,-0.001877346683353931,-0.0017652174459051873,-0.0019298892609411755,-9.882985452247528e-05,-0.004186602870813405
1741,chess,LR,hyperparameter,0.00031289111389243285,0.00040961994802057866,0.0002527617797561943,0.0006452270657305581,-0.0017985611510791255
1742,chess,LR,hyperparameter,0.0,0.0,0.0,0.0,0.0
1743,chess,LR,hyperparameter,0.0,0.0,0.0,-0.0005068582846026182,0.0
1744,chess,LR,hyperparameter,-0.0003128911138922108,-0.0003272251308900076,-0.0002915886259150513,-0.0005756109038348445,0.0
1745,chess,LR,hyperparameter,-0.0003128911138922108,-0.00032722513089022964,-0.000291394770880804,-0.0005891652366063482,0.0
1746,chess,NB,hyperparameter,0.0,0.0,0.0,0.0,-0.0203707847119432
1747,chess,NB,hyperparameter,0.0,0.0,0.0,0.0,-0.020968870836345133
1748,chess,NB,hyperparameter,0.0,0.0,0.0,0.0,-0.010781327091436976
1749,chess,NB,hyperparameter,0.0,0.0,0.0,0.0,-0.02037795600839909
1750,chess,NB,hyperparameter,0.0,0.0,0.0,0.0,-0.024567427397794828
1751,chess,NB,hyperparameter,0.0,0.0,0.0,0.0,-0.020370784711943313
1752,chess,DT,hyperparameter,0.0,0.0,0.0,0.0,0.0
1753,chess,DT,hyperparameter,0.0,0.0,0.0,0.0,0.0
1754,chess,DT,hyperparameter,-0.0012515644555693983,-0.0012265057064295704,-0.001198303151473179,-0.0006093432633715867,-0.0017985611510790145
1755,chess,DT,hyperparameter,0.0,0.0,0.0,0.0,-0.0023980815347720563
1756,chess,DT,hyperparameter,-0.0009386733416771875,-0.0009261701139032796,-0.0009053981304751879,-0.0006110982391102082,-0.0011961722488036397
1757,chess,DT,hyperparameter,-0.00031289111389254387,-0.00032722513089022964,-0.0002972566639798391,-0.0005909762473008673,-0.0006023889022753748
1758,chess,RF,hyperparameter,-0.0006257822277846437,-0.0006269853227365285,-0.000598800683690448,-0.0005980793271963547,-0.0011961722488039728
1759,chess,RF,hyperparameter,-0.0006257822277846437,-0.000571196586038436,-0.0006101887387429672,0.0,-0.0017985611510790145
1760,chess,RF,hyperparameter,-0.0009386733416768545,-0.0009542104536265361,-0.0008967676158476712,-0.0011933037302215288,-0.0011961722488037507
1761,chess,RF,hyperparameter,-0.0006257822277848657,-0.0006279859103135443,-0.0006002168175678335,-0.0006095049313944445,-0.0005980861244018199
1762,chess,RF,hyperparameter,-0.0006257822277847547,-0.0005980861244019309,-0.0006052411306419758,-0.0005883691280615944,-0.0011961722488037507
1763,chess,RF,hyperparameter,-0.0006257822277846437,-0.0006544502617800152,-0.0005937944898731784,-0.001181932102984784,0.0
1764,kr_vs_kp,KNN,hyperparameter,-0.0028160200250312295,-0.0027802365437493703,-0.002723517015391197,-0.004968397773979172,-0.019775567106123826
1765,kr_vs_kp,KNN,hyperparameter,-0.0015644555694618312,-0.0015242562383052105,-0.0015311745454851255,-0.0031868536777374112,-0.014970798480832603
1766,kr_vs_kp,KNN,hyperparameter,-0.00031289111389254387,-0.0002722952528032563,-0.00033922346503123535,-1.011550780638526e-05,-0.020377956008398868
1767,kr_vs_kp,KNN,hyperparameter,0.0006257822277847547,0.0005986615250815897,0.0006139471857428136,3.430390245762194e-05,-0.01377462623202863
1768,kr_vs_kp,KNN,hyperparameter,-0.005944931163955003,-0.005777121332568802,-0.0057942155233351444,-0.005647713400469212,-0.023368386630408522
1769,kr_vs_kp,KNN,hyperparameter,-0.0009386733416771875,-0.0005061743580005995,-0.001322301002084858,0.0005371345642551928,-0.022765997728133147
1770,kr_vs_kp,SVC,hyperparameter,-0.0012515644555693983,-0.0012257885767840149,-0.0012098007340384243,-0.0006237407967486508,-0.004791860291671224
1771,kr_vs_kp,SVC,hyperparameter,-0.0012515644555693983,-0.0012814355845167658,-0.0011905358260844157,-0.001762040370851592,-0.0006023889022753748
1772,kr_vs_kp,SVC,hyperparameter,0.00031289111389243285,0.00032808398950123774,0.00029796865598941125,0.0005966518651108199,-0.002999036177756431
1773,kr_vs_kp,SVC,hyperparameter,-0.0009386733416769655,-0.0009258866559720413,-0.0009032175683716392,-0.0006109265833136313,-0.003601425080031584
1774,kr_vs_kp,SVC,hyperparameter,-0.0009386733416769655,-0.0009260283849373829,-0.0008974890335260444,-0.0005966723545292041,-0.0011976065080951948
1775,kr_vs_kp,SVC,hyperparameter,-0.0006257822277847547,-0.0006537331321343487,-0.0005988006216354202,-0.0011991097235873882,-0.0029904306220095433
1776,kr_vs_kp,LR,hyperparameter,0.0003128911138922108,0.0003272251308900076,0.00029349181891558107,0.0005797525638572276,0.0
1777,kr_vs_kp,LR,hyperparameter,0.0,0.0,0.0,0.0,0.0
1778,kr_vs_kp,LR,hyperparameter,0.0,0.0,0.0,-0.0015494801919367918,0.0
1779,kr_vs_kp,LR,hyperparameter,0.0,2.9040927300383323e-05,-1.6298209039367073e-05,0.0005545167141164375,-0.0005980861244018199
1780,kr_vs_kp,LR,hyperparameter,0.0,-0.00011057688581972425,7.007665303582211e-05,-0.0023390628054342777,0.0
1781,kr_vs_kp,LR,hyperparameter,0.0,0.0,0.0,-0.0005175158866137508,-0.0005980861244020419
1782,kr_vs_kp,NB,hyperparameter,0.0,0.0,0.0,0.0,-0.014388489208633004
1783,kr_vs_kp,NB,hyperparameter,0.0,0.0,0.0,0.0,-0.016766491113329174
1784,kr_vs_kp,NB,hyperparameter,0.0,0.0,0.0,0.0,-0.021566956960747174
1785,kr_vs_kp,NB,hyperparameter,0.0,0.0,0.0,0.0,-0.012584191020389435
1786,kr_vs_kp,NB,hyperparameter,0.0,0.0,0.0,0.0,-0.01796840039929759
1787,kr_vs_kp,NB,hyperparameter,0.0,0.0,0.0,0.0,-0.019781304143288492
1788,kr_vs_kp,DT,hyperparameter,-0.0003128911138922108,-0.000382155008977092,-0.000284325889164605,-0.001764199655766019,0.0011990407673859727
1789,kr_vs_kp,DT,hyperparameter,0.0,0.0,0.0,0.0,0.0
1790,kr_vs_kp,DT,hyperparameter,-0.00031289111389243285,-0.0003280839895014598,-0.0002972600747640497,-0.0005923968632800536,0.0
1791,kr_vs_kp,DT,hyperparameter,-0.0003128911138922108,-0.0003280839895014598,-0.00029797292866040603,-0.0005938174792589068,0.0
1792,kr_vs_kp,DT,hyperparameter,-0.0006257822277847547,-0.0005995203836929308,-0.0006067652877997931,-2.9313822054177763e-06,-0.0011990407673859727
1793,kr_vs_kp,DT,hyperparameter,0.0,0.0,0.0,0.0,0.0
1794,kr_vs_kp,RF,hyperparameter,-0.0003128911138922108,-0.0003272251308900076,-0.0002972566639798391,-0.0005909762473007563,0.0
1795,kr_vs_kp,RF,hyperparameter,-0.0009386733416769655,-0.0009268872435488351,-0.0008974737275517786,-0.0006050617901054434,-0.0011976065080948617
1796,kr_vs_kp,RF,hyperparameter,0.0003128911138923218,0.00032722513089022964,0.00029512151307520273,0.0005853410247708135,0.0
1797,kr_vs_kp,RF,hyperparameter,-0.00031289111389243285,-0.00032808398950134876,-0.0002943485086339681,-0.0005908248378128089,0.0
1798,kr_vs_kp,RF,hyperparameter,-0.00031289111389243285,-0.0003555489285447244,-0.0002901221348016181,-0.001169213662133406,0.0
1799,kr_vs_kp,RF,hyperparameter,-0.00031289111389243285,-0.0003272251308900076,-0.0002944264714228595,-0.0005812129564272128,0.0
1800,optdigits,KNN,hyperparameter,-0.000533807829181443,-0.0005243688627911691,-0.0005237079208496587,-0.0004886913269643856,-0.0005243688627911691
1801,optdigits,KNN,hyperparameter,-0.000711743772241924,-0.0007118249062719739,-0.0007089498534251781,-0.0006912924651821806,-0.0007118249062719739
1802,optdigits,KNN,hyperparameter,0.0,0.0,0.0,0.0,0.0
1803,optdigits,KNN,hyperparameter,-0.000355871886120962,-0.00035714285714283367,-0.00033537314567355647,-0.0002725028458872014,-0.00035714285714283367
1804,optdigits,KNN,hyperparameter,-0.000355871886120962,-0.00035971223021602494,-0.0003641976121514512,-0.00036208571825635527,-0.00035971223021602494
1805,optdigits,KNN,hyperparameter,-0.000533807829181443,-0.0005247101509892049,-0.0005090037005558434,-0.0005040747642108823,-0.0005247101509892049
1806,optdigits,SVC,hyperparameter,-0.00017793594306036997,-0.00017985611510795696,-0.00017869297029515785,-0.0001578366445915691,-0.00017985611510795696
1807,optdigits,SVC,hyperparameter,0.0,0.0,0.0,0.0,0.0
1808,optdigits,SVC,hyperparameter,-0.001423487544484181,-0.0014299639209710557,-0.001423555966629575,-0.0014126305741442025,-0.0014299639209710557
1809,optdigits,SVC,hyperparameter,-0.00017793594306036997,-0.00017985611510784594,-0.00017704516646122048,-0.00016347847057496256,-0.00017985611510784594
1810,optdigits,SVC,hyperparameter,-0.000177935943060481,-0.00017482517482525495,-0.00017665847298375947,-0.00017357692252806256,-0.00017482517482525495
1811,optdigits,SVC,hyperparameter,0.0,0.0,0.0,0.0,0.0
1812,optdigits,LR,hyperparameter,-0.000355871886121073,-0.00035232986118938214,-0.00041196737373982995,-0.00044482231355458257,-0.00035232986118938214
1813,optdigits,LR,hyperparameter,-0.00017793594306036997,-0.00014420785852042872,-0.00014058078661860485,-0.00013760203660240222,-0.00014420785852042872
1814,optdigits,LR,hyperparameter,0.0,-8.885374106037958e-06,1.158767006792516e-06,-4.854085023697774e-05,-8.885374106037958e-06
1815,optdigits,LR,hyperparameter,-0.001067615658362775,-0.0010613678131141668,-0.0010769218895479993,-0.0010771040430389567,-0.0010613678131141668
1816,optdigits,LR,hyperparameter,-0.00177935943060481,-0.0017782779972129736,-0.0017880472815353654,-0.001780546919283199,-0.0017782779972129736
1817,optdigits,LR,hyperparameter,-0.000711743772241813,-0.0007344280940619896,-0.0007159497482851496,-0.0006956405916679342,-0.0007344280940619896
1818,optdigits,NB,hyperparameter,0.0,0.0,0.0,0.0,0.0
1819,optdigits,NB,hyperparameter,0.0,0.0,0.0,0.0,0.0
1820,optdigits,NB,hyperparameter,0.0,0.0,0.0,0.0,0.0
1821,optdigits,NB,hyperparameter,0.0,0.0,0.0,0.0,0.0
1822,optdigits,NB,hyperparameter,0.0,0.0,0.0,0.0,0.0
1823,optdigits,NB,hyperparameter,0.0,0.0,0.0,0.0,0.0
1824,optdigits,DT,hyperparameter,0.0,0.0,0.0,0.0,0.0
1825,optdigits,DT,hyperparameter,0.0,0.0,0.0,0.0,0.0
1826,optdigits,DT,hyperparameter,-0.001601423487544551,-0.0016074883593908407,-0.0016071181768005927,-0.0014284806620139534,-0.0016074883593908407
1827,optdigits,DT,hyperparameter,0.0,0.0,0.0,0.0,0.0
1828,optdigits,DT,hyperparameter,0.0,0.0,0.0,0.0,0.0
1829,optdigits,DT,hyperparameter,0.0,0.0,0.0,0.0,0.0
1830,optdigits,RF,hyperparameter,-0.000533807829181554,-0.0005319862544720388,-0.0005334202723056292,-0.0005416990283844125,-0.0005319862544720388
1831,optdigits,RF,hyperparameter,-0.00017793594306059202,-0.00017346834630960206,-0.00016154426844683378,-0.00017465959909301887,-0.00017346834630960206
1832,optdigits,RF,hyperparameter,-0.000889679715302405,-0.0009004213961870677,-0.0009035206840519727,-0.000913715652688829,-0.0009004213961870677
1833,optdigits,RF,hyperparameter,-0.00017793594306036997,-0.0001785714285712503,-0.00017187628997916704,-0.00015910291164300538,-0.0001785714285712503
1834,optdigits,RF,hyperparameter,0.00017793594306059202,0.00018117610247381233,0.00017494910521242968,0.00018501989005537123,0.00018117610247381233
1835,optdigits,RF,hyperparameter,0.00017793594306059202,0.0001748251748250329,0.00017432390712579515,0.00016177588723420566,0.0001748251748250329
1836,splice,KNN,hyperparameter,0.0,0.0,0.0,0.0,0.0
1837,splice,KNN,hyperparameter,0.0,0.0,0.0,0.0,0.0
1838,splice,KNN,hyperparameter,0.0,0.0,0.0,0.0,0.0
1839,splice,KNN,hyperparameter,0.0009410288582183401,0.0010693438003220868,0.0009929199594576055,0.0007428046568211943,0.0010693438003220868
1840,splice,KNN,hyperparameter,0.0,0.0,0.0,0.0,0.0
1841,splice,KNN,hyperparameter,0.0,0.0,0.0,0.0,0.0
1842,splice,SVC,hyperparameter,0.0006273525721455231,0.0010844951232439337,0.0009887769613061703,0.0008105146953516496,0.0010844951232439337
1843,splice,SVC,hyperparameter,-0.0037641154328732496,-0.0028900275901897476,-0.0037157109902993257,-0.0045861798366672035,-0.0028900275901897476
1844,splice,SVC,hyperparameter,-0.0021957340025094974,-0.0016235374463591246,-0.0025349575547308767,-0.0032547683487398338,-0.0016235374463591246
1845,splice,SVC,hyperparameter,-0.0025094102885822034,-0.0016085444902803614,-0.002382003569434743,-0.0026854435538370414,-0.0016085444902803614
1846,splice,SVC,hyperparameter,-0.005959849435382747,-0.007543212830289359,-0.006366536636946196,-0.004378184326169654,-0.007543212830289359
1847,splice,SVC,hyperparameter,0.0,0.0,0.0,0.0,0.0
1848,splice,LR,hyperparameter,-0.0006273525721455231,-0.0008635107620708071,-0.000801154581766883,-0.0007021525028721998,-0.0008635107620708071
1849,splice,LR,hyperparameter,-0.004391468005018884,-0.005850466546104549,-0.004835961278667145,-0.004004436376272569,-0.005850466546104549
1850,splice,LR,hyperparameter,-0.00031367628607270603,0.0,-0.0003165532124935755,-0.00033725747301349696,0.0
1851,splice,LR,hyperparameter,-0.00031367628607270603,0.00026776085326485344,-0.0002803190801760058,-0.0007528851455858021,0.00026776085326485344
1852,splice,LR,hyperparameter,0.0,0.0,-3.571465083673786e-06,-3.321411592982493e-05,0.0
1853,splice,LR,hyperparameter,-0.0012547051442910462,-0.0010361310442257299,-0.0012031426007922397,-0.0012830433935526742,-0.0010361310442257299
1854,splice,NB,hyperparameter,-0.000313676286072595,-0.00043630017452001013,-0.0003334740397636926,-0.0002770434119266918,-0.00043630017452001013
1855,splice,NB,hyperparameter,0.0,0.0,0.0,0.0,0.0
1856,splice,NB,hyperparameter,0.0,0.0,0.0,0.0,0.0
1857,splice,NB,hyperparameter,0.0,0.0,0.0,0.0,0.0
1858,splice,NB,hyperparameter,0.0,0.0,0.0,0.0,0.0
1859,splice,NB,hyperparameter,0.0,0.0,0.0,0.0,0.0
1860,splice,DT,hyperparameter,-0.0037641154328732496,-0.005454707246798418,-0.003976738084439546,-0.002665598483489462,-0.005454707246798418
1861,splice,DT,hyperparameter,0.0,0.0,0.0,-0.0018744934585327444,0.0
1862,splice,DT,hyperparameter,-0.0028230865746550204,-0.0036735104669888274,-0.002915930279292822,-0.002249339464048372,-0.0036735104669888274
1863,splice,DT,hyperparameter,0.0006273525721455231,0.00018119894023316263,0.0010178255329511554,0.0014238364635140721,0.00018119894023316263
1864,splice,DT,hyperparameter,-0.004077791718946178,-0.005434617942264741,-0.004487861201012744,-0.0034507367554306168,-0.005434617942264741
1865,splice,DT,hyperparameter,0.0,0.0,0.0,0.0,0.0
1866,splice,RF,hyperparameter,-0.00031367628607281706,-0.00027369714450498073,-0.0003038261576704393,-0.0004078716674900118,-0.00027369714450498073
1867,splice,RF,hyperparameter,-0.0009410288582183401,-0.0006516943362742111,-0.0009315061771996147,-0.0012285159466451923,-0.0006516943362742111
1868,splice,RF,hyperparameter,-0.0037641154328731385,-0.004044195383844595,-0.0046017817614446566,-0.005242730531253126,-0.004044195383844595
1869,splice,RF,hyperparameter,0.00031367628607281706,0.0006690397075311827,0.000346482197969622,5.478048047513617e-05,0.0006690397075311827
1870,splice,RF,hyperparameter,-0.0018820577164365693,-0.001910492861117441,-0.0020992863877822288,-0.002227463073421365,-0.001910492861117441
1871,splice,RF,hyperparameter,0.0,0.0004735938915158,-0.00020930674676600258,-0.0009792133490447164,0.0004735938915158
1872,texture,KNN,hyperparameter,0.0,0.0,0.0,0.0,0.0
1873,texture,KNN,hyperparameter,0.0,0.0,0.0,0.0,0.0
1874,texture,KNN,hyperparameter,0.0,0.0,0.0,0.0,0.0
1875,texture,KNN,hyperparameter,0.0,0.0,0.0,0.0,0.0
1876,texture,KNN,hyperparameter,0.0,0.0,0.0,0.0,0.0
1877,texture,KNN,hyperparameter,0.0,0.0,0.0,0.0,0.0
1878,texture,SVC,hyperparameter,-0.0005454545454546267,-0.0005454545454546267,-0.000545463272866864,-0.0005440348182284005,-0.0005454545454546267
1879,texture,SVC,hyperparameter,0.0,0.0,2.909137375439741e-09,1.4662756596672821e-06,0.0
1880,texture,SVC,hyperparameter,-0.0012727272727272032,-0.0012727272727272032,-0.001272753525346837,-0.0012640692640694118,-0.0012727272727272032
1881,texture,SVC,hyperparameter,-0.0005454545454546267,-0.0005454545454546267,-0.000545463272866864,-0.0005497846493531799,-0.0005454545454546267
1882,texture,SVC,hyperparameter,-0.0012727272727272032,-0.0012727272727274253,-0.001270503696623848,-0.0012698645440584189,-0.0012727272727274253
1883,texture,SVC,hyperparameter,-0.0001818181818182829,-0.0001818181818182829,-0.00018182109095554733,-0.00018037518037516964,-0.0001818181818182829
1884,texture,LR,hyperparameter,0.0,0.0,0.0,0.0,0.0
1885,texture,LR,hyperparameter,-0.0014545454545455971,-0.0014545454545455971,-0.0014525665427832513,-0.00142772367211641,-0.0014545454545455971
1886,texture,LR,hyperparameter,0.0,0.0,0.0,0.0,0.0
1887,texture,LR,hyperparameter,0.0,0.0,0.0,0.0,0.0
1888,texture,LR,hyperparameter,-0.0007272727272725765,-0.0007272727272727986,-0.0007303274214480737,-0.0007161342686741179,-0.0007272727272727986
1889,texture,LR,hyperparameter,0.0,0.0,0.0,0.0,0.0
1890,texture,NB,hyperparameter,0.0,0.0,0.0,0.0,0.0
1891,texture,NB,hyperparameter,0.0,0.0,0.0,0.0,0.0
1892,texture,NB,hyperparameter,0.0,0.0,0.0,0.0,0.0
1893,texture,NB,hyperparameter,0.0,0.0,0.0,0.0,0.0
1894,texture,NB,hyperparameter,0.0,0.0,0.0,0.0,0.0
1895,texture,NB,hyperparameter,0.0,0.0,0.0,0.0,0.0
1896,texture,DT,hyperparameter,0.0,0.0,0.0,0.0,0.0
1897,texture,DT,hyperparameter,0.0,0.0,0.0,0.0,0.0
1898,texture,DT,hyperparameter,0.0,0.0,0.0,0.0,0.0
1899,texture,DT,hyperparameter,0.0,0.0,0.0,0.0,0.0
1900,texture,DT,hyperparameter,0.0,0.0,0.0,0.0,0.0
1901,texture,DT,hyperparameter,0.0,0.0,0.0,0.0,0.0
1902,texture,RF,hyperparameter,-0.0007272727272727986,-0.0007272727272727986,-0.0007305693357155807,-0.0007406220406166453,-0.0007272727272727986
1903,texture,RF,hyperparameter,-0.0003636363636363438,-0.0003636363636363438,-0.000352824932104423,-0.0003190264742347626,-0.0003636363636363438
1904,texture,RF,hyperparameter,-0.0012727272727272032,-0.0012727272727274253,-0.0012760178886331852,-0.0012693579433079583,-0.0012727272727274253
1905,texture,RF,hyperparameter,-0.001636363636363436,-0.001636363636363991,-0.00161592049829562,-0.0015942800236324883,-0.001636363636363991
1906,texture,RF,hyperparameter,-0.0005454545454545157,-0.0005454545454545157,-0.0005477289609717717,-0.0005626304165977647,-0.0005454545454545157
1907,texture,RF,hyperparameter,-0.0005454545454546267,-0.0005454545454546267,-0.0005493649501769893,-0.0005392375302124552,-0.0005454545454546267
1908,sonar,KNN,hyperparameter,0.0,0.0,0.0,0.0,0.0
1909,sonar,KNN,hyperparameter,-0.024038461538461564,-0.02604166666666652,-0.03817750677506759,-0.015651260504201736,-0.05208333333333337
1910,sonar,KNN,hyperparameter,-0.019230769230769273,-0.020089285714285587,-0.01767631135617842,-0.040253029769620086,-0.03125
1911,sonar,KNN,hyperparameter,0.0,0.0,0.0,-0.011343455256498713,0.0
1912,sonar,KNN,hyperparameter,0.0,0.0,0.0016298485567588505,-0.010119208277103109,0.0
1913,sonar,KNN,hyperparameter,0.004807692307692291,0.0035548941798939637,0.0007015024096537203,0.0020919837853475842,-0.01041666666666674
1914,sonar,SVC,hyperparameter,0.0,-0.0007440476190475609,0.0011820330969267712,-0.013731421769179297,-0.01041666666666674
1915,sonar,SVC,hyperparameter,-0.014423076923076983,-0.014672619047619184,-0.017644557823129237,-0.014794685990338285,-0.02041666666666664
1916,sonar,SVC,hyperparameter,-0.014423076923076872,-0.014880952380952328,-0.01620567375886517,-0.0327802385616357,-0.02083333333333337
1917,sonar,SVC,hyperparameter,0.0,-0.0007440476190475609,-0.00291477943135543,0.011667965901375421,-0.01041666666666674
1918,sonar,SVC,hyperparameter,0.004807692307692291,0.005909391534391517,0.00807124400147663,-0.006337156995051774,0.01041666666666674
1919,sonar,SVC,hyperparameter,-0.014423076923076872,-0.013392857142857206,-0.01359929078014177,-0.02668617614269786,0.0
1920,sonar,LR,hyperparameter,-0.028846153846153744,-0.028812830687830693,-0.03149043627767023,-0.04651970836181363,-0.021250000000000102
1921,sonar,LR,hyperparameter,-0.024038461538461564,-0.023518518518518494,-0.022765957446808427,-0.037272727272727346,-0.010833333333333472
1922,sonar,LR,hyperparameter,-0.004807692307692291,-0.0037202380952381375,-0.0018209967388967963,-0.2330875646093038,0.0
1923,sonar,LR,hyperparameter,-0.033653846153846145,-0.033482142857142905,-0.035076530612244916,-0.2461363636363636,-0.04125000000000001
1924,sonar,LR,hyperparameter,-0.019230769230769273,-0.018601190476190355,-0.022436633189861332,-0.024576839282721696,-0.02083333333333337
1925,sonar,LR,hyperparameter,-0.019230769230769273,-0.017113095238095233,-0.012167973752408523,-0.04326042950184816,0.0
1926,sonar,NB,hyperparameter,-1.1102230246251565e-16,0.0,-0.00016223945443560872,0.0,0.0
1927,sonar,NB,hyperparameter,0.0,0.0,0.0,0.0,0.0
1928,sonar,NB,hyperparameter,0.0,0.0,0.0,0.0,0.0
1929,sonar,NB,hyperparameter,-0.004807692307692291,-0.0050000000000000044,-0.005248335893497269,-0.002844950213371278,-0.010000000000000009
1930,sonar,NB,hyperparameter,0.0,0.0,0.0,0.0,0.0
1931,sonar,NB,hyperparameter,0.0,0.0,0.0,0.0,0.0
1932,sonar,DT,hyperparameter,-0.004807692307692291,-0.0050000000000001155,-0.006590136054421714,-0.0027173913043477826,-0.009999999999999898
1933,sonar,DT,hyperparameter,-0.004807692307692291,-0.003974867724867659,0.003101725186198556,-0.0320565907522431,0.0
1934,sonar,DT,hyperparameter,-0.024038461538461564,-0.02529761904761907,-0.02939784404327761,-0.019394955300127692,-0.04166666666666674
1935,sonar,DT,hyperparameter,-0.033653846153846145,-0.034176587301587236,-0.042128588826978564,-0.04983766233766229,-0.06041666666666656
1936,sonar,DT,hyperparameter,-0.024038461538461453,-0.020089285714285587,-0.007774140752864089,-0.04523234414538757,-0.010000000000000009
1937,sonar,DT,hyperparameter,0.0,0.0,0.0,-0.0012434123847167022,0.0
1938,sonar,RF,hyperparameter,-0.009615384615384581,-0.01058201058201047,-0.014148840816080921,-0.005010716407775284,-0.02124999999999999
1939,sonar,RF,hyperparameter,-0.014423076923076983,-0.013723544973544888,-0.013482304591727057,-0.030248917748917803,-0.01041666666666674
1940,sonar,RF,hyperparameter,-0.014423076923076983,-0.014880952380952328,-0.0099904092071611,-0.029776936026935985,-0.030833333333333268
1941,sonar,RF,hyperparameter,-0.019230769230769273,-0.019880952380952333,-0.023803400584896717,-0.013825274649073127,-0.03125
1942,sonar,RF,hyperparameter,-0.024038461538461564,-0.02483465608465607,-0.041333040393190745,-0.007321187584345412,-0.050000000000000044
1943,sonar,RF,hyperparameter,0.004807692307692291,0.004298941798941858,0.0029396649193135227,-0.009637441759867471,-0.010000000000000009
1944,molecular_biology_promoters,KNN,hyperparameter,0.0,0.0013736263736263687,-0.006696428571428603,-0.0010822510822511289,-0.03571428571428559
1945,molecular_biology_promoters,KNN,hyperparameter,-0.04807692307692302,-0.04876373626373631,-0.035004854892652815,-0.08542609351432884,-0.038461538461538436
1946,molecular_biology_promoters,KNN,hyperparameter,-0.028846153846153855,-0.028846153846153744,-0.03258202371105601,-0.029633785332314644,-0.05631868131868145
1947,molecular_biology_promoters,KNN,hyperparameter,-0.04665242165242167,-0.044642857142857206,-0.056301313628899785,-0.020318223443223427,-0.10851648351648358
1948,molecular_biology_promoters,KNN,hyperparameter,-0.009971509971509862,-0.008928571428571397,-0.01872830945638282,-0.0172619047619047,-0.05494505494505508
1949,molecular_biology_promoters,KNN,hyperparameter,-0.04807692307692313,-0.047390109890110055,-0.04740793522652609,-0.06648351648351647,-0.07554945054945073
1950,molecular_biology_promoters,SVC,hyperparameter,-0.009615384615384581,-0.008928571428571286,-0.014552476508998158,-0.01379870129870131,-0.03708791208791207
1951,molecular_biology_promoters,SVC,hyperparameter,-0.028846153846153855,-0.028846153846153855,-0.02991452991452992,-0.02197802197802201,-0.03846153846153855
1952,molecular_biology_promoters,SVC,hyperparameter,-0.028133903133903182,-0.028846153846153744,-0.028162267839687116,0.0007094943240454343,-0.07554945054945061
1953,molecular_biology_promoters,SVC,hyperparameter,-0.019230769230769162,-0.019917582417582347,-0.021664877268325444,-0.023093573093573072,-0.020604395604395642
1954,molecular_biology_promoters,SVC,hyperparameter,0.0,0.0,0.0,-0.005025183150183077,0.0
1955,molecular_biology_promoters,SVC,hyperparameter,-0.01851851851851838,-0.019230769230769384,-0.016296296296296475,-0.038461538461538436,0.0
1956,molecular_biology_promoters,LR,hyperparameter,-0.018874643874643993,-0.019230769230769273,-0.014655172413792883,-0.05085227272727266,0.0
1957,molecular_biology_promoters,LR,hyperparameter,-0.019230769230769273,-0.019230769230769273,-0.019230769230769162,-0.019230769230769273,-0.019230769230769162
1958,molecular_biology_promoters,LR,hyperparameter,-0.047364672364672344,-0.04739010989010983,-0.04518340455840464,-0.031121656121656183,-0.05631868131868134
1959,molecular_biology_promoters,LR,hyperparameter,0.00035612535612528085,0.0013736263736263687,0.00336301629405078,-0.01049679487179489,0.019230769230769162
1960,molecular_biology_promoters,LR,hyperparameter,-0.00035612535612539187,0.0,-0.0029936330536031175,-0.009752747252747329,-0.0013736263736263687
1961,molecular_biology_promoters,LR,hyperparameter,-0.01851851851851838,-0.0185439560439562,-0.01638176638176647,-0.0341117216117216,0.0
1962,molecular_biology_promoters,NB,hyperparameter,0.0,0.0,0.0,0.0,0.0
1963,molecular_biology_promoters,NB,hyperparameter,0.0,0.0,0.0,0.0,0.0
1964,molecular_biology_promoters,NB,hyperparameter,0.0,0.0,0.0,0.0,0.0
1965,molecular_biology_promoters,NB,hyperparameter,0.0,0.0,0.0,0.0,0.0
1966,molecular_biology_promoters,NB,hyperparameter,0.0,0.0,0.0,0.0,0.0
1967,molecular_biology_promoters,NB,hyperparameter,0.0,0.0,0.0,0.0,0.0
1968,molecular_biology_promoters,DT,hyperparameter,-0.008903133903133909,-0.009615384615384692,0.005384832385394556,-0.010046897546897582,0.0
1969,molecular_biology_promoters,DT,hyperparameter,-0.018874643874643993,-0.019917582417582347,-0.03309996455157738,-0.005534906270200368,-0.039835164835164916
1970,molecular_biology_promoters,DT,hyperparameter,0.0,0.0,0.0,0.0,0.0
1971,molecular_biology_promoters,DT,hyperparameter,-0.03703703703703709,-0.03434065934065933,-0.050601759559780635,-0.03035714285714275,-0.07005494505494503
1972,molecular_biology_promoters,DT,hyperparameter,0.0,0.0,0.0,0.0,-0.02060439560439553
1973,molecular_biology_promoters,DT,hyperparameter,-0.03739316239316248,-0.03777472527472525,-0.051028057399871596,-0.04126602564102577,-0.0755494505494505
1974,molecular_biology_promoters,RF,hyperparameter,-0.01887464387464377,-0.01854395604395609,-0.01846147074057325,-0.026051093514328882,-0.03708791208791207
1975,molecular_biology_promoters,RF,hyperparameter,-0.019230769230769384,-0.019230769230769162,-0.020740740740740837,-0.0029761904761905766,-0.03846153846153855
1976,molecular_biology_promoters,RF,hyperparameter,-0.038105413105413155,-0.038461538461538436,-0.040043728135932044,-0.038541666666666585,-0.03846153846153855
1977,molecular_biology_promoters,RF,hyperparameter,-0.0092592592592593,-0.008928571428571508,-0.006631299734748075,-0.048477564102563986,0.019230769230769384
1978,molecular_biology_promoters,RF,hyperparameter,0.0,0.0,0.0,0.0,0.0
1979,molecular_biology_promoters,RF,hyperparameter,-0.01887464387464388,-0.01854395604395609,-0.024318181818181794,-0.02430555555555558,-0.020604395604395753
1980,mfeat_fourier,KNN,hyperparameter,-0.010499999999999954,-0.010500000000000176,-0.010413892979633799,-0.010544950379342888,-0.010500000000000176
1981,mfeat_fourier,KNN,hyperparameter,-0.0035000000000000586,-0.0035000000000000586,-0.0032920381895542583,-0.0034816769186005736,-0.0035000000000000586
1982,mfeat_fourier,KNN,hyperparameter,-0.006000000000000005,-0.006000000000000005,-0.005911431403496481,-0.006152467979422593,-0.006000000000000005
1983,mfeat_fourier,KNN,hyperparameter,-0.0050000000000000044,-0.0050000000000001155,-0.0050710575349717235,-0.005871349262375092,-0.0050000000000001155
1984,mfeat_fourier,KNN,hyperparameter,-0.008499999999999952,-0.008500000000000063,-0.00896619098849094,-0.00988590263387723,-0.008500000000000063
1985,mfeat_fourier,KNN,hyperparameter,-0.007500000000000062,-0.007500000000000173,-0.00866902228860611,-0.006976064727969855,-0.007500000000000173
1986,mfeat_fourier,SVC,hyperparameter,0.0,0.0,0.0,0.0,0.0
1987,mfeat_fourier,SVC,hyperparameter,-0.007000000000000006,-0.006999999999999895,-0.007570102706370485,-0.007658528046399327,-0.006999999999999895
1988,mfeat_fourier,SVC,hyperparameter,-0.0015000000000000568,-0.0014999999999998348,-0.001596363146191715,-0.0015713900696227023,-0.0014999999999998348
1989,mfeat_fourier,SVC,hyperparameter,-0.0034999999999999476,-0.0035000000000000586,-0.002781246867922249,-0.003633910073301494,-0.0035000000000000586
1990,mfeat_fourier,SVC,hyperparameter,0.0010000000000000009,0.0009999999999998899,0.0012755995918170004,0.001622963182746906,0.0009999999999998899
1991,mfeat_fourier,SVC,hyperparameter,0.0015000000000000568,0.0015000000000000568,0.0015262090941655648,0.0015205844112249345,0.0015000000000000568
1992,mfeat_fourier,LR,hyperparameter,0.0,0.0,0.0,0.0,0.0
1993,mfeat_fourier,LR,hyperparameter,0.0,0.0,0.0,0.0,0.0
1994,mfeat_fourier,LR,hyperparameter,0.0,0.0,7.314429455906879e-05,0.0003264865493537439,0.0
1995,mfeat_fourier,LR,hyperparameter,-0.0010000000000000009,-0.0010000000000000009,-0.001029293100870854,-0.0007792618036435162,-0.0010000000000000009
1996,mfeat_fourier,LR,hyperparameter,0.0,0.0,-6.334630825222121e-06,-0.00044522771262056615,0.0
1997,mfeat_fourier,LR,hyperparameter,0.0,0.0,0.0,0.0,0.0
1998,mfeat_fourier,NB,hyperparameter,0.0,0.0,0.0,0.0,0.0
1999,mfeat_fourier,NB,hyperparameter,0.0,0.0,0.0,0.0,0.0
2000,mfeat_fourier,NB,hyperparameter,0.0,0.0,0.0,0.0,0.0
2001,mfeat_fourier,NB,hyperparameter,0.0,0.0,0.0,0.0,0.0
2002,mfeat_fourier,NB,hyperparameter,0.0,0.0,0.0,0.0,0.0
2003,mfeat_fourier,NB,hyperparameter,0.0,0.0,0.0,0.0,0.0
2004,mfeat_fourier,DT,hyperparameter,-0.010499999999999954,-0.010499999999999954,-0.007011130464222193,-0.012100922895150523,-0.010499999999999954
2005,mfeat_fourier,DT,hyperparameter,0.0,0.0,0.0008658496774996971,-0.0006186835974965055,0.0
2006,mfeat_fourier,DT,hyperparameter,-0.0035000000000000586,-0.0035000000000000586,-0.003311134685141104,-0.001959723278260328,-0.0035000000000000586
2007,mfeat_fourier,DT,hyperparameter,0.001000000000000112,0.001000000000000112,0.00310623534344745,-0.0039469296966304634,0.001000000000000112
2008,mfeat_fourier,DT,hyperparameter,-0.0044999999999999485,-0.0044999999999999485,-0.003067912094552927,-0.011198917693046373,-0.0044999999999999485
2009,mfeat_fourier,DT,hyperparameter,-0.0035000000000000586,-0.0035000000000000586,-0.003349045890782887,-0.004858964996654391,-0.0035000000000000586
2010,mfeat_fourier,RF,hyperparameter,-0.007500000000000062,-0.007500000000000173,-0.007460098574957219,-0.007393554108346301,-0.007500000000000173
2011,mfeat_fourier,RF,hyperparameter,-0.0024999999999999467,-0.0025000000000000577,-0.0024909414888540926,-0.0024600612552112544,-0.0025000000000000577
2012,mfeat_fourier,RF,hyperparameter,-0.0034999999999999476,-0.0035000000000000586,-0.0033585641806842537,-0.003984482293324487,-0.0035000000000000586
2013,mfeat_fourier,RF,hyperparameter,-0.006000000000000005,-0.006000000000000005,-0.006522212186950149,-0.00634841162514177,-0.006000000000000005
2014,mfeat_fourier,RF,hyperparameter,0.0004999999999999449,0.0004999999999999449,0.0005659103704719337,0.0005630436119253845,0.0004999999999999449
2015,mfeat_fourier,RF,hyperparameter,-0.0040000000000000036,-0.0039999999999998925,-0.0044504140257604075,-0.004617603840060047,-0.0039999999999998925
2016,analcatdata_authorship,KNN,hyperparameter,-0.0035657865041750503,-0.00676236868097313,-0.00470339704231959,-0.002430713233558812,-0.00676236868097313
2017,analcatdata_authorship,KNN,hyperparameter,-0.0023809523809522615,-0.0022980829666876534,-0.0022982795168393633,-0.0022650491400489914,-0.0022980829666876534
2018,analcatdata_authorship,KNN,hyperparameter,0.0,0.0,0.0,0.0,0.0
2019,analcatdata_authorship,KNN,hyperparameter,-0.004761904761904856,-0.006944614143981176,-0.0051910402854193904,-0.0032067242547425545,-0.006944614143981176
2020,analcatdata_authorship,KNN,hyperparameter,-0.0011848341232226778,-0.002029348322952762,-0.0014479393807850238,-0.0008445945945946276,-0.002029348322952762
2021,analcatdata_authorship,KNN,hyperparameter,-0.0011904761904761862,-0.0007911392405064444,-0.001116479976572382,-0.0014204545454545858,-0.0007911392405064444
2022,analcatdata_authorship,SVC,hyperparameter,-0.00595238095238082,-0.008398102516074202,-0.006337313790313992,-0.004083650501767622,-0.008398102516074202
2023,analcatdata_authorship,SVC,hyperparameter,-0.0023809523809524835,-0.005652286902287029,-0.0037386256417766273,-0.0015952932098766137,-0.005652286902287029
2024,analcatdata_authorship,SVC,hyperparameter,-0.003560144436921653,-0.006496881496881435,-0.004551955906886618,-0.0023781594094093306,-0.006496881496881435
2025,analcatdata_authorship,SVC,hyperparameter,-0.0023809523809522615,-0.005308880308880215,-0.0035533231898627893,-0.001689497716894861,-0.005308880308880215
2026,analcatdata_authorship,SVC,hyperparameter,-0.002375310313698753,-0.0022551598995426136,-0.0019412551820646717,-0.0016274607941275665,-0.0022551598995426136
2027,analcatdata_authorship,SVC,hyperparameter,0.0,0.0,0.0,0.0,0.0
2028,analcatdata_authorship,LR,hyperparameter,-0.005941096817873914,-0.004745377569744802,-0.00469479497896097,-0.004593856846608735,-0.004745377569744802
2029,analcatdata_authorship,LR,hyperparameter,0.0,0.0,0.0,0.0,0.0
2030,analcatdata_authorship,LR,hyperparameter,-0.005941096817874136,-0.005354271347242978,-0.004676238293884305,-0.0039297285335565535,-0.005354271347242978
2031,analcatdata_authorship,LR,hyperparameter,-0.002375310313698864,-0.001572389240506178,-0.0012939178447296529,-0.001038723382473128,-0.001572389240506178
2032,analcatdata_authorship,LR,hyperparameter,-0.0011904761904764083,-0.0007911392405062223,-0.0005389967052895628,-0.0008730675549057931,-0.0007911392405062223
2033,analcatdata_authorship,LR,hyperparameter,-0.0023809523809523725,-0.00163573383510085,-0.001960623998017219,-0.002231858054226321,-0.00163573383510085
2034,analcatdata_authorship,NB,hyperparameter,0.0,0.0,0.0,0.0,0.0
2035,analcatdata_authorship,NB,hyperparameter,0.0,0.0,0.0,0.0,0.0
2036,analcatdata_authorship,NB,hyperparameter,0.0,0.0,0.0,0.0,0.0
2037,analcatdata_authorship,NB,hyperparameter,0.0,0.0,0.0,0.0,0.0
2038,analcatdata_authorship,NB,hyperparameter,-0.0011848341232226778,-0.004807692307692402,-0.003202063740856964,-0.0014204545454543638,-0.004807692307692402
2039,analcatdata_authorship,NB,hyperparameter,0.0,0.0,0.0,0.0,0.0
2040,analcatdata_authorship,DT,hyperparameter,-0.0035545023696682554,-0.010083538789933955,-0.00778127995319966,-0.0047874262486996555,-0.010083538789933955
2041,analcatdata_authorship,DT,hyperparameter,0.0,-0.003117708050369372,-0.001796259139378753,-0.00494200473578521,-0.003117708050369372
2042,analcatdata_authorship,DT,hyperparameter,0.0,-0.0006623491315865815,0.002229806865137962,0.001448399273036749,-0.0006623491315865815
2043,analcatdata_authorship,DT,hyperparameter,-0.0011848341232227888,-0.0007812499999998446,-0.004198789698078964,-0.009437989909887645,-0.0007812499999998446
2044,analcatdata_authorship,DT,hyperparameter,0.0011904761904764083,0.00348283669504601,0.003864668647611591,0.0019210258010420311,0.00348283669504601
2045,analcatdata_authorship,DT,hyperparameter,-0.004739336492890711,-0.01590687606312624,-0.010809983947472457,-0.003984947035947206,-0.01590687606312624
2046,analcatdata_authorship,RF,hyperparameter,-0.0023809523809523725,-0.005255424954792032,-0.004346299835359946,-0.002887861694558347,-0.005255424954792032
2047,analcatdata_authorship,RF,hyperparameter,-0.0023809523809523725,-0.0046465311772936335,-0.0035407215653310287,-0.002253165815178426,-0.0046465311772936335
2048,analcatdata_authorship,RF,hyperparameter,-0.00475062062739795,-0.010459979209978987,-0.007859314630966008,-0.004406219182613635,-0.010459979209978987
2049,analcatdata_authorship,RF,hyperparameter,-0.0011904761904764083,0.0028285518791846265,0.0012509181203868014,-0.000853111814345997,0.0028285518791846265
2050,analcatdata_authorship,RF,hyperparameter,0.0,-0.003673146473779254,-0.0022216888230239817,-0.0006199836417191129,-0.003673146473779254
2051,analcatdata_authorship,RF,hyperparameter,-0.0023809523809523725,-0.004464285714285587,-0.0027078648833466223,-0.0015707766029895431,-0.004464285714285587
2052,tokyo1,KNN,hyperparameter,-0.0010460251046024993,-0.0020512646019744674,-0.0006058117125158358,-0.0045204071737152685,-0.004880740174857623
2053,tokyo1,KNN,hyperparameter,0.0010329497907949348,0.000839796685119687,0.0009541041140967987,-0.0013175465280763632,-0.003289194465665002
2054,tokyo1,KNN,hyperparameter,-0.009374999999999911,-0.012428193677898824,-0.006893348809844824,-0.011736886060349394,-0.0032679738562092497
2055,tokyo1,KNN,hyperparameter,-0.0062500000000002,-0.006185560905123233,-0.0052103886455644455,-0.0059862215074586445,-0.0065571683218741406
2056,tokyo1,KNN,hyperparameter,-0.004166666666666541,-0.0064170348706174,-0.0029388453129167713,-0.007599830227767557,-0.0048913504795858875
2057,tokyo1,KNN,hyperparameter,-0.008337691771269196,-0.008428725673642834,-0.006633779025653208,-0.004856670555786424,-0.008169934640522847
2058,tokyo1,SVC,hyperparameter,-0.006249999999999867,-0.0030425963488844854,-0.0055405418704557174,-0.0057678522618204164,-0.035937102113572594
2059,tokyo1,SVC,hyperparameter,0.0,0.0012395762902862595,-0.0002966772151899999,-0.00824961104040245,-0.02281215516509638
2060,tokyo1,SVC,hyperparameter,-0.003133716875871606,-0.0025231764110956734,-0.0029015509154000085,-0.007722117957932428,-0.03264790764790759
2061,tokyo1,SVC,hyperparameter,-0.0031250000000000444,-0.004298943217052487,-0.002218992762464178,-0.014387321962305855,-0.019607843137254832
2062,tokyo1,SVC,hyperparameter,-0.002083333333333437,-0.0029290524744318702,-0.0019482151835094053,-0.009406810152810086,-0.02770350564468227
2063,tokyo1,SVC,hyperparameter,-0.0031250000000001554,0.00013213530655387107,-0.00306222439980397,-0.009775010024504316,-0.029316271963330864
2064,tokyo1,LR,hyperparameter,-0.0010416666666668295,-0.001436781609195359,-0.000751644221735015,-0.0014698677119058257,0.0
2065,tokyo1,LR,hyperparameter,0.0,0.0,0.0,0.0,0.0
2066,tokyo1,LR,hyperparameter,0.0,0.0,0.0,0.0,0.0
2067,tokyo1,LR,hyperparameter,0.0,0.0,0.0,-0.001043318117116443,0.0
2068,tokyo1,LR,hyperparameter,-0.004166666666666652,-0.004507550146495398,-0.0031347962382443084,-0.003012048192771233,-0.0032679738562091387
2069,tokyo1,LR,hyperparameter,0.0,0.0,0.0,0.0,0.0
2070,tokyo1,NB,hyperparameter,-0.011458333333333348,-0.01308761943697545,-0.009563245986982771,-0.020578444930206996,-0.021125116713352154
2071,tokyo1,NB,hyperparameter,-0.004179741980474216,-0.008854711965707751,-0.002908509315387997,-0.021229258488793645,0.0
2072,tokyo1,NB,hyperparameter,-0.002083333333333437,-0.004948660589846554,-0.002065265208647582,-0.014677322924880665,-0.008169934640522847
2073,tokyo1,NB,hyperparameter,-0.0031250000000000444,-0.004017029887943724,-0.003037160058685928,-0.00990573497661451,-0.008201765554706753
2074,tokyo1,NB,hyperparameter,-0.008359483960948433,-0.010218570065142929,-0.007278634409863538,-0.01767379525199031,-0.017973856209150374
2075,tokyo1,NB,hyperparameter,-0.004175383542538436,-0.007945267606690343,-0.0034959678160707552,-0.017882817991354383,-0.011437908496731874
2076,tokyo1,DT,hyperparameter,0.0,0.0,0.0,-0.008749332365983298,0.0
2077,tokyo1,DT,hyperparameter,-0.006276150627614996,-0.0036289709682323368,-0.005314370447338179,0.002656304882332039,-0.013071895424836444
2078,tokyo1,DT,hyperparameter,-0.002083333333333326,-0.0016339869281044583,-0.0018422697961968382,-0.007863767455958404,-0.0032679738562090277
2079,tokyo1,DT,hyperparameter,0.004166666666666652,0.005172153427967396,0.003116577695917555,-0.0009976803940774381,0.0016233766233765268
2080,tokyo1,DT,hyperparameter,0.0031250000000001554,0.005493576741041228,0.0020307377477082333,-0.0033248121754800852,-0.0032467532467532756
2081,tokyo1,DT,hyperparameter,-0.0020702580195257614,-0.0072948227430750245,-0.0007936834924612279,-0.012500377668737572,0.0
2082,tokyo1,RF,hyperparameter,-0.0062500000000002,-0.007414526890681339,-0.004790401742030381,-0.0060232799772071965,-0.013071895424836777
2083,tokyo1,RF,hyperparameter,-0.005221408647140824,-0.005763833199679103,-0.004322638935324807,-0.005835864902636656,-0.011437908496731986
2084,tokyo1,RF,hyperparameter,-0.002083333333333326,-0.0028902699812884958,-0.0023323679437263767,-0.0031758256378585648,-0.013040064510652538
2085,tokyo1,RF,hyperparameter,-0.012504358437935958,-0.014762226729772787,-0.009550517911360745,-0.012065285593365949,-0.009772090654443621
2086,tokyo1,RF,hyperparameter,-0.010429741980474194,-0.013195858159063989,-0.00805064072237116,-0.012179188428180554,-0.01304006451065276
2087,tokyo1,RF,hyperparameter,-0.0010416666666666075,-0.00016988825128361196,-0.0009217271293375795,-0.005472423993297615,-0.0032467532467531646
2088,soybean,KNN,hyperparameter,-0.014836925894618158,-0.018198287220026366,-0.01406663720850121,-0.007331518771846124,-0.018198287220026366
2089,soybean,KNN,hyperparameter,0.0,-0.0021739130434782483,4.437136220081239e-05,0.004362750562700968,-0.0021739130434782483
2090,soybean,KNN,hyperparameter,-0.013313609467455523,-0.024368686868686873,-0.02042636089637362,-0.021011370316925793,-0.024368686868686873
2091,soybean,KNN,hyperparameter,-0.004464285714285698,-0.006159420289855166,-0.0027812210850891583,-0.00473490909478802,-0.006159420289855166
2092,soybean,KNN,hyperparameter,-0.00295857988165682,-0.0055830039525691655,-0.005594343778807964,-0.00584277081225959,-0.0055830039525691655
2093,soybean,KNN,hyperparameter,-0.010355029585798814,-0.008574879227053023,-0.0036485896279802033,-0.00034429006875258406,-0.008574879227053023
2094,soybean,SVC,hyperparameter,-0.011887151310228328,-0.004913263065437157,-0.008227186695971334,-0.008210823147032476,-0.004913263065437157
2095,soybean,SVC,hyperparameter,0.0,-0.004710144927536186,-0.0054503023690315455,-0.0035455441845969604,-0.004710144927536186
2096,soybean,SVC,hyperparameter,-0.007422865595942407,-0.008882301273605564,-0.007152094115597585,-0.012815674792452825,-0.008882301273605564
2097,soybean,SVC,hyperparameter,-0.002984995773457344,-0.0023935002195871746,-0.002574473789218379,-0.0029057248977195638,-0.0023935002195871746
2098,soybean,SVC,hyperparameter,-0.004437869822485174,-0.006159420289855166,-0.003858310065564252,0.001953805945351994,-0.006159420289855166
2099,soybean,SVC,hyperparameter,-0.005899549168779994,-0.00024154589371983004,-0.0013491382665785645,0.0001788348312562471,-0.00024154589371983004
2100,soybean,LR,hyperparameter,0.0014880952380952328,0.0018115942028984477,0.0016720564764659551,-0.0016530679678956606,0.0018115942028984477
2101,soybean,LR,hyperparameter,-0.010381445477599227,-0.007087176108915183,-0.006352921397576039,-0.005828015630357064,-0.007087176108915183
2102,soybean,LR,hyperparameter,0.002984995773457344,0.0012077294685991502,0.0012945528872629897,0.0021170715249662075,0.0012077294685991502
2103,soybean,LR,hyperparameter,-0.0014880952380951218,-0.002750329380763916,-0.003152045030006434,-0.007493369615856893,-0.002750329380763916
2104,soybean,LR,hyperparameter,-0.0014792899408284654,-0.007125603864734598,-0.004548792226905407,-0.00124300111525244,-0.007125603864734598
2105,soybean,LR,hyperparameter,-0.0014792899408284654,-0.002777777777777546,-0.0017038387319785464,-0.002330462569926195,-0.002777777777777546
2106,soybean,NB,hyperparameter,0.0,0.0,-0.0001248285287132056,0.0,0.0
2107,soybean,NB,hyperparameter,-0.0014792899408283544,-0.0006313131313131493,-0.0008270022158908263,-0.0006365740740739145,-0.0006313131313131493
2108,soybean,NB,hyperparameter,-0.004437869822485285,-0.0018939393939396698,-0.0024459479552214614,-0.0018345922677062143,-0.0018939393939396698
2109,soybean,NB,hyperparameter,-0.005943575655114053,-0.0024978041282387453,-0.0030640195146696136,-0.003468980184666459,-0.0024978041282387453
2110,soybean,NB,hyperparameter,-0.00591715976331364,-0.002525252525252819,-0.0033208159331628018,-0.0029922385620916314,-0.002525252525252819
2111,soybean,NB,hyperparameter,0.0014792899408283544,0.0006038647342996306,0.000842714196372607,0.0007275132275131879,0.0006038647342996306
2112,soybean,DT,hyperparameter,-0.002940969287123174,-0.006186868686868796,-0.0022024996529539376,0.0006792788510295855,-0.006186868686868796
2113,soybean,DT,hyperparameter,-0.00887573964497057,-0.0055006587615282765,-0.004833007950868939,-0.006648170080516325,-0.0055006587615282765
2114,soybean,DT,hyperparameter,-0.007396449704141994,-0.005193236714975846,-0.0032337379091920138,-0.004418956647217587,-0.005193236714975846
2115,soybean,DT,hyperparameter,-0.0029938010707240004,0.005610452349582795,0.002967987220514612,-0.00729047662169624,0.005610452349582795
2116,soybean,DT,hyperparameter,-0.007431670893209397,-0.008025911286780762,-0.006729201597409418,-0.0018054338169279927,-0.008025911286780762
2117,soybean,DT,hyperparameter,0.005917159763313751,-0.00027997364953880055,-0.0023745344395900148,-0.0015571707993203843,-0.00027997364953880055
2118,soybean,RF,hyperparameter,0.002958579881656709,-0.0019049187527450107,0.0003208647941813636,-0.0031550529610875344,-0.0019049187527450107
2119,soybean,RF,hyperparameter,8.805297266656353e-06,0.0008454106280192386,0.002237723178897255,0.0007913961860396279,0.0008454106280192386
2120,soybean,RF,hyperparameter,-0.005917159763313529,-0.006763285024154464,-0.004555295635693235,-0.004147642480975544,-0.006763285024154464
2121,soybean,RF,hyperparameter,-0.00445548041701882,-0.006214317083882204,-0.004637038270739358,-0.008136457953539566,-0.006214317083882204
2122,soybean,RF,hyperparameter,-0.007396449704141994,-0.005193236714975624,-0.005809547475612575,-0.007452547779366769,-0.005193236714975624
2123,soybean,RF,hyperparameter,-0.008866934347703581,-0.0018390425999121884,-0.0043933878122659475,-0.013064446902270821,-0.0018390425999121884
2124,mfeat_karhunen,KNN,hyperparameter,-0.0004999999999999449,-0.0004999999999999449,-0.0005641982915459698,-0.000443674229362756,-0.0004999999999999449
2125,mfeat_karhunen,KNN,hyperparameter,0.0,0.0,1.7529792035619884e-05,-4.408741000017091e-05,0.0
2126,mfeat_karhunen,KNN,hyperparameter,-0.0020000000000000018,-0.0020000000000000018,-0.002034715497864603,-0.0019215751085406296,-0.0020000000000000018
2127,mfeat_karhunen,KNN,hyperparameter,0.0,0.0,0.0,0.0,0.0
2128,mfeat_karhunen,KNN,hyperparameter,-0.0040000000000000036,-0.0040000000000000036,-0.004001536510231607,-0.003860952690360242,-0.0040000000000000036
2129,mfeat_karhunen,KNN,hyperparameter,0.0,0.0,0.0,0.0,0.0
2130,mfeat_karhunen,SVC,hyperparameter,-0.0010000000000000009,-0.0010000000000000009,-0.0009716894766401696,-0.0008714827811465709,-0.0010000000000000009
2131,mfeat_karhunen,SVC,hyperparameter,-0.0020000000000000018,-0.0020000000000000018,-0.002026200960360991,-0.002027823575003196,-0.0020000000000000018
2132,mfeat_karhunen,SVC,hyperparameter,-0.0020000000000000018,-0.0020000000000000018,-0.0020510778993045875,-0.001997068783972211,-0.0020000000000000018
2133,mfeat_karhunen,SVC,hyperparameter,-0.0010000000000000009,-0.0010000000000000009,-0.0009961655224216548,-0.0009571906854983769,-0.0010000000000000009
2134,mfeat_karhunen,SVC,hyperparameter,-0.0024999999999999467,-0.0024999999999999467,-0.002475157651033788,-0.002460441752092035,-0.0024999999999999467
2135,mfeat_karhunen,SVC,hyperparameter,-0.0014999999999999458,-0.0014999999999999458,-0.001523364811754191,-0.0014514642065002192,-0.0014999999999999458
2136,mfeat_karhunen,LR,hyperparameter,-0.0024999999999999467,-0.0024999999999999467,-0.0025230982937427537,-0.0024585001483016233,-0.0024999999999999467
2137,mfeat_karhunen,LR,hyperparameter,0.0030000000000000027,0.0030000000000000027,0.002926502082676974,0.0028938193347736174,0.0030000000000000027
2138,mfeat_karhunen,LR,hyperparameter,-0.0010000000000000009,-0.0010000000000000009,-0.0009563424996540393,-0.0005398835685510583,-0.0010000000000000009
2139,mfeat_karhunen,LR,hyperparameter,-0.0020000000000000018,-0.0020000000000000018,-0.002066816658115589,-0.0021194923448243363,-0.0020000000000000018
2140,mfeat_karhunen,LR,hyperparameter,-0.0030000000000000027,-0.0030000000000000027,-0.0030061413419918415,-0.002907151484878745,-0.0030000000000000027
2141,mfeat_karhunen,LR,hyperparameter,-0.0014999999999999458,-0.0014999999999999458,-0.0014626960195254224,-0.001382588528657136,-0.0014999999999999458
2142,mfeat_karhunen,NB,hyperparameter,0.0,0.0,0.0,0.0,0.0
2143,mfeat_karhunen,NB,hyperparameter,0.0,0.0,0.0,0.0,0.0
2144,mfeat_karhunen,NB,hyperparameter,0.0,0.0,0.0,0.0,0.0
2145,mfeat_karhunen,NB,hyperparameter,0.0,0.0,0.0,0.0,0.0
2146,mfeat_karhunen,NB,hyperparameter,0.0,0.0,0.0,0.0,0.0
2147,mfeat_karhunen,NB,hyperparameter,0.0,0.0,0.0,0.0,0.0
2148,mfeat_karhunen,DT,hyperparameter,-0.007999999999999896,-0.008000000000000007,-0.008542362221775623,-0.006423038096380673,-0.008000000000000007
2149,mfeat_karhunen,DT,hyperparameter,0.0004999999999999449,0.000500000000000056,0.00027507744139787516,-0.0007678425872246208,0.000500000000000056
2150,mfeat_karhunen,DT,hyperparameter,-0.000500000000000056,-0.0004999999999999449,-0.0003252586656617984,-0.0011008593176162762,-0.0004999999999999449
2151,mfeat_karhunen,DT,hyperparameter,-0.0025000000000000577,-0.0025000000000000577,-0.0031980367118393804,-0.002951152839530402,-0.0025000000000000577
2152,mfeat_karhunen,DT,hyperparameter,-0.0034999999999999476,-0.0034999999999998366,-0.003274851182698324,-0.0030927329173118245,-0.0034999999999998366
2153,mfeat_karhunen,DT,hyperparameter,-0.009500000000000064,-0.009500000000000064,-0.009461220914076307,-0.010349376043749525,-0.009500000000000064
2154,mfeat_karhunen,RF,hyperparameter,-0.0010000000000000009,-0.0010000000000000009,-0.0009754040225024019,-0.0009241466986728009,-0.0010000000000000009
2155,mfeat_karhunen,RF,hyperparameter,-0.0035000000000000586,-0.0035000000000000586,-0.003455951807046387,-0.0031975787344807882,-0.0035000000000000586
2156,mfeat_karhunen,RF,hyperparameter,0.0,0.0,-1.3522873060445306e-05,-0.00013864584295242288,0.0
2157,mfeat_karhunen,RF,hyperparameter,-0.005499999999999949,-0.005499999999999949,-0.005491172406689948,-0.005446661048702617,-0.005499999999999949
2158,mfeat_karhunen,RF,hyperparameter,-0.0010000000000000009,-0.0010000000000000009,-0.0009989319331770163,-0.0008561885361509924,-0.0010000000000000009
2159,mfeat_karhunen,RF,hyperparameter,-0.0024999999999999467,-0.0024999999999999467,-0.0024374313453312535,-0.0024101443523349975,-0.0024999999999999467
2160,GAMETES_Epistasis_2_Way_1000atts_0.4H_EDM_1_EDM_1_1,KNN,impute,0.0025000000000000577,0.0025000000000000577,0.005823421812382379,0.003743138200527074,0.008750000000000036
2161,GAMETES_Epistasis_2_Way_1000atts_0.4H_EDM_1_EDM_1_1,KNN,impute,-0.009374999999999911,-0.009374999999999911,-0.011876812794201885,-0.010694960250503649,-0.012500000000000011
2162,GAMETES_Epistasis_2_Way_1000atts_0.4H_EDM_1_EDM_1_1,KNN,impute,0.006249999999999978,0.006250000000000089,0.00593231810872219,0.0074079721781166175,0.00500000000000006
2163,GAMETES_Epistasis_2_Way_1000atts_0.4H_EDM_1_EDM_1_1,KNN,impute,-0.004375000000000129,-0.004375000000000018,-0.007393994356266309,-0.004134630596338451,-0.010000000000000009
2164,GAMETES_Epistasis_2_Way_1000atts_0.4H_EDM_1_EDM_1_1,KNN,impute,0.006250000000000089,0.006249999999999867,0.006364487526652307,0.007260168233275577,0.006249999999999978
2165,GAMETES_Epistasis_2_Way_1000atts_0.4H_EDM_1_EDM_1_1,KNN,impute,-0.00562499999999988,-0.00562499999999988,7.993719709181724e-05,-0.005500642867358296,0.0025000000000000577
2166,GAMETES_Epistasis_2_Way_1000atts_0.4H_EDM_1_EDM_1_1,SVC,impute,-0.004375000000000073,-0.004375000000000073,-0.004074434989728926,-0.004416268597303097,-0.00374999999999992
2167,GAMETES_Epistasis_2_Way_1000atts_0.4H_EDM_1_EDM_1_1,SVC,impute,0.005625000000000047,0.005624999999999936,0.008820415465226439,0.005972052586302179,0.011250000000000038
2168,GAMETES_Epistasis_2_Way_1000atts_0.4H_EDM_1_EDM_1_1,SVC,impute,0.0012499999999999734,0.0012499999999999734,-8.935901458817508e-05,0.0013792576396096656,-0.0012500000000000844
2169,GAMETES_Epistasis_2_Way_1000atts_0.4H_EDM_1_EDM_1_1,SVC,impute,-0.007500000000000007,-0.007500000000000007,-0.009039459225386848,-0.007800018016580423,-0.010000000000000009
2170,GAMETES_Epistasis_2_Way_1000atts_0.4H_EDM_1_EDM_1_1,SVC,impute,0.0006249999999998757,0.0006249999999999867,0.0014648797426407567,0.0005372668523374591,0.0024999999999999467
2171,GAMETES_Epistasis_2_Way_1000atts_0.4H_EDM_1_EDM_1_1,SVC,impute,-0.0024999999999999467,-0.0024999999999999467,-0.0037224999543978288,-0.0024926515563372664,-0.0050000000000000044
2172,GAMETES_Epistasis_2_Way_1000atts_0.4H_EDM_1_EDM_1_1,LR,impute,0.0018750000000000155,0.0018750000000000155,0.0009277435534140732,0.0018930657138230833,0.0
2173,GAMETES_Epistasis_2_Way_1000atts_0.4H_EDM_1_EDM_1_1,LR,impute,0.0006249999999999867,0.0006250000000000977,0.0017311396150164193,0.0008968981835690282,0.002499999999999891
2174,GAMETES_Epistasis_2_Way_1000atts_0.4H_EDM_1_EDM_1_1,LR,impute,0.0,0.0,0.0015479568890248707,-0.00045355946226854904,0.003750000000000031
2175,GAMETES_Epistasis_2_Way_1000atts_0.4H_EDM_1_EDM_1_1,LR,impute,-0.0012500000000000289,-0.0012500000000000289,-0.0007079740248489008,-0.0015204957897251847,0.0
2176,GAMETES_Epistasis_2_Way_1000atts_0.4H_EDM_1_EDM_1_1,LR,impute,-0.006249999999999978,-0.006249999999999978,-0.004448430387202662,-0.006409771984900781,-0.0024999999999999467
2177,GAMETES_Epistasis_2_Way_1000atts_0.4H_EDM_1_EDM_1_1,LR,impute,-0.005624999999999991,-0.005624999999999991,-0.006614095965999489,-0.005642346469369064,-0.007500000000000007
2178,GAMETES_Epistasis_2_Way_1000atts_0.4H_EDM_1_EDM_1_1,NB,impute,-1.1102230246251565e-16,-1.1102230246251565e-16,-0.0012074214720834142,0.00016178903530639221,-0.0025000000000000022
2179,GAMETES_Epistasis_2_Way_1000atts_0.4H_EDM_1_EDM_1_1,NB,impute,0.0,0.0,-0.0012090836068389121,6.923537372904853e-05,-0.0025000000000000577
2180,GAMETES_Epistasis_2_Way_1000atts_0.4H_EDM_1_EDM_1_1,NB,impute,0.001875000000000071,0.001875000000000071,0.0009610462702434042,0.00184559748061075,0.0
2181,GAMETES_Epistasis_2_Way_1000atts_0.4H_EDM_1_EDM_1_1,NB,impute,0.00187499999999996,0.00187499999999996,0.002169330790528279,0.0016770587360114275,0.0025000000000000577
2182,GAMETES_Epistasis_2_Way_1000atts_0.4H_EDM_1_EDM_1_1,NB,impute,-0.0006249999999999867,-0.0006249999999999867,0.000356851533112712,-0.0007525801447288982,0.0012500000000000844
2183,GAMETES_Epistasis_2_Way_1000atts_0.4H_EDM_1_EDM_1_1,NB,impute,0.0006249999999999867,0.0006249999999999867,-0.0008147191088622718,0.0006910362731549213,-0.0025000000000000022
2184,GAMETES_Epistasis_2_Way_1000atts_0.4H_EDM_1_EDM_1_1,DT,impute,-0.0006249999999998757,-0.0006249999999999867,-0.004770360986431577,-0.0011738679094397408,-0.008750000000000036
2185,GAMETES_Epistasis_2_Way_1000atts_0.4H_EDM_1_EDM_1_1,DT,impute,-0.010625000000000107,-0.010624999999999996,-0.008690765118785526,-0.01135550261049828,-0.007499999999999951
2186,GAMETES_Epistasis_2_Way_1000atts_0.4H_EDM_1_EDM_1_1,DT,impute,-0.0006249999999999867,-0.0006249999999999867,0.021065703326487273,-4.616853991468162e-05,0.041250000000000064
2187,GAMETES_Epistasis_2_Way_1000atts_0.4H_EDM_1_EDM_1_1,DT,impute,0.0024999999999999467,0.0024999999999999467,0.007522549167910952,0.0022966497273446684,0.012500000000000067
2188,GAMETES_Epistasis_2_Way_1000atts_0.4H_EDM_1_EDM_1_1,DT,impute,0.003750000000000031,0.003750000000000031,0.006704017479383817,0.0033927201140909746,0.007500000000000118
2189,GAMETES_Epistasis_2_Way_1000atts_0.4H_EDM_1_EDM_1_1,DT,impute,0.016249999999999987,0.016249999999999987,0.035569892194210584,0.017655650361225572,0.0525000000000001
2190,GAMETES_Epistasis_2_Way_1000atts_0.4H_EDM_1_EDM_1_1,RF,impute,0.0012500000000000844,0.0012500000000000844,0.014248398241961224,0.00237112110585852,0.023749999999999993
2191,GAMETES_Epistasis_2_Way_1000atts_0.4H_EDM_1_EDM_1_1,RF,impute,0.02062500000000006,0.02062500000000006,0.014810196907200923,0.022582200717944756,0.007499999999999951
2192,GAMETES_Epistasis_2_Way_1000atts_0.4H_EDM_1_EDM_1_1,RF,impute,0.01749999999999996,0.01749999999999996,-0.0009695719119787172,0.01847660670126322,-0.017500000000000016
2193,GAMETES_Epistasis_2_Way_1000atts_0.4H_EDM_1_EDM_1_1,RF,impute,0.0006250000000000977,0.0006250000000000977,0.00041789563125871343,-0.00019985333462324562,0.0012500000000000289
2194,GAMETES_Epistasis_2_Way_1000atts_0.4H_EDM_1_EDM_1_1,RF,impute,0.0031250000000001,0.003124999999999989,0.003651408869345618,0.0037886822350826077,0.0037499999999999756
2195,GAMETES_Epistasis_2_Way_1000atts_0.4H_EDM_1_EDM_1_1,RF,impute,0.03375,0.03375000000000011,0.03308473858927863,0.036202978370262984,0.030000000000000027
2196,agaricus_lepiota,KNN,impute,0.0,0.0,0.0,0.0,0.0
2197,agaricus_lepiota,KNN,impute,0.0,0.0,0.0,0.0,0.0
2198,agaricus_lepiota,KNN,impute,0.0,0.0,0.0,0.0,0.0
2199,agaricus_lepiota,KNN,impute,0.0,0.0,0.0,0.0,0.0
2200,agaricus_lepiota,KNN,impute,0.0,0.0,0.0,0.0,0.0
2201,agaricus_lepiota,KNN,impute,0.0,0.0,0.0,0.0,0.0
2202,agaricus_lepiota,SVC,impute,0.0001227897838900205,0.0001276813074564398,0.00012838121948532955,5.065640570456331e-06,0.00025536261491321266
2203,agaricus_lepiota,SVC,impute,6.027971721778158e-08,-9.291796188581891e-06,-3.0911014184953345e-06,0.000243357327481597,-0.00025510204081635734
2204,agaricus_lepiota,SVC,impute,-0.00036848991110416396,-0.0003833044964666188,-0.00038564446119260243,-1.816545322619323e-05,-0.0007666089929332376
2205,agaricus_lepiota,SVC,impute,-0.00012278978388979844,-0.00012768130745677286,-0.00012849999463004913,-6.519545597716281e-06,-0.00025536261491321266
2206,agaricus_lepiota,SVC,impute,0.0,0.0,0.0,0.0,0.0
2207,agaricus_lepiota,SVC,impute,0.0,0.0,0.0,0.0,0.0
2208,agaricus_lepiota,LR,impute,-0.0001227295041728027,-0.00012755102040795663,-0.00013238737009002577,-1.1769136616379683e-05,-0.0002551020408162463
2209,agaricus_lepiota,LR,impute,-0.0001227897838900205,-0.00011825922421937474,-0.00012103250793837894,-0.00023950322231414134,0.0
2210,agaricus_lepiota,LR,impute,0.0001227295041728027,0.00012755102040817867,0.00013518612841290079,9.796216918767087e-06,0.00025510204081635734
2211,agaricus_lepiota,LR,impute,0.00012278978388990947,0.00012768130745655082,0.00013433503236182087,1.0661071735973415e-05,0.0002553626149129906
2212,agaricus_lepiota,LR,impute,0.0,0.0,0.0,0.0,0.0
2213,agaricus_lepiota,LR,impute,0.0,0.0,0.0,0.0,0.0
2214,agaricus_lepiota,NB,impute,-0.00036836935167006146,-0.0003830439223697635,-0.0004150628132740808,-6.92994239526179e-05,-0.000766087844739638
2215,agaricus_lepiota,NB,impute,-0.0002455192880628232,-0.00023651844843897152,-0.00022933407213299173,-0.0004453414808825995,0.0
2216,agaricus_lepiota,NB,impute,0.0001226089447385892,0.00012768130745655082,0.00013459142072036467,2.4742719678005898e-05,0.00025536261491321266
2217,agaricus_lepiota,NB,impute,-0.0008594079277955968,-0.0008372366527735764,-0.0008388069388368669,-0.0014124654289912053,-0.0002553626149129906
2218,agaricus_lepiota,NB,impute,-0.0003683693516698394,-0.00036419975589563336,-0.00036660773983354655,-0.00047572814791740914,-0.0002553626149129906
2219,agaricus_lepiota,NB,impute,0.0004910385761257574,0.00047303689687794304,0.0004679260870548152,0.0009315924577809609,0.0
2220,agaricus_lepiota,DT,impute,0.0,0.0,0.0,0.0,0.0
2221,agaricus_lepiota,DT,impute,0.0,0.0,0.0,0.0,0.0
2222,agaricus_lepiota,DT,impute,0.0,0.0,0.0,0.0,0.0
2223,agaricus_lepiota,DT,impute,0.0,0.0,0.0,0.0,0.0
2224,agaricus_lepiota,DT,impute,0.0,0.0,0.0,0.0,0.0
2225,agaricus_lepiota,DT,impute,0.0,0.0,0.0,0.0,0.0
2226,agaricus_lepiota,RF,impute,0.0,0.0,0.0,0.0,0.0
2227,agaricus_lepiota,RF,impute,0.0,0.0,0.0,0.0,0.0
2228,agaricus_lepiota,RF,impute,0.0,0.0,0.0,0.0,0.0
2229,agaricus_lepiota,RF,impute,0.0,0.0,0.0,0.0,0.0
2230,agaricus_lepiota,RF,impute,0.0,0.0,0.0,0.0,0.0
2231,agaricus_lepiota,RF,impute,0.0,0.0,0.0,0.0,0.0
2232,mushroom,KNN,impute,-0.0001230920728707563,-0.0001276813074564398,-0.00012774655084313302,0.0,-0.00025536261491321266
2233,mushroom,KNN,impute,-0.0001230920728707563,-0.0001276813074564398,-0.00012787717103812657,0.0,-0.00025536261491321266
2234,mushroom,KNN,impute,-0.0001230920728707563,-0.0001276813074564398,-0.00012774655084313302,0.0,-0.00025536261491321266
2235,mushroom,KNN,impute,-0.0001230920728707563,-0.0001276813074564398,-0.00012787717103812657,0.0,-0.00025536261491321266
2236,mushroom,KNN,impute,0.0,0.0,0.0,0.0,0.0
2237,mushroom,KNN,impute,-0.0001230920728707563,-0.0001276813074564398,-0.00012774655084313302,0.0,-0.00025536261491321266
2238,mushroom,SVC,impute,0.0,0.0,0.0,0.0,0.0
2239,mushroom,SVC,impute,0.00012309207287064527,0.00012768130745677286,0.00013262123901480738,7.196223421934711e-06,0.00025536261491321266
2240,mushroom,SVC,impute,-0.0001230920728707563,-0.00011882129277573927,-0.000125089245346377,-0.00025421939564718166,0.0
2241,mushroom,SVC,impute,0.0,0.0,0.0,0.0,0.0
2242,mushroom,SVC,impute,-0.00012309207287064527,-0.00011882129277562825,-0.0001252354928735766,-0.00025345705812485075,0.0
2243,mushroom,SVC,impute,0.0,8.860014680811545e-06,7.927511599392645e-06,-0.0002454350622783652,0.00025536261491321266
2244,mushroom,LR,impute,0.00012309207287064527,0.00012768130745632877,0.00013504039261302836,1.0276024844158016e-05,0.0002553626149129906
2245,mushroom,LR,impute,2.220446049250313e-16,0.0,8.596281110273551e-07,4.684828804446539e-06,0.0
2246,mushroom,LR,impute,-0.000492368291482137,-0.0005018652151453917,-0.0005322804893306277,-0.00027761703850881503,-0.000766087844739638
2247,mushroom,LR,impute,-0.00036927621861160276,-0.0003741839076888409,-0.00039754891818222227,-0.00027734149219438287,-0.0005107252298264253
2248,mushroom,LR,impute,0.0,0.0,0.0,0.0,0.0
2249,mushroom,LR,impute,0.0006154603643524492,0.0006029664785592859,0.000626491918367611,0.001015925799985662,0.00025536261491321266
2250,mushroom,NB,impute,0.0,0.0,0.0,0.0,0.0
2251,mushroom,NB,impute,0.0,0.0,0.0,0.0,0.0
2252,mushroom,NB,impute,-0.00012309207287042323,-0.0001099612780948167,-6.709623958056632e-05,-0.0003549862270704196,0.00025536261491321266
2253,mushroom,NB,impute,0.0,0.0,0.0,0.0,0.0
2254,mushroom,NB,impute,0.00012309207287053425,0.00012768130745655082,0.00014551275999064028,3.6884569353357044e-05,0.00025536261491310164
2255,mushroom,NB,impute,-0.0002461841457409575,-0.0002376425855512565,-0.00021004631216670067,-0.00039058944893410885,0.0
2256,mushroom,DT,impute,0.0,0.0,0.0,0.0,0.0
2257,mushroom,DT,impute,0.0,0.0,0.0,0.0,0.0
2258,mushroom,DT,impute,0.0,0.0,0.0,0.0,0.0
2259,mushroom,DT,impute,0.0,0.0,0.0,0.0,0.0
2260,mushroom,DT,impute,0.0,0.0,0.0,0.0,0.0
2261,mushroom,DT,impute,-0.00012309207287042323,-0.00012768130745677286,-0.00012774655084324404,0.0,-0.00025536261491321266
2262,mushroom,RF,impute,0.0,0.0,0.0,0.0,0.0
2263,mushroom,RF,impute,0.0,0.0,0.0,0.0,0.0
2264,mushroom,RF,impute,0.0,0.0,0.0,0.0,0.0
2265,mushroom,RF,impute,0.0,0.0,0.0,0.0,0.0
2266,mushroom,RF,impute,0.0,0.0,0.0,0.0,0.0
2267,mushroom,RF,impute,0.0,0.0,0.0,0.0,0.0
2268,ring,KNN,impute,-0.0013513513513514486,-0.0013646288209606672,-0.0007709254326224713,-0.0010010760339809188,0.0
2269,ring,KNN,impute,-0.00108108108108107,-0.0010917030567686448,-0.0006187135694980528,-0.0008050634330887263,0.0
2270,ring,KNN,impute,0.000540540540540424,0.0005458515283843779,0.0003179437711116062,0.0004205531053754763,0.0
2271,ring,KNN,impute,-0.0017567567567566833,-0.0017740174672489228,-0.001013946484973438,-0.0013261669317936597,0.0
2272,ring,KNN,impute,0.0001351351351353003,0.0001364628820960112,7.218028975419788e-05,8.981820995779266e-05,0.0
2273,ring,KNN,impute,-0.002027027027026951,-0.0020469432314411673,-0.0011628693878296126,-0.0015152554680352148,0.0
2274,ring,SVC,impute,0.0006756756756757243,0.0006639050709256189,0.0008478416827156776,0.00010172088210791408,0.0018736616702355047
2275,ring,SVC,impute,-0.0006756756756757243,-0.0006770545991789945,-0.000609176843680892,-0.0006448573780138966,-0.0005353319057815886
2276,ring,SVC,impute,0.001081081081080959,0.0010969628680700394,0.0006672115177022153,0.0015004253711364823,-0.0005353319057814776
2277,ring,SVC,impute,0.00027027027027037853,0.0002834453867948117,-1.739458274341299e-05,0.0007476159743926569,-0.0010706638115630662
2278,ring,SVC,impute,0.0012162162162161483,0.0012176463162619777,0.0010786009734085056,0.0010762093123485306,0.0010706638115631772
2279,ring,SVC,impute,-0.0012162162162160373,-0.0011966070710565102,-0.0015065626805085275,-0.0002557755812633289,-0.0032119914346895317
2280,ring,LR,impute,0.0008108108108106915,0.0008056277643230247,0.0008890167873559784,0.0005002238034028661,0.001338329764453805
2281,ring,LR,impute,-1.1102230246251565e-16,-1.1102230246251565e-16,-5.750499543211163e-06,8.76326381382686e-06,0.0
2282,ring,LR,impute,0.000540540540540424,0.0005405917170828722,0.0005185543069717857,0.0004955161906925465,0.0005353319057815886
2283,ring,LR,impute,-0.0006756756756757243,-0.0006691648822270135,-0.0007899652083113162,-0.0003339461999825044,-0.001338329764453916
2284,ring,LR,impute,0.0009459459459459918,0.0009552401746724115,0.0006897563433088116,0.001283732271885385,0.0
2285,ring,LR,impute,-0.0009459459459461028,-0.000942090646419147,-0.0009861369768463524,-0.0006916342187728297,-0.001338329764453916
2286,ring,NB,impute,0.0,0.0,0.0,0.0,0.0
2287,ring,NB,impute,0.00040540540540534575,0.00040412883498686103,0.0004005733404411904,0.0002687900673038479,0.0005353319057816996
2288,ring,NB,impute,0.0,0.0,0.0,0.0,0.0
2289,ring,NB,impute,0.0002702702702701565,0.0002676659528906278,0.0002707613864019187,1.336049035860487e-05,0.0005353319057816996
2290,ring,NB,impute,0.00013513513513507824,0.00013646288209612223,0.00013120113717135506,0.00026031619251309923,0.0
2291,ring,NB,impute,0.0001351351351348562,0.0001338329764453139,0.00013530395756566893,7.21039035678217e-06,0.0002676659528907388
2292,ring,DT,impute,-0.0018918918918918726,-0.0019209999719476123,-0.0014716486986255939,-0.003860752956211244,0.0010706638115632883
2293,ring,DT,impute,-0.002162162162162251,-0.002196555641790443,-0.001721882065416458,-0.004680237433684509,0.001338329764453916
2294,ring,DT,impute,-0.00013513513513518927,-0.00011016382558926008,-0.00045816183665814414,0.001706495684490883,-0.002676659528907832
2295,ring,DT,impute,-0.001081081081081181,-0.0010811834341659665,-0.0010471729047802913,-0.0009790463238550373,-0.0010706638115631772
2296,ring,DT,impute,-0.0006756756756757243,-0.0006507555426723544,-0.0010216022565601168,0.0012030863690283278,-0.0032119914346895317
2297,ring,DT,impute,0.0022972972972973293,0.0023172390899826034,0.002030542530795043,0.0037963237804122807,0.0002676659528908498
2298,ring,RF,impute,0.001621621621621605,0.0016191452455984745,0.0016538398553992417,0.0014095246931994376,0.0018736616702356157
2299,ring,RF,impute,-0.001621621621621605,-0.0016112555286459385,-0.0017166943559144832,-0.000584945925227176,-0.002676659528907943
2300,ring,RF,impute,-0.0004054054054051237,-0.00040412883498675,-0.0004263779931820144,-0.000287355562028746,-0.0005353319057815886
2301,ring,RF,impute,-0.0013513513513511155,-0.0013435895757551997,-0.0014101464459311819,-0.0005925366048515901,-0.0021413276231262435
2302,ring,RF,impute,0.001621621621621605,0.0016059957173445438,0.0017433375556452635,0.000108731119616845,0.0032119914346895317
2303,ring,RF,impute,0.0017567567567567943,0.0017450885050913634,0.0018462842014851377,0.0006519145049798114,0.002944325481798793
2304,twonorm,KNN,impute,-0.0002702702702702675,-0.00027012465187403745,-0.00026405395752404637,-0.0005246286731274141,-2.925002927645082e-07
2305,twonorm,KNN,impute,0.00013513513513518927,0.00013498856911353663,0.00012865434141340337,0.0002555004001315586,-5.850005848628825e-07
2306,twonorm,KNN,impute,0.0013513513513512265,0.0013519369836864081,0.001372915608544023,0.0008524257223508913,0.0018936468936467943
2307,twonorm,KNN,impute,0.00027027027027037853,0.0002710005733762566,0.0002791839353454284,1.0641770958441654e-05,0.00054112554112562
2308,twonorm,KNN,impute,0.0004054054054055678,0.0004062825904079803,0.00042744677339234816,-0.0002470206140796627,0.0010825435825434493
2309,twonorm,KNN,impute,0.0004054054054054568,0.00040496760259156606,0.00038566789329841367,0.0007745359689546039,-2.220446049250313e-16
2310,twonorm,SVC,impute,0.00040540540540523473,0.0004055516555515615,0.0003989014897940457,0.0005163513553889665,0.00027056277056281
2311,twonorm,SVC,impute,0.00013513513513496722,0.0001361579385336098,0.0001551825039475263,-0.0007787218047932143,0.00108225108225124
2312,twonorm,SVC,impute,0.0004054054054055678,0.0004054060371556645,0.000407678240235243,0.00026095121776881225,0.00054112554112562
2313,twonorm,SVC,impute,-0.00040540540540523473,-0.000405113536863011,-0.0003910739783647976,-0.0010597942787693437,0.0002702702702701565
2314,twonorm,SVC,impute,-0.0006756756756759463,-0.0006762606762608092,-0.0006882850840723709,-0.0002768793472308628,-0.0010822510822510178
2315,twonorm,SVC,impute,0.0005405405405407571,0.0005408333567079593,0.0005550040109195686,0.0002944649191901627,0.0008116883116882079
2316,twonorm,LR,impute,0.000540540540540646,0.0005408333567079593,0.0005505675108989916,0.0002848452330224127,0.0008116883116882079
2317,twonorm,LR,impute,-0.00027027027027037853,-0.0002698324674568209,-0.00026539965897076634,-0.00053429519553716,0.0
2318,twonorm,LR,impute,0.0,-4.384345635433107e-07,-8.833831667942604e-06,0.00025604868068385134,-0.0002708552708552414
2319,twonorm,LR,impute,0.00013513513513507824,0.0001348432665928545,0.00013172523375837297,0.00025985433093067556,0.0
2320,twonorm,LR,impute,-0.0002702702702701565,-0.0002701243359989336,-0.0002635464019996592,-0.0005268094522955513,0.0
2321,twonorm,LR,impute,-0.0002702702702702675,-0.0002699780858528289,-0.00025839109342817856,-0.0007897038458416494,0.00027056277056281
2322,twonorm,NB,impute,-0.0002702702702702675,-0.0002704165204163722,-0.00027640793923955354,-1.2512761096150626e-05,-0.0005408330408330775
2323,twonorm,NB,impute,0.0,4.3811868866150405e-07,7.374994188347195e-06,-0.00025986299794977796,0.00027056277056281
2324,twonorm,NB,impute,-0.0002702702702701565,-0.00027056277056281,-0.00027998450355881666,-1.6303342270762577e-05,-0.00054112554112562
2325,twonorm,NB,impute,-0.00013513513513518927,-0.00013557356969873258,-0.0001384118894312003,-8.707270793828492e-06,-0.0002708552708552414
2326,twonorm,NB,impute,0.0,4.384345637653553e-07,1.4594324287631188e-05,-0.000521336778689041,0.00054112554112562
2327,twonorm,NB,impute,-0.00013513513513496722,-0.00013528138528162703,-0.00013732601037053094,1.6365208037605328e-06,-0.00027056277056281
2328,twonorm,DT,impute,-0.0002702702702702675,-0.00027144500956599593,-0.0007138104026216396,0.001482284948005952,-0.002979700479700531
2329,twonorm,DT,impute,-0.006891891891891877,-0.006887809206923556,-0.005490362800189441,-0.01240536579336482,0.001618404118404082
2330,twonorm,DT,impute,0.002567567567567597,0.002562603275346298,0.0017085438480516357,0.006900902919044327,-0.003786123786123863
2331,twonorm,DT,impute,-0.00878378378378375,-0.008779990124482606,-0.008739953095034503,-0.008834754013873125,-0.008919503919503913
2332,twonorm,DT,impute,-0.003648648648648556,-0.003638865682602188,-0.0029925637523250392,-0.0070578777833961714,0.0008157833157832473
2333,twonorm,DT,impute,0.0002702702702701565,0.00027406835182208766,0.0015242093212283203,-0.005879942307192687,0.008922428922428893
2334,twonorm,RF,impute,0.002162162162162029,0.0021623106234337497,0.0021778931171870797,0.0019169835398296087,0.0024347724347726363
2335,twonorm,RF,impute,0.003243243243243432,0.0032414939272389365,0.003215319609226497,0.004811849351034403,0.0016233766233765268
2336,twonorm,RF,impute,0.0012162162162161483,0.001217386217385985,0.0012867449969540257,-0.0006801933138087524,0.003245583245583439
2337,twonorm,RF,impute,0.000540540540540424,0.0005396646190383159,0.0005315922584976374,0.0008006279203796041,0.00026997776997783607
2338,twonorm,RF,impute,0.0008108108108108025,0.0008111036269783378,0.0008030720696919902,0.00139638051892077,0.0002711477711480059
2339,twonorm,RF,impute,0.00013513513513518927,0.0001344045161539853,0.00012003630748036453,0.00025301493682616805,-8.775008776273907e-07
2340,clean1,KNN,impute,0.0,0.0,0.0,0.0,0.0
2341,clean1,KNN,impute,0.0021008403361344463,0.001865671641791078,0.0021201107649705397,0.003977272727272663,0.0
2342,clean1,KNN,impute,0.0,0.0,0.0,0.0,0.0
2343,clean1,KNN,impute,0.0,0.0,0.0,0.0,0.0
2344,clean1,KNN,impute,-0.0021008403361344463,-0.001865671641791078,-0.0020387359836900876,-0.003759398496240518,0.0
2345,clean1,KNN,impute,0.0,0.0,0.0,0.0,0.0
2346,clean1,SVC,impute,0.0,0.0,0.0,0.0,0.0
2347,clean1,SVC,impute,0.0,0.0,0.0,0.0,0.0
2348,clean1,SVC,impute,0.0,0.0,0.0,0.0,0.0
2349,clean1,SVC,impute,0.0,0.0,0.0,0.0,0.0
2350,clean1,SVC,impute,0.0,0.0,0.0,0.0,0.0
2351,clean1,SVC,impute,0.0,0.0,0.0,0.0,0.0
2352,clean1,LR,impute,0.0,0.0,0.0,0.0,0.0
2353,clean1,LR,impute,-0.0021008403361343353,-0.001865671641791189,-0.0023809523809524835,-0.004716981132075637,0.0
2354,clean1,LR,impute,0.0,0.0,0.0,0.0,0.0
2355,clean1,LR,impute,0.0,0.0,0.0,0.0,0.0
2356,clean1,LR,impute,0.0,0.0,0.0,0.0,0.0
2357,clean1,LR,impute,0.0,0.0,0.0,0.0,0.0
2358,clean1,NB,impute,0.0,0.0,0.0,0.0,0.0
2359,clean1,NB,impute,0.0,0.0,0.0,0.0,0.0
2360,clean1,NB,impute,0.0,0.0,0.0,0.0,0.0
2361,clean1,NB,impute,0.0,0.0,0.0,0.0,0.0
2362,clean1,NB,impute,-0.006302521008403339,-0.006135189437428301,-0.006426598147635021,-0.007958515977383951,-0.004807692307692291
2363,clean1,NB,impute,0.0,0.0,0.0,0.0,0.0
2364,clean1,DT,impute,0.0,0.0,0.0,0.0,0.0
2365,clean1,DT,impute,0.0,0.0,0.0,0.0,0.0
2366,clean1,DT,impute,0.0,0.0,0.0,0.0,0.0
2367,clean1,DT,impute,0.0,0.0,0.0,0.0,0.0
2368,clean1,DT,impute,0.0,0.0,0.0,0.0,0.0
2369,clean1,DT,impute,0.0,0.0,0.0,0.0,0.0
2370,clean1,RF,impute,0.006302521008403339,0.006673363949483591,0.007379510489190388,0.004716981132075637,0.00961538461538436
2371,clean1,RF,impute,-0.0021008403361345573,-0.0018382352941175295,-0.00242424242424244,-0.00510204081632637,0.0
2372,clean1,RF,impute,0.004201680672269004,0.004807692307692291,0.0049930651872398535,0.0003699593044763638,0.00961538461538436
2373,clean1,RF,impute,0.0,0.0,0.0,0.0,0.0
2374,clean1,RF,impute,0.0,0.0,0.0,0.0,0.0
2375,clean1,RF,impute,-0.004201680672269004,-0.004269517795637223,-0.004901960784313819,-0.0050000000000000044,-0.00480769230769218
2376,dna,KNN,impute,-0.008789241061013975,-0.008440148866465602,-0.008704189113487026,-0.007809098145822091,-0.008440148866465602
2377,dna,KNN,impute,-2.3643941160500503e-06,4.380286537153388e-06,-0.00014565754509554552,6.23588582620016e-05,4.380286537153388e-06
2378,dna,KNN,impute,-0.004394620530506987,-0.003988714788961678,-0.00435157357878635,-0.0038372654779371684,-0.003988714788961678
2379,dna,KNN,impute,-0.005649719740484005,-0.0033917526481564986,-0.0049725795197009814,-0.004277978456119325,-0.0033917526481564986
2380,dna,KNN,impute,-0.007533353719664904,-0.0048413112367360345,-0.0067101975100447575,-0.0052959822094759135,-0.0048413112367360345
2381,dna,KNN,impute,-0.005336831585783353,-0.0024932205658318995,-0.004569450569657407,-0.003333686118199286,-0.0024932205658318995
2382,dna,SVC,impute,0.0,0.0002367969457579555,0.00035348761488995795,0.00034792356527280077,0.0002367969457579555
2383,dna,SVC,impute,-0.0009433932523343902,-0.0006153912249585725,-0.0009500815557798026,-0.0014320307838450175,-0.0006153912249585725
2384,dna,SVC,impute,-0.0012550992099770175,-0.00032879931007001595,-0.001048513814324803,-0.001920776508926747,-0.00032879931007001595
2385,dna,SVC,impute,0.002824662837399128,0.0036671806574998245,0.003398755523113528,0.003217065404572894,0.0036671806574998245
2386,dna,SVC,impute,1.1821970580250252e-06,-0.0002408543585044054,0.00044794175448192863,0.0007782196123823359,-0.0002408543585044054
2387,dna,SVC,impute,-0.00439343833344874,-0.006563129780120636,-0.0055408699403109996,-0.004670108474731038,-0.006563129780120636
2388,dna,LR,impute,-0.0015699576931079706,-0.002184260650080594,-0.0014785247867233897,-0.0007852952020739323,-0.002184260650080594
2389,dna,LR,impute,-0.00031367628607281706,-0.0009035642565468072,-0.0005163669381641478,-0.00018051022719112186,-0.0009035642565468072
2390,dna,LR,impute,0.002511380617012171,0.003485856602675974,0.002976124214496001,0.002603525381266625,0.003485856602675974
2391,dna,LR,impute,0.0006261703750876091,0.0015670844091180136,0.0008266169843084148,0.00012756560388560434,0.0015670844091180136
2392,dna,LR,impute,-0.0021980983966255474,-0.002585052123609155,-0.0027339606369658487,-0.0029272240305120434,-0.002585052123609155
2393,dna,LR,impute,0.0021969161995676334,0.0028150318791402285,0.00241502108231173,0.0020629090412161988,0.0028150318791402285
2394,dna,NB,impute,0.0006277466378316054,0.00040533626701322323,0.0006832345185672217,0.0008017600848374551,0.00040533626701322323
2395,dna,NB,impute,-0.0021980983966254364,-0.002575475155902174,-0.0025725564577460114,-0.00249135837995762,-0.002575475155902174
2396,dna,NB,impute,0.00031367628607281706,0.0002012882447663955,0.0003099849807948196,0.0004665147763771582,0.0002012882447663955
2397,dna,NB,impute,-0.0003132822203868457,-0.00043630017452001013,-0.0005057570568429703,-0.00048696632850897537,-0.00043630017452001013
2398,dna,NB,impute,-0.00031446441744487075,-0.0004408449680045612,-0.00021452756078677027,0.00011292560562137233,-0.0004408449680045612
2399,dna,NB,impute,-0.0003140703517587884,-0.00043451515851566924,-0.0003392340327590393,-0.00024099647629138854,-0.00043451515851566924
2400,dna,DT,impute,-0.005959849435382636,-0.004524644772549102,-0.005406791201578942,-0.005579768594777601,-0.004524644772549102
2401,dna,DT,impute,-0.003769238286791543,-0.003815795181169257,-0.0035773195603129304,-0.0031027693984964078,-0.003815795181169257
2402,dna,DT,impute,0.008782936010037545,0.009134955800333855,0.009701276515005408,0.010189736037782948,0.009134955800333855
2403,dna,DT,impute,0.00816149442318237,0.007788761559778035,0.008737959573295928,0.009546124372879494,0.007788761559778035
2404,dna,DT,impute,-0.0009386644641021791,-0.0036557726628777543,-0.0022774935208978997,-0.000582608552096131,-0.0036557726628777543
2405,dna,DT,impute,0.0021973102652534937,0.0030614057926052762,0.0019217522979587676,0.0010422910098203397,0.0030614057926052762
2406,dna,RF,impute,0.0018824517821224296,0.000745662067742181,0.001310454572876374,0.001991957795804744,0.000745662067742181
2407,dna,RF,impute,-0.008786482601211842,-0.010775330008176986,-0.01049624536759719,-0.009681476753769402,-0.010775330008176986
2408,dna,RF,impute,0.0018836339791807877,0.0002941402559637485,0.0017808484814241243,0.0037297526579151974,0.0002941402559637485
2409,dna,RF,impute,-1.5762627439963595e-06,0.0020922188934118235,0.0005270768838077089,-0.0011925491739334104,0.0020922188934118235
2410,dna,RF,impute,-0.002196522133881551,-0.003047284031413633,-0.0018755053324718274,-0.0005056051428193875,-0.003047284031413633
2411,dna,RF,impute,-0.001570351758793942,-0.002176145824587361,-0.0024261949914992087,-0.002326571250481191,-0.002176145824587361
2412,phoneme,KNN,impute,-0.00018504811250930064,-0.0005038779003800897,-0.0006309063209639643,0.0004539240363129471,-0.001268987100221275
2413,phoneme,KNN,impute,-0.00018504811250930064,-0.001784768117742086,-0.0015887353282115768,0.0031981775119076516,-0.005664325878431686
2414,phoneme,KNN,impute,-0.0018504811250925624,-0.004445160621473154,-0.0051489667149340335,0.0013025365010680412,-0.010722781975930573
2415,phoneme,KNN,impute,0.0009252405625463922,0.0012055693828841862,0.0017594486935140763,0.0015614667523777825,0.0018875785563442493
2416,phoneme,KNN,impute,0.0016654330125833727,0.001174474654822566,0.0020406973561942765,0.004555335983766451,-9.54125639274217e-06
2417,phoneme,KNN,impute,-0.0005551443375275689,-0.0003945347690922363,-0.0007509426642795525,-0.0018990878318840831,-3.180418797543716e-06
2418,phoneme,SVC,impute,0.0005551443375277909,0.0003925329557552537,0.0006064198880101346,0.0013379783656471966,1.1102230246251565e-16
2419,phoneme,SVC,impute,0.0005551443375277909,0.0009445843828715939,0.0013102545286923784,0.0008233093607211694,0.0018891687657431877
2420,phoneme,SVC,impute,0.0009252405625463922,0.0013925840089701325,0.002104201785950277,0.0016210094161700495,0.0025236623158537697
2421,phoneme,SVC,impute,-0.00018504811250918962,-0.00031499866226980533,-0.0005304345795873466,-0.0003366241463502728,-0.0006297229219142109
2422,phoneme,SVC,impute,0.00037009622501849027,7.808309873635899e-05,0.0001254566768055243,0.0009489822100624545,-0.0006297229219143219
2423,phoneme,SVC,impute,0.0005551443375277909,0.000391491551607559,0.0005836199313846713,0.0012364752529135936,-3.180418797543716e-06
2424,phoneme,LR,impute,-0.0007401924500370916,-0.0005230395073503313,-0.0007648478005791715,-0.001990578906614582,1.5902093987163468e-06
2425,phoneme,LR,impute,-0.001480384900074072,-0.0021545408931908927,-0.003493473267386471,-0.002694032441887595,-0.0037846983690811853
2426,phoneme,LR,impute,-0.0005551443375279019,-0.0009424734713988636,-0.0016208314688952452,-0.0010990211050738719,-0.0018843981375467056
2427,phoneme,LR,impute,-0.00018504811250930064,0.00023757346692021564,0.0007165351303349832,-0.0006754060017326591,0.0012610360532275822
2428,phoneme,LR,impute,0.0007401924500369805,0.0008933676386506662,0.0014424399443881963,0.0015255530240523285,0.0012626262626262985
2429,phoneme,LR,impute,0.0007401924500369805,0.001260103747215524,0.0020657698362370747,0.0013401342956335105,0.0025204818970561704
2430,phoneme,NB,impute,-0.00037009622501849027,-0.0002607105973871926,-0.0003796248266504376,-0.0006636441185394748,1.5902093988273691e-06
2431,phoneme,NB,impute,0.00037009622501849027,0.00044640941669982226,0.000533787003438202,0.0005177589239124814,0.0006313131313131493
2432,phoneme,NB,impute,-0.0003700962250186013,-0.0002604642979386895,-0.0003492431297867915,-0.0005706196324741786,3.180418797543716e-06
2433,phoneme,NB,impute,0.00018504811250930064,0.0004996279742577325,0.0005893134653132126,0.00015524631594432403,0.0012610360532274711
2434,phoneme,NB,impute,0.0005551443375277909,0.0005767787669819224,0.0007581054983465396,0.000824498520924366,0.0006297229219143219
2435,phoneme,NB,impute,0.0003700962250186013,0.0002619173060247615,0.00036654912930855765,0.0006044440311436805,0.0
2436,phoneme,DT,impute,-0.001480384900074072,-0.0012317778340130703,-0.0020776595615856763,-0.0036064605039469733,-0.0006297229219144329
2437,phoneme,DT,impute,-0.0062916358253145566,-0.005927162389266938,-0.009404181229027087,-0.013750838823897382,-0.005042554003511168
2438,phoneme,DT,impute,-0.007031828275351537,-0.008664768442677162,-0.012326374136512941,-0.012406732705544932,-0.012610360532274933
2439,phoneme,DT,impute,-0.002035529237601752,-0.0047648456024081964,-0.005212309456969821,0.0012633068699150485,-0.011366816782434008
2440,phoneme,DT,impute,-0.004441154700222105,-0.00479883134466641,-0.007212319683126633,-0.009167243167867323,-0.005670686716026774
2441,phoneme,DT,impute,-0.0016654330125832617,-0.0028435688076327015,-0.00343875498724755,-0.0017138834100880462,-0.005686588810014603
2442,phoneme,RF,impute,-0.002035529237601974,-0.002912466047560791,-0.003811988682110745,-0.0026697929401741094,-0.005040963794112452
2443,phoneme,RF,impute,0.0027757216876388435,0.0045470387540631485,0.005676365032141195,0.002317325962353345,0.008832023000788669
2444,phoneme,RF,impute,-0.0007401924500368695,-0.00015301388185229303,-0.0008974590901936752,-0.003398970404469015,0.0012673968908226696
2445,phoneme,RF,impute,0.00037009622501837924,0.00320902376320209,0.0023847408275932125,-0.006389674138269741,0.01008351779762362
2446,phoneme,RF,impute,0.0005551443375277909,0.00020869874846685121,0.0007209704996506971,0.0021836325023038006,-0.0006297229219144329
2447,phoneme,RF,impute,0.00018504811250918962,-0.0017121135505887564,-0.0008832748364024923,0.004913087029599139,-0.006305180266137467
2448,mfeat_pixel,KNN,impute,0.0,0.0,0.0,0.0,0.0
2449,mfeat_pixel,KNN,impute,0.0014999999999999458,0.0014999999999999458,0.0015010885842483557,0.001474830316742115,0.0014999999999999458
2450,mfeat_pixel,KNN,impute,-0.0010000000000000009,-0.0010000000000000009,-0.000995994557979607,-0.0009342770126917754,-0.0010000000000000009
2451,mfeat_pixel,KNN,impute,0.0,0.0,0.0,0.0,0.0
2452,mfeat_pixel,KNN,impute,0.0,0.0,1.409162574206313e-05,6.324248777078711e-05,0.0
2453,mfeat_pixel,KNN,impute,-0.0004999999999999449,-0.0004999999999999449,-0.0004943695177849206,-0.0005040609285892339,-0.0004999999999999449
2454,mfeat_pixel,SVC,impute,0.0,0.0,4.9242218091993806e-06,2.4019848223755247e-06,0.0
2455,mfeat_pixel,SVC,impute,0.0,0.0,8.908576123678458e-06,4.398137061090157e-05,0.0
2456,mfeat_pixel,SVC,impute,0.000500000000000056,0.000500000000000056,0.0004936170117774141,0.000556625117390741,0.000500000000000056
2457,mfeat_pixel,SVC,impute,0.0010000000000000009,0.0010000000000000009,0.0010159138362815234,0.000993072228891556,0.0010000000000000009
2458,mfeat_pixel,SVC,impute,-0.0015000000000000568,-0.0015000000000000568,-0.0014970404371200674,-0.001578933012138406,-0.0015000000000000568
2459,mfeat_pixel,SVC,impute,-0.000500000000000056,-0.000500000000000056,-0.00048495437779072503,-0.0004792609351433885,-0.000500000000000056
2460,mfeat_pixel,LR,impute,-0.0015000000000000568,-0.0015000000000000568,-0.0014835311662372286,-0.001536728431825174,-0.0015000000000000568
2461,mfeat_pixel,LR,impute,0.0,0.0,-2.0864785722496393e-06,4.716158934614523e-05,0.0
2462,mfeat_pixel,LR,impute,-0.0004999999999999449,-0.0004999999999999449,-0.00048718367195577095,-0.0004109473171628464,-0.0004999999999999449
2463,mfeat_pixel,LR,impute,0.0,0.0,2.7584299299054926e-05,-1.2790933527795367e-05,0.0
2464,mfeat_pixel,LR,impute,0.0014999999999999458,0.0014999999999999458,0.0014918276360718075,0.0014503246267058012,0.0014999999999999458
2465,mfeat_pixel,LR,impute,0.0024999999999999467,0.0024999999999999467,0.0024881274905580453,0.00236316902081235,0.0024999999999999467
2466,mfeat_pixel,NB,impute,0.0,0.0,0.0,0.0,0.0
2467,mfeat_pixel,NB,impute,-0.0004999999999999449,-0.0004999999999999449,-0.00048410182184877026,-0.0004979579913095833,-0.0004999999999999449
2468,mfeat_pixel,NB,impute,0.0,0.0,0.0,0.0,0.0
2469,mfeat_pixel,NB,impute,-0.0004999999999999449,-0.0004999999999999449,-0.0005148423005566505,-0.0005399659863944972,-0.0004999999999999449
2470,mfeat_pixel,NB,impute,0.0004999999999999449,0.0004999999999999449,0.0005084615889218158,0.0005011210778016473,0.0004999999999999449
2471,mfeat_pixel,NB,impute,0.0,0.0,0.0,0.0,0.0
2472,mfeat_pixel,DT,impute,0.0045000000000000595,0.0045000000000000595,0.004048485696801496,0.0035012066480091253,0.0045000000000000595
2473,mfeat_pixel,DT,impute,0.007499999999999951,0.00749999999999984,0.0077985502219447556,0.007281500965419352,0.00749999999999984
2474,mfeat_pixel,DT,impute,0.0010000000000000009,0.001000000000000112,0.0009663279809207781,0.0015729449297079423,0.001000000000000112
2475,mfeat_pixel,DT,impute,-0.00649999999999995,-0.00649999999999995,-0.006250644112272052,-0.004551363226720229,-0.00649999999999995
2476,mfeat_pixel,DT,impute,-0.0035000000000000586,-0.0034999999999999476,-0.0035916442505470325,-0.004392405126343535,-0.0034999999999999476
2477,mfeat_pixel,DT,impute,0.0010000000000000009,0.0009999999999998899,0.0010969409150329845,0.0010293898335616003,0.0009999999999998899
2478,mfeat_pixel,RF,impute,0.0,0.0,-2.4347401929025736e-05,-7.845328400934992e-05,0.0
2479,mfeat_pixel,RF,impute,0.0010000000000000009,0.0010000000000000009,0.0010230683132184115,0.0009454007722713431,0.0010000000000000009
2480,mfeat_pixel,RF,impute,-0.000500000000000056,-0.000500000000000056,-0.0005080611086121234,-0.0005900683019636199,-0.000500000000000056
2481,mfeat_pixel,RF,impute,-0.0024999999999999467,-0.0024999999999999467,-0.002510692168402384,-0.002405537000391922,-0.0024999999999999467
2482,mfeat_pixel,RF,impute,-0.0024999999999999467,-0.0024999999999999467,-0.002537438490756827,-0.0024772428958064197,-0.0024999999999999467
2483,mfeat_pixel,RF,impute,-0.0020000000000000018,-0.0020000000000000018,-0.0020229059417936623,-0.0020871025438076174,-0.0020000000000000018
2484,banana,KNN,impute,-0.0007547169811320531,-0.00040792097905639757,-0.00017189919833737743,-0.0031361606944007026,0.00294612794612803
2485,banana,KNN,impute,0.002830188679245227,0.0033143219702727045,0.00392063336177606,-6.101655598611533e-05,0.007996632996633113
2486,banana,KNN,impute,-0.0016981132075470917,-0.0017361830802323786,-0.001891528057241465,-0.0017482680994687083,-0.002104377104377164
2487,banana,KNN,impute,0.002452830188679145,0.0020257868240083354,0.0019113976806385269,0.005688721252549711,-0.002104377104377053
2488,banana,KNN,impute,0.0022641509433962703,0.0025646916036792256,0.003022012343095737,0.0007341999015080258,0.005471380471380516
2489,banana,KNN,impute,-0.0026415094339622414,-0.0027883716324209606,-0.0031638505235103143,-0.0021285309668221952,-0.004208754208754217
2490,banana,SVC,impute,0.0,0.0,0.0,0.0,0.0
2491,banana,SVC,impute,0.0,0.0,0.0,0.0,0.0
2492,banana,SVC,impute,0.0,0.0,0.0,0.0,0.0
2493,banana,SVC,impute,0.0,0.0,0.0,0.0,0.0
2494,banana,SVC,impute,0.0,0.0,0.0,0.0,0.0
2495,banana,SVC,impute,0.0,0.0,0.0,0.0,0.0
2496,banana,LR,impute,0.00018867924528309654,0.00017099863201097687,9.452654168048968e-05,-0.00010961371232476314,0.0
2497,banana,LR,impute,0.0018867924528302993,0.0020649380259504246,0.006243059500835507,0.02074723557235214,0.0037878787878787984
2498,banana,LR,impute,0.002075471698113285,0.001999302187400742,0.0024975483543041854,0.02618533395474254,0.0012626262626262985
2499,banana,LR,impute,0.0009433962264151496,0.0009338713169081414,0.0012164777766409118,0.009445192928278834,0.0008417508417507963
2500,banana,LR,impute,-0.0013207547169811207,-0.0011575513456497655,-6.99475105130909e-05,-0.007594523464969805,0.0004208754208753912
2501,banana,LR,impute,-0.0022641509433961593,-0.002091422662558018,-0.0017259504858151142,-0.016745382289061528,-0.0004208754208755022
2502,banana,NB,impute,0.0016981132075472027,0.0016178658449520489,0.0017060209054831077,0.004230884893411169,0.0008417508417508657
2503,banana,NB,impute,0.0009433962264151496,0.001052188552188471,0.0022211853542571935,0.0016158626726474612,0.002104377104377053
2504,banana,NB,impute,-0.0009433962264150386,-0.000973310395334992,-0.0015655921185752097,-0.0020266253981369164,-0.0012626262626262985
2505,banana,NB,impute,0.0013207547169811207,0.0013547467377836853,0.0021283333589183218,0.002967917295786937,0.0016835016835016758
2506,banana,NB,impute,-0.00018867924528309654,-9.212047515727573e-05,0.0005582509922756884,-0.0008912583399969254,0.0008417508417508657
2507,banana,NB,impute,-0.0013207547169811207,-0.0014336248946372754,-0.0027960998832505246,-0.0023368424947594058,-0.002525252525252486
2508,banana,DT,impute,-0.0016981132075470917,-0.0018150612370859687,-0.002208696568120838,-0.001374994350708536,-0.002946127946127919
2509,banana,DT,impute,0.0037735849056603765,0.00361716803235268,0.003750450906878755,0.005173502257429852,0.002104377104377053
2510,banana,DT,impute,0.00037735849056608206,6.592371503455485e-05,-0.0002798331476234761,0.0025860806064593733,-0.002946127946127919
2511,banana,DT,impute,0.007924528301886835,0.0076946505640076435,0.008167962397147122,0.010727129932266544,0.005471380471380405
2512,banana,DT,impute,0.0016981132075470917,0.001341792295964872,0.0008716502710967022,0.0042414986563471535,-0.002104377104377164
2513,banana,DT,impute,-0.005660377358490676,-0.006037057764143983,-0.007130050321748849,-0.004435395923794605,-0.009680134680134511
2514,banana,RF,impute,0.0041509433962263476,0.003761969904240825,0.003789748189384823,0.007612205919251824,0.0
2515,banana,RF,impute,0.003962264150943251,0.004379752840765194,0.005070015979586784,0.0015840070580375176,0.008417508417508324
2516,banana,RF,impute,0.00037735849056597104,-0.0002495889123796946,-0.0006716728258912008,0.004878004860638052,-0.0063131313131311595
2517,banana,RF,impute,0.0016981132075472027,0.0012234750606844313,0.0009069197652458172,0.005132588716535436,-0.0033670033670033517
2518,banana,RF,impute,0.0013207547169811207,0.0008025996398088875,0.000522609360890991,0.004962643039395975,-0.004208754208754217
2519,banana,RF,impute,0.00037735849056597104,0.0001053627934612944,-8.419106646095909e-05,0.00239635908944269,-0.002525252525252597
2520,mfeat_factors,KNN,impute,0.0,0.0,0.0,0.0,0.0
2521,mfeat_factors,KNN,impute,0.000500000000000056,0.000500000000000056,0.0004873507690148493,0.00041245791245803076,0.000500000000000056
2522,mfeat_factors,KNN,impute,-0.0004999999999999449,-0.0004999999999999449,-0.0004993188778166235,-0.0005190783760312678,-0.0004999999999999449
2523,mfeat_factors,KNN,impute,0.0,0.0,-6.9679190384253076e-06,-0.00010159720666802485,0.0
2524,mfeat_factors,KNN,impute,-0.000500000000000056,-0.000500000000000056,-0.0005300162047902068,-0.000578652853202799,-0.000500000000000056
2525,mfeat_factors,KNN,impute,0.0,0.0,0.0,0.0,0.0
2526,mfeat_factors,SVC,impute,0.0,0.0,0.0,0.0,0.0
2527,mfeat_factors,SVC,impute,0.0,0.0,2.363752858802748e-05,7.95247391885967e-05,0.0
2528,mfeat_factors,SVC,impute,0.0010000000000000009,0.0010000000000000009,0.0010047849830218114,0.0010416416566624287,0.0010000000000000009
2529,mfeat_factors,SVC,impute,0.0,0.0,-2.2100786087775326e-05,3.803636839361246e-05,0.0
2530,mfeat_factors,SVC,impute,0.000500000000000056,0.000500000000000056,0.0005060695299862195,0.0004729970957287888,0.000500000000000056
2531,mfeat_factors,SVC,impute,0.0,0.0,6.635485280459541e-06,8.524868637038718e-05,0.0
2532,mfeat_factors,LR,impute,-0.0010000000000000009,-0.0010000000000000009,-0.0010048003599879562,-0.0010392618585896019,-0.0010000000000000009
2533,mfeat_factors,LR,impute,-0.0004999999999999449,-0.0004999999999999449,-0.0004950495049506065,-0.0004901960784311488,-0.0004999999999999449
2534,mfeat_factors,LR,impute,0.0,0.0,0.0,0.0,0.0
2535,mfeat_factors,LR,impute,0.0,0.0,-1.4698408616231617e-05,-4.941976790717728e-05,0.0
2536,mfeat_factors,LR,impute,-0.0010000000000000009,-0.0010000000000000009,-0.001010757198168788,-0.0009729911195248686,-0.0010000000000000009
2537,mfeat_factors,LR,impute,0.0,0.0,0.0,0.0,0.0
2538,mfeat_factors,NB,impute,0.0,0.0,4.1864881461517456e-07,-1.5731175553534982e-05,0.0
2539,mfeat_factors,NB,impute,0.000500000000000056,0.000500000000000056,0.0005202020202019764,0.0005408163265305799,0.000500000000000056
2540,mfeat_factors,NB,impute,0.0010000000000000009,0.0010000000000000009,0.0009887150199627825,0.0008599896547629715,0.0010000000000000009
2541,mfeat_factors,NB,impute,0.0,0.0,3.788115190483943e-05,0.00015352963219206206,0.0
2542,mfeat_factors,NB,impute,0.0004999999999999449,0.0004999999999999449,0.0005168531971564416,0.0003759398496240296,0.0004999999999999449
2543,mfeat_factors,NB,impute,-0.0010000000000000009,-0.0010000000000000009,-0.0009661489701610071,-0.0007279221862035445,-0.0010000000000000009
2544,mfeat_factors,DT,impute,-0.0015000000000000568,-0.0014999999999999458,-0.0014184774515528797,-0.0018560964178777617,-0.0014999999999999458
2545,mfeat_factors,DT,impute,-0.0010000000000000009,-0.0010000000000000009,-0.0009416875065015873,-0.00096463357851162,-0.0010000000000000009
2546,mfeat_factors,DT,impute,-0.0020000000000000018,-0.0019999999999998908,-0.0018845232998924155,-0.0009739049263299826,-0.0019999999999998908
2547,mfeat_factors,DT,impute,0.004999999999999893,0.004999999999999893,0.0048519571417452445,0.0036073292277716273,0.004999999999999893
2548,mfeat_factors,DT,impute,0.009000000000000119,0.008999999999999897,0.009176868234656577,0.00861830329247415,0.008999999999999897
2549,mfeat_factors,DT,impute,-0.0045000000000000595,-0.0044999999999999485,-0.004677947553736961,-0.00464983576671385,-0.0044999999999999485
2550,mfeat_factors,RF,impute,-0.0010000000000000009,-0.0010000000000000009,-0.000913113392426057,-0.0007667412564739129,-0.0010000000000000009
2551,mfeat_factors,RF,impute,-0.0020000000000000018,-0.0019999999999997797,-0.002004260350030096,-0.0020735809730020316,-0.0019999999999997797
2552,mfeat_factors,RF,impute,0.0025000000000000577,0.0025000000000000577,0.0025139150594354343,0.0025216336105305936,0.0025000000000000577
2553,mfeat_factors,RF,impute,-0.0010000000000000009,-0.0010000000000000009,-0.0009905468996777023,-0.001295666006136842,-0.0010000000000000009
2554,mfeat_factors,RF,impute,-0.0010000000000000009,-0.0010000000000000009,-0.0009685727323885951,-0.0011279084758375468,-0.0010000000000000009
2555,mfeat_factors,RF,impute,-0.0004999999999999449,-0.0004999999999999449,-0.0005373264241730347,-0.0004929422434494235,-0.0004999999999999449
2556,spambase,KNN,impute,-0.0013037812110452407,-0.0015572075978127486,-0.0018612671462332475,-0.0008458799780177717,-0.0027557351382365702
2557,spambase,KNN,impute,0.0008695652173912327,0.0008145660692983059,0.0010532862048219238,0.0015957030878960277,0.0005530919664303857
2558,spambase,KNN,impute,-0.0019559551240884154,-0.0019032469483331038,-0.0024266366480545365,-0.0032403659080172398,-0.0016544135523335335
2559,spambase,KNN,impute,-0.0017385638197405795,-0.0020130936097222385,-0.0023442652250958984,-0.001344327627692321,-0.003308827104666845
2560,spambase,KNN,impute,-0.0006514184263212153,-0.0006327948671253081,-0.0007790462569806644,-0.0010573155908453202,-0.000548229619472651
2561,spambase,KNN,impute,-0.0002166358176255434,-0.0003701051775176767,-0.00037772157210758106,0.0003792414460853655,-0.0010988904124241694
2562,spambase,SVC,impute,0.00021739130434794696,0.00017934002869457455,0.00025517092736082603,0.0005189701214292075,0.0
2563,spambase,SVC,impute,-0.0004344048653344146,-0.0005506607929516294,-0.0006085328178069283,-0.00011114988538574178,-0.0011013215859030367
2564,spambase,SVC,impute,-0.0006521739130436188,-0.0002488333959994593,-0.0006122939131207872,-0.0029698252180730966,0.0016544135523335335
2565,spambase,SVC,impute,-0.0008695652173911217,-0.0007173601147776321,-0.0010640269725121776,-0.002143513258546337,0.0
2566,spambase,SVC,impute,0.0002181467910702395,0.0001805556154338417,0.0002652712428632409,0.0005276042867016217,2.4311734788673434e-06
2567,spambase,SVC,impute,-0.0010869565217391797,-0.0010892886724045425,-0.0013913144688509904,-0.0017028263215905781,-0.001102537172642415
2568,spambase,LR,impute,0.0006521739130431747,0.000731216408385249,0.0008850580385088014,0.0006340177580466122,0.0011037527593820151
2569,spambase,LR,impute,0.00021758017602835356,0.00037314414436595555,0.0003559385244588098,-0.0004537197364695711,0.0011049683461212823
2570,spambase,LR,impute,-0.0015211725153931877,-0.0015445668909441768,-0.0019225256360677623,-0.0021733870848303916,-0.0016544135523334225
2571,spambase,LR,impute,-0.0006523627847239144,-0.0008278145695364003,-0.0009259625588045051,-0.0001478229421917332,-0.0016556291390728006
2572,spambase,LR,impute,0.00021739130434783593,0.00037192855762679944,0.0003716983667464424,-0.0003954742855100113,0.001102537172642526
2573,spambase,LR,impute,-0.0010865787783779224,-0.0010892886724043205,-0.0013828863612211917,-0.001681585160815846,-0.001102537172642526
2574,spambase,NB,impute,-0.0026081290371321453,-0.0023452766666349767,-0.0024106446012716054,-0.0029981833448130546,-0.0011037527593820151
2575,spambase,NB,impute,-0.0010862010350168871,-0.000896092350102351,-0.0009225211755564677,-0.0013878600050010181,1.2155867396002051e-06
2576,spambase,NB,impute,-0.002391493219506602,-0.0020687306834197283,-0.0021532627048163056,-0.0029216327643685203,-0.0005506607929516294
2577,spambase,NB,impute,-0.001520983643712448,-0.0014479687297931365,-0.0015036987798692225,-0.0016617709924091617,-0.001102537172642415
2578,spambase,NB,impute,-0.0015211725153930766,-0.0013513705686423183,-0.001396795774042059,-0.0018022074843291325,-0.0005506607929514074
2579,spambase,NB,impute,-0.001955766252408231,-0.001613452464879983,-0.001654331193003955,-0.002431047892153204,1.2155867396002051e-06
2580,spambase,DT,impute,-0.0013043478260867936,-0.0023263461268032692,-0.0022913688805331622,0.0026380973895971938,-0.007163452655327807
2581,spambase,DT,impute,-0.0021739130434780263,-0.0024701952083713286,-0.00282595303959432,-0.0018915169000868204,-0.003864350244576098
2582,spambase,DT,impute,-0.005431005175083992,-0.00467426586618358,-0.00610241774540321,-0.011090455339669458,-0.0010988904124241694
2583,spambase,DT,impute,0.0067372417179768496,0.006234512430844608,0.00801652696046573,0.012173015177917135,0.0038607034843578525
2584,spambase,DT,impute,-0.0036943300721488104,-0.003242584603476817,-0.0042957285586537886,-0.007638621824147984,-0.0011049683461212823
2585,spambase,DT,impute,0.004779964492124034,0.00558278702388737,0.006418701439886765,0.0035990470226668902,0.009372173760830882
2586,spambase,RF,impute,-0.0013039700827256473,-0.0016531979655939333,-0.0017906338787569975,-0.00019789357098043414,-0.0033063959311881996
2587,spambase,RF,impute,0.0006517961696822505,0.0010197953050991027,0.0009853801637521586,-0.0009097288566588535,0.0027569507249758374
2588,spambase,RF,impute,-0.0028255203414802033,-0.0029104015465639677,-0.003672163514705673,-0.0041068003078389426,-0.003310042691406223
2589,spambase,RF,impute,0.0023907377327841983,0.0025517214891749296,0.0031355511797567237,0.0029684340832619727,0.003310042691406445
2590,spambase,RF,impute,-0.0019565217391303014,-0.0020010606962236333,-0.00249900304809747,-0.0027154282698288457,-0.0022087211055032974
2591,spambase,RF,impute,0.0013049144411287905,0.0013658346556195688,0.0016775263282083896,0.0016823934253480388,0.0016556291390730227
2592,Hill_Valley_with_noise,KNN,impute,-0.005775577557755818,-0.0057838096897873115,-0.00595135670182001,-0.005324279441958235,-0.006611624259323823
2593,Hill_Valley_with_noise,KNN,impute,-0.0008250825082508628,-0.000822368421052655,0.00028896398052236094,-0.0008195894330604858,0.0016556291390729116
2594,Hill_Valley_with_noise,KNN,impute,0.0008250825082508628,0.0008278145695364003,0.0004428656671888742,0.0007711038961037975,0.0
2595,Hill_Valley_with_noise,KNN,impute,0.0,-1.0892296967490722e-05,0.0007167754102210822,-0.00011664952189971434,0.0016338445451377082
2596,Hill_Valley_with_noise,KNN,impute,-0.0024752475247524774,-0.0024779975601254,-0.00186923479758061,-0.0020008135179324094,-0.0016556291390729116
2597,Hill_Valley_with_noise,KNN,impute,0.0016501650165016146,0.0016501829905890553,0.0022690998596234246,0.0014369885040919073,0.0033112582781457123
2598,Hill_Valley_with_noise,SVC,impute,-0.0008250825082507518,-0.000822368421052655,-0.002108018737944306,-0.00016869095816451907,-0.0016447368421051989
2599,Hill_Valley_with_noise,SVC,impute,0.0024752475247524774,0.0024779975601255666,0.0029563527807087153,0.012939882697947214,0.0016447368421051989
2600,Hill_Valley_with_noise,SVC,impute,-0.0008250825082508628,-0.0008278145695365113,-0.002416671897558287,-0.0009920634920634885,-0.0016556291390728006
2601,Hill_Valley_with_noise,SVC,impute,-0.0016501650165017256,-0.0016501829905890553,-0.004344794920954409,-0.0003048780487805436,-0.0033003659811780828
2602,Hill_Valley_with_noise,SVC,impute,-0.0008250825082508628,-0.0008278145695366224,-0.0022422190544071907,0.0,-0.001655629139072884
2603,Hill_Valley_with_noise,SVC,impute,0.0008250825082508628,0.0008278145695365113,0.0005206574355510751,0.006924687845740407,0.0
2604,Hill_Valley_with_noise,LR,impute,0.0,0.0,0.0,0.0,0.0
2605,Hill_Valley_with_noise,LR,impute,0.0008250825082507518,0.0008332607180202567,0.001908448463732948,0.00016848082482601168,0.0016665214360405134
2606,Hill_Valley_with_noise,LR,impute,0.0,0.0,0.0,0.0,0.0
2607,Hill_Valley_with_noise,LR,impute,0.0016501650165016146,0.0016501829905890553,0.003342696003823753,0.0006097442770820471,0.0033003659811781105
2608,Hill_Valley_with_noise,LR,impute,0.0,0.0,0.0,0.0,0.0
2609,Hill_Valley_with_noise,LR,impute,0.0008250825082508628,0.000822368421052766,0.0008868554547770691,0.003768637023353949,1.1102230246251565e-16
2610,Hill_Valley_with_noise,NB,impute,0.0,0.0,0.0,0.0,0.0
2611,Hill_Valley_with_noise,NB,impute,0.0,0.0,0.0,0.0,0.0
2612,Hill_Valley_with_noise,NB,impute,0.0,0.0,0.0,0.0,0.0
2613,Hill_Valley_with_noise,NB,impute,0.0,0.0,0.0,0.0,0.0
2614,Hill_Valley_with_noise,NB,impute,0.0,0.0,0.0,0.0,0.0
2615,Hill_Valley_with_noise,NB,impute,-0.0008250825082508073,-0.0008223684210525994,-0.00036832701169248194,-0.0004294486001803488,0.0
2616,Hill_Valley_with_noise,DT,impute,0.0024752475247524774,0.0025052283025444044,-0.0012929041612084191,0.003564628305370743,-0.006578947368421018
2617,Hill_Valley_with_noise,DT,impute,0.007425742574257432,0.007466669571279061,0.010187396808823856,0.007071811610544265,0.01325592540955045
2618,Hill_Valley_with_noise,DT,impute,0.004125412541254092,0.004117288253746909,0.0009524272292624758,0.0052096764260801676,-0.0033112582781457123
2619,Hill_Valley_with_noise,DT,impute,-1.1102230246251565e-16,3.2676890902805233e-05,0.006949871998368606,-0.0027648264804985834,0.016469153014987747
2620,Hill_Valley_with_noise,DT,impute,-0.0066006600660065695,-0.006611624259323712,-0.007427788837256477,-0.006656209444183103,-0.008289037992331938
2621,Hill_Valley_with_noise,DT,impute,0.0016501650165017256,0.0016283983966538518,0.003684414457643004,0.0008959976978047957,0.006578947368421018
2622,Hill_Valley_with_noise,RF,impute,-0.0008250825082508628,-0.000882276054374409,-0.0032560904434819626,-0.0017614563654062554,-0.004999564308121318
2623,Hill_Valley_with_noise,RF,impute,-0.008250825082508295,-0.008218238062042471,-0.010665644520127526,-0.007077027658205393,-0.014791739281979854
2624,Hill_Valley_with_noise,RF,impute,0.0016501650165016146,0.0016719675845241477,0.005089309940734754,0.0010828445785968643,0.00990109794353422
2625,Hill_Valley_with_noise,RF,impute,-0.008250825082508295,-0.00823457650749404,-0.00476611743573907,-0.010083776933927369,-1.0892296967601744e-05
2626,Hill_Valley_with_noise,RF,impute,0.004950495049504955,0.0049614412687346565,0.0036681858696866465,0.004405232605687814,0.0033330428720809158
2627,Hill_Valley_with_noise,RF,impute,0.0033003300330032292,0.0033330428720808047,0.00573484176188388,0.0034072751712871385,0.0066660857441617205
2628,Hill_Valley_without_noise,KNN,impute,0.0,6.535947712416057e-05,-0.0027637768053944134,0.0010332101739710664,-0.006535947712418277
2629,Hill_Valley_without_noise,KNN,impute,-0.0024752475247524774,-0.002467320261437922,-0.002729113917204984,-0.002190884911945079,-0.0032679738562091387
2630,Hill_Valley_without_noise,KNN,impute,0.0008250825082508628,0.0008006535947713278,0.0018568808613520504,0.0005888422513776748,0.0032679738562091387
2631,Hill_Valley_without_noise,KNN,impute,-0.0066006600660065695,-0.006552287581699345,-0.0085724940332641,-0.005719687903385728,-0.011437908496731986
2632,Hill_Valley_without_noise,KNN,impute,0.0008250825082507518,0.0007843137254902599,0.002602610080675749,0.0004837794102438009,0.004901960784313708
2633,Hill_Valley_without_noise,KNN,impute,-0.0024752475247524774,-0.002483660130718879,-0.0020869566289795083,-0.002527445741582146,-0.0016339869281045694
2634,Hill_Valley_without_noise,SVC,impute,0.0008250825082508628,0.0008333333333332416,0.00039928775697406493,0.0004804820403604415,0.0
2635,Hill_Valley_without_noise,SVC,impute,-0.0016501650165017256,-0.0016503267973855262,-0.0011744916638080083,-0.0009213829065767287,-0.0016339869281047914
2636,Hill_Valley_without_noise,SVC,impute,-0.0008250825082507518,-0.0008333333333332416,-0.00041425020712515526,-0.000505009696186165,0.0
2637,Hill_Valley_without_noise,SVC,impute,0.0008250825082508628,0.0008169934640522847,0.0007574916759156558,0.0004069893640112898,0.0016339869281044583
2638,Hill_Valley_without_noise,SVC,impute,0.0,0.0,1.9378578387518886e-06,3.63864670871461e-06,0.0
2639,Hill_Valley_without_noise,SVC,impute,0.0,0.0,0.0,0.0,0.0
2640,Hill_Valley_without_noise,LR,impute,0.0,1.6339869280956876e-05,-0.0002992341463328163,0.00023269103770884314,-0.0016339869281047914
2641,Hill_Valley_without_noise,LR,impute,0.0008250825082507518,0.0008333333333332416,0.00046911842771257817,0.0006104417670683704,0.0
2642,Hill_Valley_without_noise,LR,impute,0.0016501650165017256,0.0016666666666667052,0.0009327903233673496,0.0012046674960237702,0.0
2643,Hill_Valley_without_noise,LR,impute,0.0016501650165017256,0.001683006535947662,0.0006105782157214135,0.0013823021928052182,-0.0016339869281045694
2644,Hill_Valley_without_noise,LR,impute,-0.0008250825082509738,-0.0008333333333332416,-0.00048133122610594103,-0.0006334446122232551,0.0
2645,Hill_Valley_without_noise,LR,impute,-0.0008250825082508628,-0.0008333333333333526,-0.00045758297914155754,-0.0005936254980080102,0.0
2646,Hill_Valley_without_noise,NB,impute,0.0,0.0,0.0,0.0,0.0
2647,Hill_Valley_without_noise,NB,impute,0.0,0.0,0.0,0.0,0.0
2648,Hill_Valley_without_noise,NB,impute,0.0,0.0,0.0,0.0,0.0
2649,Hill_Valley_without_noise,NB,impute,0.0,0.0,0.0,0.0,0.0
2650,Hill_Valley_without_noise,NB,impute,0.0,0.0,0.0,0.0,0.0
2651,Hill_Valley_without_noise,NB,impute,0.0,0.0,0.0,0.0,0.0
2652,Hill_Valley_without_noise,DT,impute,0.0,9.803921568618534e-05,-0.004557533590334395,0.0006679723020939221,-0.009803921568627416
2653,Hill_Valley_without_noise,DT,impute,-0.007425742574257321,-0.00736928104575163,-0.008548239665780555,-0.004708294502310584,-0.013071895424836555
2654,Hill_Valley_without_noise,DT,impute,-0.008250825082508406,-0.008235294117647007,-0.00875492660955246,-0.007656378027679156,-0.009803921568627416
2655,Hill_Valley_without_noise,DT,impute,0.0016501650165017256,0.0016666666666665941,0.0010707908790370535,0.0020779134873997185,-1.1102230246251565e-16
2656,Hill_Valley_without_noise,DT,impute,-0.0033003300330032292,-0.0034313725490197067,0.0022298042541137875,-0.004613180358873259,0.009803921568627416
2657,Hill_Valley_without_noise,DT,impute,-0.011551155115511635,-0.011470588235294121,-0.013741289152329528,-0.009283285336085023,-0.019607843137254943
2658,Hill_Valley_without_noise,RF,impute,0.0024752475247524774,0.0025000000000000577,0.001459679153261284,0.002915615944884431,-1.1102230246251565e-16
2659,Hill_Valley_without_noise,RF,impute,0.004125412541254092,0.0040686274509803555,0.006349664204021499,0.002877888679041707,0.009803921568627416
2660,Hill_Valley_without_noise,RF,impute,0.0008250825082507518,0.0008496732026144205,-0.00029021720432231835,0.001038647481078847,-0.0016339869281045694
2661,Hill_Valley_without_noise,RF,impute,-0.0066006600660065695,-0.006633986928104463,-0.005193136349103233,-0.006844433742436484,-0.0032679738562091387
2662,Hill_Valley_without_noise,RF,impute,0.0066006600660065695,0.006617647058823617,0.005652377636005568,0.006449796482436154,0.004901960784313819
2663,Hill_Valley_without_noise,RF,impute,0.009075907590759047,0.009035947712418224,0.010473986559977,0.00777662362082665,0.013071895424836666
2664,waveform_40,KNN,impute,0.0009999999999998899,0.0010179309654843038,0.000994748742972007,0.0010275804471945316,0.0010179309654843038
2665,waveform_40,KNN,impute,0.0011999999999999789,0.0012058836436766862,0.0011116483209057115,0.0010055202736558577,0.0012058836436766862
2666,waveform_40,KNN,impute,0.0039999999999998925,0.0040268433548353855,0.003952788918253236,0.0039653543103752575,0.0040268433548353855
2667,waveform_40,KNN,impute,0.001000000000000112,0.0010360366414083888,0.0009227338404600438,0.0009323890005566993,0.0010360366414083888
2668,waveform_40,KNN,impute,-0.0052000000000000934,-0.0051850259050120195,-0.005245620951735641,-0.005154770740117498,-0.0051850259050120195
2669,waveform_40,KNN,impute,-0.00040000000000006697,-0.00041493729463126794,-0.00034626986047525676,-0.0005087186114499653,-0.00041493729463126794
2670,waveform_40,SVC,impute,0.001000000000000112,0.0009978757666083693,0.0009966487983079642,0.0008275020761340235,0.0009978757666083693
2671,waveform_40,SVC,impute,-0.0006000000000000449,-0.0005886833428030425,-0.0006135297081848456,-0.0005353454950449699,-0.0005886833428030425
2672,waveform_40,SVC,impute,0.0013999999999999568,0.001386629308829268,0.001384060365779205,0.0014116563801692683,0.001386629308829268
2673,waveform_40,SVC,impute,-0.0013999999999999568,-0.001409992474841304,-0.0014030846726926782,-0.0014049752272831117,-0.001409992474841304
2674,waveform_40,SVC,impute,0.0010000000000000009,0.0009935930379963986,0.0010068919544290456,0.0010166001288619553,0.0009935930379963986
2675,waveform_40,SVC,impute,-0.0008000000000001339,-0.000802819773405794,-0.0008175451039351689,-0.0008213956204647932,-0.000802819773405794
2676,waveform_40,LR,impute,-0.0005999999999999339,-0.000605326876513379,-0.0005996354786766966,-0.0006281445845333078,-0.000605326876513379
2677,waveform_40,LR,impute,0.00040000000000006697,0.0003963442379691928,0.0004128103882096168,0.00038449142602026143,0.0003963442379691928
2678,waveform_40,LR,impute,0.00039999999999995595,0.0003887535422210098,0.0004070461818758142,0.0003922955069516343,0.0003887535422210098
2679,waveform_40,LR,impute,-0.000200000000000089,-0.0002055709733785882,-0.0001862966456432913,-0.00022259330769602848,-0.0002055709733785882
2680,waveform_40,LR,impute,-0.00019999999999986695,-0.00017889984023056194,-0.0002150396607221161,-0.00016928441167973762,-0.00017889984023056194
2681,waveform_40,LR,impute,-0.0006000000000000449,-0.0006038647342995196,-0.00060168324317178,-0.0005886857765994291,-0.0006038647342995196
2682,waveform_40,NB,impute,0.00039999999999995595,0.00040257648953290204,0.0003596859100479799,0.0003148365349509019,0.00040257648953290204
2683,waveform_40,NB,impute,0.0010000000000000009,0.0009988505280843496,0.0010254406143671568,0.0007601802078822661,0.0009988505280843496
2684,waveform_40,NB,impute,-0.00019999999999997797,-0.0002022630062422648,-0.00017090928102292402,6.940835790003597e-05,-0.0002022630062422648
2685,waveform_40,NB,impute,-0.0007999999999999119,-0.0008013576311918236,-0.0007966295056023309,-0.0008690472194742282,-0.0008013576311918236
2686,waveform_40,NB,impute,0.0,0.0,-2.048633756746021e-06,5.168374036079726e-06,0.0
2687,waveform_40,NB,impute,0.00040000000000006697,0.0004045260124847516,0.0003528695335450749,0.0003075843323565586,0.0004045260124847516
2688,waveform_40,DT,impute,-0.006399999999999961,-0.006407449384369768,-0.006434492789692325,-0.006139164456235302,-0.006407449384369768
2689,waveform_40,DT,impute,0.009600000000000053,0.009668866475181948,0.009775038782868006,0.009691429547209474,0.009668866475181948
2690,waveform_40,DT,impute,0.0005999999999999339,0.0005442902164394248,0.0007441024557544029,0.001356944073734545,0.0005442902164394248
2691,waveform_40,DT,impute,-0.005199999999999982,-0.0052012857560137515,-0.005191824847127879,-0.0050158425855377775,-0.0052012857560137515
2692,waveform_40,DT,impute,0.0015999999999999348,0.0015551178669132026,0.0016450820053305337,0.0020435006501632325,0.0015551178669132026
2693,waveform_40,DT,impute,-0.0042000000000000925,-0.004256161176934392,-0.004175965871137666,-0.004251129986365232,-0.004256161176934392
2694,waveform_40,RF,impute,-0.002000000000000113,-0.0019391012997842516,-0.0020806495575845796,-0.0014354302012293818,-0.0019391012997842516
2695,waveform_40,RF,impute,0.0012000000000000899,0.0011644148017404543,0.0012278299089988343,0.0008012362471008228,0.0011644148017404543
2696,waveform_40,RF,impute,0.006400000000000072,0.006453304652947245,0.00632181096029949,0.0064873956952220535,0.006453304652947245
2697,waveform_40,RF,impute,0.00019999999999997797,0.00024557767310084966,9.665127674363116e-05,0.0005331341341163753,0.00024557767310084966
2698,waveform_40,RF,impute,-0.0036000000000000476,-0.0035508694001301633,-0.003691617027431038,-0.0032935317272995146,-0.0035508694001301633
2699,waveform_40,RF,impute,-0.0014000000000001789,-0.0013809881360327125,-0.0013703603993672209,-0.000956955600220355,-0.0013809881360327125
2700,waveform_21,KNN,impute,-0.00039999999999995595,-0.000413678748066415,-0.0004041070719076334,-0.0006837782139839099,-0.000413678748066415
2701,waveform_21,KNN,impute,0.0,9.984899795867364e-07,-1.349584650467417e-05,-0.00012349159090574435,9.984899795867364e-07
2702,waveform_21,KNN,impute,0.0010000000000000009,0.000988428928553553,0.000981700218384285,0.0010354990088772276,0.000988428928553553
2703,waveform_21,KNN,impute,-0.0023999999999999577,-0.002379795164207499,-0.0023877809771669645,-0.00247836899154541,-0.002379795164207499
2704,waveform_21,KNN,impute,0.0029999999999998916,0.00299097768991774,0.0029773569047386594,0.003095500737128276,0.00299097768991774
2705,waveform_21,KNN,impute,-0.0023999999999999577,-0.002391520864891805,-0.0023338334386189263,-0.0025575607559326086,-0.002391520864891805
2706,waveform_21,SVC,impute,0.0007999999999999119,0.0008038291268672726,0.000807178581483492,0.0007925183502937028,0.0008038291268672726
2707,waveform_21,SVC,impute,0.0008000000000000229,0.0007794548050015226,0.0007961692510338736,0.0007332201154058859,0.0007794548050015226
2708,waveform_21,SVC,impute,0.000200000000000089,0.00020799699615015044,0.00021875161673079457,0.00024233648534188745,0.00020799699615015044
2709,waveform_21,SVC,impute,0.0,6.304713500160375e-07,-4.304533221932694e-05,2.7066139015596846e-06,6.304713500160375e-07
2710,waveform_21,SVC,impute,-0.0010000000000000009,-0.0010136420019575265,-0.0010086135369898885,-0.00104066678332293,-0.0010136420019575265
2711,waveform_21,SVC,impute,-0.0010000000000000009,-0.0009969393973617846,-0.0010302636961004863,-0.0010342873750118775,-0.0009969393973617846
2712,waveform_21,LR,impute,0.0007999999999999119,0.0008185562171998395,0.0008116059239032802,0.0007992192335279924,0.0008185562171998395
2713,waveform_21,LR,impute,0.0018000000000000238,0.0017917730235056384,0.0017847051075693399,0.0017910846633252264,0.0017917730235056384
2714,waveform_21,LR,impute,0.00039999999999995595,0.0004140325364347941,0.00041972391982869617,0.0003991736385137168,0.0004140325364347941
2715,waveform_21,LR,impute,0.000200000000000089,0.0002037417273734743,0.00019313109006535711,0.00018254058888067526,0.0002037417273734743
2716,waveform_21,LR,impute,0.00039999999999995595,0.0004097560425707636,0.0004055562180774741,0.0003896231506992365,0.0004097560425707636
2717,waveform_21,LR,impute,0.00039999999999995595,0.0004055078717383198,0.0003785159103082414,0.00039154843100386305,0.0004055078717383198
2718,waveform_21,NB,impute,0.0,0.0,9.941187250173122e-06,-1.761799461941216e-05,0.0
2719,waveform_21,NB,impute,0.00019999999999997797,0.00020226537216827545,0.00018200659694644905,0.0001691923827342734,0.00020226537216827545
2720,waveform_21,NB,impute,-0.0010000000000000009,-0.001002678084915276,-0.0010914210681971515,-0.0004968159702543051,-0.001002678084915276
2721,waveform_21,NB,impute,0.0006000000000000449,0.0005905998032837978,0.0005369448804566357,0.00047821388913993346,0.0005905998032837978
2722,waveform_21,NB,impute,-0.0005999999999999339,-0.0006100813214513501,-0.0006763080274775346,-0.00043395051471528667,-0.0006100813214513501
2723,waveform_21,NB,impute,0.00019999999999997797,0.00021273722809678208,0.0002526019339202934,0.00013053464936918502,0.00021273722809678208
2724,waveform_21,DT,impute,0.008000000000000007,0.008082819401958097,0.008207939461368885,0.008112496964172489,0.008082819401958097
2725,waveform_21,DT,impute,-0.0026000000000000467,-0.0025716730212690386,-0.002605369439981464,-0.0025732153276049052,-0.0025716730212690386
2726,waveform_21,DT,impute,-0.0008000000000000229,-0.0007865526282389013,-0.0007924077177755562,-0.0007398620313444626,-0.0007865526282389013
2727,waveform_21,DT,impute,0.0008000000000000229,0.0007355988618502618,0.0007009801590009967,0.0008400403685943081,0.0007355988618502618
2728,waveform_21,DT,impute,0.00040000000000006697,0.0004214488989282561,0.0005015752485851843,0.0006368050731985209,0.0004214488989282561
2729,waveform_21,DT,impute,0.008600000000000052,0.008577958496282734,0.008323356193299492,0.007828863989838286,0.008577958496282734
2730,waveform_21,RF,impute,-0.0010000000000000009,-0.000992199165415042,-0.001068101811170008,-0.0012020978686156925,-0.000992199165415042
2731,waveform_21,RF,impute,0.004999999999999893,0.005036911730269544,0.005055208282665258,0.005006084153756918,0.005036911730269544
2732,waveform_21,RF,impute,-0.0014000000000000679,-0.0013834038113773595,-0.0015512184422875608,-0.0011008053866818912,-0.0013834038113773595
2733,waveform_21,RF,impute,0.0007999999999999119,0.0008394927623674997,0.0008660232937948154,0.000634635778299697,0.0008394927623674997
2734,waveform_21,RF,impute,0.0025999999999999357,0.0025696131661835375,0.0026355150569136176,0.0026416245910827474,0.0025696131661835375
2735,waveform_21,RF,impute,0.004000000000000115,0.0039890680802655565,0.003913771931276511,0.004256584419785381,0.0039890680802655565
2736,movement_libras,KNN,impute,0.0,0.0,-0.0002505446623094487,-0.002171717171717158,0.0
2737,movement_libras,KNN,impute,0.005555555555555647,0.005555555555555647,0.006060606060605989,0.004444444444444473,0.005555555555555647
2738,movement_libras,KNN,impute,0.002777777777777768,0.002777777777777768,0.004670329670329654,0.0017857142857142794,0.002777777777777768
2739,movement_libras,KNN,impute,1.1102230246251565e-16,0.0,0.0002775383657737107,-0.006457431457431495,0.0
2740,movement_libras,KNN,impute,0.002777777777777768,0.002777777777777768,0.002826617826617861,0.002460317460317496,0.002777777777777768
2741,movement_libras,KNN,impute,0.005555555555555536,0.005555555555555536,0.007170607170607246,0.005079365079365128,0.005555555555555536
2742,movement_libras,SVC,impute,0.0,0.0,-0.001086136086136169,-0.00021825396825392307,0.0
2743,movement_libras,SVC,impute,0.0,0.0,9.962259962259523e-05,0.0006746031746032166,0.0
2744,movement_libras,SVC,impute,-0.005555555555555536,-0.005555555555555647,-0.00557276057276046,-0.004695767195767253,-0.005555555555555647
2745,movement_libras,SVC,impute,0.005555555555555425,0.005555555555555536,0.0061500754147812975,-0.0023088023088023713,0.005555555555555536
2746,movement_libras,SVC,impute,0.008333333333333304,0.008333333333333304,0.007861582861582894,0.006210317460317638,0.008333333333333304
2747,movement_libras,SVC,impute,0.005555555555555536,0.005555555555555536,0.005764374514374504,0.004973544973545074,0.005555555555555536
2748,movement_libras,LR,impute,0.0,0.0,0.0005938505938506422,0.0006746031746032166,0.0
2749,movement_libras,LR,impute,0.0,0.0,0.0011107411107410536,0.0026917989417989396,0.0
2750,movement_libras,LR,impute,0.0,0.0,-0.00046550671550671385,-0.0015873015873014706,0.0
2751,movement_libras,LR,impute,-0.002777777777777768,-0.002777777777777879,-0.0032828282828282207,-0.0038888888888889417,-0.002777777777777879
2752,movement_libras,LR,impute,0.002777777777777768,0.002777777777777768,0.0033128799305269796,0.0034824434824434203,0.002777777777777768
2753,movement_libras,LR,impute,-0.005555555555555647,-0.005555555555555536,-0.0053841528841530595,-0.005575396825396872,-0.005555555555555536
2754,movement_libras,NB,impute,0.002777777777777768,0.002777777777777768,0.0024725274725274637,0.0023809523809523725,0.002777777777777768
2755,movement_libras,NB,impute,-0.002777777777777768,-0.002777777777777879,-0.0023214285714284744,-0.0019444444444444153,-0.002777777777777879
2756,movement_libras,NB,impute,0.002777777777777768,0.002777777777777768,0.0022832722832722974,0.0022817460317460236,0.002777777777777768
2757,movement_libras,NB,impute,0.0,0.0,-0.00015151515151512474,0.001388888888888884,0.0
2758,movement_libras,NB,impute,0.0,0.0,0.0,0.0,0.0
2759,movement_libras,NB,impute,-0.002777777777777768,-0.002777777777777768,-0.0027441077441077155,-0.005555555555555536,-0.002777777777777768
2760,movement_libras,DT,impute,0.002777777777777768,0.002777777777777768,0.004341029341029312,0.005509259259259269,0.002777777777777768
2761,movement_libras,DT,impute,0.01388888888888884,0.01388888888888884,0.01387229600464901,0.022655122655122595,0.01388888888888884
2762,movement_libras,DT,impute,0.002777777777777768,0.002777777777777768,0.003463157213157153,0.0029100529100529737,0.002777777777777768
2763,movement_libras,DT,impute,0.011111111111111072,0.011111111111111072,0.009261664261664304,0.014212962962963038,0.011111111111111072
2764,movement_libras,DT,impute,0.0,0.0,-9.740259740254054e-05,-0.0007407407407407085,0.0
2765,movement_libras,DT,impute,-0.008333333333333304,-0.008333333333333304,-0.0098029312735195,-0.01220959595959592,-0.008333333333333304
2766,movement_libras,RF,impute,-0.005555555555555536,-0.005555555555555536,-0.006198431198431109,-0.009642857142857064,-0.005555555555555536
2767,movement_libras,RF,impute,-0.005555555555555536,-0.005555555555555647,-0.006289821289821251,-0.005198412698412702,-0.005555555555555647
2768,movement_libras,RF,impute,-0.008333333333333304,-0.008333333333333304,-0.008741813741813709,-0.011230158730158757,-0.008333333333333304
2769,movement_libras,RF,impute,0.002777777777777768,0.002777777777777768,0.002273559773559697,-0.0012235449735449322,0.002777777777777768
2770,movement_libras,RF,impute,-0.002777777777777768,-0.002777777777777879,-0.004067136567136642,-0.006554232804232729,-0.002777777777777879
2771,movement_libras,RF,impute,-0.008333333333333304,-0.008333333333333415,-0.007986689236689215,-0.004503968253968149,-0.008333333333333415
2772,satimage,KNN,impute,-0.0004663212835760433,-0.000883076411786865,-0.0006413988355797873,-0.0003485855214448996,-0.000883076411786865
2773,satimage,KNN,impute,-0.00031075201988794987,-0.0003276023231781888,-0.0003092999620413206,-0.0002979756226121344,-0.0003276023231781888
2774,satimage,KNN,impute,0.0009325459402798053,0.0008966349436477783,0.0009343936041483758,0.0009487359060720291,0.0008966349436477783
2775,satimage,KNN,impute,-0.0007770733034642152,-0.0010292490258025921,-0.001037610265343769,-0.0009788912971154806,-0.0010292490258025921
2776,satimage,KNN,impute,-0.00015566589055959756,0.0003098096505002035,5.3924414523676134e-05,-0.0001973921405350465,0.0003098096505002035
2777,satimage,KNN,impute,-9.662687194822439e-08,-0.00023844903444769638,4.7687891021386264e-05,0.00041621739355779397,-0.00023844903444769638
2778,satimage,SVC,impute,-0.0004664179104477695,-5.52563587286059e-05,-0.00038399584315529367,-0.0009769682583482542,-5.52563587286059e-05
2779,satimage,SVC,impute,-9.662687183720209e-08,0.00037464561801470175,0.0004110140868107681,0.00041731409732181923,0.00037464561801470175
2780,satimage,SVC,impute,0.0007771699303357194,0.0006095497302682773,0.0008095690747937923,0.001269020043801028,0.0006095497302682773
2781,satimage,SVC,impute,0.001243201333296251,0.0015716341763085673,0.001652007257981758,0.0018438985021278498,0.0015716341763085673
2782,satimage,SVC,impute,0.0015538567263124747,0.0025407056640084358,0.0026503663380004205,0.0026279549012536707,0.0025407056640084358
2783,satimage,SVC,impute,0.0003106553930163347,0.0005145262708780018,0.0005752263342313491,0.0006317784997261766,0.0005145262708780018
2784,satimage,LR,impute,0.0003108486467600091,0.0005251994404241733,0.0006967308009657724,0.0007690474010634274,0.0005251994404241733
2785,satimage,LR,impute,0.0004661280298323689,0.0003797050943865621,0.0003168814161188527,0.0002868917876135413,0.0003797050943865621
2786,satimage,LR,impute,-0.00015537600994419698,-0.00023841348594544343,-0.0002967891307005255,-0.0003840074973879837,-0.00023841348594544343
2787,satimage,LR,impute,-0.00015527938307213773,0.00017458280228310752,-3.6595425774388346e-05,-0.0002622260403889465,0.00017458280228310752
2788,satimage,LR,impute,-0.0006216972935200182,-0.0007962705746483723,-0.0008982465633936565,-0.0009662846991280727,-0.0007962705746483723
2789,satimage,LR,impute,0.0003110419005036835,0.00015935103289266284,0.00014993395855800173,0.0003334935729626398,0.00015935103289266284
2790,satimage,NB,impute,0.0004664179104477695,0.0004701746076288815,0.0004441034143168876,0.00039557152969305065,0.0004701746076288815
2791,satimage,NB,impute,-0.00015556926368776036,1.6894050864912913e-06,-5.0570555842344156e-05,-4.8127010428888894e-05,1.6894050864912913e-06
2792,satimage,NB,impute,-0.00031075201988794987,-0.0003441951488152295,-0.00032733293738007596,-0.00030764741042876853,-0.0003441951488152295
2793,satimage,NB,impute,0.0,-0.00011249437528126904,-6.126537923178965e-05,-9.398965829521266e-05,-0.00011249437528126904
2794,satimage,NB,impute,-0.00046622465670398405,-0.0005826689829100395,-0.0005622062478090051,-0.0006725090609420725,-0.0005826689829100395
2795,satimage,NB,impute,-0.00015527938307224876,-0.0002354048964219313,-0.0001750387702149636,-0.00019880368471847376,-0.0002354048964219313
2796,satimage,DT,impute,-0.0026411989153052318,-0.0009357922133247376,-0.001271256971345669,-0.0014347372622157684,-0.0009357922133247376
2797,satimage,DT,impute,0.00046603140296030965,-0.0009061977665528742,-0.0003584131641312105,2.9914797811780858e-05,-0.0009061977665528742
2798,satimage,DT,impute,-0.00124320133329614,-0.0016594429715584003,-0.0011776011786048812,-0.0005820669764372566,-0.0016594429715584003
2799,satimage,DT,impute,0.00015566589055959756,4.9566281382973365e-05,-3.1533769246694376e-05,-0.0002791445635077494,4.9566281382973365e-05
2800,satimage,DT,impute,0.0009339953433578074,-0.00023642913273247412,-0.00014891611201450772,-1.4302612860728203e-06,-0.00023642913273247412
2801,satimage,DT,impute,-0.0027978310745835344,-0.003103220802173956,-0.00366800152334934,-0.004328334645010479,-0.003103220802173956
2802,satimage,RF,impute,-0.000776976676592156,-0.0021626670879297816,-0.0018100429896062975,-0.0002015416405968251,-0.0021626670879297816
2803,satimage,RF,impute,-0.003575097631791535,-0.004077106114914075,-0.004428033774653173,-0.00532032189760856,-0.004077106114914075
2804,satimage,RF,impute,-0.00046622465670398405,-0.0009456156136290472,-0.001103637529795476,-0.0011477459376008081,-0.0009456156136290472
2805,satimage,RF,impute,-0.002796768178993214,-0.0033302307563713995,-0.003939854006717924,-0.00521932047687057,-0.0033302307563713995
2806,satimage,RF,impute,-0.003263765850671785,-0.0034638706251662876,-0.003765342089544599,-0.004637836629725611,-0.0034638706251662876
2807,satimage,RF,impute,-0.0009318695521767228,-0.002422512224973361,-0.001519125317127945,-0.00010463608509392319,-0.002422512224973361
2808,chess,KNN,impute,-0.0012515644555693983,-0.0011708586986968195,-0.001293300934417596,0.00039091407608859985,-0.0029961676591742092
2809,chess,KNN,impute,0.00031289111389243285,0.0003292347908609994,0.0003038559172747757,0.0005350918358908441,5.73703716455487e-06
2810,chess,KNN,impute,-0.0012515644555693983,-0.0011722929579879304,-0.0013450503228301658,0.0003572639983056014,-0.002999036177756209
2811,chess,KNN,impute,-0.0006257822277848657,-0.0006246922048344095,-0.000594788957749226,-0.0006754530744905729,-0.0005966518651108199
2812,chess,KNN,impute,-0.0015644555694619422,-0.0015255487686304248,-0.0015532619824092375,-0.0007445856658071515,-0.0023966472754811674
2813,chess,KNN,impute,-0.0006257822277847547,-0.0005440151049260766,-0.0007213069927108906,0.0009019438032396021,-0.0023952130161899454
2814,chess,SVC,impute,-0.0003128911138923218,-0.00032808398950134876,-0.00029036004645766056,-0.0006048312055682015,0.0
2815,chess,SVC,impute,-0.0012515644555695093,-0.0012549712330499618,-0.0011929132558543554,-0.0012026560494026173,-0.0011976065080950837
2816,chess,SVC,impute,-0.0012515644555695093,-0.0013380831798264214,-0.0011590898878328648,-0.0029335868526108033,0.0005995203836931529
2817,chess,SVC,impute,-0.0009386733416769655,-0.0009542104536267582,-0.0008971643482359459,-0.0012189984333463855,-0.0005995203836930418
2818,chess,SVC,impute,0.0,-2.7464939043597703e-05,2.0570335445224686e-05,-0.0005861416136714315,0.0005995203836930418
2819,chess,SVC,impute,-0.00031289111389243285,-0.00032636627227877746,-0.00028753392252922616,-0.00055144694008602,0.0
2820,chess,LR,impute,0.0006257822277847547,0.0005995203836930418,0.0006169165032056112,2.4796688032791003e-05,0.0011990407673859727
2821,chess,LR,impute,0.0009386733416769655,0.0009267455145831605,0.0009169412092452367,0.000632771123231235,0.0011990407673860837
2822,chess,LR,impute,0.0,0.0,0.0,0.0,0.0
2823,chess,LR,impute,-0.0003128911138923218,-0.00029976019184663194,-0.00030648731483085,-2.1007697220243315e-05,-0.0005995203836929308
2824,chess,LR,impute,-0.00031289111389243285,-0.0003272251308900076,-0.0002894399230816136,-0.0005727167317716164,0.0
2825,chess,LR,impute,0.0006257822277846437,0.0006544502617804593,0.0005814466009596009,0.0011701971070487982,0.0
2826,chess,NB,impute,-1.1102230246251565e-16,0.0,2.793330426187346e-06,-3.3237251330087147e-06,0.0
2827,chess,NB,impute,-0.010951188986232818,-0.011562739337325989,-0.005250312811620583,-0.00748791396188786,0.0023980815347723894
2828,chess,NB,impute,0.0,2.818206868904216e-05,-0.00011518189982873128,5.3065519340811385e-05,-0.0005980861244020419
2829,chess,NB,impute,0.0,2.7464939043708725e-05,-0.00012026681781573956,4.678493899246128e-05,-0.0005995203836930418
2830,chess,NB,impute,-0.0006257822277846437,-0.0006278441813478697,-0.00044524857495664705,-0.0003635201665894705,-0.0005995203836930418
2831,chess,NB,impute,0.0003128911138923218,0.0003272251308900076,0.00016735463536043937,0.00021386813766710588,0.0
2832,chess,DT,impute,-0.00031289111389243285,-0.00038301386758843314,-0.0002915290156332295,-0.0017729076665874421,0.0011990407673860837
2833,chess,DT,impute,-0.0006257822277848657,-0.0007135327039575756,-0.0005795625341520338,-0.0023428574660377954,0.0011976065080948617
2834,chess,DT,impute,0.00031289111389243285,0.00021664824507039437,0.0003122752822820596,-0.0017543923732348254,0.0023966472754808343
2835,chess,DT,impute,0.0009386733416769655,0.0008710985068506316,0.0009126091319507923,-0.0005807365042360679,0.0023966472754811674
2836,chess,DT,impute,0.0003128911138923218,0.0002981842035898463,0.0002964742752131766,5.248050956585537e-06,0.0005980861244020419
2837,chess,DT,impute,0.0009386733416769655,0.0009294638193823035,0.0009097807193320095,0.0006141031169325517,0.0011976065080951948
2838,chess,RF,impute,0.0,-7.17129645555481e-07,4.971932428432524e-06,1.698616380485518e-05,-1.4342592912219843e-06
2839,chess,RF,impute,0.001877346683354153,0.0018810976971755933,0.0018012864625872593,0.0018290757539919378,0.0017971268917880145
2840,chess,RF,impute,-0.0006257822277848657,-0.0006288447689247745,-0.0006114559657069973,-0.0006548436620659182,-0.0005980861244018199
2841,chess,RF,impute,-0.0003128911138923218,-0.00035383121132237516,-0.00028663457920830027,-0.0011440823216454232,0.0005995203836931529
2842,chess,RF,impute,-0.0015644555694617202,-0.0015813375053289613,-0.0014919688263017594,-0.00178849350584942,-0.0011976065080949727
2843,chess,RF,impute,0.0006257822277848657,0.0005422973877036164,0.000622464518584831,-0.0011532854366359535,0.0023952130161899454
2844,kr_vs_kp,KNN,impute,0.0012515644555692873,0.0012014756142544325,0.0012947886239598194,0.00021291687651903146,0.0023995157940633893
2845,kr_vs_kp,KNN,impute,0.00031289111389243285,0.00038301386758854417,0.00020906121394703714,0.00157031476222802,-0.0011990407673861947
2846,kr_vs_kp,KNN,impute,0.004067584480600628,0.004089562254206647,0.003817290918325611,0.004008826851565672,0.003592819524284918
2847,kr_vs_kp,KNN,impute,0.0006257822277845326,0.0006528742735233406,0.0005313481297364309,0.0009753922305267837,-1.4342592909999397e-06
2848,kr_vs_kp,KNN,impute,0.0025031289111390187,0.0025341136996646085,0.002338648657278841,0.002911805512280208,0.0017942583732060147
2849,kr_vs_kp,KNN,impute,0.0,-5.7648182886560484e-05,7.37670009753888e-05,-0.0010323476624244377,0.0012004750266771946
2850,kr_vs_kp,SVC,impute,0.0015644555694619422,0.0015507205897717924,0.0015415712713293672,0.001196209983857166,0.0017942583732057926
2851,kr_vs_kp,SVC,impute,0.0003128911138922108,0.00023996062002318297,0.0003642620798288698,-0.0011126944272212835,0.0017956926324967926
2852,kr_vs_kp,SVC,impute,0.0009386733416768545,0.0008991388465738881,0.0009041893626392516,0.0001247463006709415,0.0017999954103701254
2853,kr_vs_kp,SVC,impute,0.0012515644555693983,0.0011953133901926316,0.0012101062520140093,-1.6357786627230197e-05,0.0023923444976078345
2854,kr_vs_kp,SVC,impute,0.0,-0.0002549226637101887,0.00024113250243795736,-0.004980425636446406,0.005387077897490378
2855,kr_vs_kp,SVC,impute,0.0009386733416769655,0.0008187452045972377,0.001026743479637271,-0.0015500216952050172,0.003595688042867029
2856,kr_vs_kp,LR,impute,0.0015644555694619422,0.0016086607154069954,0.0014489603139543616,0.0022672154637728426,0.0005995203836932639
2857,kr_vs_kp,LR,impute,0.001877346683354375,0.0018810976971753712,0.0018140022701219616,0.0019393730984940127,0.0017971268917880145
2858,kr_vs_kp,LR,impute,-0.002190237797246475,-0.0021273622702260298,-0.0021936689720032376,-0.000799871401898411,-0.003598556561449473
2859,kr_vs_kp,LR,impute,0.0006257822277846437,0.0006284195820276395,0.0006147277267309903,0.0006432686521562481,0.0006023889022751527
2860,kr_vs_kp,LR,impute,0.0,-8.45462060672375e-05,6.489304001600082e-05,-0.0016183996899155062,0.0017942583732057926
2861,kr_vs_kp,LR,impute,-0.0006257822277848657,-0.0006796220829211608,-0.0005788320147089854,-0.001831901224150001,0.0006023889022755968
2862,kr_vs_kp,NB,impute,-0.00031289111389243285,-0.0003272251308900076,-0.0001553510038581063,-0.0001896068182066779,0.0
2863,kr_vs_kp,NB,impute,0.0,0.0,0.0,0.0,0.0
2864,kr_vs_kp,NB,impute,0.0,0.0,0.0,0.0,0.0
2865,kr_vs_kp,NB,impute,0.0,0.0,0.0,0.0,0.0
2866,kr_vs_kp,NB,impute,0.0003128911138923218,0.0003272251308900076,0.00016596450912809146,0.000210737052842358,0.0
2867,kr_vs_kp,NB,impute,0.0,0.0,0.0,0.0,0.0
2868,kr_vs_kp,DT,impute,-0.0009386733416771875,-0.0010380395300484402,-0.0008470561507060159,-0.0029095352888155457,0.0011961722488039728
2869,kr_vs_kp,DT,impute,0.002190237797246364,0.002207313755671181,0.002088097422964008,0.002374691787796923,0.0017899555953325708
2870,kr_vs_kp,DT,impute,0.001877346683354264,0.001881673097855474,0.001791112022635044,0.0018143745599761285,0.0017999954103703475
2871,kr_vs_kp,DT,impute,0.004067584480600739,0.003813912276194209,0.004083929299880995,-0.0014174352789543265,0.00958945762050678
2872,kr_vs_kp,DT,impute,0.0028160200250311185,0.002837459539738796,0.002701641664235588,0.002980927033409575,0.0024009500533546113
2873,kr_vs_kp,DT,impute,0.005006257822277593,0.005016741440503791,0.004795495585269149,0.004794851862887195,0.004796163069544335
2874,kr_vs_kp,RF,impute,0.0,-8.153595851934092e-05,4.067065127044689e-05,-0.0017047182382183834,0.0017985611510792365
2875,kr_vs_kp,RF,impute,0.0025031289111387967,0.002534830829310053,0.002375096840856572,0.002911387353842665,0.0017956926324972367
2876,kr_vs_kp,RF,impute,0.0015644555694619422,0.0015238310514080755,0.0015147936373232085,0.0006334576928970215,0.0023966472754811674
2877,kr_vs_kp,RF,impute,-0.0025031289111387967,-0.00259047783704236,-0.0023389399872205674,-0.004000103439876668,-0.0005980861244020419
2878,kr_vs_kp,RF,impute,0.0034418022528162062,0.0033488480691366007,0.0033347988340187706,0.0013536676928174174,0.0053870778974906
2879,kr_vs_kp,RF,impute,0.0009386733416769655,0.0009566453004948849,0.0008771947224350818,0.0011352117991109134,0.0006009546429841528
2880,optdigits,KNN,impute,-0.000533807829181665,-0.0005332174176752025,-0.0005268334471472125,-0.0005190226484670379,-0.0005332174176752025
2881,optdigits,KNN,impute,-0.00035587188612085097,-0.00035468128993298986,-0.000355504739759982,-0.0003493274101060706,-0.00035468128993298986
2882,optdigits,KNN,impute,-0.00035587188612085097,-0.0003622447840667675,-0.00034848181495639174,-0.00030157164940325387,-0.0003622447840667675
2883,optdigits,KNN,impute,-0.00017793594306036997,-0.00017857142857147235,-0.00018560315024440666,-0.0001851899310078009,-0.00017857142857147235
2884,optdigits,KNN,impute,0.000533807829181665,0.0005383204999369617,0.0005338930138072406,0.0005135203471812178,0.0005383204999369617
2885,optdigits,KNN,impute,0.00035587188612073994,0.0003583914836535751,0.0003646848168351591,0.0003717845751920468,0.0003583914836535751
2886,optdigits,SVC,impute,-0.001067615658362997,-0.0010701985524044222,-0.0010765580274587627,-0.001062583904750003,-0.0010701985524044222
2887,optdigits,SVC,impute,0.000533807829181554,0.0005370707180881729,0.0005341885917068412,0.0005360785109288502,0.0005370707180881729
2888,optdigits,SVC,impute,-0.000355871886120962,-0.00035728790029698754,-0.00035177353338877726,-0.0002854185558718303,-0.00035728790029698754
2889,optdigits,SVC,impute,-0.000711743772241813,-0.0007041699142454894,-0.0007007084176262612,-0.0006984136592793622,-0.0007041699142454894
2890,optdigits,SVC,impute,-0.000533807829181443,-0.0005295072458819661,-0.0005545900103841594,-0.0005422802103813851,-0.0005295072458819661
2891,optdigits,SVC,impute,-0.000889679715302405,-0.0008956262377554092,-0.0008846184106288124,-0.0008631582039745345,-0.0008956262377554092
2892,optdigits,LR,impute,-0.000533807829181332,-0.0005230845504682335,-0.0005200224863232128,-0.0005427308267279551,-0.0005230845504682335
2893,optdigits,LR,impute,0.00017793594306059202,0.00017230932508593977,0.00017629951327680082,0.00019204946064843575,0.00017230932508593977
2894,optdigits,LR,impute,0.0,3.7997770796494024e-06,5.103450571253276e-06,3.626202179973781e-06,3.7997770796494024e-06
2895,optdigits,LR,impute,0.0,7.61739168120279e-06,-6.917783315185666e-06,-5.8079601646832124e-05,7.61739168120279e-06
2896,optdigits,LR,impute,0.000355871886120962,0.00035609279711945607,0.00037193545998748245,0.00040029641558370077,0.00035609279711945607
2897,optdigits,LR,impute,0.000355871886121073,0.00035846438482878273,0.00035280366139300856,0.0003336744644132361,0.00035846438482878273
2898,optdigits,NB,impute,-0.011743772241992967,-0.011655098373885897,-0.010546717057646315,-0.0019602587863803977,-0.011655098373885897
2899,optdigits,NB,impute,-0.009430604982206492,-0.009371078431603896,-0.008411050675593001,-0.001008324799644078,-0.009371078431603896
2900,optdigits,NB,impute,-0.011387900355871783,-0.011278758482925588,-0.011457461401186197,-0.0009366014161118486,-0.011278758482925588
2901,optdigits,NB,impute,-0.010320284697508897,-0.010266684499234624,-0.009718503742214835,-0.0005520423780082107,-0.010266684499234624
2902,optdigits,NB,impute,-0.013167259786476815,-0.013058100526688099,-0.011696058109027963,-0.002914304370230658,-0.013058100526688099
2903,optdigits,NB,impute,-0.011387900355871894,-0.01130808875816336,-0.010815608546326905,-0.0017103200784831518,-0.01130808875816336
2904,optdigits,DT,impute,-0.002491103202846845,-0.0025457477151811236,-0.002669954916913131,-0.0026118828266233907,-0.0025457477151811236
2905,optdigits,DT,impute,-0.000177935943060481,-0.00021510799791646384,-0.00025330853774463424,-6.847205501991915e-05,-0.00021510799791646384
2906,optdigits,DT,impute,0.00017793594306059202,0.00018060500217009778,0.00013286223362340976,1.3601223968096043e-05,0.00018060500217009778
2907,optdigits,DT,impute,-0.004270462633451877,-0.004180025277533472,-0.004132903432041313,-0.004154953807472883,-0.004180025277533472
2908,optdigits,DT,impute,0.001423487544483959,0.0014148977945824814,0.0016912416461327684,0.002168775482751628,0.0014148977945824814
2909,optdigits,DT,impute,0.001245551601423589,0.0012371682541811868,0.0012772370695548485,0.0013686789992607418,0.0012371682541811868
2910,optdigits,RF,impute,-0.000355871886120962,-0.0003268649033429938,-0.0003486160827235185,-0.00038118834619838005,-0.0003268649033429938
2911,optdigits,RF,impute,-0.000533807829181443,-0.0005343764608267687,-0.0005598950179692697,-0.0005617631444138071,-0.0005343764608267687
2912,optdigits,RF,impute,0.0,-3.7477940664221165e-06,-6.482843750044154e-06,6.0014486711224e-05,-3.7477940664221165e-06
2913,optdigits,RF,impute,0.000711743772242035,0.0007167852448961565,0.000727650290619386,0.0007076878125303887,0.0007167852448961565
2914,optdigits,RF,impute,-0.000711743772242035,-0.0007156436869798499,-0.000713161479244051,-0.0006800045927564113,-0.0007156436869798499
2915,optdigits,RF,impute,0.000711743772242035,0.0007255419169045485,0.0007031485722326369,0.0006848233328076159,0.0007255419169045485
2916,splice,KNN,impute,-0.0025094102885822034,-0.002773357875607396,-0.0035487513835142925,-0.005242517361497168,-0.002773357875607396
2917,splice,KNN,impute,0.0009410288582183401,0.002714891141182174,0.001494152146258032,0.001676046852557067,0.002714891141182174
2918,splice,KNN,impute,0.007841907151819205,0.007593362840067952,0.008351155860176096,0.008708765029273535,0.007593362840067952
2919,splice,KNN,impute,-0.00031367628607281706,-0.003249091664292436,-0.0010565901679515655,-0.0011815393574845512,-0.003249091664292436
2920,splice,KNN,impute,-0.0009410288582183401,-0.0010570776995929565,-0.0009502336986573212,0.001461914606801229,-0.0010570776995929565
2921,splice,KNN,impute,-0.0028230865746550204,-0.004371752614175439,-0.00380174298422975,-0.0012756380199457906,-0.004371752614175439
2922,splice,SVC,impute,0.0,0.0014045520235609343,0.0006234950238970249,0.00017170262940191527,0.0014045520235609343
2923,splice,SVC,impute,-0.0021957340025094974,-0.0018744496830824797,-0.0020207924786858067,-0.002038569582169081,-0.0018744496830824797
2924,splice,SVC,impute,-0.0025094102885820924,-0.0025458324318146097,-0.002539337417922005,-0.002514784879729337,-0.0025458324318146097
2925,splice,SVC,impute,-0.0009410288582183401,-0.0015270544627945526,-0.0012234892946832998,-0.000861620304349664,-0.0015270544627945526
2926,splice,SVC,impute,-0.0009410288582183401,-0.0001370880330107127,-0.0007562253221383708,-0.0011977667757283594,-0.0001370880330107127
2927,splice,SVC,impute,-0.0006273525721455231,-0.0008725768008873702,-0.000981244261504366,-0.0010469027398429809,-0.0008725768008873702
2928,splice,LR,impute,1.1102230246251565e-16,2.2488485894589516e-06,-2.5637669043288014e-07,-5.608239900367629e-06,2.2488485894589516e-06
2929,splice,LR,impute,0.0021957340025093863,0.002342271790305661,0.002406131115400556,0.0023469491578609336,0.002342271790305661
2930,splice,LR,impute,-0.0006273525721455231,-0.0010980588592394147,-0.0006976146685802043,-0.0005111830161913522,-0.0010980588592394147
2931,splice,LR,impute,0.0009410288582183401,0.0008366042673108032,0.0007706337391439888,0.0007506288577112663,0.0008366042673108032
2932,splice,LR,impute,0.0009410288582182291,0.0013020833333333703,0.0011225186463718062,0.0009619102196699592,0.0013020833333333703
2933,splice,LR,impute,0.0009410288582183401,0.0008383892833151441,0.001004797815835623,0.0010364642921230072,0.0008383892833151441
2934,splice,NB,impute,-0.00031367628607281706,-0.00043630017452001013,-0.0004105835978911454,-0.00035641049755319454,-0.00043630017452001013
2935,splice,NB,impute,0.0,0.0,0.0,0.0,0.0
2936,splice,NB,impute,-0.000313676286072595,-0.00043630017452001013,-0.0004050439792049332,-0.00032213694628513423,-0.00043630017452001013
2937,splice,NB,impute,-0.000313676286072595,-0.00043630017452001013,-0.0004123642921788351,-0.00033558702404734575,-0.00043630017452001013
2938,splice,NB,impute,-0.0006273525721456341,-0.0006353160225442966,-0.0007281794458912083,-0.0008150558769541849,-0.0006353160225442966
2939,splice,NB,impute,0.00031367628607281706,0.00020177562550449668,0.0003145966728570482,0.0004079285582696546,0.00020177562550449668
2940,splice,DT,impute,0.0028230865746550204,0.0029910812345093074,0.0038380697748313652,0.004766452159446932,0.0029910812345093074
2941,splice,DT,impute,0.0018820577164366803,0.00307924624854905,0.0020996823407368748,0.0011294688533386443,0.00307924624854905
2942,splice,DT,impute,0.00031367628607281706,0.0009189601048520402,0.0008346864958596045,0.000930231794610159,0.0009189601048520402
2943,splice,DT,impute,-0.0028230865746549094,-0.002763767063847178,-0.003149738515187628,-0.0035931503752112404,-0.002763767063847178
2944,splice,DT,impute,-0.00470514429109159,-0.006268611424960935,-0.005556283047940425,-0.004833792064377396,-0.006268611424960935
2945,splice,DT,impute,0.00031367628607281706,-0.0007405680384049429,-0.00017513636896493434,0.00034760030357605665,-0.0007405680384049429
2946,splice,RF,impute,-0.0037641154328733606,-0.006145691919325569,-0.005172561263898423,-0.004114747927997153,-0.006145691919325569
2947,splice,RF,impute,0.0037641154328732496,0.002616526204733738,0.003922068862023065,0.005222585051352979,0.002616526204733738
2948,splice,RF,impute,0.0009410288582182291,0.0015320866370172048,0.000931572116679158,0.0003774275069666766,0.0015320866370172048
2949,splice,RF,impute,-0.0034504391468004325,-0.003829390499388019,-0.004416965547315965,-0.004940864547724799,-0.003829390499388019
2950,splice,RF,impute,0.0025094102885819813,0.0006838219751132968,0.0017336960169620497,0.002787838623949046,0.0006838219751132968
2951,splice,RF,impute,-0.0012547051442911572,-0.0026756479012347567,-0.001064309660502194,0.0004355183387280137,-0.0026756479012347567
2952,texture,KNN,impute,0.0,0.0,2.20631900527124e-08,3.5289303841334885e-06,0.0
2953,texture,KNN,impute,0.0003636363636364548,0.00036363636363623275,0.00035786234734880296,0.00032139608352788063,0.00036363636363623275
2954,texture,KNN,impute,0.0005454545454546267,0.0005454545454544046,0.0005500422370342539,0.0005226233837671845,0.0005454545454544046
2955,texture,KNN,impute,-0.0005454545454545157,-0.0005454545454545157,-0.0005418210821669378,-0.0005409832479107424,-0.0005454545454545157
2956,texture,KNN,impute,0.0003636363636364548,0.00036363636363623275,0.0003656468408061997,0.0003495194086562403,0.00036363636363623275
2957,texture,KNN,impute,-0.00018181818181794984,-0.00018181818181794984,-0.00017647708492174452,-0.00015138882913368068,-0.00018181818181794984
2958,texture,SVC,impute,0.00018181818181839393,0.00018181818181839393,0.00018110530461112884,0.00017900035222861987,0.00018181818181839393
2959,texture,SVC,impute,0.0,0.0,7.680145225341661e-07,-2.747439275196939e-06,0.0
2960,texture,SVC,impute,0.0,-2.220446049250313e-16,-6.103155958392392e-08,8.455086580205773e-06,-2.220446049250313e-16
2961,texture,SVC,impute,0.0001818181818181719,0.00018181818181839393,0.00018111403202358822,0.00017758062500261573,0.00018181818181839393
2962,texture,SVC,impute,0.0001818181818182829,0.0001818181818182829,0.00017969064189116146,0.00017205118040886092,0.0001818181818182829
2963,texture,SVC,impute,-0.00036363636363623275,-0.0003636363636360107,-0.0003636624766082397,-0.0003579563551623366,-0.0003636363636360107
2964,texture,LR,impute,-0.0003636363636363438,-0.0003636363636363438,-0.000365146565731167,-0.000359490927910433,-0.0003636363636363438
2965,texture,LR,impute,0.0,0.0,0.0,0.0,0.0
2966,texture,LR,impute,-0.0001818181818181719,-0.0001818181818181719,-0.00018116280620794623,-0.00017354129794922013,-0.0001818181818181719
2967,texture,LR,impute,0.00018181818181806086,0.00018181818181806086,0.0001833021955419678,0.00018037518037528066,0.00018181818181806086
2968,texture,LR,impute,-0.0003636363636364548,-0.0003636363636364548,-0.0003658592261815974,-0.00036373059583116873,-0.0003636363636364548
2969,texture,LR,impute,-0.0003636363636364548,-0.0003636363636364548,-0.0003644537742639731,-0.00035522786055008915,-0.0003636363636364548
2970,texture,NB,impute,0.0001818181818181719,0.0001818181818182829,0.0001363818226668423,0.000236152750661911,0.0001818181818182829
2971,texture,NB,impute,0.0003636363636363438,0.0003636363636363438,0.0004058487414563272,0.00043511038437671345,0.0003636363636363438
2972,texture,NB,impute,-0.0001818181818182829,-0.0001818181818181719,-0.0001162588772087858,3.082964947698219e-05,-0.0001818181818181719
2973,texture,NB,impute,0.0001818181818181719,0.0001818181818181719,0.0002443566674146247,0.00033727738094002646,0.0001818181818181719
2974,texture,NB,impute,0.0,0.0,-5.407617198427417e-05,-8.91627312082921e-05,0.0
2975,texture,NB,impute,0.0007272727272726875,0.0007272727272727986,0.0006280626501671271,0.0005769772629122816,0.0007272727272727986
2976,texture,DT,impute,-0.0001818181818182829,-0.00018181818181839393,-0.00019349340453622688,-0.00017678372921003938,-0.00018181818181839393
2977,texture,DT,impute,-0.0038181818181818317,-0.0038181818181816096,-0.0038497859679569313,-0.004051026032447669,-0.0038181818181816096
2978,texture,DT,impute,-0.001636363636363769,-0.001636363636363547,-0.0015548376885228254,-0.0011901244100668285,-0.001636363636363547
2979,texture,DT,impute,-0.0027272727272725783,-0.0027272727272728003,-0.0027207227679525436,-0.002946242500036944,-0.0027272727272728003
2980,texture,DT,impute,-0.003272727272727427,-0.003272727272727205,-0.0032237435858843977,-0.0032460694423558367,-0.003272727272727205
2981,texture,DT,impute,-0.0009090909090908594,-0.0009090909090910815,-0.000886718482923543,-0.0009618360424229477,-0.0009090909090910815
2982,texture,RF,impute,0.0005454545454548487,0.0005454545454548487,0.0005427546077336753,0.0005125116056893253,0.0005454545454548487
2983,texture,RF,impute,-0.0003636363636363438,-0.0003636363636365658,-0.00035256269947836483,-0.0003545835387669394,-0.0003636363636365658
2984,texture,RF,impute,-0.0010909090909090313,-0.0010909090909088093,-0.0010909032833584797,-0.0010445244279249088,-0.0010909090909088093
2985,texture,RF,impute,-0.0005454545454545157,-0.0005454545454545157,-0.0005467969836213671,-0.0005817229292581771,-0.0005454545454545157
2986,texture,RF,impute,-0.00018181818181806086,-0.00018181818181806086,-0.00014917818500526092,-0.00010271047761378771,-0.00018181818181806086
2987,texture,RF,impute,-0.00036363636363623275,-0.00036363636363623275,-0.00036651148084199114,-0.0004269497486378837,-0.00036363636363623275
2988,sonar,KNN,impute,0.0,0.0,0.0,0.0,0.0
2989,sonar,KNN,impute,0.0,0.0,0.0,0.0,0.0
2990,sonar,KNN,impute,0.0,0.0,0.0,0.0,0.0
2991,sonar,KNN,impute,0.004807692307692291,0.005208333333333481,0.006012950971322928,0.0009881422924900019,0.01041666666666663
2992,sonar,KNN,impute,-0.004807692307692402,-0.005208333333333481,-0.008231707317073123,-0.0027573529411765163,-0.01041666666666674
2993,sonar,KNN,impute,-0.004807692307692402,-0.0047916666666666385,-0.005413550747591089,0.00032556882402079435,-0.009583333333333166
2994,sonar,SVC,impute,0.009615384615384581,0.010952380952380825,0.017124084915846938,0.002342503987240785,0.030833333333333268
2995,sonar,SVC,impute,0.004807692307692291,0.005208333333333481,0.0063775510204081565,0.0024999999999999467,0.01041666666666663
2996,sonar,SVC,impute,-0.004807692307692291,-0.005621693121693361,-0.009896511796207652,0.0024703557312253377,-0.02083333333333326
2997,sonar,SVC,impute,-0.014423076923076872,-0.014715608465608376,-0.01757047684938906,-0.01512270740531596,-0.02083333333333326
2998,sonar,SVC,impute,-0.004807692307692291,-0.004629629629629539,-0.0027857972457274727,-0.008794620412267418,0.0
2999,sonar,SVC,impute,0.009615384615384581,0.009464285714285703,0.011611456176673585,0.014942659679501813,0.009999999999999898
3000,sonar,LR,impute,-0.009615384615384581,-0.008928571428571397,-0.005952380952380931,-0.010643939393939372,-1.1102230246251565e-16
3001,sonar,LR,impute,0.0,0.0007440476190475609,0.0027056277056276556,-0.009722222222222299,0.01041666666666674
3002,sonar,LR,impute,-0.009615384615384581,-0.010373677248677327,-0.013827860006167203,-0.006758187464709353,-0.02041666666666664
3003,sonar,LR,impute,1.1102230246251565e-16,2.220446049250313e-16,0.0012469430525595682,-0.0008393829401088793,0.0
3004,sonar,LR,impute,-0.014423076923076983,-0.01504629629629628,-0.01964974978176315,-0.01459115995056215,-0.02083333333333337
3005,sonar,LR,impute,0.004807692307692291,0.004999999999999893,0.006117021276595747,-4.47016751364826e-05,0.010000000000000009
3006,sonar,NB,impute,0.0,0.0,0.0,0.0,0.0
3007,sonar,NB,impute,0.004807692307692291,0.00520833333333337,0.0060606060606061,0.003225806451612967,0.010416666666666519
3008,sonar,NB,impute,0.0,0.0,0.0,0.0,0.0
3009,sonar,NB,impute,0.0,0.0,0.0,0.0,0.0
3010,sonar,NB,impute,0.0,0.0,0.0,0.0,0.0
3011,sonar,NB,impute,0.0,0.0,0.0,0.0,0.0
3012,sonar,DT,impute,0.004807692307692291,0.005208333333333259,0.006274509803921635,0.002849002849002913,0.01041666666666674
3013,sonar,DT,impute,0.0,0.0,0.0,0.0,0.0
3014,sonar,DT,impute,0.004807692307692291,0.004999999999999893,0.005984042553191515,0.0009881422924901129,0.010000000000000009
3015,sonar,DT,impute,-0.014423076923077094,-0.014136904761904767,-0.014579282221676926,-0.018359683794466397,-0.01041666666666663
3016,sonar,DT,impute,0.0,0.0,0.0,0.0,0.0
3017,sonar,DT,impute,-0.004807692307692402,-0.00462962962962965,-0.004251700680272141,-0.009057971014492683,0.0
3018,sonar,RF,impute,0.004807692307692291,0.004999999999999893,0.007321420538886958,0.004347826086956497,0.009999999999999898
3019,sonar,RF,impute,-0.009615384615384581,-0.009464285714285703,-0.010561074455729402,-0.013737115399519384,-0.010000000000000009
3020,sonar,RF,impute,0.004807692307692291,0.0044642857142858094,0.002545676807308439,0.007603904809787121,0.0
3021,sonar,RF,impute,-0.009615384615384581,-0.009672619047619069,-0.011746673728473489,-0.015322396901344293,-0.01041666666666674
3022,sonar,RF,impute,0.0,0.0,0.0,0.0,0.0
3023,sonar,RF,impute,-0.004807692307692291,-0.0039285714285716145,-0.0018243768367660618,-0.01461791831357051,0.009999999999999898
3024,molecular_biology_promoters,KNN,impute,0.0,0.0006868131868131844,-0.004469987228607919,0.008974358974358942,-0.017857142857143016
3025,molecular_biology_promoters,KNN,impute,-0.0092592592592593,-0.008928571428571508,-0.007692307692307776,-0.01602564102564097,0.0
3026,molecular_biology_promoters,KNN,impute,-0.009615384615384692,-0.008928571428571397,-0.006222781466409644,-0.01628787878787874,0.0
3027,molecular_biology_promoters,KNN,impute,0.009615384615384581,0.009615384615384692,0.007275132275132323,0.01309523809523816,0.0
3028,molecular_biology_promoters,KNN,impute,0.00035612535612528085,0.0006868131868132954,0.004263329263329285,-0.009890109890109855,0.019230769230769384
3029,molecular_biology_promoters,KNN,impute,-0.01887464387464388,-0.0185439560439562,-0.016330891330891384,-0.013736263736263687,-0.017857142857143016
3030,molecular_biology_promoters,SVC,impute,0.0092592592592593,0.009615384615384581,0.0064102564102563875,0.014423076923076983,0.0
3031,molecular_biology_promoters,SVC,impute,0.009615384615384581,0.009615384615384581,0.007905138339921014,0.022222222222222143,0.0
3032,molecular_biology_promoters,SVC,impute,0.0,0.0,0.0,0.0,0.0
3033,molecular_biology_promoters,SVC,impute,0.019230769230769273,0.019230769230769162,0.015831265508684855,0.0169054801407742,0.019230769230769273
3034,molecular_biology_promoters,SVC,impute,-0.008903133903133797,-0.008928571428571397,-0.00659340659340657,-0.0006868131868131844,0.0
3035,molecular_biology_promoters,SVC,impute,0.01887464387464388,0.01854395604395609,0.013181818181818183,0.024940191387559763,0.0
3036,molecular_biology_promoters,LR,impute,0.0,0.0,0.0,0.0,0.0
3037,molecular_biology_promoters,LR,impute,0.0,0.0,0.0,0.0,0.0
3038,molecular_biology_promoters,LR,impute,-0.01887464387464388,-0.018543956043955978,-0.021677371541501955,-0.005927698032961226,-0.037087912087911956
3039,molecular_biology_promoters,LR,impute,0.0,0.0,0.0,0.0,0.0
3040,molecular_biology_promoters,LR,impute,0.009615384615384581,0.009615384615384581,0.0071428571428571175,0.0267857142857143,0.0
3041,molecular_biology_promoters,LR,impute,0.0,0.0,0.0,0.0,0.0
3042,molecular_biology_promoters,NB,impute,0.0,0.0,0.0,0.0,0.0
3043,molecular_biology_promoters,NB,impute,-0.009615384615384581,-0.009615384615384581,-0.010683760683760646,-0.0027472527472527375,-0.019230769230769162
3044,molecular_biology_promoters,NB,impute,0.0,0.0,0.0,0.0,0.0
3045,molecular_biology_promoters,NB,impute,0.0,0.0,0.0,0.0,0.0
3046,molecular_biology_promoters,NB,impute,-0.009615384615384581,-0.009615384615384581,-0.009057971014492905,-0.022727272727272818,0.0
3047,molecular_biology_promoters,NB,impute,0.0,0.0,0.0,0.0,0.0
3048,molecular_biology_promoters,DT,impute,0.0,0.0,0.0,0.0,0.0
3049,molecular_biology_promoters,DT,impute,0.0,0.0,0.0,0.0,0.0
3050,molecular_biology_promoters,DT,impute,-0.00925925925925919,-0.009615384615384692,-0.005681818181818121,-0.00877192982456143,0.0
3051,molecular_biology_promoters,DT,impute,-0.01887464387464388,-0.019917582417582347,-0.02355107855107852,-0.009569597069597036,-0.038461538461538436
3052,molecular_biology_promoters,DT,impute,0.0,0.0,0.0,0.0,0.0
3053,molecular_biology_promoters,DT,impute,0.0,0.0,0.0,0.0,0.0
3054,molecular_biology_promoters,RF,impute,-0.0185185185185186,-0.01854395604395609,-0.014608156849536202,-0.028205128205128216,0.0
3055,molecular_biology_promoters,RF,impute,-0.009615384615384581,-0.010302197802197988,-0.010784493284493268,-0.022664835164835195,-0.0013736263736262577
3056,molecular_biology_promoters,RF,impute,0.009615384615384803,0.009615384615384581,0.015295406732117822,0.012485145573380985,0.019230769230769162
3057,molecular_biology_promoters,RF,impute,0.0092592592592593,0.009615384615384581,0.008045977011494232,0.014583333333333282,0.0
3058,molecular_biology_promoters,RF,impute,0.01887464387464377,0.019230769230769273,0.017103174603174565,0.037316849816849906,0.0
3059,molecular_biology_promoters,RF,impute,0.01816239316239321,0.017857142857142794,0.02046092796092802,0.027380952380952395,0.017857142857142794
3060,mfeat_fourier,KNN,impute,0.0035000000000000586,0.0035000000000000586,0.003505205430988756,0.003549145649103358,0.0035000000000000586
3061,mfeat_fourier,KNN,impute,0.000500000000000167,0.000500000000000167,0.00028083101641818153,6.245727495601816e-05,0.000500000000000167
3062,mfeat_fourier,KNN,impute,-0.0019999999999998908,-0.0020000000000000018,-0.0016832663193306896,-0.0013773744377398867,-0.0020000000000000018
3063,mfeat_fourier,KNN,impute,0.0020000000000000018,0.0020000000000000018,0.0018752481216914862,0.0012355496288480872,0.0020000000000000018
3064,mfeat_fourier,KNN,impute,-0.0004999999999999449,-0.0004999999999999449,-0.000359122834977077,-8.800080135085153e-05,-0.0004999999999999449
3065,mfeat_fourier,KNN,impute,1.1102230246251565e-16,0.0,-0.00020118709824390457,-0.0005449433041386786,0.0
3066,mfeat_fourier,SVC,impute,-0.000500000000000056,-0.000500000000000056,-0.00042476739264052377,0.0003447441307941057,-0.000500000000000056
3067,mfeat_fourier,SVC,impute,-0.0010000000000000009,-0.001000000000000112,-0.0008300272360202143,-0.000829899755085961,-0.001000000000000112
3068,mfeat_fourier,SVC,impute,-0.0009999999999998899,-0.0010000000000000009,-0.0008939448209656087,-0.0008823973032865418,-0.0010000000000000009
3069,mfeat_fourier,SVC,impute,0.0014999999999999458,0.0015000000000000568,0.001755052437893978,0.002629279552523567,0.0015000000000000568
3070,mfeat_fourier,SVC,impute,0.0,0.0,3.269323051147133e-05,2.0840919950471104e-05,0.0
3071,mfeat_fourier,SVC,impute,0.0004999999999999449,0.000500000000000056,0.0007000972106228076,0.0008436514159784192,0.000500000000000056
3072,mfeat_fourier,LR,impute,0.0,0.0,-0.0002668299553246767,-0.0007227248049946899,0.0
3073,mfeat_fourier,LR,impute,0.0030000000000000027,0.0030000000000001137,0.00290482997711905,0.0028646555709122,0.0030000000000001137
3074,mfeat_fourier,LR,impute,-0.001000000000000112,-0.001000000000000112,-0.0009367477614459219,-0.001044710364443202,-0.001000000000000112
3075,mfeat_fourier,LR,impute,-0.0020000000000000018,-0.002000000000000224,-0.0020074402833489824,-0.001954318701656521,-0.002000000000000224
3076,mfeat_fourier,LR,impute,0.0004999999999999449,0.000500000000000056,9.880092777692084e-05,-0.00026253666405640086,0.000500000000000056
3077,mfeat_fourier,LR,impute,-0.0010000000000000009,-0.001000000000000112,-0.0008736729435756541,-0.0010523905045188853,-0.001000000000000112
3078,mfeat_fourier,NB,impute,0.0,0.0,6.4319964429016e-06,-2.144551603144862e-05,0.0
3079,mfeat_fourier,NB,impute,0.0004999999999999449,0.0004999999999999449,0.0005972393387340125,0.0009425037820089965,0.0004999999999999449
3080,mfeat_fourier,NB,impute,0.0010000000000000009,0.0010000000000000009,0.0013282006430468396,0.0019263642943981862,0.0010000000000000009
3081,mfeat_fourier,NB,impute,-0.002000000000000113,-0.002000000000000113,-0.0021226295871473733,-0.002075322518675815,-0.002000000000000113
3082,mfeat_fourier,NB,impute,-0.0015000000000001679,-0.0015000000000001679,-0.0013380844236883238,-0.0012929729386448319,-0.0015000000000001679
3083,mfeat_fourier,NB,impute,0.0009999999999998899,0.0010000000000000009,0.0007486930730677965,0.0004286368997565848,0.0010000000000000009
3084,mfeat_fourier,DT,impute,0.012499999999999956,0.012499999999999956,0.011978563370118933,0.010647522117358754,0.012499999999999956
3085,mfeat_fourier,DT,impute,0.0050000000000000044,0.0050000000000000044,0.004263393861154041,0.0032397390115871394,0.0050000000000000044
3086,mfeat_fourier,DT,impute,-0.0030000000000000027,-0.0030000000000001137,-0.0016799098369940646,-0.0012968658031535796,-0.0030000000000001137
3087,mfeat_fourier,DT,impute,0.0030000000000000027,0.0030000000000001137,0.0026253221157935824,0.0027614930753028233,0.0030000000000001137
3088,mfeat_fourier,DT,impute,0.0014999999999999458,0.0014999999999999458,0.003171986853211961,0.0037858802799022317,0.0014999999999999458
3089,mfeat_fourier,DT,impute,-0.005999999999999894,-0.005999999999999894,-0.007950286530196027,-0.009677471077493172,-0.005999999999999894
3090,mfeat_fourier,RF,impute,0.0020000000000000018,0.0019999999999998908,0.0021281119231071344,0.0024677763625847726,0.0019999999999998908
3091,mfeat_fourier,RF,impute,-0.0015000000000000568,-0.0015000000000000568,-0.001112537503076938,-0.0013660745486265835,-0.0015000000000000568
3092,mfeat_fourier,RF,impute,-0.0040000000000000036,-0.0040000000000000036,-0.003600861712158787,-0.003385915306130305,-0.0040000000000000036
3093,mfeat_fourier,RF,impute,-0.0020000000000000018,-0.0020000000000000018,-0.0016834000953820372,-0.001970015903909994,-0.0020000000000000018
3094,mfeat_fourier,RF,impute,-0.0024999999999999467,-0.0024999999999999467,-0.0030318494311117883,-0.0032862854141587627,-0.0024999999999999467
3095,mfeat_fourier,RF,impute,0.006999999999999895,0.006999999999999895,0.00750500749531724,0.006102037790571613,0.006999999999999895
3096,analcatdata_authorship,KNN,impute,0.0011904761904761862,0.0007911392405063333,0.0008169229425676328,0.0008322148828475706,0.0007911392405063333
3097,analcatdata_authorship,KNN,impute,0.0,0.0,0.0,0.0,0.0
3098,analcatdata_authorship,KNN,impute,0.0,0.0,0.0,0.0,0.0
3099,analcatdata_authorship,KNN,impute,0.0,0.0,0.0,0.0,0.0
3100,analcatdata_authorship,KNN,impute,-0.0011904761904764083,-0.0007911392405062223,-0.0008174820060672383,-0.0008544838351012274,-0.0007911392405062223
3101,analcatdata_authorship,KNN,impute,-0.0011904761904760752,-0.0008445945945946276,-0.0008182518290336116,-0.0007812500000001776,-0.0008445945945946276
3102,analcatdata_authorship,SVC,impute,0.0,0.0,0.0,0.0,0.0
3103,analcatdata_authorship,SVC,impute,0.0,0.0,0.0,0.0,0.0
3104,analcatdata_authorship,SVC,impute,0.0,0.0,0.0,0.0,0.0
3105,analcatdata_authorship,SVC,impute,0.0,0.0,0.0,0.0,0.0
3106,analcatdata_authorship,SVC,impute,0.0,0.0,0.0,0.0,0.0
3107,analcatdata_authorship,SVC,impute,0.0,0.0,0.0,0.0,0.0
3108,analcatdata_authorship,LR,impute,0.0,0.0,0.0,0.0,0.0
3109,analcatdata_authorship,LR,impute,-0.0011904761904761862,-0.0008445945945946276,-0.0008191625545279635,-0.0007619598765432611,-0.0008445945945946276
3110,analcatdata_authorship,LR,impute,0.0,0.0,0.0,0.0,0.0
3111,analcatdata_authorship,LR,impute,0.0,0.0,0.0,0.0,0.0
3112,analcatdata_authorship,LR,impute,0.0,0.0,0.0,0.0,0.0
3113,analcatdata_authorship,LR,impute,-0.0011904761904764083,-0.0008445945945948496,-0.0008182518290336116,-0.0007812499999998446,-0.0008445945945948496
3114,analcatdata_authorship,NB,impute,0.0,0.0,0.0,0.0,0.0
3115,analcatdata_authorship,NB,impute,0.0,0.0,0.0,0.0,0.0
3116,analcatdata_authorship,NB,impute,0.0,0.0,0.0,0.0,0.0
3117,analcatdata_authorship,NB,impute,0.0,0.0,0.0,0.0,0.0
3118,analcatdata_authorship,NB,impute,0.0,0.0,0.0,0.0,0.0
3119,analcatdata_authorship,NB,impute,0.0,0.0,0.0,0.0,0.0
3120,analcatdata_authorship,DT,impute,0.0,0.0,0.0,0.0,0.0
3121,analcatdata_authorship,DT,impute,0.0011848341232227888,0.0008445945945946276,0.0008251016357073704,0.0008561175666439436,0.0008445945945946276
3122,analcatdata_authorship,DT,impute,-0.0011904761904761862,-0.0008445945945945166,-0.0008185891459846495,-0.0007424146277847932,-0.0008445945945945166
3123,analcatdata_authorship,DT,impute,-0.0011904761904761862,-0.0008445945945944056,-0.0008272272740963427,-0.0009201388888889772,-0.0008445945945944056
3124,analcatdata_authorship,DT,impute,0.0,0.0,0.0,0.0,0.0
3125,analcatdata_authorship,DT,impute,-0.0023809523809523725,-0.0022980829666876534,-0.0029242370331659107,-0.003884328858839048,-0.0022980829666876534
3126,analcatdata_authorship,RF,impute,0.0,0.0,0.0,0.0,0.0
3127,analcatdata_authorship,RF,impute,0.0,0.0,0.0,0.0,0.0
3128,analcatdata_authorship,RF,impute,-1.1284134506794885e-05,0.0033211701089607137,0.0022435463999076477,0.0005430991584447487,0.0033211701089607137
3129,analcatdata_authorship,RF,impute,0.0,0.0,0.0,0.0,0.0
3130,analcatdata_authorship,RF,impute,0.0,0.0,0.0,0.0,0.0
3131,analcatdata_authorship,RF,impute,-0.0023809523809523725,-0.0029069767441861627,-0.002272354591286385,-0.0016170657752537787,-0.0029069767441861627
3132,tokyo1,KNN,impute,0.002083333333333437,0.0016286817757406036,0.0017229451336331358,0.0002460314457402024,0.003257363551481207
3133,tokyo1,KNN,impute,2.220446049250313e-16,0.0,-3.5591144832980426e-05,-9.801066751402576e-05,0.0
3134,tokyo1,KNN,impute,-0.0010416666666666075,-0.0008169934640521737,-0.0008906519791047618,-0.00011185682326619872,-0.0016339869281045694
3135,tokyo1,KNN,impute,0.0010460251046023883,0.0014367816091952479,0.0007575071358355556,0.0014496265324079882,0.0
3136,tokyo1,KNN,impute,8.716875871783714e-06,-0.0012729898160813713,0.00022645901670015345,-0.0029229301489576143,0.0032679738562092497
3137,tokyo1,KNN,impute,-0.002083333333333104,-0.002873563218390829,-0.0015423018956391976,-0.0031171371152969307,0.0
3138,tokyo1,SVC,impute,0.0031206415620641526,0.003745982123499858,0.0024595886093295993,0.002836305537245787,0.00164459723283239
3139,tokyo1,SVC,impute,0.0031206415620642636,0.004327051590483633,0.002266709273325951,0.004419247685147565,0.0
3140,tokyo1,SVC,impute,8.716875871672691e-06,-0.0012562830531840374,0.00030944773046759355,-0.0023561870152435382,0.0032679738562091387
3141,tokyo1,SVC,impute,-0.0010416666666668295,-0.0020679713648722453,-0.0006635476705215693,-0.0029416786425502384,0.00164459723283239
3142,tokyo1,SVC,impute,-0.002087691771269218,-0.0022704818361451995,-0.0016321881248985148,-0.0017023650006979807,-0.0016339869281047914
3143,tokyo1,SVC,impute,-4.3584379357808345e-06,0.0,-1.1293637957598968e-05,-2.2559379171394056e-06,0.0
3144,tokyo1,LR,impute,0.0031206415620641526,0.004343758353381411,0.0022693738257801854,0.004360270269273547,0.0
3145,tokyo1,LR,impute,0.0,0.0006364949080408522,-8.59993120055913e-05,0.0014824914513266174,-0.0016339869281045694
3146,tokyo1,LR,impute,0.0010416666666666075,0.0014367816091951369,0.0008207495701942902,0.0016075298718611908,0.0
3147,tokyo1,LR,impute,-0.0031249999999999334,-0.0036852515300790367,-0.0023387353320597493,-0.003041341531270003,-0.0016233766233767488
3148,tokyo1,LR,impute,0.0010460251046026103,0.0001972053189089884,0.0009566194674349715,-0.001306653600639196,0.0032679738562092497
3149,tokyo1,LR,impute,0.0010460251046023883,0.0008283950745859858,0.0008329733520808791,0.00012106638368258871,0.0016233766233766378
3150,tokyo1,NB,impute,0.0,-5.305152363965782e-06,-1.0113696429780994e-05,-3.837349662760836e-05,-1.0610304728042586e-05
3151,tokyo1,NB,impute,0.0010416666666667185,0.0008116883116884299,0.0008675565774626248,9.674922600644287e-05,0.0016233766233767488
3152,tokyo1,NB,impute,0.0,0.0,0.0,0.0,0.0
3153,tokyo1,NB,impute,-0.023958333333333304,-0.0173852310480217,-0.023771306275319204,0.0018647281921617687,-0.04058441558441561
3154,tokyo1,NB,impute,-0.0010460251046024993,-0.0008169934640522847,-0.0008560392525314153,-0.00011228156132603306,-0.0016339869281045694
3155,tokyo1,NB,impute,-0.0010416666666666075,-0.0008169934640522847,-0.0009030100334449509,-0.00010483645512993078,-0.0016339869281046804
3156,tokyo1,DT,impute,0.00520833333333337,0.002845391029975275,0.004590825191117642,-0.0024072910569975514,0.011437908496732208
3157,tokyo1,DT,impute,-0.0031250000000000444,-0.0030707685372999283,-0.0025018750669668632,-0.0017307361541105681,-0.0032679738562092497
3158,tokyo1,DT,impute,-0.0010503835425383912,0.00045599635202919764,-0.001244203324897053,0.002482347397777529,-0.004901960784313819
3159,tokyo1,DT,impute,-0.002083333333333548,-0.0022370683103499767,-0.0016798681733144472,-0.0015077771695907183,-0.0016339869281045694
3160,tokyo1,DT,impute,0.005230125523012608,0.0034431672598567165,0.004635852518719452,-0.000842852174743669,0.009793311263899263
3161,tokyo1,DT,impute,0.004162308228730871,0.0033066925343682163,0.003387014551116563,0.0001931315331058503,0.006546558017146209
3162,tokyo1,RF,impute,-0.0010460251046023883,-0.001436781609195359,-0.0007736903005614026,-0.0016377502995670312,0.0
3163,tokyo1,RF,impute,0.0031250000000000444,0.0024236633245310335,0.002536852215308749,0.000237686086258182,0.004880740174857956
3164,tokyo1,RF,impute,-0.006254358437935981,-0.007409221738317595,-0.00474987057144538,-0.006396979359751476,-0.003257363551481207
3165,tokyo1,RF,impute,-0.002087691771269218,-0.0022590802256116094,-0.0016246339386644104,-0.0015767512019347896,-0.00164459723283239
3166,tokyo1,RF,impute,0.0,-0.0012562830531838154,0.00014950161702442788,-0.0027771251397459285,0.0032679738562090277
3167,tokyo1,RF,impute,0.0010460251046026103,0.003368278248579215,0.00047053505761518455,0.005551093334822732,-0.0048913504795858875
3168,soybean,KNN,impute,-0.005925965060580518,-0.004589371980676327,-0.004546128575393382,-0.002436996238533218,-0.004589371980676327
3169,soybean,KNN,impute,0.0,0.0021739130434782483,0.003613549149263484,0.0007941083819351658,0.0021739130434782483
3170,soybean,KNN,impute,0.0014792899408283544,0.0006038647342994086,6.251436230031437e-05,-5.959593124338358e-05,0.0006038647342994086
3171,soybean,KNN,impute,-8.805297266878398e-06,-2.7448397013518644e-05,-0.0007901686433822164,-0.0035555498493043958,-2.7448397013518644e-05
3172,soybean,KNN,impute,-1.1102230246251565e-16,-0.0006313131313131493,0.00012892007434062158,0.0006705445024072221,-0.0006313131313131493
3173,soybean,KNN,impute,-0.004429064525218296,-0.0018115942028985588,-0.0037968514115731544,-0.00781965679331742,-0.0018115942028985588
3174,soybean,SVC,impute,-0.0014792899408282434,-0.0006038647342994086,0.00029615118752979175,0.0022459590703591825,-0.0006038647342994086
3175,soybean,SVC,impute,0.0,0.0,-0.0001074331627107794,-0.0007551538946659608,0.0
3176,soybean,SVC,impute,8.805297266878398e-06,0.0021739130434784704,0.002126348717866877,0.0023174932366110124,0.0021739130434784704
3177,soybean,SVC,impute,-0.005925965060580518,-0.004589371980676438,-0.00462770993870365,-0.004038444081336023,-0.004589371980676438
3178,soybean,SVC,impute,-1.7610594533645774e-05,-2.220446049250313e-16,0.0034259588353570125,0.0037464833712551604,-2.220446049250313e-16
3179,soybean,SVC,impute,-0.002958579881656931,-0.0012351778656125578,-0.0019425735174346537,-0.0021088162189486503,-0.0012351778656125578
3180,soybean,LR,impute,0.0014880952380953438,0.0006038647342996306,0.0015388210710626238,0.002266830391830621,0.0006038647342996306
3181,soybean,LR,impute,-8.805297266878398e-06,0.0,0.0005248373613684354,0.002089588067054393,0.0
3182,soybean,LR,impute,0.0,0.0021739130434782483,0.001140863325879038,-0.00044293503484960084,0.0021739130434782483
3183,soybean,LR,impute,1.1102230246251565e-16,0.0,-0.00012284204739676508,0.0008934194976883969,0.0
3184,soybean,LR,impute,0.004437869822485285,0.006159420289854944,0.006391257884300505,0.004454033805607938,0.006159420289854944
3185,soybean,LR,impute,-0.0014792899408284654,0.0015700483091788398,0.0018565422716394497,-7.937177188577227e-05,0.0015700483091788398
3186,soybean,NB,impute,-8.805297266767376e-06,-5.489679402714831e-05,0.0012649196083658332,-0.0002085216015452751,-5.489679402714831e-05
3187,soybean,NB,impute,-0.0014792899408283544,-0.00277777777777799,0.0003523329381666107,0.0003624512670564739,-0.00277777777777799
3188,soybean,NB,impute,-0.010363834883065581,-0.0043642951251647855,-0.005385940897372987,-0.004700637893647608,-0.0043642951251647855
3189,soybean,NB,impute,-0.0162897999436461,-0.008898770311813409,-0.00522672778532296,0.00034117456290405634,-0.008898770311813409
3190,soybean,NB,impute,-0.020815722738799725,-0.010984848484848375,-0.007949346524522616,-0.0029211939365582085,-0.010984848484848375
3191,soybean,NB,impute,-0.0014792899408283544,0.00154259991216521,0.00048599058291487474,-0.0004023632313108205,0.00154259991216521
3192,soybean,DT,impute,0.005917159763313751,0.007394598155467613,0.006641848698148323,0.006010960099124385,0.007394598155467613
3193,soybean,DT,impute,0.004446675119752053,0.00035133948177445973,-0.0020455192732520278,-0.0008259174506315414,0.00035133948177445973
3194,soybean,DT,impute,-0.0029497745843901635,-0.002695432586736879,-0.003690894063718586,-0.001464893525848332,-0.002695432586736879
3195,soybean,DT,impute,-0.0014880952380952328,-0.00037878787878786735,-0.0015916460606327787,-0.0020740249088520013,-0.00037878787878786735
3196,soybean,DT,impute,0.0074052550014087615,0.007476943346508391,0.00831777881409923,0.012203855682631048,0.007476943346508391
3197,soybean,DT,impute,0.010355029585798814,0.017956741326306425,0.013966891613271026,0.005964174361390406,0.017956741326306425
3198,soybean,RF,impute,0.001470484643561587,0.0006313131313131493,0.0006229436685726286,0.00014640546197342008,0.0006313131313131493
3199,soybean,RF,impute,0.0,-2.7448397013629666e-05,-0.0017646644165882908,-0.0037478996714015445,-2.7448397013629666e-05
3200,soybean,RF,impute,0.0014792899408284654,-0.0015700483091788398,-0.0016250355920466308,-0.0009674655937049748,-0.0015700483091788398
3201,soybean,RF,impute,-0.0029673851789235872,0.0009387351778656905,0.000365420351858603,-0.0010338576558047707,0.0009387351778656905
3202,soybean,RF,impute,-0.004437869822485174,-0.003985507246376807,-0.0022283391578942213,-0.0011796018477054915,-0.003985507246376807
3203,soybean,RF,impute,-0.0074052550014087615,-0.005193236714976068,-0.007065527684585349,-0.00741074804678421,-0.005193236714976068
3204,mfeat_karhunen,KNN,impute,0.0004999999999999449,0.0004999999999999449,0.0005827729194317621,0.0006098917430912287,0.0004999999999999449
3205,mfeat_karhunen,KNN,impute,-0.0015000000000001679,-0.0015000000000000568,-0.0015999577189466097,-0.0014510313793913987,-0.0015000000000000568
3206,mfeat_karhunen,KNN,impute,0.0,0.0,-2.5500233368003222e-05,-0.0003191517189398141,0.0
3207,mfeat_karhunen,KNN,impute,-0.0004999999999999449,-0.0004999999999999449,-0.0005218765485044408,-0.0003386304404718876,-0.0004999999999999449
3208,mfeat_karhunen,KNN,impute,0.0,0.0,7.468277502797882e-05,0.0003417769501889989,0.0
3209,mfeat_karhunen,KNN,impute,-0.0020000000000000018,-0.0020000000000000018,-0.00200855677139955,-0.0016991728526501992,-0.0020000000000000018
3210,mfeat_karhunen,SVC,impute,0.0,0.0,1.3362737144029246e-05,7.516393694440016e-05,0.0
3211,mfeat_karhunen,SVC,impute,-0.000500000000000056,-0.000500000000000056,-0.0005611138388619263,-0.0007849136021603753,-0.000500000000000056
3212,mfeat_karhunen,SVC,impute,-0.0010000000000000009,-0.0010000000000000009,-0.0010449793027423881,-0.0008233143937277365,-0.0010000000000000009
3213,mfeat_karhunen,SVC,impute,-0.0020000000000000018,-0.0020000000000000018,-0.002006584656542354,-0.002106692639094465,-0.0020000000000000018
3214,mfeat_karhunen,SVC,impute,0.0,-1.1102230246251565e-16,-2.8377286596659168e-05,-7.284369370497146e-05,-1.1102230246251565e-16
3215,mfeat_karhunen,SVC,impute,0.0010000000000000009,0.0010000000000000009,0.0010241656609452088,0.0009441038169939464,0.0010000000000000009
3216,mfeat_karhunen,LR,impute,0.000500000000000056,0.000500000000000056,0.0004977672300143787,0.0004861910569722294,0.000500000000000056
3217,mfeat_karhunen,LR,impute,-0.0010000000000000009,-0.0010000000000000009,-0.0009477912038051706,-0.0009212548367165674,-0.0010000000000000009
3218,mfeat_karhunen,LR,impute,-0.000500000000000056,-0.000500000000000056,-0.00046912887004957327,-0.00032227424982422814,-0.000500000000000056
3219,mfeat_karhunen,LR,impute,0.0020000000000000018,0.0020000000000000018,0.0019739903540587633,0.0017811315830880137,0.0020000000000000018
3220,mfeat_karhunen,LR,impute,-0.0004999999999999449,-0.0004999999999999449,-0.0005116854038840213,-0.0004648940590967765,-0.0004999999999999449
3221,mfeat_karhunen,LR,impute,-0.0004999999999999449,-0.0004999999999999449,-0.0004038995286643754,-0.0002602039910684084,-0.0004999999999999449
3222,mfeat_karhunen,NB,impute,0.0004999999999999449,0.0004999999999999449,0.0005119003550427825,0.0006165914885828405,0.0004999999999999449
3223,mfeat_karhunen,NB,impute,0.0,0.0,1.0293520199988748e-05,-5.234266881382066e-05,0.0
3224,mfeat_karhunen,NB,impute,0.0,0.0,3.2034638763001055e-05,8.803461086392961e-05,0.0
3225,mfeat_karhunen,NB,impute,-0.000500000000000056,-0.000500000000000056,-0.000491318350800185,-0.0005634978229317467,-0.000500000000000056
3226,mfeat_karhunen,NB,impute,0.000500000000000056,0.000500000000000056,0.0004996816546863903,0.00041711452545845074,0.000500000000000056
3227,mfeat_karhunen,NB,impute,-0.0015000000000000568,-0.0015000000000000568,-0.0014968731391745704,-0.0014712721225782488,-0.0015000000000000568
3228,mfeat_karhunen,DT,impute,0.01100000000000001,0.010999999999999899,0.010790484617358653,0.01107340770256715,0.010999999999999899
3229,mfeat_karhunen,DT,impute,0.0010000000000000009,0.0009999999999998899,0.0011341003453604337,0.00037004046744404384,0.0009999999999998899
3230,mfeat_karhunen,DT,impute,0.0004999999999999449,0.0004999999999999449,0.0006835691295121737,0.0009410573424413204,0.0004999999999999449
3231,mfeat_karhunen,DT,impute,-0.0010000000000000009,-0.0010000000000000009,-0.0008638550543378365,-0.0005910400564057561,-0.0010000000000000009
3232,mfeat_karhunen,DT,impute,0.005999999999999894,0.005999999999999894,0.0057823473063600694,0.00603341251744316,0.005999999999999894
3233,mfeat_karhunen,DT,impute,0.00550000000000006,0.00550000000000006,0.005702814054932892,0.0062419616479398865,0.00550000000000006
3234,mfeat_karhunen,RF,impute,0.0025000000000000577,0.0025000000000000577,0.0025789858491497286,0.0027340220977164487,0.0025000000000000577
3235,mfeat_karhunen,RF,impute,-0.0045000000000000595,-0.0045000000000000595,-0.004499091011600398,-0.004466816833885501,-0.0045000000000000595
3236,mfeat_karhunen,RF,impute,-0.0030000000000001137,-0.0030000000000000027,-0.002951322010627422,-0.002812533001476214,-0.0030000000000000027
3237,mfeat_karhunen,RF,impute,0.0010000000000000009,0.0010000000000000009,0.0010037938372570165,0.00098737788003056,0.0010000000000000009
3238,mfeat_karhunen,RF,impute,-0.0010000000000000009,-0.0010000000000000009,-0.001012514501506745,-0.0011874304377635925,-0.0010000000000000009
3239,mfeat_karhunen,RF,impute,-0.0024999999999999467,-0.0024999999999999467,-0.0025627573747789567,-0.0023352083601405615,-0.0024999999999999467
3240,GAMETES_Epistasis_2_Way_1000atts_0.4H_EDM_1_EDM_1_1,KNN,normalization,0.0006249999999998757,0.0006249999999999867,0.0017942525968314138,-0.000576217416934699,0.0037500000000000866
3241,GAMETES_Epistasis_2_Way_1000atts_0.4H_EDM_1_EDM_1_1,KNN,normalization,-0.0031250000000000444,-0.0031250000000000444,-0.002119130541008707,-0.003249330273845108,-0.0012500000000000844
3242,GAMETES_Epistasis_2_Way_1000atts_0.4H_EDM_1_EDM_1_1,KNN,normalization,0.0025000000000000577,0.0025000000000001688,0.005345969598617495,0.0026768148903794087,0.007500000000000118
3243,GAMETES_Epistasis_2_Way_1000atts_0.4H_EDM_1_EDM_1_1,KNN,normalization,-0.00812500000000016,-0.008125000000000049,-0.011515050799486393,-0.009109861736322333,-0.013750000000000095
3244,GAMETES_Epistasis_2_Way_1000atts_0.4H_EDM_1_EDM_1_1,KNN,normalization,0.0031249999999999334,0.0031249999999999334,0.004389048136573703,0.0027635925659518223,0.006250000000000033
3245,GAMETES_Epistasis_2_Way_1000atts_0.4H_EDM_1_EDM_1_1,KNN,normalization,0.01562500000000011,0.01562500000000011,0.019889683254905144,0.01804070933932933,0.02124999999999999
3246,GAMETES_Epistasis_2_Way_1000atts_0.4H_EDM_1_EDM_1_1,SVC,normalization,0.0018750000000000155,0.0018750000000000155,0.002194137644609462,0.0019417189200891527,0.0025000000000000022
3247,GAMETES_Epistasis_2_Way_1000atts_0.4H_EDM_1_EDM_1_1,SVC,normalization,-0.0025000000000000577,-0.0024999999999999467,-0.003169903739068225,-0.0025443489180368983,-0.0037500000000000866
3248,GAMETES_Epistasis_2_Way_1000atts_0.4H_EDM_1_EDM_1_1,SVC,normalization,0.0024999999999999467,0.0025000000000000577,0.0018952029790315628,0.0023865013209329877,0.0012499999999999734
3249,GAMETES_Epistasis_2_Way_1000atts_0.4H_EDM_1_EDM_1_1,SVC,normalization,-0.0012499999999999178,-0.0012499999999999178,-0.0026122906232456944,-0.0013735185991521903,-0.0037500000000000866
3250,GAMETES_Epistasis_2_Way_1000atts_0.4H_EDM_1_EDM_1_1,SVC,normalization,0.0012499999999999734,0.0012499999999999734,0.0012408931633817177,0.0011855195743126767,0.0012499999999999734
3251,GAMETES_Epistasis_2_Way_1000atts_0.4H_EDM_1_EDM_1_1,SVC,normalization,-0.00187499999999996,-0.001875000000000071,-0.00282727443343056,-0.0019452781069874137,-0.0037499999999999756
3252,GAMETES_Epistasis_2_Way_1000atts_0.4H_EDM_1_EDM_1_1,LR,normalization,0.0012499999999999734,0.0012499999999999734,0.0018623782870272887,0.0012501379206077967,0.0025000000000000022
3253,GAMETES_Epistasis_2_Way_1000atts_0.4H_EDM_1_EDM_1_1,LR,normalization,-0.0031250000000000444,-0.0031250000000000444,-0.0030064331024559077,-0.003539367259354498,-0.0025000000000000022
3254,GAMETES_Epistasis_2_Way_1000atts_0.4H_EDM_1_EDM_1_1,LR,normalization,0.0018749999999999045,0.0018750000000000155,0.0004635643286605706,0.001913394054779638,-0.0012500000000000844
3255,GAMETES_Epistasis_2_Way_1000atts_0.4H_EDM_1_EDM_1_1,LR,normalization,0.0006249999999999867,0.0006250000000000422,0.0002953049995442214,0.0006282216635781213,0.0
3256,GAMETES_Epistasis_2_Way_1000atts_0.4H_EDM_1_EDM_1_1,LR,normalization,-0.0006250000000000977,-0.0006249999999999867,-0.0010244875280085441,-0.0007041373295642028,-0.0012500000000000844
3257,GAMETES_Epistasis_2_Way_1000atts_0.4H_EDM_1_EDM_1_1,LR,normalization,-0.00187499999999996,-0.00187499999999996,-0.0003380433615766121,-0.0019362187899955585,0.0012499999999999734
3258,GAMETES_Epistasis_2_Way_1000atts_0.4H_EDM_1_EDM_1_1,NB,normalization,0.0,0.0,0.0,0.0,0.0
3259,GAMETES_Epistasis_2_Way_1000atts_0.4H_EDM_1_EDM_1_1,NB,normalization,0.0,0.0,0.0,0.0,0.0
3260,GAMETES_Epistasis_2_Way_1000atts_0.4H_EDM_1_EDM_1_1,NB,normalization,0.0,0.0,0.0,0.0,0.0
3261,GAMETES_Epistasis_2_Way_1000atts_0.4H_EDM_1_EDM_1_1,NB,normalization,0.0,0.0,0.0,0.0,0.0
3262,GAMETES_Epistasis_2_Way_1000atts_0.4H_EDM_1_EDM_1_1,NB,normalization,0.0,0.0,0.0,0.0,0.0
3263,GAMETES_Epistasis_2_Way_1000atts_0.4H_EDM_1_EDM_1_1,NB,normalization,0.0,0.0,0.0,0.0,0.0
3264,GAMETES_Epistasis_2_Way_1000atts_0.4H_EDM_1_EDM_1_1,DT,normalization,0.0006249999999999867,0.0006249999999999867,0.0003130973567991857,0.000661375661375696,0.0
3265,GAMETES_Epistasis_2_Way_1000atts_0.4H_EDM_1_EDM_1_1,DT,normalization,0.0,0.0,0.0,0.0,0.0
3266,GAMETES_Epistasis_2_Way_1000atts_0.4H_EDM_1_EDM_1_1,DT,normalization,0.0012499999999999734,0.0012499999999999734,-1.0368971795737814e-05,0.001174909568927296,-0.0012499999999999734
3267,GAMETES_Epistasis_2_Way_1000atts_0.4H_EDM_1_EDM_1_1,DT,normalization,0.0006249999999999867,0.0006249999999999867,0.000277137991454679,0.0006056036371216988,0.0
3268,GAMETES_Epistasis_2_Way_1000atts_0.4H_EDM_1_EDM_1_1,DT,normalization,0.0,0.0,0.0,0.0,0.0
3269,GAMETES_Epistasis_2_Way_1000atts_0.4H_EDM_1_EDM_1_1,DT,normalization,-0.0006249999999999867,-0.0006249999999999867,-0.00028966889585779754,-0.0005837267143800062,0.0
3270,GAMETES_Epistasis_2_Way_1000atts_0.4H_EDM_1_EDM_1_1,RF,normalization,-0.0037499999999999756,-0.0037499999999999756,-0.003931571242214493,-0.004321059572357677,-0.0037499999999999756
3271,GAMETES_Epistasis_2_Way_1000atts_0.4H_EDM_1_EDM_1_1,RF,normalization,0.0031250000000000444,0.0031250000000000444,0.005522741904637918,0.0033141749158314138,0.007499999999999896
3272,GAMETES_Epistasis_2_Way_1000atts_0.4H_EDM_1_EDM_1_1,RF,normalization,0.0068750000000000755,0.0068749999999999645,0.010344901340358204,0.007438962617728362,0.012500000000000011
3273,GAMETES_Epistasis_2_Way_1000atts_0.4H_EDM_1_EDM_1_1,RF,normalization,-0.0018750000000000155,-0.0018750000000000155,-0.0005134637350927007,-0.0014403991019973361,-1.1102230246251565e-16
3274,GAMETES_Epistasis_2_Way_1000atts_0.4H_EDM_1_EDM_1_1,RF,normalization,-0.0031250000000000444,-0.0031250000000000444,-0.0021669957618247193,-0.0028029005740471957,-0.0012499999999999178
3275,GAMETES_Epistasis_2_Way_1000atts_0.4H_EDM_1_EDM_1_1,RF,normalization,0.003124999999999989,0.003124999999999989,0.0037101489968798806,0.003668955878707414,0.0037499999999999756
3276,agaricus_lepiota,KNN,normalization,0.0,0.0,0.0,0.0,0.0
3277,agaricus_lepiota,KNN,normalization,0.0,0.0,0.0,0.0,0.0
3278,agaricus_lepiota,KNN,normalization,0.0,0.0,0.0,0.0,0.0
3279,agaricus_lepiota,KNN,normalization,0.0,0.0,0.0,0.0,0.0
3280,agaricus_lepiota,KNN,normalization,0.0,0.0,0.0,0.0,0.0
3281,agaricus_lepiota,KNN,normalization,0.0,0.0,0.0,0.0,0.0
3282,agaricus_lepiota,SVC,normalization,0.0,0.0,0.0,0.0,0.0
3283,agaricus_lepiota,SVC,normalization,0.0,0.0,0.0,0.0,0.0
3284,agaricus_lepiota,SVC,normalization,-0.00012278978388979844,-0.00012768130745655082,-0.00013035895474577952,-4.971188040436836e-06,-0.00025536261491321266
3285,agaricus_lepiota,SVC,normalization,0.0,0.0,0.0,0.0,0.0
3286,agaricus_lepiota,SVC,normalization,0.0,0.0,0.0,0.0,0.0
3287,agaricus_lepiota,SVC,normalization,0.0,0.0,0.0,0.0,0.0
3288,agaricus_lepiota,LR,normalization,0.0,0.0,0.0,0.0,0.0
3289,agaricus_lepiota,LR,normalization,0.0,0.0,0.0,0.0,0.0
3290,agaricus_lepiota,LR,normalization,0.0001227295041728027,0.00012755102040817867,0.00013518612841278976,9.796216918878109e-06,0.00025510204081635734
3291,agaricus_lepiota,LR,normalization,0.0001227295041728027,0.00012755102040817867,0.00013513977653734077,1.1531983823198644e-05,0.0002551020408162463
3292,agaricus_lepiota,LR,normalization,0.0001227897838901315,0.00012768130745677286,0.0001334389455346363,1.3358241315430952e-05,0.0002553626149129906
3293,agaricus_lepiota,LR,normalization,0.0,0.0,0.0,0.0,0.0
3294,agaricus_lepiota,NB,normalization,0.0,0.0,0.0,0.0,0.0
3295,agaricus_lepiota,NB,normalization,0.0,0.0,0.0,0.0,0.0
3296,agaricus_lepiota,NB,normalization,0.0,0.0,0.0,0.0,0.0
3297,agaricus_lepiota,NB,normalization,0.0,0.0,0.0,0.0,0.0
3298,agaricus_lepiota,NB,normalization,0.0,0.0,0.0,0.0,0.0
3299,agaricus_lepiota,NB,normalization,0.0,0.0,0.0,0.0,0.0
3300,agaricus_lepiota,DT,normalization,0.0,0.0,0.0,0.0,0.0
3301,agaricus_lepiota,DT,normalization,0.0,0.0,0.0,0.0,0.0
3302,agaricus_lepiota,DT,normalization,0.0,0.0,0.0,0.0,0.0
3303,agaricus_lepiota,DT,normalization,0.0,0.0,0.0,0.0,0.0
3304,agaricus_lepiota,DT,normalization,0.0,0.0,0.0,0.0,0.0
3305,agaricus_lepiota,DT,normalization,0.0,0.0,0.0,0.0,0.0
3306,agaricus_lepiota,RF,normalization,0.0,0.0,0.0,0.0,0.0
3307,agaricus_lepiota,RF,normalization,0.0,0.0,0.0,0.0,0.0
3308,agaricus_lepiota,RF,normalization,0.0,0.0,0.0,0.0,0.0
3309,agaricus_lepiota,RF,normalization,0.0,0.0,0.0,0.0,0.0
3310,agaricus_lepiota,RF,normalization,0.0,0.0,0.0,0.0,0.0
3311,agaricus_lepiota,RF,normalization,0.0,0.0,0.0,0.0,0.0
3312,mushroom,KNN,normalization,0.0,0.0,0.0,0.0,0.0
3313,mushroom,KNN,normalization,0.0,0.0,0.0,0.0,0.0
3314,mushroom,KNN,normalization,0.0,0.0,0.0,0.0,0.0
3315,mushroom,KNN,normalization,0.0,0.0,0.0,0.0,0.0
3316,mushroom,KNN,normalization,0.0,0.0,0.0,0.0,0.0
3317,mushroom,KNN,normalization,0.0,0.0,0.0,0.0,0.0
3318,mushroom,SVC,normalization,0.0,0.0,0.0,0.0,0.0
3319,mushroom,SVC,normalization,0.0,0.0,0.0,0.0,0.0
3320,mushroom,SVC,normalization,0.0,0.0,0.0,0.0,0.0
3321,mushroom,SVC,normalization,0.0,0.0,0.0,0.0,0.0
3322,mushroom,SVC,normalization,0.0,0.0,0.0,0.0,0.0
3323,mushroom,SVC,normalization,0.0,0.0,0.0,0.0,0.0
3324,mushroom,LR,normalization,0.0,0.0,0.0,0.0,0.0
3325,mushroom,LR,normalization,0.0,0.0,0.0,0.0,0.0
3326,mushroom,LR,normalization,0.0,0.0,0.0,0.0,0.0
3327,mushroom,LR,normalization,0.0,0.0,0.0,0.0,0.0
3328,mushroom,LR,normalization,-0.00012309207287053425,-0.0001188212927758503,-0.00012220659125083966,-0.0002520658865287073,0.0
3329,mushroom,LR,normalization,0.0,0.0,0.0,0.0,0.0
3330,mushroom,NB,normalization,0.0,0.0,0.0,0.0,0.0
3331,mushroom,NB,normalization,0.0,0.0,0.0,0.0,0.0
3332,mushroom,NB,normalization,0.0,0.0,0.0,0.0,0.0
3333,mushroom,NB,normalization,0.0,0.0,0.0,0.0,0.0
3334,mushroom,NB,normalization,0.0,0.0,0.0,0.0,0.0
3335,mushroom,NB,normalization,0.0,0.0,0.0,0.0,0.0
3336,mushroom,DT,normalization,0.0,0.0,0.0,0.0,0.0
3337,mushroom,DT,normalization,0.0,0.0,0.0,0.0,0.0
3338,mushroom,DT,normalization,0.0,0.0,0.0,0.0,0.0
3339,mushroom,DT,normalization,0.0,0.0,0.0,0.0,0.0
3340,mushroom,DT,normalization,0.0,0.0,0.0,0.0,0.0
3341,mushroom,DT,normalization,0.0,0.0,0.0,0.0,0.0
3342,mushroom,RF,normalization,0.0,0.0,0.0,0.0,0.0
3343,mushroom,RF,normalization,0.0,0.0,0.0,0.0,0.0
3344,mushroom,RF,normalization,0.0,0.0,0.0,0.0,0.0
3345,mushroom,RF,normalization,0.0,0.0,0.0,0.0,0.0
3346,mushroom,RF,normalization,0.0,0.0,0.0,0.0,0.0
3347,mushroom,RF,normalization,0.0,0.0,0.0,0.0,0.0
3348,ring,KNN,normalization,0.00013513513513507824,0.00013646288209612223,7.758359496601308e-05,0.00010114654648540888,0.0
3349,ring,KNN,normalization,0.00013513513513507824,0.0001364628820960112,7.74485181143092e-05,0.00010085123120984196,0.0
3350,ring,KNN,normalization,0.0,0.0,-6.37063078845479e-07,-1.3470359273570764e-06,0.0
3351,ring,KNN,normalization,0.0,0.0,-6.270223572579781e-07,-1.3129337138595432e-06,0.0
3352,ring,KNN,normalization,0.0,0.0,5.604929039781936e-07,1.1686331183868859e-06,0.0
3353,ring,KNN,normalization,0.0006756756756756133,0.0006823144104805001,0.0003848079762326373,0.0004991718244388155,0.0
3354,ring,SVC,normalization,0.0,0.0,0.0,0.0,0.0
3355,ring,SVC,normalization,-0.000540540540540535,-0.0005458515283842669,-0.00038593585492685545,-0.0006643062905047348,0.0
3356,ring,SVC,normalization,0.00013513513513507824,0.00013646288209612223,9.618987232318243e-05,0.0001635572413589692,0.0
3357,ring,SVC,normalization,0.0,2.629905650586295e-06,-4.9955857022832006e-05,0.00010866649218121971,-0.0002676659528908498
3358,ring,SVC,normalization,-0.00013513513513507824,-0.0001338329764453139,-0.00014640463990089891,-6.142265831010629e-05,-0.0002676659528908498
3359,ring,SVC,normalization,-0.0001351351351353003,-0.0001338329764453139,-0.00014954803261257865,-6.006111271661396e-05,-0.0002676659528907388
3360,ring,LR,normalization,0.0,0.0,0.0,0.0,0.0
3361,ring,LR,normalization,0.0,0.0,0.0,0.0,0.0
3362,ring,LR,normalization,0.0,0.0,0.0,0.0,0.0
3363,ring,LR,normalization,0.0,0.0,0.0,0.0,0.0
3364,ring,LR,normalization,0.0,0.0,0.0,0.0,0.0
3365,ring,LR,normalization,0.0,0.0,0.0,0.0,0.0
3366,ring,NB,normalization,0.0,0.0,0.0,0.0,0.0
3367,ring,NB,normalization,0.0,0.0,0.0,0.0,0.0
3368,ring,NB,normalization,0.0,0.0,0.0,0.0,0.0
3369,ring,NB,normalization,0.0,0.0,0.0,0.0,0.0
3370,ring,NB,normalization,0.0,0.0,0.0,0.0,0.0
3371,ring,NB,normalization,0.0,0.0,0.0,0.0,0.0
3372,ring,DT,normalization,-0.00013513513513518927,-0.0001338329764454249,-0.00014770116675544287,-3.37425249422596e-05,-0.0002676659528907388
3373,ring,DT,normalization,-0.00013513513513518927,-0.0001338329764453139,-0.000148743877747326,-3.2929178824359084e-05,-0.0002676659528908498
3374,ring,DT,normalization,0.00013513513513518927,0.00013646288209612223,0.0001175955571197651,0.00023481420540250042,0.0
3375,ring,DT,normalization,0.00013513513513518927,0.0001364628820960112,0.00011407401550422858,0.0002187648080872462,0.0
3376,ring,DT,normalization,0.00013513513513507824,0.0001364628820960112,0.00011603793445846833,0.00022388250646054875,0.0
3377,ring,DT,normalization,0.0,0.0,9.067077395563672e-07,6.9380091770598895e-06,0.0
3378,ring,RF,normalization,0.0,0.0,0.0,0.0,0.0
3379,ring,RF,normalization,0.0,0.0,0.0,0.0,0.0
3380,ring,RF,normalization,0.0,-2.629905650586295e-06,1.7474126376204602e-05,-0.0002630455652288255,0.0002676659528906278
3381,ring,RF,normalization,0.00013513513513518927,0.0001338329764454249,0.00014187933726317326,6.767548252573086e-06,0.0002676659528906278
3382,ring,RF,normalization,0.0,0.0,0.0,0.0,0.0
3383,ring,RF,normalization,0.0,0.0,0.0,0.0,0.0
3384,twonorm,KNN,normalization,0.0002702702702701565,0.00026953996716394535,0.00024427718528718945,0.0010364216156192319,-0.0005411255411253979
3385,twonorm,KNN,normalization,-0.00027027027027037853,-0.0002704165204162612,-0.00027041637068936364,-0.0002713976948519603,-0.00027056277056281
3386,twonorm,KNN,normalization,-0.0002702702702702675,-0.00027012433599915564,-0.00026220797938714124,-0.0005261706505770292,0.0
3387,twonorm,KNN,normalization,0.0002702702702701565,0.00026983215158182805,0.0002606664428176364,0.000517708205995171,-2.9250029265348587e-07
3388,twonorm,KNN,normalization,0.00013513513513518927,0.00013528170115661986,0.00013719016063618028,-3.607472903732756e-07,0.0002708552708552414
3389,twonorm,KNN,normalization,0.0004054054054054568,0.00040525978700933774,0.0004047147265772155,0.0005425384170876235,0.00027056277056281
3390,twonorm,SVC,normalization,0.0002702702702702675,0.0002704165204168163,0.0002690478809148633,0.0002610397580640189,0.00027056277056281
3391,twonorm,SVC,normalization,0.0,0.0,0.0,0.0,0.0
3392,twonorm,SVC,normalization,0.0,0.0,0.0,0.0,0.0
3393,twonorm,SVC,normalization,0.0,0.0,0.0,0.0,0.0
3394,twonorm,SVC,normalization,0.0,0.0,0.0,0.0,0.0
3395,twonorm,SVC,normalization,0.0,0.0,0.0,0.0,0.0
3396,twonorm,LR,normalization,0.0,0.0,0.0,0.0,0.0
3397,twonorm,LR,normalization,0.0,0.0,0.0,0.0,0.0
3398,twonorm,LR,normalization,0.0,0.0,0.0,0.0,0.0
3399,twonorm,LR,normalization,0.0,0.0,0.0,0.0,0.0
3400,twonorm,LR,normalization,0.0,0.0,0.0,0.0,0.0
3401,twonorm,LR,normalization,0.0,0.0,0.0,0.0,0.0
3402,twonorm,NB,normalization,0.0,0.0,0.0,0.0,0.0
3403,twonorm,NB,normalization,0.0,0.0,0.0,0.0,0.0
3404,twonorm,NB,normalization,0.0,0.0,0.0,0.0,0.0
3405,twonorm,NB,normalization,0.0,0.0,0.0,0.0,0.0
3406,twonorm,NB,normalization,0.0,0.0,0.0,0.0,0.0
3407,twonorm,NB,normalization,0.0,0.0,0.0,0.0,0.0
3408,twonorm,DT,normalization,0.0,0.0,0.0,0.0,0.0
3409,twonorm,DT,normalization,0.0,0.0,0.0,0.0,0.0
3410,twonorm,DT,normalization,0.0,0.0,0.0,0.0,0.0
3411,twonorm,DT,normalization,0.0,0.0,0.0,0.0,0.0
3412,twonorm,DT,normalization,0.0,0.0,0.0,0.0,0.0
3413,twonorm,DT,normalization,0.0,0.0,0.0,0.0,0.0
3414,twonorm,RF,normalization,0.0,0.0,0.0,0.0,0.0
3415,twonorm,RF,normalization,0.0,0.0,0.0,0.0,0.0
3416,twonorm,RF,normalization,0.0,0.0,0.0,0.0,0.0
3417,twonorm,RF,normalization,0.0,0.0,0.0,0.0,0.0
3418,twonorm,RF,normalization,0.0,0.0,0.0,0.0,0.0
3419,twonorm,RF,normalization,0.0,0.0,0.0,0.0,0.0
3420,clean1,KNN,normalization,-0.0021008403361344463,-0.0018382352941176405,-0.0016402017390907409,-0.0019198329932358371,0.0
3421,clean1,KNN,normalization,0.008403361344537785,0.007993122622183213,0.008520237187220836,0.011314660352867767,0.004901960784313597
3422,clean1,KNN,normalization,0.0,-0.0005656108597283938,-0.000557318014233088,0.002980413415985095,-0.004807692307692402
3423,clean1,KNN,normalization,1.1102230246251565e-16,2.743634767343739e-05,0.0001143501716897033,0.0004340096992057063,0.0
3424,clean1,KNN,normalization,-0.0021008403361343353,-0.0018382352941177516,-0.002423298568158372,-0.004408123470344694,0.0
3425,clean1,KNN,normalization,0.0,2.743634767354841e-05,3.868633622927664e-05,-0.00032291808984896697,0.0
3426,clean1,SVC,normalization,0.0,0.0,0.0,0.0,0.0
3427,clean1,SVC,normalization,0.0,0.0,0.0,0.0,0.0
3428,clean1,SVC,normalization,0.0,0.0,0.0,0.0,0.0
3429,clean1,SVC,normalization,0.0,0.0,0.0,0.0,0.0
3430,clean1,SVC,normalization,0.0,0.0,0.0,0.0,0.0
3431,clean1,SVC,normalization,-0.004201680672268782,-0.00367647058823517,-0.004807692307692402,-0.00943396226415083,0.0
3432,clean1,LR,normalization,0.0,0.0,0.0,0.0,0.0
3433,clean1,LR,normalization,-0.0021008403361343353,-0.001865671641791189,-0.0023809523809524835,-0.004716981132075637,0.0
3434,clean1,LR,normalization,0.0,0.0,0.0,0.0,0.0
3435,clean1,LR,normalization,0.0,0.0,0.0,0.0,0.0
3436,clean1,LR,normalization,0.0,0.0,0.0,0.0,0.0
3437,clean1,LR,normalization,-0.0021008403361344463,-0.0018382352941175295,-0.0024271844660191944,-0.00480769230769218,0.0
3438,clean1,NB,normalization,0.0,0.0,0.0,0.0,0.0
3439,clean1,NB,normalization,0.0,0.0,0.0,0.0,0.0
3440,clean1,NB,normalization,0.0,0.0,0.0,0.0,0.0
3441,clean1,NB,normalization,0.0,0.0,0.0,0.0,0.0
3442,clean1,NB,normalization,0.0,0.0,0.0,0.0,0.0
3443,clean1,NB,normalization,0.0,0.0,0.0,0.0,0.0
3444,clean1,DT,normalization,0.0,0.0,0.0,0.0,0.0
3445,clean1,DT,normalization,0.008403361344537785,0.007462686567164201,0.00925925925925919,0.017857142857142794,0.0
3446,clean1,DT,normalization,0.0,0.0,0.0,0.0,0.0
3447,clean1,DT,normalization,0.0,0.0,0.0,0.0,0.0
3448,clean1,DT,normalization,0.0,0.0,0.0,0.0,0.0
3449,clean1,DT,normalization,0.0,0.0,0.0,0.0,0.0
3450,clean1,RF,normalization,0.0,0.0,0.0,0.0,0.0
3451,clean1,RF,normalization,0.0,0.0,0.0,0.0,0.0
3452,clean1,RF,normalization,0.0,0.0,0.0,0.0,0.0
3453,clean1,RF,normalization,0.0,0.0,0.0,0.0,0.0
3454,clean1,RF,normalization,0.0,0.0,0.0,0.0,0.0
3455,clean1,RF,normalization,0.0,0.0,0.0,0.0,0.0
3456,dna,KNN,normalization,-0.00031446441744487075,-0.0008954494310536854,-0.0006073796266531373,-0.0004677793245255746,-0.0008954494310536854
3457,dna,KNN,normalization,0.002196522133881551,0.00234273562289089,0.0024444191592102316,0.0019354436155013532,0.00234273562289089
3458,dna,KNN,normalization,-0.0018836339791807877,-0.0023837638788427595,-0.002071461363084781,-0.0020047425064381175,-0.0023837638788427595
3459,dna,KNN,normalization,0.0006277466378316054,0.0004020891087950229,0.0004989281777839638,0.0004622935086888713,0.0004020891087950229
3460,dna,KNN,normalization,-0.0006285347692036591,-0.0011090744210074943,-0.0008234071880157678,-0.0005867698781452102,-0.0011090744210074943
3461,dna,KNN,normalization,-0.002510198419954257,-0.0018467800300993042,-0.0023917275145648453,-0.0019342239977344633,-0.0018467800300993042
3462,dna,SVC,normalization,0.0,0.0,0.0,0.0,0.0
3463,dna,SVC,normalization,-0.0006277466378316054,-0.0008726003490400203,-0.0006825122140832196,-0.00046317277489682507,-0.0008726003490400203
3464,dna,SVC,normalization,0.000313676286072595,0.00020128824476661755,0.00029413046923953967,0.0003696393505353557,0.00020128824476661755
3465,dna,SVC,normalization,0.00031328222038651266,0.00043354039703979996,0.00034445173714481303,0.00025094641134804085,0.00043354039703979996
3466,dna,SVC,normalization,0.0,0.0,0.0,0.0,0.0
3467,dna,SVC,normalization,0.0009410288582180071,0.0010693438003221978,0.0010514552490697993,0.0010137573916454423,0.0010693438003221978
3468,dna,LR,normalization,0.0,0.0,0.0,0.0,0.0
3469,dna,LR,normalization,0.0,0.0,0.0,0.0,0.0
3470,dna,LR,normalization,-0.000313676286072595,-0.0004363001745202322,-0.00032367618103479323,-0.00023686340475348455,-0.0004363001745202322
3471,dna,LR,normalization,0.0,0.0,0.0,0.0,0.0
3472,dna,LR,normalization,-3.940656859713343e-07,-4.873807379901507e-07,-3.9134347984415285e-09,3.9414809078763824e-05,-4.873807379901507e-07
3473,dna,LR,normalization,0.0,0.0,0.0,0.0,0.0
3474,dna,NB,normalization,0.0,0.0,0.0,0.0,0.0
3475,dna,NB,normalization,0.0,0.0,0.0,0.0,0.0
3476,dna,NB,normalization,-0.0006277466378316054,-0.0008726003490399092,-0.0008474299398655294,-0.0006895530862479626,-0.0008726003490399092
3477,dna,NB,normalization,0.0,0.0,0.0,0.0,0.0
3478,dna,NB,normalization,-0.0003136762860730391,-0.0004340277777777901,-0.000418790264282487,-0.0002923567975832153,-0.0004340277777777901
3479,dna,NB,normalization,0.0,0.0,0.0,0.0,0.0
3480,dna,DT,normalization,0.0,0.0,0.0,0.0,0.0
3481,dna,DT,normalization,0.0,0.0,0.0,0.0,0.0
3482,dna,DT,normalization,0.0,0.0,0.0,0.0,0.0
3483,dna,DT,normalization,0.0,0.0,0.0,0.0,0.0
3484,dna,DT,normalization,0.0,0.0,0.0,0.0,0.0
3485,dna,DT,normalization,0.0,0.0,0.0,0.0,0.0
3486,dna,RF,normalization,0.0,0.0,0.0,0.0,0.0
3487,dna,RF,normalization,0.0,0.0,0.0,0.0,0.0
3488,dna,RF,normalization,0.0,0.0,0.0,0.0,0.0
3489,dna,RF,normalization,0.0,0.0,0.0,0.0,0.0
3490,dna,RF,normalization,0.0,0.0,0.0,0.0,0.0
3491,dna,RF,normalization,0.0,0.0,0.0,0.0,0.0
3492,phoneme,KNN,normalization,-0.0007401924500369805,-0.0007084639240373392,-0.0011471208421516277,-0.0017501011703197067,-0.0006313131313131493
3493,phoneme,KNN,normalization,0.0,-0.00018303910258909983,-0.00015128662862951003,0.0004012878272521281,-0.0006281327125157166
3494,phoneme,KNN,normalization,-0.00037009622501849027,-0.0004458887146259194,-0.0006512063236087107,-0.0006587177308743364,-0.0006297229219144329
3495,phoneme,KNN,normalization,0.00018504811250918962,0.00031486146095727197,0.00042144870831939407,0.00018036957517786334,0.0006297229219142109
3496,phoneme,KNN,normalization,0.0,-1.4530080860719607e-06,-5.902106546096242e-05,-5.2049283149280257e-05,-3.1804187974326936e-06
3497,phoneme,KNN,normalization,0.0005551443375279019,0.0005777110729940915,0.0009186781292047641,0.0012457546258377583,0.0006313131313130382
3498,phoneme,SVC,normalization,0.00018504811250941167,0.00013089005235600304,0.00019966211027488967,0.0004284772577455298,0.0
3499,phoneme,SVC,normalization,-0.00018504811250918962,-0.00013102725366875845,-0.00019454605919522194,-0.0004083427566277109,0.0
3500,phoneme,SVC,normalization,0.0,0.0,0.0,0.0,0.0
3501,phoneme,SVC,normalization,0.0,0.0,0.0,0.0,0.0
3502,phoneme,SVC,normalization,0.0,0.0,0.0,0.0,0.0
3503,phoneme,SVC,normalization,0.00018504811250918962,0.00031565656565657463,0.00047250811721133434,0.00025295398809821457,0.0006313131313131493
3504,phoneme,LR,normalization,0.0,0.0,0.0,0.0,0.0
3505,phoneme,LR,normalization,0.0,0.0,0.0,0.0,0.0
3506,phoneme,LR,normalization,-0.00018504811250918962,-0.00031486146095727197,-0.0005254375335227435,-0.0003379208650774457,-0.0006297229219143774
3507,phoneme,LR,normalization,0.0,0.0,0.0,0.0,0.0
3508,phoneme,LR,normalization,0.0,0.0,0.0,0.0,0.0
3509,phoneme,LR,normalization,0.0,0.0,0.0,0.0,0.0
3510,phoneme,NB,normalization,0.0,0.0,0.0,0.0,0.0
3511,phoneme,NB,normalization,0.0,0.0,0.0,0.0,0.0
3512,phoneme,NB,normalization,0.0,0.0,0.0,0.0,0.0
3513,phoneme,NB,normalization,0.0,0.0,0.0,0.0,0.0
3514,phoneme,NB,normalization,0.0,0.0,0.0,0.0,0.0
3515,phoneme,NB,normalization,0.0,0.0,0.0,0.0,0.0
3516,phoneme,DT,normalization,0.0007401924500369805,0.0008925725339513635,0.0012554135905752384,0.0012584146599465829,0.0012610360532274711
3517,phoneme,DT,normalization,-0.00018504811250930064,-0.00013036935028210017,-0.00023629216823017885,-0.00048116795496355724,1.5902093988273691e-06
3518,phoneme,DT,normalization,-0.00018504811250918962,-0.00013009494765658935,-0.0002224660298351111,-0.00047910428763897617,1.5902093988273691e-06
3519,phoneme,DT,normalization,-0.0007401924500370916,-0.0007079432219634363,-0.00113812620394238,-0.0016498015134943644,-0.0006297229219144329
3520,phoneme,DT,normalization,0.0,0.0,0.0,0.0,0.0
3521,phoneme,DT,normalization,-0.00018504811250930064,-0.00013182235836817213,-0.0002486127557359552,-0.0005267152481107651,-1.5902093987163468e-06
3522,phoneme,RF,normalization,-0.00018504811250930064,-0.00013089005235600304,-0.0002686677783954039,-0.0005686274509804079,0.0
3523,phoneme,RF,normalization,0.0,-1.3720131286643067e-07,-2.0330705629456602e-05,-6.336754028413161e-05,0.0
3524,phoneme,RF,normalization,0.0003700962250186013,7.887820343577268e-05,0.00044784762751459706,0.0015568273476277428,-0.0006281327125156055
3525,phoneme,RF,normalization,0.0,0.0001839714086011579,0.0001131525463170524,-0.0004633564485232444,0.0006297229219144329
3526,phoneme,RF,normalization,-0.00018504811250918962,-0.00031579376696933004,-0.00037865447094032056,-5.811443341641187e-05,-0.0006313131313131493
3527,phoneme,RF,normalization,0.00018504811250918962,0.0003156565656564636,0.0003561572589122486,4.408270410738435e-05,0.0006313131313130382
3528,mfeat_pixel,KNN,normalization,0.0,0.0,9.954056630068209e-06,1.9207683073174664e-05,0.0
3529,mfeat_pixel,KNN,normalization,0.000500000000000056,0.000500000000000056,0.00048568680397442776,0.0004532659217533208,0.000500000000000056
3530,mfeat_pixel,KNN,normalization,0.0,0.0,0.0,0.0,0.0
3531,mfeat_pixel,KNN,normalization,0.0,0.0,0.0,0.0,0.0
3532,mfeat_pixel,KNN,normalization,0.0,0.0,-1.4091625742174152e-05,-6.324248777078711e-05,0.0
3533,mfeat_pixel,KNN,normalization,-0.0004999999999999449,-0.0004999999999999449,-0.0005117994675599702,-0.0004651192453366537,-0.0004999999999999449
3534,mfeat_pixel,SVC,normalization,0.0,0.0,0.0,0.0,0.0
3535,mfeat_pixel,SVC,normalization,0.0,0.0,0.0,0.0,0.0
3536,mfeat_pixel,SVC,normalization,0.0,0.0,0.0,0.0,0.0
3537,mfeat_pixel,SVC,normalization,0.0,0.0,0.0,0.0,0.0
3538,mfeat_pixel,SVC,normalization,0.0,0.0,0.0,0.0,0.0
3539,mfeat_pixel,SVC,normalization,0.0,0.0,0.0,0.0,0.0
3540,mfeat_pixel,LR,normalization,0.0,0.0,-8.240589607466653e-06,-8.359401413515766e-05,0.0
3541,mfeat_pixel,LR,normalization,-0.0004999999999999449,-0.0004999999999999449,-0.000500000000000056,-0.000500000000000056,-0.0004999999999999449
3542,mfeat_pixel,LR,normalization,0.0,0.0,2.3323879079772958e-05,9.091686989282088e-05,0.0
3543,mfeat_pixel,LR,normalization,0.0,0.0,0.0,0.0,0.0
3544,mfeat_pixel,LR,normalization,-0.000500000000000056,-0.000500000000000056,-0.0004961470336708462,-0.00044388717025256597,-0.000500000000000056
3545,mfeat_pixel,LR,normalization,0.000500000000000056,0.000500000000000056,0.0005157138162795727,0.0005122799119647858,0.000500000000000056
3546,mfeat_pixel,NB,normalization,-0.000500000000000056,-0.000500000000000056,-0.0004654187742283433,-0.0004490302006951996,-0.000500000000000056
3547,mfeat_pixel,NB,normalization,0.0,0.0,0.0,0.0,0.0
3548,mfeat_pixel,NB,normalization,0.0,0.0,0.0,0.0,0.0
3549,mfeat_pixel,NB,normalization,0.0,0.0,0.0,0.0,0.0
3550,mfeat_pixel,NB,normalization,0.0,0.0,0.0,0.0,0.0
3551,mfeat_pixel,NB,normalization,0.0,0.0,0.0,0.0,0.0
3552,mfeat_pixel,DT,normalization,0.0004999999999999449,0.0004999999999998339,0.0004291711482338201,0.00037182385782497107,0.0004999999999998339
3553,mfeat_pixel,DT,normalization,0.0010000000000000009,0.0009999999999998899,0.0010817746541621487,0.001119418402510064,0.0009999999999998899
3554,mfeat_pixel,DT,normalization,-0.0010000000000000009,-0.0010000000000000009,-0.0010873469601313523,-0.0009158500850188211,-0.0010000000000000009
3555,mfeat_pixel,DT,normalization,0.0010000000000000009,0.0010000000000000009,0.0009383532097315683,0.0009814070952945952,0.0010000000000000009
3556,mfeat_pixel,DT,normalization,-0.0015000000000000568,-0.0015000000000000568,-0.0014869751790865804,-0.0012803752975487637,-0.0015000000000000568
3557,mfeat_pixel,DT,normalization,0.0024999999999999467,0.0025000000000000577,0.0024748322080915264,0.0023285300197771752,0.0025000000000000577
3558,mfeat_pixel,RF,normalization,0.0,0.0,-9.268402568207712e-06,-6.48976571759885e-05,0.0
3559,mfeat_pixel,RF,normalization,-0.0004999999999999449,-0.000500000000000167,-0.0004912075240661729,-0.0004605624495329641,-0.000500000000000167
3560,mfeat_pixel,RF,normalization,0.0,0.0,1.9307693074122056e-05,7.732323698683707e-05,0.0
3561,mfeat_pixel,RF,normalization,0.0014999999999999458,0.0014999999999999458,0.0014769820174140857,0.0013523782598026113,0.0014999999999999458
3562,mfeat_pixel,RF,normalization,-0.000500000000000056,-0.000500000000000056,-0.0004997027914074303,-0.0005188767814818807,-0.000500000000000056
3563,mfeat_pixel,RF,normalization,-0.0010000000000000009,-0.0010000000000000009,-0.0010140869340160563,-0.0010885481137493658,-0.0010000000000000009
3564,banana,KNN,normalization,-0.00018867924528298552,-0.00021043771043771642,-0.00024246986183984465,-5.092702385511849e-05,-0.00042087542087543284
3565,banana,KNN,normalization,0.0,0.0,0.0,0.0,0.0
3566,banana,KNN,normalization,0.00037735849056597104,0.00042087542087554386,0.00047973983687088495,0.00011385138284725205,0.0008417508417508657
3567,banana,KNN,normalization,0.0,0.0,0.0,0.0,0.0
3568,banana,KNN,normalization,0.0,0.0,0.0,0.0,0.0
3569,banana,KNN,normalization,-0.00018867924528309654,-0.00017099863201097687,-0.00018513468907421782,-0.00037501962311980996,0.0
3570,banana,SVC,normalization,0.0,0.0,0.0,0.0,0.0
3571,banana,SVC,normalization,0.0,0.0,0.0,0.0,0.0
3572,banana,SVC,normalization,0.0,0.0,0.0,0.0,0.0
3573,banana,SVC,normalization,0.0,0.0,0.0,0.0,0.0
3574,banana,SVC,normalization,0.0,0.0,0.0,0.0,0.0
3575,banana,SVC,normalization,0.0,0.0,0.0,0.0,0.0
3576,banana,LR,normalization,0.00018867924528298552,0.00021043771043771642,0.0006618288608456757,0.0008361204013378476,0.0004208754208753773
3577,banana,LR,normalization,-0.00018867924528309654,-0.00017099863201097687,-6.976034415098753e-05,-0.00043274432023077125,0.0
3578,banana,LR,normalization,-0.00018867924528298552,-0.00017099863201097687,-6.063974935568983e-05,-0.0005778120184899427,0.0
3579,banana,LR,normalization,0.0,0.0,0.0,0.0,0.0
3580,banana,LR,normalization,0.0,0.0,0.0,0.0,0.0
3581,banana,LR,normalization,0.0,0.0,0.0,0.0,0.0
3582,banana,NB,normalization,0.0,0.0,0.0,0.0,0.0
3583,banana,NB,normalization,0.0,0.0,0.0,0.0,0.0
3584,banana,NB,normalization,0.0,0.0,0.0,0.0,0.0
3585,banana,NB,normalization,0.0,0.0,0.0,0.0,0.0
3586,banana,NB,normalization,0.0,0.0,0.0,0.0,0.0
3587,banana,NB,normalization,0.0,0.0,0.0,0.0,0.0
3588,banana,DT,normalization,0.00018867924528298552,0.0001709986320110879,0.0001768246193217804,0.0003203209823420261,0.0
3589,banana,DT,normalization,0.0,-3.943907842673955e-05,-4.991761551598195e-05,0.000332301514032074,-0.00042087542087543284
3590,banana,DT,normalization,-0.00037735849056597104,-0.00030255818559510317,-0.0002971742228858876,-0.001038788363735943,0.00042087542087543284
3591,banana,DT,normalization,0.0007547169811319421,0.0006051163711900953,0.0005890725671440222,0.001969045327548047,-0.0008417508417508657
3592,banana,DT,normalization,-0.0022641509433961593,-0.0022097398978384586,-0.0024183126181842596,-0.0031442475351537436,-0.0016835016835016203
3593,banana,DT,normalization,-0.00037735849056597104,-0.0001842409503147735,-0.0001171222790014026,-0.0018415884080694722,0.0016835016835017313
3594,banana,RF,normalization,0.0005660377358489566,0.0005918740528862987,0.0006628971094044811,0.0004915294016699656,0.0008417508417508657
3595,banana,RF,normalization,0.0007547169811320531,0.0006839945280437965,0.0007607606206448958,0.0015684918762880473,0.0
3596,banana,RF,normalization,0.0011320754716980241,0.0011837481057728194,0.0013271305694941837,0.0009642043722124516,0.0016835016835016203
3597,banana,RF,normalization,0.0,0.0,2.0550201362823373e-06,2.8594496465084163e-06,1.1102230246251565e-16
3598,banana,RF,normalization,-0.0007547169811320531,-0.0008417508417507547,-0.00094415872837883,-0.00017776309760331177,-0.0016835016835017313
3599,banana,RF,normalization,-0.0005660377358490676,-0.0005918740528862987,-0.0006655029665656453,-0.000497086605701802,-0.0008417508417508657
3600,mfeat_factors,KNN,normalization,0.0,0.0,0.0,0.0,0.0
3601,mfeat_factors,KNN,normalization,0.0010000000000000009,0.0009999999999997788,0.0010149259378358089,0.0010279306075947625,0.0009999999999997788
3602,mfeat_factors,KNN,normalization,0.0004999999999999449,0.0004999999999999449,0.0004953025914837816,0.0004705882352940005,0.0004999999999999449
3603,mfeat_factors,KNN,normalization,0.0,0.0,-7.745057266417277e-06,-7.912457912484516e-05,0.0
3604,mfeat_factors,KNN,normalization,0.0,0.0,0.0,0.0,0.0
3605,mfeat_factors,KNN,normalization,-0.0004999999999999449,-0.0004999999999999449,-0.0004967747670198142,-0.00042902942099276586,-0.0004999999999999449
3606,mfeat_factors,SVC,normalization,0.0,0.0,0.0,0.0,0.0
3607,mfeat_factors,SVC,normalization,0.0004999999999999449,0.0004999999999999449,0.0005050505050504528,0.0005102040816326037,0.0004999999999999449
3608,mfeat_factors,SVC,normalization,-0.0004999999999999449,-0.0004999999999999449,-0.0004997498549376145,-0.0005290577769569982,-0.0004999999999999449
3609,mfeat_factors,SVC,normalization,0.0,0.0,0.0,0.0,0.0
3610,mfeat_factors,SVC,normalization,0.0,0.0,0.0,0.0,0.0
3611,mfeat_factors,SVC,normalization,0.0,0.0,0.0,0.0,0.0
3612,mfeat_factors,LR,normalization,0.0004999999999999449,0.0004999999999999449,0.0004903431519621693,0.00046191553544483455,0.0004999999999999449
3613,mfeat_factors,LR,normalization,-0.000500000000000056,-0.0004999999999998339,-0.0004950495049506065,-0.0004901960784312598,-0.0004999999999998339
3614,mfeat_factors,LR,normalization,-0.0004999999999999449,-0.0004999999999999449,-0.0004962155274221836,-0.0004473867639299689,-0.0004999999999999449
3615,mfeat_factors,LR,normalization,0.0,0.0,0.0,0.0,0.0
3616,mfeat_factors,LR,normalization,0.0,0.0,0.0,0.0,0.0
3617,mfeat_factors,LR,normalization,0.0,0.0,0.0,0.0,0.0
3618,mfeat_factors,NB,normalization,0.0,0.0,0.0,0.0,0.0
3619,mfeat_factors,NB,normalization,0.0,0.0,0.0,0.0,0.0
3620,mfeat_factors,NB,normalization,0.0,0.0,0.0,0.0,0.0
3621,mfeat_factors,NB,normalization,0.0,0.0,0.0,0.0,0.0
3622,mfeat_factors,NB,normalization,0.0,0.0,0.0,0.0,0.0
3623,mfeat_factors,NB,normalization,0.0,0.0,0.0,0.0,0.0
3624,mfeat_factors,DT,normalization,-0.0004999999999999449,-0.0004999999999999449,-0.0005669031293416005,-0.0006131379194201925,-0.0004999999999999449
3625,mfeat_factors,DT,normalization,0.0010000000000000009,0.0009999999999998899,0.0009311444790355283,0.0004903269473699456,0.0009999999999998899
3626,mfeat_factors,DT,normalization,0.0004999999999999449,0.000500000000000167,0.00046543065836146535,0.0003169460245250333,0.000500000000000167
3627,mfeat_factors,DT,normalization,-0.0004999999999999449,-0.0004999999999999449,-0.0005110598877655637,-0.0004612662824912128,-0.0004999999999999449
3628,mfeat_factors,DT,normalization,-0.0014999999999999458,-0.0014999999999998348,-0.001507225078070773,-0.0014650129534226064,-0.0014999999999998348
3629,mfeat_factors,DT,normalization,0.0,0.0,-6.75349635750333e-05,-0.00013981532719553602,0.0
3630,mfeat_factors,RF,normalization,0.0004999999999999449,0.0004999999999999449,0.0005053005300529323,0.0005012004801920877,0.0004999999999999449
3631,mfeat_factors,RF,normalization,0.0010000000000000009,0.0010000000000000009,0.00100886128649047,0.0010309709936807687,0.0010000000000000009
3632,mfeat_factors,RF,normalization,0.0015000000000000568,0.0015000000000000568,0.0014869137666375654,0.001401998639393609,0.0015000000000000568
3633,mfeat_factors,RF,normalization,0.0,0.0,-4.581224504940362e-05,7.684080333181242e-05,0.0
3634,mfeat_factors,RF,normalization,0.0,0.0,-8.121700989516256e-06,-9.582699692001206e-05,0.0
3635,mfeat_factors,RF,normalization,-0.0014999999999999458,-0.0014999999999999458,-0.0014822994134335854,-0.001459414535044834,-0.0014999999999999458
3636,spambase,KNN,normalization,-0.00021795791938961084,-0.00027715377658499296,-0.0002571525625599813,-1.5282384814963024e-05,-0.0005543075531697639
3637,spambase,KNN,normalization,-0.0010863899066975158,-0.0014738579368994698,-0.0016885570563175412,0.0004045350000799752,-0.0033063959311879776
3638,spambase,KNN,normalization,3.777433613683101e-07,-9.538257441155107e-05,-7.130601862992414e-05,0.0004364684732348634,-0.0005494452062121402
3639,spambase,KNN,normalization,0.00021644694594524783,-0.00011106224812851284,3.55973092240891e-05,0.0017606676931420928,-0.0016568447258122898
3640,spambase,KNN,normalization,0.0010869565217391797,0.000896092350102351,0.0012502985861785332,0.0026154688149681027,-1.2155867396002051e-06
3641,spambase,KNN,normalization,0.001304158954406276,0.001076040172166448,0.0014991342289133458,0.003099263259871199,0.0
3642,spambase,SVC,normalization,-0.00021758017602835356,-0.00027593818984539276,-0.0003176230622949916,-5.38611932008326e-05,-0.0005518763796908965
3643,spambase,SVC,normalization,0.0004345937370148212,0.0005512685863211519,0.0006107542972495494,8.562234823683568e-05,0.001102537172642526
3644,spambase,SVC,normalization,0.0,0.0,0.0,0.0,0.0
3645,spambase,SVC,normalization,0.0,-0.00019258852893244693,-0.00010070443467313783,0.0009430321730780067,-0.001102537172642526
3646,spambase,SVC,normalization,0.0004349714803761895,0.0004552782185398563,0.0005527206131927809,0.0005739894277436708,0.0005518763796910076
3647,spambase,SVC,normalization,0.0,9.659816115092923e-05,5.817923568374184e-05,-0.0004627783514338235,0.0005518763796910076
3648,spambase,LR,normalization,-0.00043440486533474765,-0.0005506607929516294,-0.0006278915901412052,-0.00010536122274662496,-0.0011013215859030367
3649,spambase,LR,normalization,0.0008695652173911217,0.0008145660692984169,0.001060548277985962,0.0016128342956849284,0.0005530919664302747
3650,spambase,LR,normalization,0.00021701356098657865,0.00027472260310623664,0.00028130400479697837,6.699848271962683e-05,0.0005494452062121402
3651,spambase,LR,normalization,-1.888716807396662e-07,0.0,3.3300111446088465e-06,-3.004827757202566e-05,0.0
3652,spambase,LR,normalization,0.0002172024326672073,0.00027593818984539276,0.00032211405371040946,7.881007994958722e-05,0.0005518763796910076
3653,spambase,LR,normalization,0.00021739130434783593,8.33496609128348e-05,0.0001923074780616485,0.001005982159772767,-0.0005506607929515184
3654,spambase,NB,normalization,0.0,0.0,0.0,0.0,0.0
3655,spambase,NB,normalization,0.0,0.0,0.0,0.0,0.0
3656,spambase,NB,normalization,0.0,0.0,0.0,0.0,0.0
3657,spambase,NB,normalization,0.0,0.0,0.0,0.0,0.0
3658,spambase,NB,normalization,0.0,0.0,0.0,0.0,0.0
3659,spambase,NB,normalization,0.0,0.0,0.0,0.0,0.0
3660,spambase,DT,normalization,0.0004344048653344146,0.00035868005738881603,0.0004839655835935375,0.0009230503899415599,0.0
3661,spambase,DT,normalization,0.00021720243266709627,0.00017873223532482996,0.0002469231087650625,0.0004582687503272842,-1.2155867393781605e-06
3662,spambase,DT,normalization,0.0,-9.659816115115127e-05,-6.660323221285847e-05,0.0003852204579753993,-0.0005518763796910076
3663,spambase,DT,normalization,-0.0006517961696823615,-0.0006346182472344308,-0.0007767281514188262,-0.0009606728886506488,-0.0005518763796910076
3664,spambase,DT,normalization,0.0,2.220446049250313e-16,-1.059935003988599e-06,-1.449706735401346e-05,0.0
3665,spambase,DT,normalization,-0.00021739130434783593,-0.00017994782206420812,-0.0002529182476032066,-0.0005213695494179493,-1.2155867393781605e-06
3666,spambase,RF,normalization,-1.888716804065993e-07,9.599036778140668e-05,3.732529029765175e-05,-0.0004995463707186953,0.0005506607929516294
3667,spambase,RF,normalization,0.00021739130434783593,0.0002759381898456148,0.0002987862749134207,2.9768067922764097e-05,0.0005518763796911186
3668,spambase,RF,normalization,-0.0002173913043476139,-0.00027593818984539276,-0.0002972179376148354,-1.4838396374061702e-05,-0.0005518763796907855
3669,spambase,RF,normalization,-1.888716806286439e-07,0.0,-2.4111205511045952e-06,-6.282926597656058e-06,0.0
3670,spambase,RF,normalization,0.0002172024326672073,0.0002753303964757592,0.00029760778824461376,2.361807990280962e-05,0.0005506607929516294
3671,spambase,RF,normalization,0.0,0.0,0.0,0.0,0.0
3672,Hill_Valley_with_noise,KNN,normalization,0.0,-5.446148483856383e-06,8.80985279616553e-06,5.3795358297858975e-05,0.0
3673,Hill_Valley_with_noise,KNN,normalization,0.0,0.0,0.0,0.0,0.0
3674,Hill_Valley_with_noise,KNN,normalization,0.0008250825082507518,0.0008278145695365113,-0.00024820991892737787,0.0008671117430300024,-0.00164473684210531
3675,Hill_Valley_with_noise,KNN,normalization,-0.0016501650165016146,-0.0016501829905890553,-0.0023599206261909478,-0.0015128038526031062,-0.0033003659811781105
3676,Hill_Valley_with_noise,KNN,normalization,0.0,0.0,0.0,0.0,0.0
3677,Hill_Valley_with_noise,KNN,normalization,-0.0024752475247524774,-0.0024888898570930573,-0.0027205505868127533,-0.0022623916507148456,-0.0033003659811781105
3678,Hill_Valley_with_noise,SVC,normalization,-0.0008250825082508628,-0.0008278145695364003,-0.0016626820256466224,-0.00012400793650801933,-0.0016556291390728006
3679,Hill_Valley_with_noise,SVC,normalization,0.0024752475247524774,0.0024616591146739975,0.005343691888789692,-0.00023674242424243097,0.004923318229348189
3680,Hill_Valley_with_noise,SVC,normalization,-0.004125412541254092,-0.0041390728476820016,-0.011126692735170307,-0.003024813350900213,-0.008278145695364225
3681,Hill_Valley_with_noise,SVC,normalization,0.0033003300330033403,0.0033003659811779995,0.005087970132350461,0.01422703254599822,0.0033003659811781105
3682,Hill_Valley_with_noise,SVC,normalization,-0.0016501650165016146,-0.0016556291390728006,-0.004619146816411512,-0.0010416666666663854,-0.0033112582781456013
3683,Hill_Valley_with_noise,SVC,normalization,0.0008250825082507518,0.0008278145695364003,0.00035692116697699783,0.007605820105820005,0.0
3684,Hill_Valley_with_noise,LR,normalization,0.0,0.0,0.0,0.0,0.0
3685,Hill_Valley_with_noise,LR,normalization,0.0008250825082508628,0.000822368421052655,0.0013116834127773203,3.121098626701624e-05,0.00164473684210531
3686,Hill_Valley_with_noise,LR,normalization,0.0008250825082508628,0.0008278145695365113,0.0006658774785439636,0.0036713286713287996,0.0
3687,Hill_Valley_with_noise,LR,normalization,0.0008250825082507518,0.0008278145695364003,0.0016719815749846045,0.0,0.0016556291390729116
3688,Hill_Valley_with_noise,LR,normalization,-0.0008250825082508628,-0.0008278145695364003,-0.0017883686361946927,-0.00023496240601517115,-0.0016556291390729116
3689,Hill_Valley_with_noise,LR,normalization,0.0,0.0,0.0,0.0,0.0
3690,Hill_Valley_with_noise,NB,normalization,0.0,0.0,0.0,0.0,0.0
3691,Hill_Valley_with_noise,NB,normalization,0.0,0.0,0.0,0.0,0.0
3692,Hill_Valley_with_noise,NB,normalization,0.0,0.0,0.0,0.0,0.0
3693,Hill_Valley_with_noise,NB,normalization,0.0,0.0,0.0,0.0,0.0
3694,Hill_Valley_with_noise,NB,normalization,0.0,0.0,0.0,0.0,0.0
3695,Hill_Valley_with_noise,NB,normalization,0.0,0.0,0.0,0.0,0.0
3696,Hill_Valley_with_noise,DT,normalization,-0.0008250825082508628,-0.0008278145695364003,-0.0004349987571463654,-0.0009093056211619821,0.0
3697,Hill_Valley_with_noise,DT,normalization,0.0,0.0,0.0,0.0,0.0
3698,Hill_Valley_with_noise,DT,normalization,-0.0024752475247524774,-0.0024779975601256776,-0.0036398541700630727,-0.002363256355062515,-0.004955995120250911
3699,Hill_Valley_with_noise,DT,normalization,0.0016501650165017256,0.0016501829905890553,0.0016666666666667052,0.001677852348993314,0.0016556291390728006
3700,Hill_Valley_with_noise,DT,normalization,-0.0008250825082508628,-0.0008278145695364003,-0.0011480253963183085,-0.0007210660825117676,-0.0016556291390728006
3701,Hill_Valley_with_noise,DT,normalization,0.0,0.0,0.0,0.0,0.0
3702,Hill_Valley_with_noise,RF,normalization,0.0008250825082508628,0.0008169222725687986,0.0010604117603182361,0.0006654377587004268,0.00164473684210531
3703,Hill_Valley_with_noise,RF,normalization,-0.0016501650165015036,-0.0016447368421051989,-0.0022724057309266854,-0.0012968028731459302,-0.003289473684210509
3704,Hill_Valley_with_noise,RF,normalization,0.0008250825082508628,0.000822368421052655,0.001173907525699014,0.0007237386269643986,0.00164473684210531
3705,Hill_Valley_with_noise,RF,normalization,0.0024752475247525885,0.002483443708609201,0.0029858496355918973,0.0025057788248046275,0.0033112582781457123
3706,Hill_Valley_with_noise,RF,normalization,0.0016501650165016146,0.0016556291390728006,0.001626764283457094,0.0015274283144062206,0.0016556291390728006
3707,Hill_Valley_with_noise,RF,normalization,0.0008250825082508628,0.0008169222725687986,-0.00022893772893772812,0.0010036358127556433,-0.0016556291390729116
3708,Hill_Valley_without_noise,KNN,normalization,-0.0024752475247524774,-0.00248366013071899,-0.002086832539034411,-0.002503911812428261,-0.0016339869281045694
3709,Hill_Valley_without_noise,KNN,normalization,0.0016501650165016146,0.0016176470588236125,0.0030871010861260872,0.0013648517906127422,0.004901960784313708
3710,Hill_Valley_without_noise,KNN,normalization,0.0008250825082507518,0.0008333333333332416,0.00046624208876455686,0.0008684405025868314,0.0
3711,Hill_Valley_without_noise,KNN,normalization,0.0,1.6339869280956876e-05,-0.0007019996672389395,0.00035734509892848543,-0.0016339869281045694
3712,Hill_Valley_without_noise,KNN,normalization,0.0,0.0,8.10626411357207e-05,7.772045258058746e-05,0.0
3713,Hill_Valley_without_noise,KNN,normalization,-0.0016501650165017256,-0.0016339869281045694,-0.0023858852315020718,-0.0014902028043402016,-0.0032679738562091387
3714,Hill_Valley_without_noise,SVC,normalization,0.0016501650165017256,0.0016503267973856373,0.0011748396012557505,0.0009287995936645421,0.0016339869281045694
3715,Hill_Valley_without_noise,SVC,normalization,-0.0008250825082508628,-0.0008333333333332416,-0.00040818080261229017,-0.0004899306361361155,0.0
3716,Hill_Valley_without_noise,SVC,normalization,0.0,0.0,0.0,0.0,0.0
3717,Hill_Valley_without_noise,SVC,normalization,0.0,0.0,1.42606826895042e-05,2.4918832312259553e-05,0.0
3718,Hill_Valley_without_noise,SVC,normalization,0.0008250825082507518,0.0008333333333334636,0.00041199110966561037,0.0004970438968241453,0.0
3719,Hill_Valley_without_noise,SVC,normalization,0.0016501650165017256,0.0016666666666665941,0.0008265601322496874,0.0010063331902103734,0.0
3720,Hill_Valley_without_noise,LR,normalization,-0.0016501650165015036,-0.0016503267973856373,-0.0012607646316713517,-0.0010486162925188447,-0.0016339869281043473
3721,Hill_Valley_without_noise,LR,normalization,0.0,0.0,-2.6966937498928978e-05,-5.538826249917861e-05,0.0
3722,Hill_Valley_without_noise,LR,normalization,0.0,0.0,0.0,0.0,0.0
3723,Hill_Valley_without_noise,LR,normalization,0.0008250825082508628,0.0008169934640522847,0.0007723651401811971,0.0003960411569107203,0.0016339869281045694
3724,Hill_Valley_without_noise,LR,normalization,0.0008250825082508628,0.0008333333333332416,0.0004591619534148883,0.0005921011355793926,0.0
3725,Hill_Valley_without_noise,LR,normalization,0.0008250825082508628,0.0008333333333333526,0.00045758297914155754,0.0005936254980080102,0.0
3726,Hill_Valley_without_noise,NB,normalization,0.0,0.0,0.0,0.0,0.0
3727,Hill_Valley_without_noise,NB,normalization,0.0,0.0,0.0,0.0,0.0
3728,Hill_Valley_without_noise,NB,normalization,0.0,0.0,0.0,0.0,0.0
3729,Hill_Valley_without_noise,NB,normalization,0.0,0.0,0.0,0.0,0.0
3730,Hill_Valley_without_noise,NB,normalization,0.0,0.0,0.0,0.0,0.0
3731,Hill_Valley_without_noise,NB,normalization,0.0,0.0,0.0,0.0,0.0
3732,Hill_Valley_without_noise,DT,normalization,0.0024752475247524774,0.00248366013071899,0.0021241656242700913,0.002498595626998501,0.0016339869281045694
3733,Hill_Valley_without_noise,DT,normalization,0.0008250825082508628,0.0008333333333333526,0.0004776793468819207,0.000971302428256049,0.0
3734,Hill_Valley_without_noise,DT,normalization,-0.004950495049504955,-0.004950980392156912,-0.004672897196261738,-0.004464285714285698,-0.004901960784313708
3735,Hill_Valley_without_noise,DT,normalization,-0.0016501650165016146,-0.001699346405228841,0.000342781596822328,-0.002504241946572505,0.0032679738562091387
3736,Hill_Valley_without_noise,DT,normalization,0.0008250825082508628,0.0008169934640521737,0.0013322622945139972,0.0008120314898347747,0.0016339869281045694
3737,Hill_Valley_without_noise,DT,normalization,-0.0008250825082507518,-0.0008006535947713278,-0.0016959173512571812,-0.00021165940977263542,-0.0032679738562091387
3738,Hill_Valley_without_noise,RF,normalization,0.0024752475247524774,0.002434640522875897,0.0038699299792618325,0.001283494064253321,0.0065359477124183885
3739,Hill_Valley_without_noise,RF,normalization,0.004950495049504955,0.004934640522875844,0.005714160863180107,0.004492663131084873,0.006535947712418277
3740,Hill_Valley_without_noise,RF,normalization,0.0066006600660064585,0.006633986928104574,0.0052347263275998035,0.00716603023137663,0.0032679738562091387
3741,Hill_Valley_without_noise,RF,normalization,-0.0016501650165016146,-0.0016503267973855262,-0.0016370715178571915,-0.001643444598113275,-0.0016339869281045694
3742,Hill_Valley_without_noise,RF,normalization,0.004950495049504844,0.0049836601307190476,0.0034239306049579366,0.004994200023234696,0.0016339869281045694
3743,Hill_Valley_without_noise,RF,normalization,0.0024752475247524774,0.002467320261437922,0.0025990276828672387,0.002105858662363791,0.0032679738562092497
3744,waveform_40,KNN,normalization,0.0,-1.3335566574124158e-05,-3.5939303330012606e-06,-5.000105154984169e-05,-1.3335566574124158e-05
3745,waveform_40,KNN,normalization,-0.0008000000000000229,-0.000791817412491902,-0.0008107536320924869,-0.0008692815008806143,-0.000791817412491902
3746,waveform_40,KNN,normalization,-0.00019999999999997797,-0.00020752049633032676,-0.00019504793537217235,-0.00010123072900003471,-0.00020752049633032676
3747,waveform_40,KNN,normalization,-0.0008000000000000229,-0.0008018450119298137,-0.0008199866009468426,-0.0007736950974481793,-0.0008018450119298137
3748,waveform_40,KNN,normalization,-0.0007999999999999119,-0.0008180011649021601,-0.0007525962084057314,-0.0008034316526891461,-0.0008180011649021601
3749,waveform_40,KNN,normalization,0.00039999999999995595,0.0003859329558227875,0.00044507668758997365,0.00039673804073703245,0.0003859329558227875
3750,waveform_40,SVC,normalization,-0.00019999999999997797,-0.00019700551615453588,-0.0001995756097105117,-0.0001949046541644961,-0.00019700551615453588
3751,waveform_40,SVC,normalization,0.0,0.0,0.0,0.0,0.0
3752,waveform_40,SVC,normalization,-0.000200000000000089,-0.00020128824476650653,-0.00020045541902136144,-0.00020390313841833763,-0.00020128824476650653
3753,waveform_40,SVC,normalization,0.00019999999999997797,0.00019700551615442485,0.00020274495835870265,0.00019459940142252385,0.00019700551615442485
3754,waveform_40,SVC,normalization,0.0,0.0,0.0,0.0,0.0
3755,waveform_40,SVC,normalization,0.000200000000000089,0.00020128824476650653,0.0001951206953829665,0.00019108174314519388,0.00020128824476650653
3756,waveform_40,LR,normalization,0.0,0.0,0.0,0.0,0.0
3757,waveform_40,LR,normalization,0.0,0.0,0.0,0.0,0.0
3758,waveform_40,LR,normalization,0.0,0.0,0.0,0.0,0.0
3759,waveform_40,LR,normalization,0.0,0.0,0.0,0.0,0.0
3760,waveform_40,LR,normalization,0.0,0.0,0.0,0.0,0.0
3761,waveform_40,LR,normalization,0.0,0.0,0.0,0.0,0.0
3762,waveform_40,NB,normalization,0.0,0.0,0.0,0.0,0.0
3763,waveform_40,NB,normalization,0.0,0.0,0.0,0.0,0.0
3764,waveform_40,NB,normalization,0.0,0.0,0.0,0.0,0.0
3765,waveform_40,NB,normalization,0.0,0.0,0.0,0.0,0.0
3766,waveform_40,NB,normalization,0.0,0.0,0.0,0.0,0.0
3767,waveform_40,NB,normalization,0.0,0.0,0.0,0.0,0.0
3768,waveform_40,DT,normalization,0.0,4.873807378791284e-07,-5.0009915159021645e-06,-2.1757971598312942e-05,4.873807378791284e-07
3769,waveform_40,DT,normalization,-0.0010000000000000009,-0.0010031332566964313,-0.001004300790585333,-0.000999093438368237,-0.0010031332566964313
3770,waveform_40,DT,normalization,0.00039999999999995595,0.00039878114165892153,0.0003913652976470505,0.0004098543302171187,0.00039878114165892153
3771,waveform_40,DT,normalization,1.1102230246251565e-16,0.0,-7.733527178532817e-06,-1.70452504455465e-05,0.0
3772,waveform_40,DT,normalization,-0.0008000000000000229,-0.0007970749025797419,-0.000813022682320752,-0.0007941483666410454,-0.0007970749025797419
3773,waveform_40,DT,normalization,0.00039999999999995595,0.0004030638702708922,0.000400849119908786,0.0003852677345562716,0.0004030638702708922
3774,waveform_40,RF,normalization,-0.000200000000000089,-0.00020605835411646733,-0.0001928634973116239,-0.00021104379586844857,-0.00020605835411646733
3775,waveform_40,RF,normalization,0.0,0.0,7.210198043394733e-06,-2.5302216178135772e-05,0.0
3776,waveform_40,RF,normalization,0.0006000000000000449,0.0006086348436493694,0.0005734686764851116,0.0006632979982531539,0.0006086348436493694
3777,waveform_40,RF,normalization,0.00019999999999997797,0.00020080086402851638,0.0001869448562145104,0.00019163021482759834,0.00020080086402851638
3778,waveform_40,RF,normalization,0.00019999999999997797,0.00019700551615442485,0.0002162707166928346,0.00022820984542604172,0.00019700551615442485
3779,waveform_40,RF,normalization,-0.00040000000000006697,-0.00039401103230896073,-0.00041704960610833286,-0.00034628213727849744,-0.00039401103230896073
3780,waveform_21,KNN,normalization,-0.0018000000000001348,-0.0018073389341218826,-0.0018782910927530594,-0.0018317959718994192,-0.0018073389341218826
3781,waveform_21,KNN,normalization,-0.0010000000000000009,-0.000995615545162809,-0.0009633075897863552,-0.0009503433082000967,-0.000995615545162809
3782,waveform_21,KNN,normalization,0.00019999999999997797,0.0002084819936927218,0.00020634881822767515,0.00021882419774976736,0.0002084819936927218
3783,waveform_21,KNN,normalization,-0.0008000000000000229,-0.0008084310516958126,-0.0008472942754867985,-0.0007692928494048568,-0.0008084310516958126
3784,waveform_21,KNN,normalization,-0.0010000000000000009,-0.0010083954786360705,-0.001043175100532534,-0.0010645541306004702,-0.0010083954786360705
3785,waveform_21,KNN,normalization,-0.001000000000000112,-0.0009984157181942566,-0.0010065210008014525,-0.0010480542099666756,-0.0009984157181942566
3786,waveform_21,SVC,normalization,0.00019999999999997797,0.00020226537216827545,0.00020048778429804237,0.0002212924641475933,0.00020226537216827545
3787,waveform_21,SVC,normalization,0.0,0.0,0.0,0.0,0.0
3788,waveform_21,SVC,normalization,0.0,0.0,0.0,0.0,0.0
3789,waveform_21,SVC,normalization,0.0,0.0,0.0,0.0,0.0
3790,waveform_21,SVC,normalization,0.00040000000000006697,0.00040404574679409055,0.00040611278843194487,0.000419655807908037,0.00040404574679409055
3791,waveform_21,SVC,normalization,0.0,0.0,0.0,0.0,0.0
3792,waveform_21,LR,normalization,0.0,0.0,0.0,0.0,0.0
3793,waveform_21,LR,normalization,-0.00019999999999997797,-0.00019654088050313767,-0.00019401142764163826,-0.00020063646929002754,-0.00019654088050313767
3794,waveform_21,LR,normalization,0.0,0.0,0.0,0.0,0.0
3795,waveform_21,LR,normalization,0.0,0.0,0.0,0.0,0.0
3796,waveform_21,LR,normalization,0.0,0.0,0.0,0.0,0.0
3797,waveform_21,LR,normalization,0.0,0.0,0.0,0.0,0.0
3798,waveform_21,NB,normalization,0.0,0.0,0.0,0.0,0.0
3799,waveform_21,NB,normalization,0.0,0.0,0.0,0.0,0.0
3800,waveform_21,NB,normalization,0.0,0.0,0.0,0.0,0.0
3801,waveform_21,NB,normalization,0.0,0.0,0.0,0.0,0.0
3802,waveform_21,NB,normalization,0.0,0.0,0.0,0.0,0.0
3803,waveform_21,NB,normalization,0.0,0.0,0.0,0.0,0.0
3804,waveform_21,DT,normalization,0.00040000000000006697,0.000398806287044029,0.0004101635199962317,0.000385252578451567,0.000398806287044029
3805,waveform_21,DT,normalization,-0.0005999999999999339,-0.0006067961165048263,-0.0005992404029118159,-0.0005611155358029585,-0.0006067961165048263
3806,waveform_21,DT,normalization,-0.0008000000000000229,-0.0008056450745526078,-0.0008117980732120778,-0.0008053308814446325,-0.0008056450745526078
3807,waveform_21,DT,normalization,0.00040000000000006697,0.0003916196016892082,0.0003988105548552445,0.000432763056231078,0.0003916196016892082
3808,waveform_21,DT,normalization,-0.0008000000000000229,-0.0007961503460259811,-0.000790258119312659,-0.0007927350476033546,-0.0007961503460259811
3809,waveform_21,DT,normalization,0.000200000000000089,0.00020128824476650653,0.00020368326709074847,0.00022714984062366383,0.00020128824476650653
3810,waveform_21,RF,normalization,0.0,-1.2918240591242025e-05,-2.942793307592062e-06,-1.8100901626683097e-05,-1.2918240591242025e-05
3811,waveform_21,RF,normalization,0.0,-9.842597186171531e-07,3.2257503784771657e-06,-5.320404287800784e-05,-9.842597186171531e-07
3812,waveform_21,RF,normalization,-0.0008000000000000229,-0.0008113696005904725,-0.0008377519236060227,-0.0008602201715218749,-0.0008113696005904725
3813,waveform_21,RF,normalization,-0.00019999999999986695,-0.00020079611490719795,-0.00020463903242029513,-0.00015133396472644112,-0.00020079611490719795
3814,waveform_21,RF,normalization,-0.00019999999999997797,-0.00019605584858806147,-0.00019655099695625733,-0.00018836369846508827,-0.00019605584858806147
3815,waveform_21,RF,normalization,-0.0005999999999999339,-0.0006038647342994086,-0.0006283598580050231,-0.0005526525022065965,-0.0006038647342994086
3816,movement_libras,KNN,normalization,-0.002777777777777768,-0.002777777777777879,-0.004040404040404066,-0.002777777777777768,-0.002777777777777879
3817,movement_libras,KNN,normalization,0.002777777777777768,0.002777777777777768,0.005580356462709379,0.0027344877344877005,0.002777777777777768
3818,movement_libras,KNN,normalization,-0.005555555555555536,-0.005555555555555536,-0.005594405594405605,-0.005714285714285783,-0.005555555555555536
3819,movement_libras,KNN,normalization,-0.002777777777777768,-0.002777777777777768,-0.0021425796425795784,-0.0004761904761905189,-0.002777777777777768
3820,movement_libras,KNN,normalization,0.002777777777777768,0.002777777777777768,0.002826617826617861,0.002460317460317496,0.002777777777777768
3821,movement_libras,KNN,normalization,0.002777777777777768,0.002777777777777768,0.002840631590631526,0.0041798941798941724,0.002777777777777768
3822,movement_libras,SVC,normalization,0.0,0.0,0.0,0.0,0.0
3823,movement_libras,SVC,normalization,0.0,0.0,0.0,0.0,0.0
3824,movement_libras,SVC,normalization,-0.00277777777777799,-0.002777777777777768,-0.002050264550264469,-0.0037037037037037646,-0.002777777777777768
3825,movement_libras,SVC,normalization,-0.005555555555555536,-0.005555555555555647,-0.0073103856927386746,-0.006504329004328957,-0.005555555555555647
3826,movement_libras,SVC,normalization,0.0,0.0,-0.0002385114885113948,-0.0008597883597883937,0.0
3827,movement_libras,SVC,normalization,0.0,0.0,-0.00015928515928520515,0.0005158730158729696,0.0
3828,movement_libras,LR,normalization,0.0,0.0,0.0,0.0,0.0
3829,movement_libras,LR,normalization,-0.005555555555555536,-0.005555555555555536,-0.005154290154290142,-0.004510582010582076,-0.005555555555555536
3830,movement_libras,LR,normalization,0.0,0.0,1.221001221007878e-05,0.0023809523809523725,0.0
3831,movement_libras,LR,normalization,-0.002777777777777768,-0.002777777777777879,-0.002693602693602748,-0.006111111111111067,-0.002777777777777879
3832,movement_libras,LR,normalization,0.0,0.0,0.0,0.0,0.0
3833,movement_libras,LR,normalization,-0.002777777777777768,-0.002777777777777768,-0.002991452991452981,-0.0031746031746031633,-0.002777777777777768
3834,movement_libras,NB,normalization,0.0,0.0,0.0,0.0,0.0
3835,movement_libras,NB,normalization,0.0,0.0,0.0,0.0,0.0
3836,movement_libras,NB,normalization,0.0,0.0,0.0,0.0,0.0
3837,movement_libras,NB,normalization,0.0,0.0,0.0,0.0,0.0
3838,movement_libras,NB,normalization,0.0,0.0,0.0,0.0,0.0
3839,movement_libras,NB,normalization,0.0,0.0,0.0,0.0,0.0
3840,movement_libras,DT,normalization,0.0,0.0,0.0,0.0,0.0
3841,movement_libras,DT,normalization,-0.002777777777777768,-0.002777777777777768,-0.0023427960927960845,-0.0018187830687831363,-0.002777777777777768
3842,movement_libras,DT,normalization,-0.002777777777777768,-0.002777777777777768,-0.0029215229215229233,-0.00412698412698409,-0.002777777777777768
3843,movement_libras,DT,normalization,0.0,0.0,0.0,0.0,0.0
3844,movement_libras,DT,normalization,0.0,0.0,0.0,0.0,0.0
3845,movement_libras,DT,normalization,0.0,0.0,-2.136752136761011e-05,-0.0004761904761905189,0.0
3846,movement_libras,RF,normalization,0.0,0.0,0.0,0.0,0.0
3847,movement_libras,RF,normalization,0.002777777777777768,0.002777777777777768,0.002836052836052927,0.0025396825396825085,0.002777777777777768
3848,movement_libras,RF,normalization,0.0,0.0,2.8860028860044906e-05,-0.0007407407407408195,0.0
3849,movement_libras,RF,normalization,0.002777777777777768,0.002777777777777768,0.003036963036963103,0.0023214285714285854,0.002777777777777768
3850,movement_libras,RF,normalization,-0.005555555555555536,-0.005555555555555536,-0.00611777111777112,-0.005932539682539595,-0.005555555555555536
3851,movement_libras,RF,normalization,0.0,0.0,0.0,0.0,0.0
3852,satimage,KNN,normalization,0.00015527938307224876,0.00023710613219951604,0.00020181200606994576,0.0001258716200746024,0.00023710613219951604
3853,satimage,KNN,normalization,0.00031075201988828294,0.0005059315591458002,0.00045562195095338875,0.0003847148717905924,0.0005059315591458002
3854,satimage,KNN,normalization,0.0001553760099438639,0.00026709401709401615,0.0002350846501872894,0.00019047672428618156,0.00026709401709401615
3855,satimage,KNN,normalization,-9.662687172617979e-08,0.0001252447357087405,2.8720366533785402e-05,-0.00011402639599644715,0.0001252447357087405
3856,satimage,KNN,normalization,-0.00031075201988794987,-0.00021931191463919752,-0.00025841446959962155,-0.00027504681313084145,-0.00021931191463919752
3857,satimage,KNN,normalization,0.00015537600994397494,0.00042165165414087546,0.0002598583416819622,5.7460824798627463e-05,0.00042165165414087546
3858,satimage,SVC,normalization,0.0,0.0,0.0,0.0,0.0
3859,satimage,SVC,normalization,-0.00015547263681581214,-0.0002653927813163204,-0.000269451066481019,-0.00027088111209605525,-0.0002653927813163204
3860,satimage,SVC,normalization,0.0,0.0,0.0,0.0,0.0
3861,satimage,SVC,normalization,0.0,0.0,0.0,0.0,0.0
3862,satimage,SVC,normalization,-0.0003107520198880609,-0.0003459265586676086,-0.0002988836145271234,-0.00026822698385065014,-0.0003459265586676086
3863,satimage,SVC,normalization,-9.662687183720209e-08,0.0,2.3072888337805075e-05,7.186182638951877e-07,0.0
3864,satimage,LR,normalization,0.0,0.0,0.0,0.0,0.0
3865,satimage,LR,normalization,0.0,0.0,0.0,0.0,0.0
3866,satimage,LR,normalization,-0.00015537600994408596,-0.00010850694444441977,-0.0001518148094361571,-0.00022843870861044557,-0.00010850694444441977
3867,satimage,LR,normalization,0.0,0.0,0.0,0.0,0.0
3868,satimage,LR,normalization,0.0,3.168912067219587e-05,9.81834573153817e-05,0.0001205926423462067,3.168912067219587e-05
3869,satimage,LR,normalization,0.0,0.0,0.0,0.0,0.0
3870,satimage,NB,normalization,0.0,0.0,0.0,0.0,0.0
3871,satimage,NB,normalization,0.0,0.0,0.0,0.0,0.0
3872,satimage,NB,normalization,0.0,0.0,0.0,0.0,0.0
3873,satimage,NB,normalization,0.0,0.0,0.0,0.0,0.0
3874,satimage,NB,normalization,0.0,0.0,0.0,0.0,0.0
3875,satimage,NB,normalization,0.0,0.0,0.0,0.0,0.0
3876,satimage,DT,normalization,-0.001243201333296251,-0.0012994523968840044,-0.0012936785837777132,-0.0012423283439738642,-0.0012994523968840044
3877,satimage,DT,normalization,0.0013984807163683888,0.0013045637391029263,0.0011742514608317212,0.000993869425633731,0.0013045637391029263
3878,satimage,DT,normalization,-0.0009321594327924565,-0.0008943510594878745,-0.0010965435292360493,-0.0012481790502241186,-0.0008943510594878745
3879,satimage,DT,normalization,-0.00015537600994408596,7.244963963581874e-05,-9.149982187628414e-05,-0.0002668537385717151,7.244963963581874e-05
3880,satimage,DT,normalization,-0.00046603140296030965,0.00013506308827559987,-2.2057328576963187e-06,-0.0001072794526593146,0.00013506308827559987
3881,satimage,DT,normalization,0.00031094527363195734,-0.0001869487149773752,6.726909234389122e-05,0.0003118074391662562,-0.0001869487149773752
3882,satimage,RF,normalization,0.0,0.00031353638530384753,0.0002692848059787645,0.000112163718145597,0.00031353638530384753
3883,satimage,RF,normalization,-0.0004660314029601986,-0.0004509706834073812,-0.00039053512755937714,-0.00019713262204235082,-0.0004509706834073812
3884,satimage,RF,normalization,0.0006215040397762328,0.0006723633667601314,0.0004822389654046688,5.443902507240583e-05,0.0006723633667601314
3885,satimage,RF,normalization,-0.001087728696480439,-0.0009392103779084504,-0.0011161292817137847,-0.0014652537604024074,-0.0009392103779084504
3886,satimage,RF,normalization,0.0004661280298323689,0.0009454633408110258,0.001058062471632315,0.0009627014724619132,0.0009454633408110258
3887,satimage,RF,normalization,-0.0004658381492165242,-0.0007562280454272985,-0.0006819220210451116,-0.00038243408032645476,-0.0007562280454272985
3888,chess,KNN,normalization,-0.0012515644555693983,-0.001279859596259758,-0.0011731703153311512,-0.0017601106144371492,-0.0005980861244020419
3889,chess,KNN,normalization,-0.0003128911138923218,-0.00024325432550265091,-0.0003915313058056036,0.000993076335276788,-0.0017971268917879035
3890,chess,KNN,normalization,-0.0034418022528162062,-0.0034346868055292745,-0.003290445844626233,-0.002976005639545032,-0.003597122302158473
3891,chess,KNN,normalization,-0.003441802252815762,-0.003462293473538658,-0.003229844856612818,-0.0034888607313440234,-0.002996167659173987
3892,chess,KNN,normalization,-0.0009386733416769655,-0.0008984217169283326,-0.0009536632896212094,-0.00010228152262126144,-0.0017985611510790145
3893,chess,KNN,normalization,-0.0015644555694619422,-0.0015537308373198,-0.001489994294355812,-0.0011412946596092155,-0.0017985611510790145
3894,chess,SVC,normalization,0.0,0.0,0.0,0.0,0.0
3895,chess,SVC,normalization,0.0003128911138922108,0.0002997601918465209,0.0003133274492498339,1.3549645902388718e-05,0.0005995203836931529
3896,chess,SVC,normalization,0.0,0.0,0.0,0.0,0.0
3897,chess,SVC,normalization,-0.0003128911138923218,-0.0003272251308900076,-0.0002927580893682391,-0.0005977635552999461,0.0
3898,chess,SVC,normalization,0.0,0.0,0.0,0.0,0.0
3899,chess,SVC,normalization,0.0,-2.7464939043375658e-05,1.8645370784775572e-05,-0.0005594569690310358,0.0005995203836930418
3900,chess,LR,normalization,0.00031289111389243285,0.0002997601918464099,0.0003065076335336814,1.970032984000003e-05,0.0005995203836931529
3901,chess,LR,normalization,0.0,0.0,0.0,0.0,0.0
3902,chess,LR,normalization,0.0,0.0,0.0,0.0,0.0
3903,chess,LR,normalization,0.00031289111389243285,0.00032808398950134876,0.00029137019749059245,0.0005934365913000672,0.0
3904,chess,LR,normalization,0.0,0.0,0.0,0.0,0.0
3905,chess,LR,normalization,0.0,0.0,0.0,0.0,0.0
3906,chess,NB,normalization,-0.0012515644555695093,-0.0013089005235601414,-0.0006323017483844673,-0.0007793948153028696,0.0
3907,chess,NB,normalization,-0.0015644555694618312,-0.00163612565445026,-0.0007896697686911036,-0.000976105234884006,0.0
3908,chess,NB,normalization,-0.0012515644555693983,-0.0013089005235602524,-0.0006384065270863548,-0.0007925059234740184,0.0
3909,chess,NB,normalization,-0.0009386733416770765,-0.000982534251281475,-0.00047790792485402633,-0.0005937024062557805,0.0
3910,chess,NB,normalization,-0.00031289111389243285,-0.00032808398950134876,-0.00016047129184026954,-0.00020033903529048658,0.0
3911,chess,NB,normalization,-0.0003128911138923218,-0.0003272251308900076,-0.00016735463536043937,-0.00021386813766710588,0.0
3912,chess,DT,normalization,0.0,0.0,0.0,0.0,0.0
3913,chess,DT,normalization,0.0,0.0,0.0,0.0,0.0
3914,chess,DT,normalization,0.0,0.0,0.0,0.0,0.0
3915,chess,DT,normalization,0.0,0.0,0.0,0.0,0.0
3916,chess,DT,normalization,0.0,0.0,0.0,0.0,0.0
3917,chess,DT,normalization,0.0,0.0,0.0,0.0,0.0
3918,chess,RF,normalization,0.0,0.0,0.0,0.0,0.0
3919,chess,RF,normalization,0.0,0.0,0.0,0.0,0.0
3920,chess,RF,normalization,0.0,0.0,0.0,0.0,0.0
3921,chess,RF,normalization,0.0,0.0,0.0,0.0,0.0
3922,chess,RF,normalization,0.0,0.0,0.0,0.0,0.0
3923,chess,RF,normalization,0.0,0.0,0.0,0.0,0.0
3924,kr_vs_kp,KNN,normalization,-0.0028160200250312295,-0.0028078432117584207,-0.00269637673552392,-0.0023894120928081852,-0.002996167659173987
3925,kr_vs_kp,KNN,normalization,-0.0025031289111389077,-0.002480618080868413,-0.0024223420788411776,-0.0018903937775304192,-0.002996167659173987
3926,kr_vs_kp,KNN,normalization,-0.001877346683354042,-0.0019084209072534053,-0.0017477109422397996,-0.00229838026781104,-0.0011990407673859727
3927,kr_vs_kp,KNN,normalization,0.0,-2.8899198334375598e-05,4.7770483723397206e-05,-0.000520590980572222,0.0005966518651108199
3928,kr_vs_kp,KNN,normalization,-0.0031289111389235513,-0.0031618161520465815,-0.002942583813807631,-0.0034856654175954294,-0.0023952130161899454
3929,kr_vs_kp,KNN,normalization,-0.003754693366708195,-0.003818559531728827,-0.003512612604644638,-0.004585865924177646,-0.0023980815347721673
3930,kr_vs_kp,SVC,normalization,0.0,0.0,0.0,0.0,0.0
3931,kr_vs_kp,SVC,normalization,-0.0006257822277847547,-0.0006561679790026975,-0.0005779557331916374,-0.0011614804541908441,0.0
3932,kr_vs_kp,SVC,normalization,0.0,0.0,0.0,0.0,0.0
3933,kr_vs_kp,SVC,normalization,0.0,0.0,0.0,0.0,0.0
3934,kr_vs_kp,SVC,normalization,0.0003128911138922108,0.00029976019184663194,0.00030437416972683984,1.547883058850008e-05,0.0005995203836930418
3935,kr_vs_kp,SVC,normalization,0.0003128911138922108,0.00029976019184674296,0.00031187698333101643,9.07759528445684e-06,0.0005995203836929308
3936,kr_vs_kp,LR,normalization,0.0,0.0,0.0,0.0,0.0
3937,kr_vs_kp,LR,normalization,0.0,0.0,0.0,0.0,0.0
3938,kr_vs_kp,LR,normalization,0.0,0.0,0.0,0.0,0.0
3939,kr_vs_kp,LR,normalization,0.0003128911138922108,0.0002990430622008544,0.00030797505330615316,1.855637140135702e-05,0.0005980861244018199
3940,kr_vs_kp,LR,normalization,0.0,0.0,0.0,0.0,0.0
3941,kr_vs_kp,LR,normalization,0.0,0.0,0.0,0.0,0.0
3942,kr_vs_kp,NB,normalization,0.0,0.0,0.0,0.0,0.0
3943,kr_vs_kp,NB,normalization,-0.0012515644555695093,-0.0013389420384375406,-0.00048588708006802594,-0.0007927318732224853,0.0005995203836928198
3944,kr_vs_kp,NB,normalization,-0.0003128911138923218,-0.00032808398950134876,-0.0001599089748911542,-0.0001992314264587236,0.0
3945,kr_vs_kp,NB,normalization,-0.0006257822277848657,-0.0006819152008236129,-0.0001923023175894878,-0.0004492019482015275,0.0005995203836931529
3946,kr_vs_kp,NB,normalization,-0.0006257822277847547,-0.0006544502617801262,-0.00030545830494144166,-0.00036977843516161624,0.0
3947,kr_vs_kp,NB,normalization,-0.0009386733416771875,-0.0009833931098927051,-0.0004934751783818303,-0.0006263539539285157,0.0
3948,kr_vs_kp,DT,normalization,0.0,0.0,0.0,0.0,0.0
3949,kr_vs_kp,DT,normalization,0.0,0.0,0.0,0.0,0.0
3950,kr_vs_kp,DT,normalization,0.0,0.0,0.0,0.0,0.0
3951,kr_vs_kp,DT,normalization,0.0,0.0,0.0,0.0,0.0
3952,kr_vs_kp,DT,normalization,0.0,0.0,0.0,0.0,0.0
3953,kr_vs_kp,DT,normalization,0.0,0.0,0.0,0.0,0.0
3954,kr_vs_kp,RF,normalization,0.0,0.0,0.0,0.0,0.0
3955,kr_vs_kp,RF,normalization,0.0,0.0,0.0,0.0,0.0
3956,kr_vs_kp,RF,normalization,0.0,0.0,0.0,0.0,0.0
3957,kr_vs_kp,RF,normalization,0.0,0.0,0.0,0.0,0.0
3958,kr_vs_kp,RF,normalization,0.0,0.0,0.0,0.0,0.0
3959,kr_vs_kp,RF,normalization,0.00031289111389243285,0.0003272251308900076,0.0002944264714228595,0.0005812129564272128,0.0
3960,optdigits,KNN,normalization,-0.00035587188612085097,-0.00035460992907798694,-0.00035690600915605497,-0.0003703617194071862,-0.00035460992907798694
3961,optdigits,KNN,normalization,0.00017793594306059202,0.0001861356819014004,0.00019249908799878757,0.00020528228279415028,0.0001861356819014004
3962,optdigits,KNN,normalization,0.0,5.3523333432003994e-08,4.721692419384915e-06,-1.8940911977183283e-05,5.3523333432003994e-08
3963,optdigits,KNN,normalization,-0.00017793594306036997,-0.00017730496453893796,-0.00018093441813793465,-0.0001857854012123905,-0.00017730496453893796
3964,optdigits,KNN,normalization,0.0,-1.231163202719543e-06,9.330155981146504e-09,6.286854212000925e-06,-1.231163202719543e-06
3965,optdigits,KNN,normalization,0.000889679715302405,0.0008828677673256013,0.0008931873163322557,0.0009197478463547348,0.0008828677673256013
3966,optdigits,SVC,normalization,-0.00035587188612085097,-0.00035339660339661627,-0.0003469999337587515,-0.0003532077260532951,-0.00035339660339661627
3967,optdigits,SVC,normalization,-0.00017793594306036997,-0.00017730496453916,-0.0001744151319379439,-0.00016459364224019613,-0.00017730496453916
3968,optdigits,SVC,normalization,-0.0005338078291812209,-0.0005332174176752025,-0.0005397754495140017,-0.00054363239354005,-0.0005332174176752025
3969,optdigits,SVC,normalization,0.0,-1.2664640323123422e-06,1.2619570431970928e-06,1.3556516403889773e-06,-1.2664640323123422e-06
3970,optdigits,SVC,normalization,0.0,0.0,0.0,0.0,0.0
3971,optdigits,SVC,normalization,0.0,0.0,0.0,0.0,0.0
3972,optdigits,LR,normalization,0.0,3.79977707953838e-06,5.062305997727279e-07,5.109377536394177e-06,3.79977707953838e-06
3973,optdigits,LR,normalization,-2.220446049250313e-16,2.551150568796956e-06,-9.660191624405456e-08,-1.0337241836300137e-05,2.551150568796956e-06
3974,optdigits,LR,normalization,0.00017793594306036997,0.00017605633802819654,0.00017448327435198863,0.00018644801076617146,0.00017605633802819654
3975,optdigits,LR,normalization,0.00035587188612073994,0.00036226416190843214,0.0003560613936604007,0.00035028149440685663,0.00036226416190843214
3976,optdigits,LR,normalization,0.00035587188612118403,0.0003584275436794293,0.00036040289255978575,0.00036351007122437107,0.0003584275436794293
3977,optdigits,LR,normalization,0.0,-1.2846865365956361e-06,2.0909926800039003e-06,-2.10577531045697e-06,-1.2846865365956361e-06
3978,optdigits,NB,normalization,-0.005338078291814985,-0.005310925144136336,-0.006375165679888384,-0.0022406020819832895,-0.005310925144136336
3979,optdigits,NB,normalization,-0.002491103202847067,-0.0024750446131113213,-0.002714053545176065,-0.0010826233974170485,-0.0024750446131113213
3980,optdigits,NB,normalization,-0.006227758007117501,-0.006192364347877732,-0.00747189657589431,-0.0025601113068530745,-0.006192364347877732
3981,optdigits,NB,normalization,-0.005338078291814874,-0.005322396617354563,-0.0056521554125748,-0.0015934202489158444,-0.005322396617354563
3982,optdigits,NB,normalization,-0.004448398576512358,-0.004438243008155207,-0.005290899961727158,-0.0019990970736649682,-0.004438243008155207
3983,optdigits,NB,normalization,-0.004626334519572839,-0.004596763180629404,-0.005684170645385844,-0.0021074040630479907,-0.004596763180629404
3984,optdigits,DT,normalization,-0.000711743772242035,-0.0006827990669235895,-0.0007404862051439975,-0.0007898911021955168,-0.0006827990669235895
3985,optdigits,DT,normalization,0.000533807829181443,0.0005308477664272004,0.0004926881056899202,0.0003973503241812004,0.0005308477664272004
3986,optdigits,DT,normalization,0.001601423487544551,0.0016023108464024993,0.0016439907823534439,0.0017281469304881725,0.0016023108464024993
3987,optdigits,DT,normalization,0.000711743772242035,0.0007156623056253641,0.0007785197544905031,0.0007717056818115076,0.0007156623056253641
3988,optdigits,DT,normalization,0.0,2.4976272352539297e-06,1.1476651639030777e-06,-6.397332898555597e-05,2.4976272352539297e-06
3989,optdigits,DT,normalization,0.000355871886121073,0.0003433529453351625,0.00034816232923662316,0.0004001572725965685,0.0003433529453351625
3990,optdigits,RF,normalization,0.000533807829181665,0.0005370893367335761,0.0005348336891833894,0.0005277932150858922,0.0005370893367335761
3991,optdigits,RF,normalization,-0.00017793594306036997,-0.00017730496453893796,-0.0001818295214259802,-0.00017907240741621422,-0.00017730496453893796
3992,optdigits,RF,normalization,-0.000355871886121073,-0.0003534148259006775,-0.0003551583868184327,-0.0003363938529366006,-0.0003534148259006775
3993,optdigits,RF,normalization,0.00035587188612118403,0.0003546459891036191,0.00035687910353798813,0.0003556880499830939,0.0003546459891036191
3994,optdigits,RF,normalization,0.000355871886120962,0.00035339660339661627,0.0003570023357060137,0.0003527787991836062,0.00035339660339661627
3995,optdigits,RF,normalization,-2.220446049250313e-16,-3.872678254857043e-06,-1.472029729998603e-06,-1.7445222500245272e-05,-3.872678254857043e-06
3996,splice,KNN,normalization,-0.0012547051442911572,-0.0012701446643508252,-0.0012328037250420865,-0.0009663523684488862,-0.0012701446643508252
3997,splice,KNN,normalization,-0.00031367628607281706,2.8227678179559845e-05,-0.0002820262148407471,-0.001134379931714502,2.8227678179559845e-05
3998,splice,KNN,normalization,-0.0025094102885822034,-0.0020735597237178105,-0.0021992483443059596,-0.0009096990630196311,-0.0020735597237178105
3999,splice,KNN,normalization,-0.0009410288582184512,-0.0008358411090879647,-0.0007857963800547152,6.936319989325757e-05,-0.0008358411090879647
4000,splice,KNN,normalization,-0.0009410288582182291,-0.001541640056571536,-0.0009359180120885879,-0.000715679889023324,-0.001541640056571536
4001,splice,KNN,normalization,0.0009410288582183401,0.001533037850340313,0.0016247589409060792,0.000994703584404566,0.001533037850340313
4002,splice,SVC,normalization,0.0006273525721454121,0.0006353395706969467,0.0007025991570912549,0.0007624919774052996,0.0006353395706969467
4003,splice,SVC,normalization,-0.0006273525721455231,-0.0006335545546927168,-0.0006986490462475015,-0.0007000321821994948,-0.0006335545546927168
4004,splice,SVC,normalization,0.0006273525721456341,0.0006353160225442966,0.0006320215171480292,0.0006693514679729784,0.0006353160225442966
4005,splice,SVC,normalization,-0.00031367628607281706,-0.00020177562550438566,-0.00028286492187501455,-0.00036377702118683963,-0.00020177562550438566
4006,splice,SVC,normalization,0.0009410288582183401,0.0008398514255290035,0.0009029197401501099,0.0009111191886428394,0.0008398514255290035
4007,splice,SVC,normalization,-0.00031367628607281706,3.147483639753812e-05,-0.00020652681028299202,-0.0002886308172218577,3.147483639753812e-05
4008,splice,LR,normalization,0.0,0.0,0.0,0.0,0.0
4009,splice,LR,normalization,0.00031367628607281706,0.00020177562550449668,0.00028294997813915757,0.00033738137934968826,0.00020177562550449668
4010,splice,LR,normalization,0.00031367628607281706,0.00020128824476650653,0.00029161019495438367,0.00036630392380621046,0.00020128824476650653
4011,splice,LR,normalization,0.0,0.0,0.0,0.0,0.0
4012,splice,LR,normalization,0.0,0.0,0.0,0.0,0.0
4013,splice,LR,normalization,0.0,0.0,0.0,0.0,0.0
4014,splice,NB,normalization,0.000313676286072595,0.00043630017452001013,0.0004105835978910344,0.00035641049755319454,0.00043630017452001013
4015,splice,NB,normalization,0.0,0.0,0.0,0.0,0.0
4016,splice,NB,normalization,0.0,0.0,0.0,0.0,0.0
4017,splice,NB,normalization,0.0,0.0,0.0,0.0,0.0
4018,splice,NB,normalization,0.0,0.0,0.0,0.0,0.0
4019,splice,NB,normalization,0.0,0.0,0.0,0.0,0.0
4020,splice,DT,normalization,0.0,0.0,8.688931661171573e-05,0.0001429262512695484,0.0
4021,splice,DT,normalization,0.00031367628607281706,0.0001990158480242865,0.000214588636062496,0.0002599519406247808,0.0001990158480242865
4022,splice,DT,normalization,0.000313676286072595,0.0006662799300508615,0.0003944705538450055,7.251687357678893e-05,0.0006662799300508615
4023,splice,DT,normalization,-0.0006273525721456341,-0.0006375884192865167,-0.0006293996707947835,-0.0005826461578205544,-0.0006375884192865167
4024,splice,DT,normalization,-0.000313676286072595,-0.0009053728207040201,-0.0006775442922615227,-0.0003501731102131256,-0.0009053728207040201
4025,splice,DT,normalization,-0.0006273525721456341,-0.0008726003490401313,-0.0008182560567288055,-0.0007412624693929892,-0.0008726003490401313
4026,splice,RF,normalization,0.0003136762860729281,0.00043630017452001013,0.0004132705281727489,0.0003592096830286051,0.00043630017452001013
4027,splice,RF,normalization,-0.0012547051442911572,-0.001498873880920848,-0.0013138692856525802,-0.001090445069953816,-0.001498873880920848
4028,splice,RF,normalization,-0.00031367628607281706,0.0002654884565225224,-0.00016592490763800427,-0.0005844251104364373,0.0002654884565225224
4029,splice,RF,normalization,-0.00031367628607281706,0.0002737206926577418,-0.00017025067455977982,-0.0005991590734177876,0.0002737206926577418
4030,splice,RF,normalization,0.00031367628607281706,0.00020356064150883757,0.0002897808789816825,0.0003157560893297662,0.00020356064150883757
4031,splice,RF,normalization,0.0006273525721456341,0.0008720894201493801,0.0009796275177321734,0.0010869421196669782,0.0008720894201493801
4032,texture,KNN,normalization,0.0003636363636365658,0.0003636363636363438,0.00036376885395339453,0.00036011532320390227,0.0003636363636363438
4033,texture,KNN,normalization,0.0,0.0,0.0,0.0,0.0
4034,texture,KNN,normalization,0.0,0.0,0.0,0.0,0.0
4035,texture,KNN,normalization,-0.00018181818181794984,-0.00018181818181794984,-0.00017920622774336703,-0.00016435386446156386,-0.00018181818181794984
4036,texture,KNN,normalization,-0.0001818181818181719,-0.0001818181818182829,-0.00018399130749713333,-0.00018614718614717862,-0.0001818181818182829
4037,texture,KNN,normalization,0.0,0.0,2.5901472276990134e-06,2.266993743882395e-05,0.0
4038,texture,SVC,normalization,0.0,0.0,0.0,0.0,0.0
4039,texture,SVC,normalization,0.0,0.0,0.0,0.0,0.0
4040,texture,SVC,normalization,0.0,0.0,0.0,0.0,0.0
4041,texture,SVC,normalization,0.0,0.0,0.0,0.0,0.0
4042,texture,SVC,normalization,0.00018181818181806086,0.0001818181818182829,0.00018183854689735046,0.00017753462635361483,0.0001818181818182829
4043,texture,SVC,normalization,0.0,0.0,0.0,0.0,0.0
4044,texture,LR,normalization,0.0,0.0,0.0,0.0,0.0
4045,texture,LR,normalization,0.0001818181818182829,0.0001818181818182829,0.00018255731558869392,0.00018179433993759098,0.0001818181818182829
4046,texture,LR,normalization,0.0001818181818181719,0.0001818181818181719,0.00018254248666238482,0.00018475073313795054,0.0001818181818181719
4047,texture,LR,normalization,0.0,0.0,0.0,0.0,0.0
4048,texture,LR,normalization,0.0,0.0,0.0,0.0,0.0
4049,texture,LR,normalization,0.0,0.0,0.0,0.0,0.0
4050,texture,NB,normalization,0.0,0.0,0.0,0.0,0.0
4051,texture,NB,normalization,0.0,0.0,0.0,0.0,0.0
4052,texture,NB,normalization,0.0,0.0,0.0,0.0,0.0
4053,texture,NB,normalization,0.0,0.0,0.0,0.0,0.0
4054,texture,NB,normalization,0.0,0.0,0.0,0.0,0.0
4055,texture,NB,normalization,0.0,0.0,0.0,0.0,0.0
4056,texture,DT,normalization,-0.0005454545454546267,-0.0005454545454546267,-0.0005388890503243982,-0.0005491378198757557,-0.0005454545454546267
4057,texture,DT,normalization,-0.0003636363636364548,-0.00036363636363623275,-0.00036778390540814776,-0.00047222597668061805,-0.00036363636363623275
4058,texture,DT,normalization,0.00018181818181839393,0.00018181818181839393,0.00016730793516916975,0.00013384467463817273,0.00018181818181839393
4059,texture,DT,normalization,0.0,0.0,-6.825631809648236e-06,3.506823055565711e-05,0.0
4060,texture,DT,normalization,0.0,0.0,1.0848663743567855e-05,5.696239387398272e-06,0.0
4061,texture,DT,normalization,-0.0001818181818181719,-0.00018181818181806086,-0.00018108137197136998,-0.00016990047746345827,-0.00018181818181806086
4062,texture,RF,normalization,0.0001818181818181719,0.0001818181818181719,0.0001765337871063588,0.00015824673156161762,0.0001818181818181719
4063,texture,RF,normalization,-0.0001818181818181719,-0.0001818181818181719,-0.00017816721431196392,-0.00017448680351916934,-0.0001818181818181719
4064,texture,RF,normalization,0.0,0.0,0.0,0.0,0.0
4065,texture,RF,normalization,0.0,0.0,0.0,0.0,0.0
4066,texture,RF,normalization,-0.0001818181818182829,-0.00018181818181806086,-0.00018060653671736482,-0.0001714338912204294,-0.00018181818181806086
4067,texture,RF,normalization,0.0003636363636364548,0.00036363636363623275,0.0003694366974360541,0.00038906488215173507,0.00036363636363623275
4068,sonar,KNN,normalization,0.0,-0.0005787037037038312,-0.005601925049935286,0.008292259211376884,-0.01041666666666663
4069,sonar,KNN,normalization,0.004807692307692291,0.005208333333333259,0.010446570972886704,-0.0011904761904761862,0.01041666666666674
4070,sonar,KNN,normalization,0.009615384615384692,0.009672619047619069,0.011363636363636354,0.012500000000000067,0.01041666666666663
4071,sonar,KNN,normalization,0.004807692307692402,0.00520833333333337,0.00754936120789762,0.0016339869281045694,0.01041666666666663
4072,sonar,KNN,normalization,-1.1102230246251565e-16,-0.0007440476190475609,-0.003491895167399006,0.007289279348102862,-0.01041666666666674
4073,sonar,KNN,normalization,-0.009615384615384803,-0.009672619047619069,-0.01069605380439187,-0.011351909184726505,-0.010416666666666519
4074,sonar,SVC,normalization,0.0,0.0,0.0,0.0,0.0
4075,sonar,SVC,normalization,0.004807692307692291,0.004464285714285587,0.004106280193236778,0.009199134199134207,0.0
4076,sonar,SVC,normalization,0.0,0.0007440476190475609,0.0015856731013437209,-0.006175572927821782,0.01041666666666663
4077,sonar,SVC,normalization,0.004807692307692291,0.004464285714285587,0.003613945578231248,0.00708333333333333,0.0
4078,sonar,SVC,normalization,0.0,0.0,0.0,0.0,0.0
4079,sonar,SVC,normalization,0.0,-0.0007440476190475609,-0.0027056277056276556,0.009722222222222188,-0.01041666666666674
4080,sonar,LR,normalization,-0.004807692307692291,-0.004629629629629539,-0.0036231884057970065,-0.008928571428571397,0.0
4081,sonar,LR,normalization,0.004807692307692402,0.004464285714285587,0.003826530612244805,0.007499999999999951,0.0
4082,sonar,LR,normalization,0.0,0.0,0.0,0.0,0.0
4083,sonar,LR,normalization,0.004807692307692291,0.0037202380952381375,0.0016596512149622544,0.011582750291521116,-0.010416666666666519
4084,sonar,LR,normalization,-0.004807692307692291,-0.0037202380952381375,-0.002284901045369492,-0.019687699641260048,0.01041666666666674
4085,sonar,LR,normalization,2.220446049250313e-16,0.0,-0.0005440367636415644,-0.00047798216276473404,-2.220446049250313e-16
4086,sonar,NB,normalization,0.0,0.0,0.0,0.0,0.0
4087,sonar,NB,normalization,0.0,0.0,0.0,0.0,0.0
4088,sonar,NB,normalization,0.0,0.0,0.0,0.0,0.0
4089,sonar,NB,normalization,0.0,0.0,0.0,0.0,0.0
4090,sonar,NB,normalization,0.0,0.0,0.0,0.0,0.0
4091,sonar,NB,normalization,0.0,0.0,0.0,0.0,0.0
4092,sonar,DT,normalization,0.0,0.0,0.0,0.0,0.0
4093,sonar,DT,normalization,0.0,0.0,0.0,0.0,0.0
4094,sonar,DT,normalization,0.0,0.0,0.0,0.0,0.0
4095,sonar,DT,normalization,0.0,0.0,0.0,0.0,0.0
4096,sonar,DT,normalization,0.0,0.0,0.0,0.0,0.0
4097,sonar,DT,normalization,0.0,0.0,0.0,0.0,0.0
4098,sonar,RF,normalization,0.0,0.0,0.0,0.0,0.0
4099,sonar,RF,normalization,0.0,0.0,0.0,0.0,0.0
4100,sonar,RF,normalization,0.0,0.0,0.0,0.0,0.0
4101,sonar,RF,normalization,0.0,0.0,0.0,0.0,0.0
4102,sonar,RF,normalization,0.0,0.0,0.0,0.0,0.0
4103,sonar,RF,normalization,0.004807692307692402,0.0044642857142858094,0.003767730496453847,0.007699275362318847,0.0
4104,molecular_biology_promoters,KNN,normalization,0.00035612535612528085,0.0006868131868131844,-0.006003141591597427,0.02330169830169837,-0.03708791208791218
4105,molecular_biology_promoters,KNN,normalization,-0.009615384615384581,-0.009615384615384581,-0.010683760683760646,-0.0027472527472527375,-0.019230769230769273
4106,molecular_biology_promoters,KNN,normalization,-0.00035612535612528085,-1.1102230246251565e-16,0.0022385022385021935,0.003296703296703174,-1.1102230246251565e-16
4107,molecular_biology_promoters,KNN,normalization,0.019230769230769162,0.019230769230769162,0.017857142857142905,0.01666666666666672,0.019230769230769162
4108,molecular_biology_promoters,KNN,normalization,0.009971509971510084,0.00961538461538447,0.01219667943805891,0.006398809523809668,0.019230769230769162
4109,molecular_biology_promoters,KNN,normalization,0.018874643874643993,0.01854395604395609,0.0137994189718329,0.024862637362637385,0.0
4110,molecular_biology_promoters,SVC,normalization,0.0,0.0,0.0,0.0,0.0
4111,molecular_biology_promoters,SVC,normalization,-0.0092592592592593,-0.009615384615384581,-0.012566137566137559,-0.0071428571428572285,-0.019230769230769162
4112,molecular_biology_promoters,SVC,normalization,-0.0092592592592593,-0.009615384615384581,-0.01449275362318836,-0.006818181818181834,-0.019230769230769162
4113,molecular_biology_promoters,SVC,normalization,0.0,0.0,0.0,0.0,0.0
4114,molecular_biology_promoters,SVC,normalization,0.009615384615384581,0.009615384615384581,0.016666666666666607,0.004464285714285698,0.019230769230769162
4115,molecular_biology_promoters,SVC,normalization,0.0,0.0,0.0,0.0,0.0
4116,molecular_biology_promoters,LR,normalization,0.0,0.0,0.0,0.0,0.0
4117,molecular_biology_promoters,LR,normalization,0.0,0.0,0.0,0.0,0.0
4118,molecular_biology_promoters,LR,normalization,0.0092592592592593,0.009615384615384581,0.0062388591800355275,0.009210526315789336,0.0
4119,molecular_biology_promoters,LR,normalization,0.0,0.0,0.0,0.0,0.0
4120,molecular_biology_promoters,LR,normalization,0.0,0.0,0.0,0.0,0.0
4121,molecular_biology_promoters,LR,normalization,-0.0092592592592593,-0.00961538461538447,-0.021744518921938183,-0.00011140819964361448,-0.038461538461538436
4122,molecular_biology_promoters,NB,normalization,0.0,0.0,0.0,0.0,0.0
4123,molecular_biology_promoters,NB,normalization,0.0,0.0,0.0,0.0,0.0
4124,molecular_biology_promoters,NB,normalization,0.0,0.0,0.0,0.0,0.0
4125,molecular_biology_promoters,NB,normalization,0.0,0.0,0.0,0.0,0.0
4126,molecular_biology_promoters,NB,normalization,0.0,0.0,0.0,0.0,0.0
4127,molecular_biology_promoters,NB,normalization,0.0,0.0,0.0,0.0,0.0
4128,molecular_biology_promoters,DT,normalization,0.0,-0.0006868131868132954,0.0050055617352613435,-0.004901960784313708,0.017857142857142794
4129,molecular_biology_promoters,DT,normalization,0.0,0.0,0.0,0.0,0.0
4130,molecular_biology_promoters,DT,normalization,0.0,0.0,0.0,0.0,0.0
4131,molecular_biology_promoters,DT,normalization,0.0,0.0,0.0,0.0,0.0
4132,molecular_biology_promoters,DT,normalization,0.0,0.0,0.0,0.0,0.0
4133,molecular_biology_promoters,DT,normalization,0.009615384615384581,0.009615384615384692,0.006896551724137834,0.011029411764705843,0.0
4134,molecular_biology_promoters,RF,normalization,0.01887464387464388,0.01854395604395609,0.02261596474490024,0.0031249999999999334,0.03708791208791207
4135,molecular_biology_promoters,RF,normalization,0.009615384615384581,0.009615384615384692,0.009230769230769154,0.01923076923076905,0.0
4136,molecular_biology_promoters,RF,normalization,0.00035612535612539187,1.1102230246251565e-16,0.007516844714425375,-0.0106209150326797,0.019230769230769162
4137,molecular_biology_promoters,RF,normalization,-0.009615384615384692,-0.009615384615384581,-0.008004926108374333,-0.013541666666666785,0.0
4138,molecular_biology_promoters,RF,normalization,-0.009259259259259078,-0.009615384615384581,-0.007936507936507908,-0.016483516483516758,0.0
4139,molecular_biology_promoters,RF,normalization,0.0,0.0,0.0,0.0,0.0
4140,mfeat_fourier,KNN,normalization,0.0010000000000000009,0.0009999999999998899,0.001233065519374521,0.001909314316777433,0.0009999999999998899
4141,mfeat_fourier,KNN,normalization,0.0,0.0,-1.432258059086422e-05,-0.00020179035067957596,0.0
4142,mfeat_fourier,KNN,normalization,-0.0015000000000000568,-0.0014999999999999458,-0.0015396574938928431,-0.0015221929955228086,-0.0014999999999999458
4143,mfeat_fourier,KNN,normalization,0.0009999999999998899,0.0010000000000000009,0.0007838695761392955,0.0007050265511069354,0.0010000000000000009
4144,mfeat_fourier,KNN,normalization,0.0,0.0,-8.670668455479369e-05,0.00011430421743341412,0.0
4145,mfeat_fourier,KNN,normalization,0.001000000000000112,0.001000000000000112,0.000883712925502933,0.0006841557728668457,0.001000000000000112
4146,mfeat_fourier,SVC,normalization,0.0010000000000000009,0.001000000000000112,0.0010225718277212525,0.0011524564180891428,0.001000000000000112
4147,mfeat_fourier,SVC,normalization,0.0004999999999999449,0.0004999999999999449,0.0005098523470004057,0.0005582295585442321,0.0004999999999999449
4148,mfeat_fourier,SVC,normalization,-0.0015000000000000568,-0.0015000000000000568,-0.0014292749388090664,-0.0011550915859779298,-0.0015000000000000568
4149,mfeat_fourier,SVC,normalization,0.0004999999999999449,0.000500000000000056,0.0005388712923339867,0.0005589245648784935,0.000500000000000056
4150,mfeat_fourier,SVC,normalization,-0.0019999999999998908,-0.0019999999999998908,-0.0020604237960781813,-0.0020173098166765824,-0.0019999999999998908
4151,mfeat_fourier,SVC,normalization,0.0,0.0,0.0,0.0,0.0
4152,mfeat_fourier,LR,normalization,0.0,0.0,0.0,0.0,0.0
4153,mfeat_fourier,LR,normalization,0.0,0.0,7.280139778687023e-05,0.00014140271493223722,0.0
4154,mfeat_fourier,LR,normalization,-0.000500000000000056,-0.000500000000000056,-0.00047477081169811086,-0.0004041048237477529,-0.000500000000000056
4155,mfeat_fourier,LR,normalization,0.0,0.0,0.0,0.0,0.0
4156,mfeat_fourier,LR,normalization,0.0,0.0,8.241758241767094e-05,0.00015151515151512474,0.0
4157,mfeat_fourier,LR,normalization,0.0,0.0,0.0,0.0,0.0
4158,mfeat_fourier,NB,normalization,0.0,0.0,0.0,0.0,0.0
4159,mfeat_fourier,NB,normalization,0.0,0.0,0.0,0.0,0.0
4160,mfeat_fourier,NB,normalization,0.0,0.0,0.0,0.0,0.0
4161,mfeat_fourier,NB,normalization,0.0,0.0,0.0,0.0,0.0
4162,mfeat_fourier,NB,normalization,0.0,0.0,0.0,0.0,0.0
4163,mfeat_fourier,NB,normalization,0.0,0.0,0.0,0.0,0.0
4164,mfeat_fourier,DT,normalization,0.0,0.0,0.0,0.0,0.0
4165,mfeat_fourier,DT,normalization,0.0,0.0,0.0,0.0,0.0
4166,mfeat_fourier,DT,normalization,0.0,0.0,0.0,0.0,0.0
4167,mfeat_fourier,DT,normalization,0.0,0.0,0.0,0.0,0.0
4168,mfeat_fourier,DT,normalization,0.0,0.0,0.0,0.0,0.0
4169,mfeat_fourier,DT,normalization,0.0,0.0,0.0,0.0,0.0
4170,mfeat_fourier,RF,normalization,0.0,0.0,0.0,0.0,0.0
4171,mfeat_fourier,RF,normalization,0.0,0.0,0.0,0.0,0.0
4172,mfeat_fourier,RF,normalization,0.0,0.0,0.0,0.0,0.0
4173,mfeat_fourier,RF,normalization,0.0,0.0,0.0,0.0,0.0
4174,mfeat_fourier,RF,normalization,0.0,0.0,0.0,0.0,0.0
4175,mfeat_fourier,RF,normalization,0.0,0.0,0.0,0.0,0.0
4176,analcatdata_authorship,KNN,normalization,0.0011904761904761862,0.0007911392405064444,0.0008169229425677438,0.0008322148828480147,0.0007911392405064444
4177,analcatdata_authorship,KNN,normalization,0.0,0.0,0.0,0.0,0.0
4178,analcatdata_authorship,KNN,normalization,5.642067253175398e-06,0.0,-0.00030839560703921354,-0.0006059583404282032,0.0
4179,analcatdata_authorship,KNN,normalization,0.0,0.0,0.0,0.0,0.0
4180,analcatdata_authorship,KNN,normalization,0.002375310313699086,0.0016891891891892552,0.0016316206548245837,0.0015528549382718415,0.0016891891891892552
4181,analcatdata_authorship,KNN,normalization,0.0,0.0,0.0,0.0,0.0
4182,analcatdata_authorship,SVC,normalization,0.0,0.0,0.0,0.0,0.0
4183,analcatdata_authorship,SVC,normalization,0.0,0.0,0.0,0.0,0.0
4184,analcatdata_authorship,SVC,normalization,0.0,0.0,0.0,0.0,0.0
4185,analcatdata_authorship,SVC,normalization,0.0,0.0,0.0,0.0,0.0
4186,analcatdata_authorship,SVC,normalization,-0.0011848341232227888,-0.0007812499999999556,-0.0008123371555404102,-0.0008749840162025624,-0.0007812499999999556
4187,analcatdata_authorship,SVC,normalization,0.0,0.0,0.0,0.0,0.0
4188,analcatdata_authorship,LR,normalization,0.0011904761904761862,0.0014534883720930258,0.0011547572048952182,0.0008333333333332416,0.0014534883720930258
4189,analcatdata_authorship,LR,normalization,0.0,0.0,0.0,0.0,0.0
4190,analcatdata_authorship,LR,normalization,0.0,0.0,0.0,0.0,0.0
4191,analcatdata_authorship,LR,normalization,0.0011904761904761862,0.0008445945945945166,0.0008202853380060438,0.0007433754893103606,0.0008445945945945166
4192,analcatdata_authorship,LR,normalization,0.0,0.0,0.0,0.0,0.0
4193,analcatdata_authorship,LR,normalization,0.0,0.0,0.0,0.0,0.0
4194,analcatdata_authorship,NB,normalization,0.0,0.0,0.0,0.0,0.0
4195,analcatdata_authorship,NB,normalization,0.0,0.0,0.0,0.0,0.0
4196,analcatdata_authorship,NB,normalization,0.0,0.0,0.0,0.0,0.0
4197,analcatdata_authorship,NB,normalization,0.0,0.0,0.0,0.0,0.0
4198,analcatdata_authorship,NB,normalization,0.0,0.0,0.0,0.0,0.0
4199,analcatdata_authorship,NB,normalization,0.0,0.0,0.0,0.0,0.0
4200,analcatdata_authorship,DT,normalization,0.0,0.0,0.0,0.0,0.0
4201,analcatdata_authorship,DT,normalization,0.0,0.0,-0.0002662922449145899,-0.00026993354600945985,0.0
4202,analcatdata_authorship,DT,normalization,-0.0023809523809522615,-0.0016357338351007389,-0.0016273098892487514,-0.0017273756518687566,-0.0016357338351007389
4203,analcatdata_authorship,DT,normalization,-0.0023809523809523725,-0.0016891891891891442,-0.0016269388783543004,-0.001646612187501506,-0.0016891891891891442
4204,analcatdata_authorship,DT,normalization,0.0011848341232226778,0.0008445945945948496,0.002596345916558107,0.003968646839421219,0.0008445945945948496
4205,analcatdata_authorship,DT,normalization,-0.0011904761904761862,-0.0007911392405064444,-0.0007964473244129744,-0.0008442221592587229,-0.0007911392405064444
4206,analcatdata_authorship,RF,normalization,-0.0011904761904761862,-0.0008445945945945166,-0.0011493851201321847,-0.0014204545454542528,-0.0008445945945945166
4207,analcatdata_authorship,RF,normalization,0.0,0.0,0.0,0.0,0.0
4208,analcatdata_authorship,RF,normalization,-0.0011904761904759642,-0.0008445945945947386,-0.0011433257617924353,-0.0014647496333541898,-0.0008445945945947386
4209,analcatdata_authorship,RF,normalization,-0.0011904761904759642,-0.0007911392405064444,-0.000816998521502188,-0.0008215463195475614,-0.0007911392405064444
4210,analcatdata_authorship,RF,normalization,-0.0011961182577296947,-0.0007911392405063333,-0.0005072592353635441,-0.00023361983711400747,-0.0007911392405063333
4211,analcatdata_authorship,RF,normalization,-0.0011904761904764083,-0.0044642857142858094,-0.0027029208573273733,-0.0007713607594935779,-0.0044642857142858094
4212,tokyo1,KNN,normalization,0.002087691771269218,0.0028902699812883847,0.0015109625048616016,0.0030330404481228035,0.0
4213,tokyo1,KNN,normalization,-0.0010416666666663854,-0.0008116883116883189,-0.0008505341769527996,-0.0001020741466599695,-0.0016233766233768598
4214,tokyo1,KNN,normalization,0.0,0.0,0.0,0.0,0.0
4215,tokyo1,KNN,normalization,0.0,0.0,0.0,0.0,0.0
4216,tokyo1,KNN,normalization,-0.0010416666666666075,-0.00143678160919547,-0.0007571828648480494,-0.0014714182052728564,0.0
4217,tokyo1,KNN,normalization,0.0010460251046023883,0.0014534883720931369,0.0007708007642868164,0.0015673289183223416,0.0
4218,tokyo1,SVC,normalization,0.0,0.0,0.0,0.0,0.0
4219,tokyo1,SVC,normalization,-0.0010416666666668295,-0.001436781609195581,-0.0007437208002236684,-0.0013934610204996423,0.0
4220,tokyo1,SVC,normalization,0.0,0.0,0.0,0.0,0.0
4221,tokyo1,SVC,normalization,0.0010416666666666075,0.002089983280133767,0.0007062612980016647,0.002925959402083067,-0.0016339869281045694
4222,tokyo1,SVC,normalization,0.0,0.0,0.0,0.0,0.0
4223,tokyo1,SVC,normalization,0.0,0.0,0.0,0.0,0.0
4224,tokyo1,LR,normalization,0.002083333333333326,0.0016339869281046804,0.0017358320737216326,0.00019352341526002181,0.0032679738562092497
4225,tokyo1,LR,normalization,0.0,0.0,0.0,0.0,0.0
4226,tokyo1,LR,normalization,0.0,0.0,0.0,0.0,0.0
4227,tokyo1,LR,normalization,0.0,0.0,0.0,0.0,0.0
4228,tokyo1,LR,normalization,0.0,0.0,0.0,0.0,0.0
4229,tokyo1,LR,normalization,0.0,0.0,0.0,0.0,0.0
4230,tokyo1,NB,normalization,0.0,0.0,0.0,0.0,0.0
4231,tokyo1,NB,normalization,0.0,0.0,0.0,0.0,0.0
4232,tokyo1,NB,normalization,0.0,0.0,0.0,0.0,0.0
4233,tokyo1,NB,normalization,0.0,0.0,0.0,0.0,0.0
4234,tokyo1,NB,normalization,0.0,0.0,0.0,0.0,0.0
4235,tokyo1,NB,normalization,0.0,0.0,0.0,0.0,0.0
4236,tokyo1,DT,normalization,0.0,0.0,0.0,0.0,0.0
4237,tokyo1,DT,normalization,0.0,0.0,0.0,0.0,0.0
4238,tokyo1,DT,normalization,0.0,0.0,0.0,0.0,0.0
4239,tokyo1,DT,normalization,0.0,0.0,0.0,0.0,0.0
4240,tokyo1,DT,normalization,0.0,0.0,0.0,0.0,0.0
4241,tokyo1,DT,normalization,0.0,0.0,0.0,0.0,0.0
4242,tokyo1,RF,normalization,-0.002087691771269218,-0.0022704818361453105,-0.0016454208597016518,-0.0016368068505011601,-0.0016339869281046804
4243,tokyo1,RF,normalization,0.0010416666666666075,0.0008116883116884299,0.0008399290955561911,9.070386196885494e-05,0.0016233766233765268
4244,tokyo1,RF,normalization,0.002087691771269329,0.0022704818361451995,0.00170064595027275,0.0017489899383540397,0.0016339869281044583
4245,tokyo1,RF,normalization,-0.0010460251046023883,-0.0008169934640521737,-0.000840583364855152,-7.237386269642876e-05,-0.0016339869281045694
4246,tokyo1,RF,normalization,-0.002083333333333437,-0.0022651766837812337,-0.0016233766233766378,-0.0016233766233766378,-0.0016233766233767488
4247,tokyo1,RF,normalization,0.002083333333333215,0.0022537750732476436,0.0016233766233768598,0.001612903225806428,0.0016339869281045694
4248,soybean,KNN,normalization,-0.00295857988165682,-0.0012077294685989282,-0.0027155838723234016,-0.005015419837444468,-0.0012077294685989282
4249,soybean,KNN,normalization,0.0,0.0,0.0,0.0,0.0
4250,soybean,KNN,normalization,-0.0014880952380952328,-0.0006313131313131493,-0.0005554143678188073,-0.00061150886836836,-0.0006313131313131493
4251,soybean,KNN,normalization,0.0014792899408283544,-0.0015700483091787287,-0.0014883130825158464,-0.0011519804461160854,-0.0015700483091787287
4252,soybean,KNN,normalization,-0.0014880952380952328,-0.0006038647342995196,-0.0011317254379287212,-0.0025254193555191984,-0.0006038647342995196
4253,soybean,KNN,normalization,0.004455480417018931,0.004012955643390326,0.0047126926459647445,0.005350599967535619,0.004012955643390326
4254,soybean,SVC,normalization,0.0014792899408282434,0.0006038647342995196,0.0008588905647729517,0.000880883962780632,0.0006038647342995196
4255,soybean,SVC,normalization,0.0,0.0,0.0,0.0,0.0
4256,soybean,SVC,normalization,0.0,0.0,0.0,0.0,0.0
4257,soybean,SVC,normalization,0.0,0.0,0.000471709901534223,0.001497821350762485,0.0
4258,soybean,SVC,normalization,0.0,0.0,0.0,0.0,0.0
4259,soybean,SVC,normalization,0.0,0.0,0.0,0.0,0.0
4260,soybean,LR,normalization,0.0,0.0,0.0,0.0,0.0
4261,soybean,LR,normalization,0.0,0.0,0.0,0.0,0.0
4262,soybean,LR,normalization,0.0014792899408284654,0.0006038647342996306,0.0005652934574504886,0.000639663834108406,0.0006038647342996306
4263,soybean,LR,normalization,0.0014792899408283544,0.0006038647342996306,0.0014566965955856714,0.0035982302867384464,0.0006038647342996306
4264,soybean,LR,normalization,0.0,0.0,0.0,0.0,0.0
4265,soybean,LR,normalization,0.0,0.0,-0.00016187516187515794,-0.0004133597883597684,0.0
4266,soybean,NB,normalization,0.0,0.0,0.0,0.0,0.0
4267,soybean,NB,normalization,0.0,0.0,0.0,0.0,0.0
4268,soybean,NB,normalization,-0.0029673851789235872,-0.0012626262626261875,-0.001756064678947955,-0.0018187830687829143,-0.0012626262626261875
4269,soybean,NB,normalization,0.0,0.0,0.0,0.0,0.0
4270,soybean,NB,normalization,0.0,0.0,0.0,0.0,0.0
4271,soybean,NB,normalization,0.0,0.0,0.0,0.0,0.0
4272,soybean,DT,normalization,0.0,0.0,0.0009942419362708454,0.0017658468745423983,0.0
4273,soybean,DT,normalization,0.0014880952380952328,0.0006038647342994086,0.002469375431331966,0.003711674798631437,0.0006038647342994086
4274,soybean,DT,normalization,0.0,2.7448397013629666e-05,6.838992907098884e-05,-0.0003699040157372213,2.7448397013629666e-05
4275,soybean,DT,normalization,0.0014880952380952328,0.002777777777777768,0.0025273998488285487,0.001542022792022868,0.002777777777777768
4276,soybean,DT,normalization,-0.002958579881656931,-0.005555555555555647,-0.00568181818181801,-0.0051256613756616165,-0.005555555555555647
4277,soybean,DT,normalization,0.0,0.0,0.0,0.0,0.0
4278,soybean,RF,normalization,0.0014880952380952328,0.0006313131313132603,0.0005448776106178332,0.0012735075914424021,0.0006313131313132603
4279,soybean,RF,normalization,0.0,0.0,0.0,0.0,0.0
4280,soybean,RF,normalization,-0.0029497745843900525,-0.0033816425120771765,-0.0033814129112732516,-0.002847891730741625,-0.0033816425120771765
4281,soybean,RF,normalization,-0.0014792899408285765,-0.0006038647342995196,-0.0005787037037038312,-0.0005555555555557534,-0.0006038647342995196
4282,soybean,RF,normalization,0.004437869822485285,0.006159420289855166,0.004720073851171236,0.0027165767955241726,0.006159420289855166
4283,soybean,RF,normalization,0.0,2.7448397013629666e-05,8.268847360393128e-05,-8.634536142160254e-05,2.7448397013629666e-05
4284,mfeat_karhunen,KNN,normalization,0.0,0.0,0.0,0.0,0.0
4285,mfeat_karhunen,KNN,normalization,0.0015000000000000568,0.0015000000000000568,0.0015540991668767656,0.0012571468153094179,0.0015000000000000568
4286,mfeat_karhunen,KNN,normalization,-0.0004999999999999449,-0.0004999999999999449,-0.0005327045925042073,-0.00033219770901926626,-0.0004999999999999449
4287,mfeat_karhunen,KNN,normalization,-0.0004999999999999449,-0.0004999999999999449,-0.0005010598894091833,-0.00046736975712724504,-0.0004999999999999449
4288,mfeat_karhunen,KNN,normalization,0.0,0.0,-6.007140039177017e-06,-6.19992331983843e-05,0.0
4289,mfeat_karhunen,KNN,normalization,0.0010000000000000009,0.0010000000000000009,0.0009847420553934505,0.0009411323058627907,0.0010000000000000009
4290,mfeat_karhunen,SVC,normalization,-0.000500000000000056,-0.000500000000000056,-0.0005233494866302424,-0.0004795918367348495,-0.000500000000000056
4291,mfeat_karhunen,SVC,normalization,0.0,0.0,0.0,0.0,0.0
4292,mfeat_karhunen,SVC,normalization,-0.0004999999999999449,-0.0004999999999999449,-0.0004856046829172511,-0.00045180572228875615,-0.0004999999999999449
4293,mfeat_karhunen,SVC,normalization,0.0,0.0,0.0,0.0,0.0
4294,mfeat_karhunen,SVC,normalization,0.0,0.0,0.0,0.0,0.0
4295,mfeat_karhunen,SVC,normalization,0.0004999999999999449,0.0004999999999999449,0.0005002530865332311,0.0004803921568627967,0.0004999999999999449
4296,mfeat_karhunen,LR,normalization,0.0,0.0,-4.540961020538248e-06,-4.949095022621641e-05,0.0
4297,mfeat_karhunen,LR,normalization,0.0004999999999999449,0.0004999999999998339,0.00048826173826166386,0.0005181062323920127,0.0004999999999998339
4298,mfeat_karhunen,LR,normalization,0.0,0.0,0.0,0.0,0.0
4299,mfeat_karhunen,LR,normalization,0.0,0.0,0.0,0.0,0.0
4300,mfeat_karhunen,LR,normalization,0.0,0.0,0.0,0.0,0.0
4301,mfeat_karhunen,LR,normalization,0.0,0.0,0.0,0.0,0.0
4302,mfeat_karhunen,NB,normalization,0.0,0.0,0.0,0.0,0.0
4303,mfeat_karhunen,NB,normalization,0.0,0.0,0.0,0.0,0.0
4304,mfeat_karhunen,NB,normalization,0.0,0.0,0.0,0.0,0.0
4305,mfeat_karhunen,NB,normalization,0.0,0.0,0.0,0.0,0.0
4306,mfeat_karhunen,NB,normalization,0.0,0.0,0.0,0.0,0.0
4307,mfeat_karhunen,NB,normalization,0.0,0.0,0.0,0.0,0.0
4308,mfeat_karhunen,DT,normalization,0.0,0.0,0.0,0.0,0.0
4309,mfeat_karhunen,DT,normalization,0.0,0.0,0.0,0.0,0.0
4310,mfeat_karhunen,DT,normalization,0.0,0.0,0.0,0.0,0.0
4311,mfeat_karhunen,DT,normalization,0.0,0.0,0.0,0.0,0.0
4312,mfeat_karhunen,DT,normalization,0.0,0.0,0.0,0.0,0.0
4313,mfeat_karhunen,DT,normalization,0.0,0.0,0.0,0.0,0.0
4314,mfeat_karhunen,RF,normalization,0.0,0.0,0.0,0.0,0.0
4315,mfeat_karhunen,RF,normalization,0.0,0.0,0.0,0.0,0.0
4316,mfeat_karhunen,RF,normalization,0.0,0.0,0.0,0.0,0.0
4317,mfeat_karhunen,RF,normalization,0.0,0.0,0.0,0.0,0.0
4318,mfeat_karhunen,RF,normalization,0.0,0.0,0.0,0.0,0.0
4319,mfeat_karhunen,RF,normalization,0.0,0.0,0.0,0.0,0.0
