Unnamed: 0,ds,alg,task,test_accuracy,test_balanced_accuracy,test_f1,test_precision,test_recall,diff_test_accuracy,diff_test_balanced_accuracy,diff_test_f1,diff_test_precision,diff_test_recall
0.0,GAMETES_Epistasis_2_Way_1000atts_0.4H_EDM_1_EDM_1_1,KNN,feat,-0.048125,-0.048125,-0.031637288431936,-0.0517392623474983,-0.0099999999999998,,,,,
1.0,GAMETES_Epistasis_2_Way_1000atts_0.4H_EDM_1_EDM_1_1,KNN,feat,-0.0274999999999998,-0.0274999999999998,-0.0008936334356254,-0.0284922580679173,0.0287499999999999,,,,,
2.0,GAMETES_Epistasis_2_Way_1000atts_0.4H_EDM_1_EDM_1_1,KNN,feat,-0.05,-0.05,-0.055191656012579,-0.051612604772688,-0.0575000000000001,,,,,
3.0,GAMETES_Epistasis_2_Way_1000atts_0.4H_EDM_1_EDM_1_1,KNN,feat,-0.025,-0.025,-0.0042405461866333,-0.0278135345231852,0.0174999999999999,,,,,
4.0,GAMETES_Epistasis_2_Way_1000atts_0.4H_EDM_1_EDM_1_1,KNN,feat,-0.029375,-0.029375,-0.01345296009,-0.0277228388171986,-0.0024999999999999,,,,,
5.0,GAMETES_Epistasis_2_Way_1000atts_0.4H_EDM_1_EDM_1_1,KNN,feat,-0.063125,-0.063125,-0.0615507570789981,-0.0661922050151416,-0.0562499999999999,,,,,
6.0,GAMETES_Epistasis_2_Way_1000atts_0.4H_EDM_1_EDM_1_1,SVC,feat,-0.1374999999999999,-0.1374999999999999,-0.1343435630449921,-0.140193209026097,-0.1287500000000001,,,,,
7.0,GAMETES_Epistasis_2_Way_1000atts_0.4H_EDM_1_EDM_1_1,SVC,feat,-0.1512500000000001,-0.1512500000000001,-0.1488122408738285,-0.1507422526336413,-0.14625,,,,,
8.0,GAMETES_Epistasis_2_Way_1000atts_0.4H_EDM_1_EDM_1_1,SVC,feat,-0.14375,-0.1437500000000002,-0.1580733261272561,-0.1446716677635893,-0.1712500000000001,,,,,
9.0,GAMETES_Epistasis_2_Way_1000atts_0.4H_EDM_1_EDM_1_1,SVC,feat,-0.1574999999999999,-0.1574999999999999,-0.15874871886782,-0.1591012394421476,-0.1587500000000001,,,,,
10.0,GAMETES_Epistasis_2_Way_1000atts_0.4H_EDM_1_EDM_1_1,SVC,feat,-0.136875,-0.136875,-0.1498677560905751,-0.1369296455394854,-0.1625000000000001,,,,,
11.0,GAMETES_Epistasis_2_Way_1000atts_0.4H_EDM_1_EDM_1_1,SVC,feat,-0.1418749999999999,-0.1418749999999999,-0.129977975118587,-0.1458292510571932,-0.11625,,,,,
12.0,GAMETES_Epistasis_2_Way_1000atts_0.4H_EDM_1_EDM_1_1,NB,feat,-0.1400000000000001,-0.1400000000000001,-0.1654965555859004,-0.1533033750517041,-0.1750000000000001,,,,,
13.0,GAMETES_Epistasis_2_Way_1000atts_0.4H_EDM_1_EDM_1_1,NB,feat,-0.123125,-0.123125,-0.1256277682471062,-0.132227089006231,-0.1137499999999999,,,,,
14.0,GAMETES_Epistasis_2_Way_1000atts_0.4H_EDM_1_EDM_1_1,NB,feat,-0.125625,-0.125625,-0.1367417073980013,-0.1367216270940716,-0.1375,,,,,
15.0,GAMETES_Epistasis_2_Way_1000atts_0.4H_EDM_1_EDM_1_1,NB,feat,-0.113125,-0.113125,-0.1049052336683209,-0.1235314985125913,-0.08625,,,,,
16.0,GAMETES_Epistasis_2_Way_1000atts_0.4H_EDM_1_EDM_1_1,NB,feat,-0.0981249999999999,-0.0981249999999999,-0.0970861296644398,-0.1099846137454305,-0.08375,,,,,
17.0,GAMETES_Epistasis_2_Way_1000atts_0.4H_EDM_1_EDM_1_1,NB,feat,-0.1381249999999999,-0.1381249999999999,-0.1285786707688019,-0.1520963779514484,-0.1062499999999999,,,,,
18.0,GAMETES_Epistasis_2_Way_1000atts_0.4H_EDM_1_EDM_1_1,DT,feat,-0.0293749999999999,-0.0293749999999999,-0.0378787947320218,-0.028464553304517,-0.04625,,,,,
19.0,GAMETES_Epistasis_2_Way_1000atts_0.4H_EDM_1_EDM_1_1,DT,feat,-0.00125,-0.00125,0.0154385628371898,-0.000663774533853,0.0312500000000001,,,,,
20.0,GAMETES_Epistasis_2_Way_1000atts_0.4H_EDM_1_EDM_1_1,DT,feat,0.0168749999999999,0.0168749999999999,0.0011328017262579,0.0173350429586771,-0.01625,,,,,
21.0,GAMETES_Epistasis_2_Way_1000atts_0.4H_EDM_1_EDM_1_1,DT,feat,0.020625,0.020625,0.0214055455940179,0.0207887006724257,0.0224999999999999,,,,,
22.0,GAMETES_Epistasis_2_Way_1000atts_0.4H_EDM_1_EDM_1_1,DT,feat,-0.0100000000000001,-0.0100000000000001,0.0005315841953837,-0.009669664362417,0.0112499999999999,,,,,
23.0,GAMETES_Epistasis_2_Way_1000atts_0.4H_EDM_1_EDM_1_1,DT,feat,-0.025,-0.025,-0.0326327909848738,-0.0236755501618091,-0.0425,,,,,
24.0,GAMETES_Epistasis_2_Way_1000atts_0.4H_EDM_1_EDM_1_1,RF,feat,-0.0918750000000002,-0.0918750000000002,-0.0790358972304806,-0.1007543726941115,-0.0600000000000001,,,,,
25.0,GAMETES_Epistasis_2_Way_1000atts_0.4H_EDM_1_EDM_1_1,RF,feat,-0.1075,-0.1075000000000001,-0.1226444250396711,-0.1174785902382761,-0.1262500000000002,,,,,
26.0,GAMETES_Epistasis_2_Way_1000atts_0.4H_EDM_1_EDM_1_1,RF,feat,-0.073125,-0.073125,-0.0807694051705705,-0.0767506205742583,-0.08375,,,,,
27.0,GAMETES_Epistasis_2_Way_1000atts_0.4H_EDM_1_EDM_1_1,RF,feat,-0.1050000000000001,-0.1050000000000001,-0.1092301713066348,-0.1133625051033734,-0.1049999999999999,,,,,
28.0,GAMETES_Epistasis_2_Way_1000atts_0.4H_EDM_1_EDM_1_1,RF,feat,-0.081875,-0.081875,-0.0970400415198273,-0.0902918836834754,-0.1024999999999999,,,,,
29.0,GAMETES_Epistasis_2_Way_1000atts_0.4H_EDM_1_EDM_1_1,RF,feat,-0.0875,-0.0875,-0.0873763229467149,-0.0964373474485775,-0.0799999999999999,,,,,
30.0,agaricus_lepiota,KNN,feat,0.0,0.0,0.0,0.0,0.0,,,,,
31.0,agaricus_lepiota,KNN,feat,0.0,0.0,0.0,0.0,0.0,,,,,
32.0,agaricus_lepiota,KNN,feat,0.0,0.0,0.0,0.0,0.0,,,,,
33.0,agaricus_lepiota,KNN,feat,0.0,0.0,0.0,0.0,0.0,,,,,
34.0,agaricus_lepiota,KNN,feat,0.0,0.0,0.0,0.0,0.0,,,,,
35.0,agaricus_lepiota,KNN,feat,0.0,0.0,0.0,0.0,0.0,,,,,
36.0,agaricus_lepiota,SVC,feat,0.0,0.0,0.0,0.0,0.0,,,,,
37.0,agaricus_lepiota,SVC,feat,0.0,0.0,0.0,0.0,0.0,,,,,
38.0,agaricus_lepiota,SVC,feat,0.0,0.0,0.0,0.0,0.0,,,,,
39.0,agaricus_lepiota,SVC,feat,0.0,0.0,0.0,0.0,0.0,,,,,
40.0,agaricus_lepiota,SVC,feat,0.0,0.0,0.0,0.0,0.0,,,,,
41.0,agaricus_lepiota,SVC,feat,0.0,0.0,0.0,0.0,0.0,,,,,
42.0,agaricus_lepiota,NB,feat,0.0,0.0,0.0,0.0,0.0,,,,,
43.0,agaricus_lepiota,NB,feat,0.0,0.0,0.0,0.0,0.0,,,,,
44.0,agaricus_lepiota,NB,feat,0.0,0.0,0.0,0.0,0.0,,,,,
45.0,agaricus_lepiota,NB,feat,0.0,0.0,0.0,0.0,0.0,,,,,
46.0,agaricus_lepiota,NB,feat,0.0,0.0,0.0,0.0,0.0,,,,,
47.0,agaricus_lepiota,NB,feat,0.0,0.0,0.0,0.0,0.0,,,,,
48.0,agaricus_lepiota,DT,feat,0.0,0.0,0.0,0.0,0.0,,,,,
49.0,agaricus_lepiota,DT,feat,0.0,0.0,0.0,0.0,0.0,,,,,
50.0,agaricus_lepiota,DT,feat,0.0,0.0,0.0,0.0,0.0,,,,,
51.0,agaricus_lepiota,DT,feat,0.0,0.0,0.0,0.0,0.0,,,,,
52.0,agaricus_lepiota,DT,feat,0.0,0.0,0.0,0.0,0.0,,,,,
53.0,agaricus_lepiota,DT,feat,0.0,0.0,0.0,0.0,0.0,,,,,
54.0,agaricus_lepiota,RF,feat,0.0,0.0,0.0,0.0,0.0,,,,,
55.0,agaricus_lepiota,RF,feat,0.0,0.0,0.0,0.0,0.0,,,,,
56.0,agaricus_lepiota,RF,feat,0.0,0.0,0.0,0.0,0.0,,,,,
57.0,agaricus_lepiota,RF,feat,0.0,0.0,0.0,0.0,0.0,,,,,
58.0,agaricus_lepiota,RF,feat,0.0,0.0,0.0,0.0,0.0,,,,,
59.0,agaricus_lepiota,RF,feat,0.0,0.0,0.0,0.0,0.0,,,,,
60.0,mushroom,KNN,feat,0.0,0.0,0.0,0.0,0.0,,,,,
61.0,mushroom,KNN,feat,0.0,0.0,0.0,0.0,0.0,,,,,
62.0,mushroom,KNN,feat,0.0,0.0,0.0,0.0,0.0,,,,,
63.0,mushroom,KNN,feat,0.0,0.0,0.0,0.0,0.0,,,,,
64.0,mushroom,KNN,feat,0.0,0.0,0.0,0.0,0.0,,,,,
65.0,mushroom,KNN,feat,0.0,0.0,0.0,0.0,0.0,,,,,
66.0,mushroom,SVC,feat,0.0,0.0,0.0,0.0,0.0,,,,,
67.0,mushroom,SVC,feat,0.0,0.0,0.0,0.0,0.0,,,,,
68.0,mushroom,SVC,feat,0.0,0.0,0.0,0.0,0.0,,,,,
69.0,mushroom,SVC,feat,0.0,0.0,0.0,0.0,0.0,,,,,
70.0,mushroom,SVC,feat,0.0,0.0,0.0,0.0,0.0,,,,,
71.0,mushroom,SVC,feat,0.0,0.0,0.0,0.0,0.0,,,,,
72.0,mushroom,NB,feat,0.0,0.0,0.0,0.0,0.0,,,,,
73.0,mushroom,NB,feat,0.0,0.0,0.0,0.0,0.0,,,,,
74.0,mushroom,NB,feat,0.0,0.0,0.0,0.0,0.0,,,,,
75.0,mushroom,NB,feat,0.0,0.0,0.0,0.0,0.0,,,,,
76.0,mushroom,NB,feat,0.0,0.0,0.0,0.0,0.0,,,,,
77.0,mushroom,NB,feat,0.0,0.0,0.0,0.0,0.0,,,,,
78.0,mushroom,DT,feat,0.0,0.0,0.0,0.0,0.0,,,,,
79.0,mushroom,DT,feat,0.0,0.0,0.0,0.0,0.0,,,,,
80.0,mushroom,DT,feat,0.0,0.0,0.0,0.0,0.0,,,,,
81.0,mushroom,DT,feat,0.0,0.0,0.0,0.0,0.0,,,,,
82.0,mushroom,DT,feat,0.0,0.0,0.0,0.0,0.0,,,,,
83.0,mushroom,DT,feat,0.0,0.0,0.0,0.0,0.0,,,,,
84.0,mushroom,RF,feat,0.0,0.0,0.0,0.0,0.0,,,,,
85.0,mushroom,RF,feat,0.0,0.0,0.0,0.0,0.0,,,,,
86.0,mushroom,RF,feat,0.0,0.0,0.0,0.0,0.0,,,,,
87.0,mushroom,RF,feat,0.0,0.0,0.0,0.0,0.0,,,,,
88.0,mushroom,RF,feat,0.0,0.0,0.0,0.0,0.0,,,,,
89.0,mushroom,RF,feat,0.0,0.0,0.0,0.0,0.0,,,,,
90.0,ring,KNN,feat,0.0031081081081081,0.0031761424963154,0.0008810765153982,0.0049346075866775,-0.0040160642570281,,,,,
91.0,ring,KNN,feat,0.0009459459459459,0.0009981711353164,-0.0007468424980227,0.0022173735503476,-0.0042770010523376,,,,,
92.0,ring,KNN,feat,0.0028378378378378,0.0028582745680493,0.0020947445569725,0.0027781175518029,0.0010698766545683,,,,,
93.0,ring,KNN,feat,0.0055405405405405,0.005535197098848,0.0054829068971793,0.0045639862745712,0.0066988094982424,,,,,
94.0,ring,KNN,feat,0.0049999999999998,0.0050375216189907,0.0036186450664067,0.005718803608143,0.0010709504685407,,,,,
95.0,ring,KNN,feat,0.0035135135135134,0.0035640863705505,0.0020574167464468,0.0044831736071706,-0.0010659393366694,,,,,
96.0,ring,SVC,feat,-0.0454054054054053,-0.0445580411687679,-0.0795031602223749,-0.0363632469609888,-0.1341365461847389,,,,,
97.0,ring,SVC,feat,-0.0047297297297296,-0.0054332144628733,0.0640275518028474,0.0407855504996019,0.0756147584992377,,,,,
98.0,ring,SVC,feat,0.021081081081081,0.0199757235116013,0.0783893603217308,0.0383216226173893,0.1305951077035414,,,,,
99.0,ring,SVC,feat,-0.0586486486486487,-0.0585036384450002,-0.04906284301679,-0.050039794406037,-0.0738848441895925,,,,,
100.0,ring,SVC,feat,-0.0048648648648648,-0.0049445622416907,0.0390901403161195,0.0403822256039296,0.0034805890227577,,,,,
101.0,ring,SVC,feat,-0.0054054054054053,-0.0044720098252543,-0.0364817918817526,0.0115895506690172,-0.1020194861442205,,,,,
102.0,ring,NB,feat,0.0012162162162161,0.0012150466349254,0.0011216726659982,0.0009918850298022,0.001338688085676,,,,,
103.0,ring,NB,feat,0.0014864864864865,0.0014663688409964,0.0017425222558477,0.0005873989758442,0.0032081982117417,,,,,
104.0,ring,NB,feat,0.0013513513513513,0.0012910542545412,0.0024454938664409,-0.0008608852131758,0.0074934318378685,,,,,
105.0,ring,NB,feat,-0.0031081081081081,-0.0031441187818086,-0.0019060722086926,-0.0036615730993964,0.0008014231614513,,,,,
106.0,ring,NB,feat,0.0014864864864865,0.001498125288786,0.001129538767551,0.0017161756213647,0.0002677376171352,,,,,
107.0,ring,NB,feat,0.0025675675675675,0.0025592661365924,0.0025003000969939,0.0016060675513938,0.0037486845778836,,,,,
108.0,ring,DT,feat,0.0017567567567567,0.0017786471031921,0.0009614314115491,0.0024585663413835,-0.0005354752342704,,,,,
109.0,ring,DT,feat,0.018108108108108,0.0181234651913665,0.0170643552454586,0.0183892770665082,0.0157879288991974,,,,,
110.0,ring,DT,feat,0.0033783783783783,0.0034396759571142,0.0011187745492673,0.0046802697247987,-0.0024125020581434,,,,,
111.0,ring,DT,feat,0.0155405405405405,0.0156633154730481,0.0112369297194959,0.0188853476196676,0.0037526218957827,,,,,
112.0,ring,DT,feat,0.0128378378378378,0.0128249240709997,0.0133634993622923,0.0125228189785494,0.0141900937081659,,,,,
113.0,ring,DT,feat,-0.0043243243243245,-0.0043608496257331,-0.0028741186358182,-0.0052149798779015,-0.0002666638031626,,,,,
114.0,ring,RF,feat,-1.1102230246251563e-16,7.159150471824915e-05,-0.0022076400007187,0.0022690362626728,-0.0074966532797857,,,,,
115.0,ring,RF,feat,0.0095945945945946,0.0096027527207535,0.0085060665989304,0.0091818748905617,0.0077554424471504,,,,,
116.0,ring,RF,feat,0.0091891891891892,0.0091647707556736,0.009527797420477,0.0071601178951316,0.0120438975151945,,,,,
117.0,ring,RF,feat,0.0118918918918918,0.0118638481415195,0.0123472635309725,0.0094281439874451,0.0158000987908856,,,,,
118.0,ring,RF,feat,0.0025675675675674,0.0026150988675027,0.0009199132343969,0.0037252227302336,-0.0024096385542169,,,,,
119.0,ring,RF,feat,0.0016216216216217,0.0016415516893318,0.0011399546585717,0.0017748212365035,0.0002716749350342,,,,,
120.0,twonorm,KNN,feat,-0.0085135135135137,-0.0085124346021007,-0.0097645209346874,-0.0067112834874253,-0.0129843104268001,,,,,
121.0,twonorm,KNN,feat,-0.0179729729729728,-0.0179691580389536,-0.0163301145834406,-0.0204736807637714,-0.0119028636214021,,,,,
122.0,twonorm,KNN,feat,-0.0216216216216215,-0.0216225458035158,-0.0214089932433733,-0.0215101873771021,-0.0213604944592766,,,,,
123.0,twonorm,KNN,feat,-0.015945945945946,-0.0159556420823424,-0.0167489440793617,-0.0150663046359171,-0.0186713235563033,,,,,
124.0,twonorm,KNN,feat,-0.0140540540540541,-0.0140471289826749,-0.0146196798802321,-0.0135081136754573,-0.0156793329188457,,,,,
125.0,twonorm,KNN,feat,-0.0097297297297297,-0.0097209765303205,-0.0080937284165278,-0.012048729326893,-0.004054419778371,,,,,
126.0,twonorm,SVC,feat,-0.0114864864864864,-0.011472623511296,-0.010484024315028,-0.0135938629921062,-0.0075653732216655,,,,,
127.0,twonorm,SVC,feat,-0.0068918918918918,-0.0068860580708027,-0.0063037685393191,-0.0085000535414929,-0.0037852466810516,,,,,
128.0,twonorm,SVC,feat,-0.0125675675675676,-0.0125653895089831,-0.0121761765372612,-0.0132962920664292,-0.0110887612917383,,,,,
129.0,twonorm,SVC,feat,-0.0174324324324324,-0.0174439645937402,-0.019390209461134,-0.014041083340706,-0.0251669531507148,,,,,
130.0,twonorm,SVC,feat,-0.0102702702702701,-0.0102695481991827,-0.0100121656782663,-0.0107010365532796,-0.0091946750539443,,,,,
131.0,twonorm,SVC,feat,-0.0055405405405406,-0.005533242341518,-0.0048550438222031,-0.0065251862132219,-0.0029704129027541,,,,,
132.0,twonorm,NB,feat,-0.013108108108108,-0.0130964375045992,-0.0125119531776953,-0.014434702386137,-0.0108115422594448,,,,,
133.0,twonorm,NB,feat,-0.0077027027027025,-0.0076963222693585,-0.0068512811923476,-0.0097363266554375,-0.0037856124053687,,,,,
134.0,twonorm,NB,feat,-0.0122972972972973,-0.0122942054214756,-0.012024879740339,-0.0127059591226058,-0.0113575686647405,,,,,
135.0,twonorm,NB,feat,-0.0160810810810811,-0.0160922435696312,-0.0181162090513485,-0.0123442589879193,-0.0243524850967341,,,,,
136.0,twonorm,NB,feat,-0.0101351351351353,-0.0101322201988108,-0.0090462914256708,-0.0119719522653296,-0.0059481402918478,,,,,
137.0,twonorm,NB,feat,-0.0067567567567567,-0.0067538413268775,-0.0068656883936127,-0.0063094646698794,-0.0072991259188823,,,,,
138.0,twonorm,DT,feat,-0.0037837837837838,-0.0037810541773936,-0.0040220172403236,-0.0038554818515122,-0.0040584427458583,,,,,
139.0,twonorm,DT,feat,0.000135135135135,0.0001274717053507,-0.0035466332791747,0.0033227984485834,-0.0102731960648063,,,,,
140.0,twonorm,DT,feat,-0.0044594594594595,-0.0044707865486297,-0.0082415623637318,-0.0009464772186379,-0.015690670372673,,,,,
141.0,twonorm,DT,feat,-0.0177027027027025,-0.0177153266078556,-0.0214818210789859,-0.0144635748466207,-0.0286786380426434,,,,,
142.0,twonorm,DT,feat,-0.0124324324324323,-0.0124392052420683,-0.0153155083182041,-0.0101622102120729,-0.0205591924807081,,,,,
143.0,twonorm,DT,feat,-0.011081081081081,-0.0110721440324033,-0.0090794168504809,-0.0129758214444095,-0.005134403686501,,,,,
144.0,twonorm,RF,feat,-0.0097297297297297,-0.0097257348948824,-0.009936594911351,-0.0095702867113199,-0.0100128003510954,,,,,
145.0,twonorm,RF,feat,-0.0028378378378379,-0.0028385712606923,-0.0031097608494458,-0.002321346965511,-0.0037867095783198,,,,,
146.0,twonorm,RF,feat,-0.010945945945946,-0.0109497914803805,-0.011793999015645,-0.0097979220916873,-0.0137954869619281,,,,,
147.0,twonorm,RF,feat,-0.0129729729729728,-0.0129899727374979,-0.0150421861466081,-0.0103434880306272,-0.0200292579453607,,,,,
148.0,twonorm,RF,feat,-0.0158108108108108,-0.0158068061048617,-0.0160181574815404,-0.0163962332796095,-0.015951431810701,,,,,
149.0,twonorm,RF,feat,-0.0066216216216216,-0.0066179722753327,-0.0067203344320168,-0.0065860395155115,-0.0067552938594886,,,,,
150.0,clean1,KNN,feat,0.0147368421052631,0.0137711013228729,0.0139443745393497,0.0260729014122438,0.0051103368176539,,,,,
151.0,clean1,KNN,feat,0.0084210526315791,0.0104013421086591,0.0122495526282757,0.0016765945840944,0.0245063879210221,,,,,
152.0,clean1,KNN,feat,0.0042105263157896,0.0010818194435313,-0.0008354747628565,0.0255196129859532,-0.02404181184669,,,,,
153.0,clean1,KNN,feat,0.0294736842105264,0.0310943347528712,0.0354603701015708,0.021801368625325,0.0436701509872241,,,,,
154.0,clean1,KNN,feat,0.0,-0.0005871725383919,-0.0012746857325169,0.0014477682713707,-0.0048780487804878,,,,,
155.0,clean1,KNN,feat,-0.0105921052631577,-0.0119628339140532,-0.0172221564567961,-0.0054545278254863,-0.0239256678281067,,,,,
156.0,clean1,SVC,feat,-0.0021052631578948,-0.0029912563276576,-0.0026400499907112,0.0044397463002114,-0.0097560975609756,,,,,
157.0,clean1,SVC,feat,0.0021052631578948,0.0018518518518519,0.0024096385542169,0.0047619047619047,0.0,,,,,
158.0,clean1,SVC,feat,-0.0021052631578949,-0.0013227513227512,-0.0023522662076878,-0.0093023255813952,0.0047619047619047,,,,,
159.0,clean1,SVC,feat,-0.0041885964912281,-0.0054071493095881,-0.0049382716049383,0.0047619047619047,-0.0145180023228803,,,,,
160.0,clean1,SVC,feat,0.0042105263157895,0.0048780487804878,0.0050640725113297,0.0,0.0097560975609756,,,,,
161.0,clean1,SVC,feat,-0.0021052631578948,-0.0018867924528304,-0.0023529411764707,-0.0046511627906975,0.0,,,,,
162.0,clean1,NB,feat,-2.1929824561617295e-05,-0.0022556775432983,-0.0017096499246104,0.0156234313761853,-0.0193960511033681,,,,,
163.0,clean1,NB,feat,-0.0126315789473685,-0.0139889017937798,-0.014876487171151,-0.0043316895093706,-0.0242740998838559,,,,,
164.0,clean1,NB,feat,-0.0084429824561401,-0.0074074074074071,-0.0066552077872488,-0.008940121517704,0.0,,,,,
165.0,clean1,NB,feat,-0.0168421052631578,-0.0183378500451668,-0.0198879551820727,-0.0105220361034314,-0.0292682926829269,,,,,
166.0,clean1,NB,feat,-0.0021052631578943,-0.0024390243902437,-0.002512112238824,-0.0001695074865806,-0.004878048780488,,,,,
167.0,clean1,NB,feat,0.010548245614035,0.0088581119414067,0.0106878963778883,0.0256710794547468,-0.004645760743322,,,,,
168.0,clean1,DT,feat,0.0,0.0,0.0,0.0,0.0,,,,,
169.0,clean1,DT,feat,0.0,0.0,0.0,0.0,0.0,,,,,
170.0,clean1,DT,feat,0.0,0.0,0.0,0.0,0.0,,,,,
171.0,clean1,DT,feat,0.0,0.0,0.0,0.0,0.0,,,,,
172.0,clean1,DT,feat,0.0,0.0,0.0,0.0,0.0,,,,,
173.0,clean1,DT,feat,0.0,0.0,0.0,0.0,0.0,,,,,
174.0,clean1,RF,feat,0.0,0.0,0.0,0.0,0.0,,,,,
175.0,clean1,RF,feat,0.0,0.0,0.0,0.0,0.0,,,,,
176.0,clean1,RF,feat,0.0,0.0,0.0,0.0,0.0,,,,,
177.0,clean1,RF,feat,0.0,0.0,0.0,0.0,0.0,,,,,
178.0,clean1,RF,feat,0.0,0.0,0.0,0.0,0.0,,,,,
179.0,clean1,RF,feat,0.0,0.0,0.0,0.0,0.0,,,,,
180.0,dna,KNN,feat,-0.0018838304552591,-0.0007398192576795,-0.0014565779728451,-0.0020343762110879,-0.0007398192576795,,,,,
181.0,dna,KNN,feat,-0.0009419152276294,-0.0003699096288395,-0.0011098804479161,-0.001408245281626,-0.0003699096288395,,,,,
182.0,dna,KNN,feat,-0.0025078369905956,-0.0025344117933417,-0.0025487956780729,-0.0024452313657412,-0.0025344117933417,,,,,
183.0,dna,KNN,feat,0.0,0.0,0.0,0.0,0.0,,,,,
184.0,dna,KNN,feat,-0.0031397174254317,-0.0022484186692466,-0.0031840118499912,-0.0034898418658606,-0.0022484186692466,,,,,
185.0,dna,KNN,feat,0.004075235109718,0.0044787410524038,0.0043930042277012,0.0043567465879505,0.0044787410524038,,,,,
186.0,dna,SVC,feat,-0.0006279434850864,-0.0008714596949889,-0.0006876796545154,-0.0004735798394387,-0.0008714596949889,,,,,
187.0,dna,SVC,feat,0.0003139717425432,0.0002014098690835,0.0002044989775051,0.0002076843198337,0.0002014098690835,,,,,
188.0,dna,SVC,feat,0.0,0.0,0.0,0.0,0.0,,,,,
189.0,dna,SVC,feat,0.0,0.0,0.0,0.0,0.0,,,,,
190.0,dna,SVC,feat,-0.0003139717425429,-0.0002014098690837,-0.0003096383272181,-0.0004069450006853,-0.0002014098690837,,,,,
191.0,dna,SVC,feat,0.0,0.0,0.0,0.0,0.0,,,,,
192.0,dna,NB,feat,-0.0003139717425432,-0.0002014098690835,-0.0003043958984658,-0.0004036074790217,-0.0002014098690835,,,,,
193.0,dna,NB,feat,-0.0006279434850862,-0.0008714596949891,-0.0008469205565243,-0.0010476592637104,-0.0008714596949891,,,,,
194.0,dna,NB,feat,0.0003134796238244,-3.2910109327155546e-05,0.0001854530177211,0.0002872566472743,-3.2910109327155546e-05,,,,,
195.0,dna,NB,feat,0.0,0.0,0.0,0.0,0.0,,,,,
196.0,dna,NB,feat,-0.0003139717425429,-0.0004357298474946,-0.0004291894886421,-0.0003023267862741,-0.0004357298474946,,,,,
197.0,dna,NB,feat,-0.0006269592476489,-0.0004028197381671,-0.000599734614276,-0.0009625994472921,-0.0004028197381671,,,,,
198.0,dna,DT,feat,-0.0012558869701726,-0.0010399594547452,-0.0012333322997282,-0.0013609941347888,-0.0010399594547452,,,,,
199.0,dna,DT,feat,-0.0009419152276297,-0.0013071895424835,-0.0013090179221222,-0.0013794957662883,-0.0013071895424835,,,,,
200.0,dna,DT,feat,0.0,2.82941459439634e-06,-8.504199521597311e-05,-0.0001286351048206,2.82941459439634e-06,,,,,
201.0,dna,DT,feat,0.0,0.0,0.0,0.0,0.0,,,,,
202.0,dna,DT,feat,0.0006279434850864,0.000871459694989,0.0006377217773477,0.0004444712451135,0.000871459694989,,,,,
203.0,dna,DT,feat,-0.0015673981191222,-0.0019386704298736,-0.0017314827185739,-0.0015383965379689,-0.0019386704298736,,,,,
204.0,dna,RF,feat,0.0003139717425432,0.0002014098690835,0.0002942779101228,0.0003406696755792,0.0002014098690835,,,,,
205.0,dna,RF,feat,0.0003139717425432,0.0004357298474944,0.000538049345149,0.0006484696188951,0.0004357298474944,,,,,
206.0,dna,RF,feat,-0.0021943573667712,-0.0023443195826348,-0.0023491319652292,-0.0023685195585676,-0.0023443195826348,,,,,
207.0,dna,RF,feat,0.0,0.0,0.0,0.0,0.0,,,,,
208.0,dna,RF,feat,0.0006279434850864,0.0011057796734001,0.0008431729455655,0.0005879288315823,0.0011057796734001,,,,,
209.0,dna,RF,feat,-0.0003134796238244,-0.0001985804544892,-0.0002853226649779,-0.0003904572631523,-0.0001985804544892,,,,,
210.0,phoneme,KNN,feat,0.0,0.0,0.0,0.0,0.0,,,,,
211.0,phoneme,KNN,feat,0.0,0.0,0.0,0.0,0.0,,,,,
212.0,phoneme,KNN,feat,0.0,0.0,0.0,0.0,0.0,,,,,
213.0,phoneme,KNN,feat,0.0,0.0,0.0,0.0,0.0,,,,,
214.0,phoneme,KNN,feat,0.0,0.0,0.0,0.0,0.0,,,,,
215.0,phoneme,KNN,feat,0.0,0.0,0.0,0.0,0.0,,,,,
216.0,phoneme,SVC,feat,0.0,0.0,0.0,0.0,0.0,,,,,
217.0,phoneme,SVC,feat,0.0,0.0,0.0,0.0,0.0,,,,,
218.0,phoneme,SVC,feat,0.0,0.0,0.0,0.0,0.0,,,,,
219.0,phoneme,SVC,feat,0.0,0.0,0.0,0.0,0.0,,,,,
220.0,phoneme,SVC,feat,0.0,0.0,0.0,0.0,0.0,,,,,
221.0,phoneme,SVC,feat,0.0,0.0,0.0,0.0,0.0,,,,,
222.0,phoneme,NB,feat,0.0,0.0,0.0,0.0,0.0,,,,,
223.0,phoneme,NB,feat,0.0,0.0,0.0,0.0,0.0,,,,,
224.0,phoneme,NB,feat,0.0,0.0,0.0,0.0,0.0,,,,,
225.0,phoneme,NB,feat,0.0,0.0,0.0,0.0,0.0,,,,,
226.0,phoneme,NB,feat,0.0,0.0,0.0,0.0,0.0,,,,,
227.0,phoneme,NB,feat,0.0,0.0,0.0,0.0,0.0,,,,,
228.0,phoneme,DT,feat,0.0,0.0,0.0,0.0,0.0,,,,,
229.0,phoneme,DT,feat,0.0,0.0,0.0,0.0,0.0,,,,,
230.0,phoneme,DT,feat,0.0,0.0,0.0,0.0,0.0,,,,,
231.0,phoneme,DT,feat,0.0,0.0,0.0,0.0,0.0,,,,,
232.0,phoneme,DT,feat,0.0,0.0,0.0,0.0,0.0,,,,,
233.0,phoneme,DT,feat,0.0,0.0,0.0,0.0,0.0,,,,,
234.0,phoneme,RF,feat,0.0,0.0,0.0,0.0,0.0,,,,,
235.0,phoneme,RF,feat,0.0,0.0,0.0,0.0,0.0,,,,,
236.0,phoneme,RF,feat,0.0,0.0,0.0,0.0,0.0,,,,,
237.0,phoneme,RF,feat,0.0,0.0,0.0,0.0,0.0,,,,,
238.0,phoneme,RF,feat,0.0,0.0,0.0,0.0,0.0,,,,,
239.0,phoneme,RF,feat,0.0,0.0,0.0,0.0,0.0,,,,,
240.0,mfeat_pixel,KNN,feat,0.0234999999999998,0.0234999999999998,0.0222812495873717,0.0234107464286078,0.0234999999999998,,,,,
241.0,mfeat_pixel,KNN,feat,0.0269999999999999,0.027,0.0280658579871322,0.0265035538998136,0.027,,,,,
242.0,mfeat_pixel,KNN,feat,0.0155,0.0155,0.0165683485202052,0.0153205072113596,0.0155,,,,,
243.0,mfeat_pixel,KNN,feat,0.0164999999999998,0.0165,0.0179638388218479,0.0157440730135768,0.0165,,,,,
244.0,mfeat_pixel,KNN,feat,0.0264999999999998,0.0264999999999998,0.0275969226598258,0.0247149314380658,0.0264999999999998,,,,,
245.0,mfeat_pixel,KNN,feat,0.0284999999999999,0.0284999999999999,0.0291176937924116,0.0258730767979741,0.0284999999999999,,,,,
246.0,mfeat_pixel,SVC,feat,0.0120000000000001,0.0119999999999999,0.0128181086431635,0.0135999142070211,0.0119999999999999,,,,,
247.0,mfeat_pixel,SVC,feat,0.0260000000000001,0.026,0.0265555049998337,0.0247844817661476,0.026,,,,,
248.0,mfeat_pixel,SVC,feat,0.0159999999999999,0.016,0.0164708412334596,0.0145259757948161,0.016,,,,,
249.0,mfeat_pixel,SVC,feat,0.016,0.016,0.0177891403866294,0.0173174552876426,0.016,,,,,
250.0,mfeat_pixel,SVC,feat,0.0184999999999999,0.0185,0.0205024999938622,0.0171948285048411,0.0185,,,,,
251.0,mfeat_pixel,SVC,feat,0.034,0.034,0.0382404211499116,0.0325554066240709,0.034,,,,,
252.0,mfeat_pixel,NB,feat,-0.007,-0.0070000000000001,-0.0061393735498851,-0.0053240574392452,-0.0070000000000001,,,,,
253.0,mfeat_pixel,NB,feat,0.0074999999999999,0.0074999999999999,0.0083266859001859,0.0079906072177307,0.0074999999999999,,,,,
254.0,mfeat_pixel,NB,feat,0.0065,0.0064999999999999,0.0064749440848735,0.000376141629605,0.0064999999999999,,,,,
255.0,mfeat_pixel,NB,feat,0.0029999999999998,0.0030000000000001,0.0029300722696509,0.0023753758581642,0.0030000000000001,,,,,
256.0,mfeat_pixel,NB,feat,0.0075,0.0075,0.0052968391855835,0.0033875990088788,0.0075,,,,,
257.0,mfeat_pixel,NB,feat,0.0060000000000001,0.0060000000000001,0.0042383931299185,-0.001645000824023,0.0060000000000001,,,,,
258.0,mfeat_pixel,DT,feat,0.021,0.0210000000000001,0.0205369542473252,0.0199907638249359,0.0210000000000001,,,,,
259.0,mfeat_pixel,DT,feat,0.0154999999999999,0.0154999999999999,0.0155913038946509,0.0155734051132248,0.0154999999999999,,,,,
260.0,mfeat_pixel,DT,feat,0.0105,0.0105,0.0104537143639922,0.0084612991685,0.0105,,,,,
261.0,mfeat_pixel,DT,feat,0.0164999999999999,0.0164999999999999,0.0171899988636735,0.0180625944951096,0.0164999999999999,,,,,
262.0,mfeat_pixel,DT,feat,0.028,0.0280000000000001,0.0289252781059997,0.0287592750534146,0.0280000000000001,,,,,
263.0,mfeat_pixel,DT,feat,0.0254999999999999,0.0254999999999999,0.0247733450884115,0.0217745394230705,0.0254999999999999,,,,,
264.0,mfeat_pixel,RF,feat,0.0214999999999999,0.0214999999999999,0.0209411741923807,0.0201743487607479,0.0214999999999999,,,,,
265.0,mfeat_pixel,RF,feat,0.0274999999999999,0.0274999999999999,0.0278921450755263,0.0286440744797976,0.0274999999999999,,,,,
266.0,mfeat_pixel,RF,feat,0.013,0.013,0.0134718447681714,0.0123772408887374,0.013,,,,,
267.0,mfeat_pixel,RF,feat,0.0144999999999999,0.0144999999999999,0.0145404656780201,0.0150147710810545,0.0144999999999999,,,,,
268.0,mfeat_pixel,RF,feat,0.0194999999999999,0.0195,0.0197274396547023,0.0188052827228357,0.0195,,,,,
269.0,mfeat_pixel,RF,feat,0.0424999999999999,0.0424999999999999,0.0430321906988768,0.0436996170846345,0.0424999999999999,,,,,
270.0,banana,KNN,feat,-0.0245283018867924,-0.0263391812865495,-0.0372107650740365,-0.0286159799681311,-0.0437894736842106,,,,,
271.0,banana,KNN,feat,-0.0171698113207547,-0.0170202429149797,-0.0183051663537002,-0.0214669746928488,-0.015578947368421,,,,,
272.0,banana,KNN,feat,0.0,0.0,0.0,0.0,0.0,,,,,
273.0,banana,KNN,feat,-0.0188679245283018,-0.019825461088619,-0.025162543274508,-0.0209131730732009,-0.0290526315789474,,,,,
274.0,banana,KNN,feat,0.0,0.0,0.0,0.0,0.0,,,,,
275.0,banana,KNN,feat,0.0,0.0,0.0,0.0,0.0,,,,,
276.0,banana,SVC,feat,0.0,0.0,0.0,0.0,0.0,,,,,
277.0,banana,SVC,feat,0.0,0.0,0.0,0.0,0.0,,,,,
278.0,banana,SVC,feat,0.0,0.0,0.0,0.0,0.0,,,,,
279.0,banana,SVC,feat,0.0,0.0,0.0,0.0,0.0,,,,,
280.0,banana,SVC,feat,0.0,0.0,0.0,0.0,0.0,,,,,
281.0,banana,SVC,feat,0.0,0.0,0.0,0.0,0.0,,,,,
282.0,banana,NB,feat,0.0086792452830187,0.0116239316239316,0.0553280745004782,-0.0369047619047618,0.0399999999999999,,,,,
283.0,banana,NB,feat,-0.0111320754716981,-0.0114709851551957,-0.0199252329530207,-0.029498737829066,-0.0147368421052631,,,,,
284.0,banana,NB,feat,0.0,0.0,0.0,0.0,0.0,,,,,
285.0,banana,NB,feat,-0.0130188679245283,-0.0125865946918577,-0.015775723566256,-0.0459561322211924,-0.0084210526315789,,,,,
286.0,banana,NB,feat,0.0,0.0,0.0,0.0,0.0,,,,,
287.0,banana,NB,feat,0.0,0.0,0.0,0.0,0.0,,,,,
288.0,banana,DT,feat,-0.0177358490566037,-0.0182060278902383,-0.0240651632553847,-0.025226767585751,-0.0227368421052631,,,,,
289.0,banana,DT,feat,-0.0183018867924529,-0.0184813315339631,-0.0225043723293432,-0.0253837846704851,-0.0202105263157894,,,,,
290.0,banana,DT,feat,0.0,0.0,0.0,0.0,0.0,,,,,
291.0,banana,DT,feat,-0.0158490566037735,-0.0157444894286999,-0.0178214930195982,-0.0219895287958116,-0.0147368421052632,,,,,
292.0,banana,DT,feat,0.0,0.0,0.0,0.0,0.0,,,,,
293.0,banana,DT,feat,0.0,0.0,0.0,0.0,0.0,,,,,
294.0,banana,RF,feat,-0.0205660377358489,-0.0208097165991903,-0.024071857735224,-0.0250595900206578,-0.0231578947368421,,,,,
295.0,banana,RF,feat,-0.0194339622641509,-0.0190715249662617,-0.0195941860746331,-0.0243238943684377,-0.015578947368421,,,,,
296.0,banana,RF,feat,0.0,0.0,0.0,0.0,0.0,,,,,
297.0,banana,RF,feat,-0.0213207547169811,-0.0211372019793072,-0.0223401685386671,-0.0256424030799534,-0.0193684210526315,,,,,
298.0,banana,RF,feat,0.0,0.0,0.0,0.0,0.0,,,,,
299.0,banana,RF,feat,0.0,0.0,0.0,0.0,0.0,,,,,
300.0,mfeat_factors,KNN,feat,-0.0025,-0.0025,-0.00254157632808,-0.0021578493041312,-0.0025,,,,,
301.0,mfeat_factors,KNN,feat,0.0014999999999999,0.0014999999999999,0.0015349250979772,0.0013902305417603,0.0014999999999999,,,,,
302.0,mfeat_factors,KNN,feat,0.0,-2.220446049250313e-16,-0.0001206207237661,0.0006324391661045,-2.220446049250313e-16,,,,,
303.0,mfeat_factors,KNN,feat,-0.0015,-0.0015,-0.0013764183808019,-0.001482153780552,-0.0015,,,,,
304.0,mfeat_factors,KNN,feat,0.0045,0.0045,0.0048331117057258,0.0042307082140828,0.0045,,,,,
305.0,mfeat_factors,KNN,feat,-0.005,-0.005,-0.0050403006899084,-0.0057039697084452,-0.005,,,,,
306.0,mfeat_factors,SVC,feat,-0.0015,-0.0015,-0.0016033443196692,-0.0018328702905415,-0.0015,,,,,
307.0,mfeat_factors,SVC,feat,-0.001,-0.001,-0.0010004077375591,-0.0009872712655927,-0.001,,,,,
308.0,mfeat_factors,SVC,feat,-0.0014999999999999,-0.0015000000000001,-0.0013102568861536,-0.0010815133881231,-0.0015000000000001,,,,,
309.0,mfeat_factors,SVC,feat,0.001,0.001,0.0010494605932656,0.0007334322977201,0.001,,,,,
310.0,mfeat_factors,SVC,feat,0.0004999999999999,0.0004999999999999,0.000664968056535,0.0007840772129735,0.0004999999999999,,,,,
311.0,mfeat_factors,SVC,feat,-0.002,-0.002,-0.0021692960580359,-0.0023392458533963,-0.002,,,,,
312.0,mfeat_factors,NB,feat,-0.0055,-0.0055,-0.0053879423661158,-0.0045967153247754,-0.0055,,,,,
313.0,mfeat_factors,NB,feat,-0.0015,-0.0015,-0.0012740813476953,-0.0012235740091069,-0.0015,,,,,
314.0,mfeat_factors,NB,feat,-0.0124999999999999,-0.0124999999999999,-0.0124320108693222,-0.0123419560118283,-0.0124999999999999,,,,,
315.0,mfeat_factors,NB,feat,-0.0084999999999999,-0.0084999999999999,-0.0084244772587135,-0.0080508638040066,-0.0084999999999999,,,,,
316.0,mfeat_factors,NB,feat,-0.0025,-0.0025,-0.0025269077193812,-0.0017824482910518,-0.0025,,,,,
317.0,mfeat_factors,NB,feat,-0.0020000000000001,-0.0020000000000001,-0.0020719375368333,-0.0017566835273191,-0.0020000000000001,,,,,
318.0,mfeat_factors,DT,feat,-0.0044999999999998,-0.0045,-0.0045742130666056,-0.0046851411475407,-0.0045,,,,,
319.0,mfeat_factors,DT,feat,0.0019999999999998,0.0019999999999998,0.0016338889645451,0.0004479062325615,0.0019999999999998,,,,,
320.0,mfeat_factors,DT,feat,0.003,0.0030000000000001,0.0031045146026983,0.0032618438386413,0.0030000000000001,,,,,
321.0,mfeat_factors,DT,feat,-0.0015,-0.0015,-0.0012221633638366,-0.0008189916625339,-0.0015,,,,,
322.0,mfeat_factors,DT,feat,-0.0004999999999999,-0.0005,-2.3906600521428345e-06,-0.0011824684897756,-0.0005,,,,,
323.0,mfeat_factors,DT,feat,-0.0010000000000001,-0.0010000000000001,-0.0009752628620013,-0.0019348750257184,-0.0010000000000001,,,,,
324.0,mfeat_factors,RF,feat,-0.0045,-0.0045,-0.0045790935492656,-0.0042107615318812,-0.0045,,,,,
325.0,mfeat_factors,RF,feat,0.001,0.001,0.0010564361043392,0.0011545635203935,0.001,,,,,
326.0,mfeat_factors,RF,feat,0.0,0.0,5.287402804521335e-05,0.0005019927000701,0.0,,,,,
327.0,mfeat_factors,RF,feat,-0.0034999999999999,-0.0034999999999999,-0.0034962268958039,-0.0037336257670913,-0.0034999999999999,,,,,
328.0,mfeat_factors,RF,feat,0.002,0.002,0.001879208000692,0.0023925688907475,0.002,,,,,
329.0,mfeat_factors,RF,feat,0.0005,0.0005000000000001,0.0005336787953976,0.0009318501343308,0.0005000000000001,,,,,
330.0,spambase,KNN,feat,0.0378180616532125,0.0235422928687257,0.0153677799286964,0.0547982830972437,-0.0435977048232196,,,,,
331.0,spambase,KNN,feat,0.0827748666383422,0.0638973850944282,0.0608332451966386,0.1207667502862597,-0.025370226625877,,,,,
332.0,spambase,KNN,feat,0.0415113534437991,0.0328234341161844,0.030022488267518,0.0552998654646428,-0.0082918588192318,,,,,
333.0,spambase,KNN,feat,0.0917377142047869,0.0746960013457724,0.0729514068307279,0.1298926064628601,-0.0060438640549136,,,,,
334.0,spambase,KNN,feat,0.0417346457064626,0.0311766960323269,0.0263856664789092,0.0533676008185177,-0.0187480023743209,,,,,
335.0,spambase,KNN,feat,0.0589090308266062,0.0407213791132367,0.0329257796606006,0.0878335322542878,-0.0447285512077074,,,,,
336.0,spambase,SVC,feat,-0.0756507576830477,-0.0537312988277814,-0.0412979654773578,-0.1030235561030626,0.0491682267171971,,,,,
337.0,spambase,SVC,feat,-0.0052195156493414,-0.0068168750605225,-0.009122228420208,2.926542763825868e-05,-0.0143570308813905,,,,,
338.0,spambase,SVC,feat,-0.0054366709153566,-0.0068021967213491,-0.0098861280784126,-0.0014763958207973,-0.0132459705036299,,,,,
339.0,spambase,SVC,feat,-0.0047790681206626,-0.0055809791725467,-0.007610014088431,-0.0040096699582932,-0.0093679131850903,,,,,
340.0,spambase,SVC,feat,-0.0060836519850824,-0.0071412018796215,-0.009987015326119,-0.0054840518448342,-0.0121318661248345,,,,,
341.0,spambase,SVC,feat,-0.0926075154605107,-0.0737058814367683,-0.0547402304919392,-0.0993964434198666,0.0149506110832078,,,,,
342.0,spambase,NB,feat,-0.0032622857952132,-0.001930591518257,-0.0026675083553612,-0.0172911443605535,0.0043864054913776,,,,,
343.0,spambase,NB,feat,-0.0052157390360193,-0.0056455849815247,-0.0085063448823926,-0.0082393731533528,-0.0077043666194845,,,,,
344.0,spambase,NB,feat,-0.0023905962328282,-0.002356408661394,-0.00340130721565,-0.0057199610330984,-0.0022038567493113,,,,,
345.0,spambase,NB,feat,0.001739366473115,0.0041395147713855,0.0065348495522048,-0.0130182678681504,0.0154513492534588,,,,,
346.0,spambase,NB,feat,-0.0047797762356607,-0.0050013074510669,-0.0072684876558066,-0.0090754399929858,-0.0060606060606061,,,,,
347.0,spambase,NB,feat,-0.0021739130434781,-0.0010275676562203,-0.0010191172398356,-0.0138665705327464,0.0044016254965526,,,,,
348.0,spambase,DT,feat,-0.0069584100457916,-0.0066036590831045,-0.0083128432775246,-0.011189131041884,-0.004957155685433,,,,,
349.0,spambase,DT,feat,-0.0013036397110891,-0.0033858253803268,-0.0037642647331658,0.0063399078887936,-0.0132322724989727,,,,,
350.0,spambase,DT,feat,-0.0032639380635415,-0.0040460272242622,-0.0050709255104055,-0.0020322443917659,-0.0077271966272469,,,,,
351.0,spambase,DT,feat,0.0008731057923806,0.0013974409453332,0.0015844050529815,-0.001142975838103,0.003864359313882,,,,,
352.0,spambase,DT,feat,-0.0058615399140821,-0.0051326135275443,-0.0064563693517538,-0.0118117593628502,-0.0016605025645707,,,,,
353.0,spambase,DT,feat,-0.0084735401029125,-0.0087234055226073,-0.0110063491429629,-0.012235690009947,-0.0099173553719008,,,,,
354.0,spambase,RF,feat,-0.0041306708209413,-0.0057293843449909,-0.0065409468999828,0.0008650364259984,-0.0132444485031125,,,,,
355.0,spambase,RF,feat,0.0049974035783412,0.0030599855808866,0.0048068089472766,0.0166844872788882,-0.0060773480662982,,,,,
356.0,spambase,RF,feat,-0.0032637020252088,-0.0042400345450075,-0.0051162669534556,-0.0011931725700865,-0.008839779005525,,,,,
357.0,spambase,RF,feat,0.0010900250200632,0.0008058131416046,0.0010827507263321,0.0027086542421961,-0.0005479201862929,,,,,
358.0,spambase,RF,feat,-0.0010836519850825,-0.0016714626224855,-0.001918758305027,0.0010079692025392,-0.0044214115032797,,,,,
359.0,spambase,RF,feat,0.0013083604777415,-7.693467131897336e-05,0.0002871323588286,0.0079643692822496,-0.0066054822458639,,,,,
360.0,Hill_Valley_with_noise,KNN,feat,0.0008162432404855,0.0007790272320823,-0.005640376932692,0.0003233093584933,-0.0115702479338842,,,,,
361.0,Hill_Valley_with_noise,KNN,feat,0.005768118899432,0.0057715756672537,0.011592442011823,0.0068315488567616,0.0132231404958677,,,,,
362.0,Hill_Valley_with_noise,KNN,feat,-0.0123252729313335,-0.0123560493158108,-0.0175069976740633,-0.0134041578540711,-0.0214198618073431,,,,,
363.0,Hill_Valley_with_noise,KNN,feat,-0.0049892868074686,-0.0050060967348597,-0.0092702770443998,-0.0046922945996374,-0.0132637853949328,,,,,
364.0,Hill_Valley_with_noise,KNN,feat,0.0156786722443287,0.0157228017883755,0.0248568577769391,0.0162317149522937,0.0346971955019644,,,,,
365.0,Hill_Valley_with_noise,KNN,feat,0.0140155766418391,0.0140292643273269,0.0097345536424739,0.0137800135050563,0.0049044844871969,,,,,
366.0,Hill_Valley_with_noise,SVC,feat,0.0107369996258884,0.0107302533532039,-0.135179427574711,0.0137127595502245,-0.2578512396694215,,,,,
367.0,Hill_Valley_with_noise,SVC,feat,0.012400095228378,0.012396694214876,-0.126458327954736,0.02190222614306,-0.2396694214876032,,,,,
368.0,Hill_Valley_with_noise,SVC,feat,-0.0214876033057851,-0.0214943774556293,0.1433170525141832,-0.0527564582049759,0.2661021541796504,,,,,
369.0,Hill_Valley_with_noise,SVC,feat,-0.0032411658674285,-0.0026961116379894,-0.0828405396424233,-3.0502737812798664e-05,-0.1372036309443164,,,,,
370.0,Hill_Valley_with_noise,SVC,feat,0.0190014624358059,0.0183918168269881,-0.0561298813130889,0.0385323014248293,-0.1206611570247934,,,,,
371.0,Hill_Valley_with_noise,SVC,feat,0.009087508077407,0.009090909090909,-0.0714760804237574,0.0172100312996941,-0.1338978458203494,,,,,
372.0,Hill_Valley_with_noise,NB,feat,-0.0041186273509505,-0.0040915865058935,-0.0029630476268571,-0.0117912351513009,-0.0049180327868852,,,,,
373.0,Hill_Valley_with_noise,NB,feat,0.0016528925619834,0.0016528925619835,0.0025840001072199,0.006066715542522,0.0016528925619835,,,,,
374.0,Hill_Valley_with_noise,NB,feat,-0.0008230452674897,-0.00083999458068,0.0015847791984341,-0.0004739218153853,0.0016257959626067,,,,,
375.0,Hill_Valley_with_noise,NB,feat,-3.4010135020468013e-06,6.774149844179789e-06,0.0026329666866751,-0.0042234583788819,0.0049586776859504,,,,,
376.0,Hill_Valley_with_noise,NB,feat,3.401013501935779e-06,-6.774149844512856e-06,0.0036960734518167,-0.0024390310686418,0.0032922368242784,,,,,
377.0,Hill_Valley_with_noise,NB,feat,0.0008196442539877,0.000833220430836,-0.0013537592998292,0.001065786065786,-0.0016393442622951,,,,,
378.0,Hill_Valley_with_noise,DT,feat,0.0008366493214977,0.0007790272320822,-0.0053355213116683,0.0002840151630593,-0.0116244411326379,,,,,
379.0,Hill_Valley_with_noise,DT,feat,0.0173621739278304,0.0173824685002031,0.0213322562709419,0.01635688964479,0.0265411190895543,,,,,
380.0,Hill_Valley_with_noise,DT,feat,-0.0016188824269632,-0.0016393442622952,-0.0085564722804759,-0.0007768455872219,-0.016434087522016,,,,,
381.0,Hill_Valley_with_noise,DT,feat,0.044529469781995,0.0445332610757351,0.0480826151280783,0.0444279842975217,0.0511990245224224,,,,,
382.0,Hill_Valley_with_noise,DT,feat,-0.0049280685644321,-0.0048977103373525,0.0109740521593202,-0.0029385319634382,0.0215011516054735,,,,,
383.0,Hill_Valley_with_noise,DT,feat,0.0172907526442879,0.0172537596531635,0.0132697499531627,0.016670351119246,0.0098360655737704,,,,,
384.0,Hill_Valley_with_noise,RF,feat,0.0263680576811889,0.0262633789459422,0.0132994175464579,0.024981805599924,-9.48380978187946e-05,,,,,
385.0,Hill_Valley_with_noise,RF,feat,-0.0156480631228106,-0.0156618344397778,-0.009848675608764,-0.0161683384827643,-0.0049044844871968,,,,,
386.0,Hill_Valley_with_noise,RF,feat,0.018161412100806,0.0181614957322855,0.0088720261059057,0.0181512228768869,-0.001639344262295,,,,,
387.0,Hill_Valley_with_noise,RF,feat,3.060912151831019e-05,2.709659937688569e-05,-0.0138360755035022,-0.0015845675092023,-0.0247662918303754,,,,,
388.0,Hill_Valley_with_noise,RF,feat,0.0132401455633778,0.0132841078444655,0.0193213676103409,0.0162201079953299,0.0215146999051619,,,,,
389.0,Hill_Valley_with_noise,RF,feat,0.023929531000238,0.0239466196992277,0.0312795132345594,0.0231991324130219,0.0396152282888497,,,,,
390.0,Hill_Valley_without_noise,KNN,feat,-0.0115702479338842,-0.011584699453552,-0.0110165654642842,-0.0125617180735291,-0.0098360655737704,,,,,
391.0,Hill_Valley_without_noise,KNN,feat,0.0,0.0,0.0,0.0,0.0,,,,,
392.0,Hill_Valley_without_noise,KNN,feat,0.0049586776859503,0.0048497267759562,0.0114645645003979,0.0048821462314973,0.018032786885246,,,,,
393.0,Hill_Valley_without_noise,KNN,feat,0.0008264462809918,0.0008196721311475,0.0011577604182876,0.000740226694425,0.001639344262295,,,,,
394.0,Hill_Valley_without_noise,KNN,feat,-0.0008264462809917,-0.0008333333333333,-0.0004316634241244,-0.0007849640685461,0.0,,,,,
395.0,Hill_Valley_without_noise,KNN,feat,0.0074108084209095,0.0074250299880049,0.007643397498983,0.006785234295225,0.0081833933093429,,,,,
396.0,Hill_Valley_without_noise,SVC,feat,-0.0561983471074379,-0.0571311475409835,-0.0300627600795135,-0.1221542747456215,0.0557377049180327,,,,,
397.0,Hill_Valley_without_noise,SVC,feat,0.0,0.0,0.0,0.0,0.0,,,,,
398.0,Hill_Valley_without_noise,SVC,feat,-0.0297520661157024,-0.0285382513661203,-0.1203204441057029,-0.0448221427276107,-0.1754098360655738,,,,,
399.0,Hill_Valley_without_noise,SVC,feat,0.0066115702479339,0.0055327868852459,0.0672166427546628,-0.0152912621359223,0.1360655737704917,,,,,
400.0,Hill_Valley_without_noise,SVC,feat,-0.0099173553719007,-0.0110245901639344,0.0497080900750624,-0.0554736245036869,0.1229508196721311,,,,,
401.0,Hill_Valley_without_noise,SVC,feat,0.0008638574295141,-0.0004778088764493,0.07268396841952,-0.0829690850050273,0.1557110489137678,,,,,
402.0,Hill_Valley_without_noise,NB,feat,-0.0008264462809917,-0.0008196721311476,-0.0008226258508354,-0.0004739120528594,-0.0016393442622948,,,,,
403.0,Hill_Valley_without_noise,NB,feat,0.0,0.0,0.0,0.0,0.0,,,,,
404.0,Hill_Valley_without_noise,NB,feat,0.0016528925619834,0.0016120218579234,0.0107487922705313,0.0261363636363637,0.0065573770491803,,,,,
405.0,Hill_Valley_without_noise,NB,feat,0.0,0.0,0.0,0.0,0.0,,,,,
406.0,Hill_Valley_without_noise,NB,feat,0.0,0.0,0.0,0.0,0.0,,,,,
407.0,Hill_Valley_without_noise,NB,feat,-0.0106995884773661,-0.0091666666666667,-0.0990366616445236,-0.0361904761904762,-0.1333333333333335,,,,,
408.0,Hill_Valley_without_noise,DT,feat,-0.0008264462809918,-0.0008606557377048,0.0015736490015501,-0.0003124438593545,0.0032786885245901,,,,,
409.0,Hill_Valley_without_noise,DT,feat,0.0,0.0,0.0,0.0,0.0,,,,,
410.0,Hill_Valley_without_noise,DT,feat,0.0024793388429752,0.0025136612021857,0.000449425891593,0.0026828606359472,-0.001639344262295,,,,,
411.0,Hill_Valley_without_noise,DT,feat,-0.0016528925619834,-0.0016256830601093,-0.0033248220785571,-0.0014571092831962,-0.0049180327868851,,,,,
412.0,Hill_Valley_without_noise,DT,feat,-0.0041322314049586,-0.0041393442622951,-0.0037166085946573,-0.0041437188565434,-0.0032786885245901,,,,,
413.0,Hill_Valley_without_noise,DT,feat,0.0065367479508892,0.006680994268959,0.0019728983071192,0.0084036347177317,-0.0049713447954152,,,,,
414.0,Hill_Valley_without_noise,RF,feat,0.0041322314049587,0.0041803278688524,0.0012770819066041,0.0041104825194822,-0.001639344262295,,,,,
415.0,Hill_Valley_without_noise,RF,feat,0.0,0.0,0.0,0.0,0.0,,,,,
416.0,Hill_Valley_without_noise,RF,feat,-0.0107438016528924,-0.0108060109289618,-0.0073014740718408,-0.0109097345132743,-0.00327868852459,,,,,
417.0,Hill_Valley_without_noise,RF,feat,0.0066115702479339,0.0066256830601092,0.0060560679390009,0.0073826038427807,0.0049180327868852,,,,,
418.0,Hill_Valley_without_noise,RF,feat,0.0041322314049586,0.0041393442622951,0.003740381398461,0.0041983206717313,0.0032786885245901,,,,,
419.0,Hill_Valley_without_noise,RF,feat,0.0082168486208888,0.0083543249366919,0.0022265794956771,0.0085539757550169,-0.0049580167932826,,,,,
420.0,waveform_40,KNN,feat,0.0,0.0,0.0,0.0,0.0,,,,,
421.0,waveform_40,KNN,feat,0.0,0.0,0.0,0.0,0.0,,,,,
422.0,waveform_40,KNN,feat,0.0,0.0,0.0,0.0,0.0,,,,,
423.0,waveform_40,KNN,feat,0.0,0.0,0.0,0.0,0.0,,,,,
424.0,waveform_40,KNN,feat,0.0,0.0,0.0,0.0,0.0,,,,,
425.0,waveform_40,KNN,feat,0.0,0.0,0.0,0.0,0.0,,,,,
426.0,waveform_40,SVC,feat,0.0,0.0,0.0,0.0,0.0,,,,,
427.0,waveform_40,SVC,feat,0.0,0.0,0.0,0.0,0.0,,,,,
428.0,waveform_40,SVC,feat,0.0,0.0,0.0,0.0,0.0,,,,,
429.0,waveform_40,SVC,feat,0.0,0.0,0.0,0.0,0.0,,,,,
430.0,waveform_40,SVC,feat,0.0,0.0,0.0,0.0,0.0,,,,,
431.0,waveform_40,SVC,feat,0.0,0.0,0.0,0.0,0.0,,,,,
432.0,waveform_40,NB,feat,0.0,0.0,0.0,0.0,0.0,,,,,
433.0,waveform_40,NB,feat,0.0,0.0,0.0,0.0,0.0,,,,,
434.0,waveform_40,NB,feat,0.0,0.0,0.0,0.0,0.0,,,,,
435.0,waveform_40,NB,feat,0.0,0.0,0.0,0.0,0.0,,,,,
436.0,waveform_40,NB,feat,0.0,0.0,0.0,0.0,0.0,,,,,
437.0,waveform_40,NB,feat,0.0,0.0,0.0,0.0,0.0,,,,,
438.0,waveform_40,DT,feat,0.0,0.0,0.0,0.0,0.0,,,,,
439.0,waveform_40,DT,feat,0.0,0.0,0.0,0.0,0.0,,,,,
440.0,waveform_40,DT,feat,0.0,0.0,0.0,0.0,0.0,,,,,
441.0,waveform_40,DT,feat,0.0,0.0,0.0,0.0,0.0,,,,,
442.0,waveform_40,DT,feat,0.0,0.0,0.0,0.0,0.0,,,,,
443.0,waveform_40,DT,feat,0.0,0.0,0.0,0.0,0.0,,,,,
444.0,waveform_40,RF,feat,0.0,0.0,0.0,0.0,0.0,,,,,
445.0,waveform_40,RF,feat,0.0,0.0,0.0,0.0,0.0,,,,,
446.0,waveform_40,RF,feat,0.0,0.0,0.0,0.0,0.0,,,,,
447.0,waveform_40,RF,feat,0.0,0.0,0.0,0.0,0.0,,,,,
448.0,waveform_40,RF,feat,0.0,0.0,0.0,0.0,0.0,,,,,
449.0,waveform_40,RF,feat,0.0,0.0,0.0,0.0,0.0,,,,,
450.0,waveform_21,KNN,feat,-0.0093999999999999,-0.0095889191624828,-0.0095029780244427,-0.0096193351014337,-0.0095889191624828,,,,,
451.0,waveform_21,KNN,feat,-0.0048,-0.0050133989684293,-0.00523336871107,-0.005531342280916,-0.0050133989684293,,,,,
452.0,waveform_21,KNN,feat,-0.0109999999999998,-0.0111942456483783,-0.012170541709172,-0.0127268583254882,-0.0111942456483783,,,,,
453.0,waveform_21,KNN,feat,-0.0009999999999998,-0.0011331074021232,-0.0004952122545167,-0.0002460138602504,-0.0011331074021232,,,,,
454.0,waveform_21,KNN,feat,-0.0078,-0.0080137504638674,-0.0065940400828072,-0.0062948525670033,-0.0080137504638674,,,,,
455.0,waveform_21,KNN,feat,-0.0161999999999999,-0.0166314719979656,-0.0158389366022375,-0.0164111374770499,-0.0166314719979656,,,,,
456.0,waveform_21,SVC,feat,-0.0077999999999999,-0.0080667272138544,-0.0102659002046079,-0.0104336485004672,-0.0080667272138544,,,,,
457.0,waveform_21,SVC,feat,-0.0043999999999999,-0.0046110599349644,-0.0057750917326029,-0.0069718947329172,-0.0046110599349644,,,,,
458.0,waveform_21,SVC,feat,-0.0096,-0.0098901374524226,-0.0123508094810461,-0.0140533916799269,-0.0098901374524226,,,,,
459.0,waveform_21,SVC,feat,-0.0020000000000001,-0.0021969339141758,-0.0041992378848132,-0.0035201701952086,-0.0021969339141758,,,,,
460.0,waveform_21,SVC,feat,-0.0083999999999999,-0.008693488065664,-0.0098704437960037,-0.0113084703230756,-0.008693488065664,,,,,
461.0,waveform_21,SVC,feat,-0.0225999999999999,-0.0231787054897805,-0.0276309702217164,-0.0311742957726699,-0.0231787054897805,,,,,
462.0,waveform_21,NB,feat,-0.0094,-0.009598425233,-0.0104393160422752,-0.01511569666045,-0.009598425233,,,,,
463.0,waveform_21,NB,feat,-0.0036,-0.0037739802106296,-0.0037475144976542,-0.0046288972249679,-0.0037739802106296,,,,,
464.0,waveform_21,NB,feat,-0.0066,-0.0068488106176455,-0.0061395902546096,-0.0122137699320505,-0.0068488106176455,,,,,
465.0,waveform_21,NB,feat,-0.0025999999999999,-0.0027318286195916,-0.0013800142959182,-0.0028746481227784,-0.0027318286195916,,,,,
466.0,waveform_21,NB,feat,-0.0071999999999998,-0.0074210515986301,-0.0065801867451736,-0.0117169353641246,-0.0074210515986301,,,,,
467.0,waveform_21,NB,feat,-0.0213999999999999,-0.0218216424054206,-0.0247326183987639,-0.0377934360405975,-0.0218216424054206,,,,,
468.0,waveform_21,DT,feat,-0.006,-0.0061170321507727,-0.0060482940392369,-0.0059762342835892,-0.0061170321507727,,,,,
469.0,waveform_21,DT,feat,-0.0050000000000001,-0.00507841292912,-0.0046850892351844,-0.0043662373362313,-0.00507841292912,,,,,
470.0,waveform_21,DT,feat,-0.0071999999999999,-0.0073838863822189,-0.0078369197843463,-0.0082685587289145,-0.0073838863822189,,,,,
471.0,waveform_21,DT,feat,-0.0063999999999999,-0.0065455776922771,-0.0066078417688271,-0.0065852405709351,-0.0065455776922771,,,,,
472.0,waveform_21,DT,feat,0.0001999999999999,1.5754839571613388e-05,-6.799002876600735e-05,-0.0002666691635057,1.5754839571613388e-05,,,,,
473.0,waveform_21,DT,feat,-0.0196,-0.019904469643561,-0.0202235516729278,-0.0205928008830487,-0.019904469643561,,,,,
474.0,waveform_21,RF,feat,-0.0112,-0.0113836868808394,-0.0121667844033342,-0.0127095877021009,-0.0113836868808394,,,,,
475.0,waveform_21,RF,feat,-0.0061999999999998,-0.0064108399450484,-0.0066269546703768,-0.0070578314017057,-0.0064108399450484,,,,,
476.0,waveform_21,RF,feat,-0.0065999999999999,-0.0068698572827601,-0.008514723747616,-0.0090874999056411,-0.0068698572827601,,,,,
477.0,waveform_21,RF,feat,-0.0023999999999999,-0.0025880655065478,-0.003170659020558,-0.0032955658519009,-0.0025880655065478,,,,,
478.0,waveform_21,RF,feat,-0.0025999999999999,-0.0027637031543349,-0.0021031637109937,-0.0023028559295285,-0.0027637031543349,,,,,
479.0,waveform_21,RF,feat,-0.0143999999999998,-0.0147871365855045,-0.0154034866790264,-0.0163919737993613,-0.0147871365855045,,,,,
480.0,movement_libras,KNN,feat,0.0,0.0,0.0019951899951899,0.002164021164021,0.0,,,,,
481.0,movement_libras,KNN,feat,-0.0194444444444444,-0.0186666666666666,-0.0177356760886172,-0.012986568986569,-0.0186666666666666,,,,,
482.0,movement_libras,KNN,feat,0.0083333333333333,0.0093333333333333,0.0137560217560218,0.0233492063492062,0.0093333333333333,,,,,
483.0,movement_libras,KNN,feat,-0.0555555555555555,-0.0513333333333332,-0.0618722802252214,-0.1048932178932179,-0.0513333333333332,,,,,
484.0,movement_libras,KNN,feat,-0.0083333333333333,-0.008,-0.0084526040408393,-0.0072510822510822,-0.008,,,,,
485.0,movement_libras,KNN,feat,-0.0666666666666666,-0.066,-0.0649178163884046,-0.0716079846079846,-0.066,,,,,
486.0,movement_libras,SVC,feat,0.0083333333333333,0.008,0.0053803299097417,-0.0009472880061114,0.008,,,,,
487.0,movement_libras,SVC,feat,-0.0166666666666666,-0.0186666666666666,-0.0220225700225699,-0.0306522366522367,-0.0186666666666666,,,,,
488.0,movement_libras,SVC,feat,0.0083333333333333,0.0073333333333333,0.0111088911088911,0.0138065790418732,0.0073333333333333,,,,,
489.0,movement_libras,SVC,feat,-0.0055555555555555,-0.006,-0.0106414198814251,-0.0173402435770857,-0.006,,,,,
490.0,movement_libras,SVC,feat,0.0,0.0006666666666666,0.0015265475265474,0.0028412698412698,0.0006666666666666,,,,,
491.0,movement_libras,SVC,feat,-0.0333333333333333,-0.0326666666666666,-0.0324916704336993,-0.0451592243674623,-0.0326666666666666,,,,,
492.0,movement_libras,NB,feat,0.011111111111111,0.0106666666666667,0.0103528693528693,-0.0009211159211159,0.0106666666666667,,,,,
493.0,movement_libras,NB,feat,0.0055555555555556,0.0053333333333334,-0.0037902511431923,-0.0408648388648389,0.0053333333333334,,,,,
494.0,movement_libras,NB,feat,0.0166666666666666,0.0166666666666666,0.0197870643288601,0.0265296925296925,0.0166666666666666,,,,,
495.0,movement_libras,NB,feat,-0.0194444444444444,-0.0199999999999999,-0.0196343255115633,-0.0293171273171274,-0.0199999999999999,,,,,
496.0,movement_libras,NB,feat,0.0138888888888888,0.014,0.0163441786971199,0.0188941798941799,0.014,,,,,
497.0,movement_libras,NB,feat,-0.0055555555555556,-0.0039999999999998,-0.0060059107322535,-0.0226292615766299,-0.0039999999999998,,,,,
498.0,movement_libras,DT,feat,-0.0166666666666667,-0.0173333333333333,-0.0154140674140674,-0.0176031746031746,-0.0173333333333333,,,,,
499.0,movement_libras,DT,feat,-0.0111111111111111,-0.0106666666666666,-0.0138857438857439,-0.0206844636844636,-0.0106666666666666,,,,,
500.0,movement_libras,DT,feat,0.0055555555555555,0.0066666666666667,0.0118406038406038,0.0154973544973546,0.0066666666666667,,,,,
501.0,movement_libras,DT,feat,-0.0277777777777776,-0.0286666666666667,-0.0364531285707755,-0.0468475228475228,-0.0286666666666667,,,,,
502.0,movement_libras,DT,feat,-0.0166666666666666,-0.0166666666666666,-0.0177498797498797,-0.0291746031746032,-0.0166666666666666,,,,,
503.0,movement_libras,DT,feat,-0.0472222222222222,-0.0459999999999998,-0.0519932659932659,-0.063037037037037,-0.0459999999999998,,,,,
504.0,movement_libras,RF,feat,0.0,-1.1102230246251563e-16,-0.0021918081918081,-0.0048677248677248,-1.1102230246251563e-16,,,,,
505.0,movement_libras,RF,feat,-0.0194444444444444,-0.0186666666666666,-0.0212770932770932,-0.0197354497354496,-0.0186666666666666,,,,,
506.0,movement_libras,RF,feat,0.0055555555555555,0.0073333333333333,0.0102780182780182,0.0105555555555555,0.0073333333333333,,,,,
507.0,movement_libras,RF,feat,-0.0388888888888888,-0.0393333333333333,-0.0370122470122469,-0.0396488696488696,-0.0393333333333333,,,,,
508.0,movement_libras,RF,feat,-0.0027777777777778,-0.0026666666666665,-0.0052883412883413,-0.0174338624338624,-0.0026666666666665,,,,,
509.0,movement_libras,RF,feat,-0.0305555555555554,-0.0306666666666666,-0.0222212602212601,-0.0166585266585265,-0.0306666666666666,,,,,
510.0,satimage,KNN,feat,0.0,0.0,0.0,0.0,0.0,,,,,
511.0,satimage,KNN,feat,0.0,0.0,0.0,0.0,0.0,,,,,
512.0,satimage,KNN,feat,0.0,0.0,0.0,0.0,0.0,,,,,
513.0,satimage,KNN,feat,0.0,0.0,0.0,0.0,0.0,,,,,
514.0,satimage,KNN,feat,0.0,0.0,0.0,0.0,0.0,,,,,
515.0,satimage,KNN,feat,0.0,0.0,0.0,0.0,0.0,,,,,
516.0,satimage,SVC,feat,0.0,0.0,0.0,0.0,0.0,,,,,
517.0,satimage,SVC,feat,0.0,0.0,0.0,0.0,0.0,,,,,
518.0,satimage,SVC,feat,0.0,0.0,0.0,0.0,0.0,,,,,
519.0,satimage,SVC,feat,0.0,0.0,0.0,0.0,0.0,,,,,
520.0,satimage,SVC,feat,0.0,0.0,0.0,0.0,0.0,,,,,
521.0,satimage,SVC,feat,0.0,0.0,0.0,0.0,0.0,,,,,
522.0,satimage,NB,feat,0.0,0.0,0.0,0.0,0.0,,,,,
523.0,satimage,NB,feat,0.0,0.0,0.0,0.0,0.0,,,,,
524.0,satimage,NB,feat,0.0,0.0,0.0,0.0,0.0,,,,,
525.0,satimage,NB,feat,0.0,0.0,0.0,0.0,0.0,,,,,
526.0,satimage,NB,feat,0.0,0.0,0.0,0.0,0.0,,,,,
527.0,satimage,NB,feat,0.0,0.0,0.0,0.0,0.0,,,,,
528.0,satimage,DT,feat,0.0,0.0,0.0,0.0,0.0,,,,,
529.0,satimage,DT,feat,0.0,0.0,0.0,0.0,0.0,,,,,
530.0,satimage,DT,feat,0.0,0.0,0.0,0.0,0.0,,,,,
531.0,satimage,DT,feat,0.0,0.0,0.0,0.0,0.0,,,,,
532.0,satimage,DT,feat,0.0,0.0,0.0,0.0,0.0,,,,,
533.0,satimage,DT,feat,0.0,0.0,0.0,0.0,0.0,,,,,
534.0,satimage,RF,feat,0.0,0.0,0.0,0.0,0.0,,,,,
535.0,satimage,RF,feat,0.0,0.0,0.0,0.0,0.0,,,,,
536.0,satimage,RF,feat,0.0,0.0,0.0,0.0,0.0,,,,,
537.0,satimage,RF,feat,0.0,0.0,0.0,0.0,0.0,,,,,
538.0,satimage,RF,feat,0.0,0.0,0.0,0.0,0.0,,,,,
539.0,satimage,RF,feat,0.0,0.0,0.0,0.0,0.0,,,,,
540.0,chess,KNN,feat,0.0,0.0,0.0,0.0,0.0,,,,,
541.0,chess,KNN,feat,0.0,0.0,0.0,0.0,0.0,,,,,
542.0,chess,KNN,feat,0.0,0.0,0.0,0.0,0.0,,,,,
543.0,chess,KNN,feat,0.0,0.0,0.0,0.0,0.0,,,,,
544.0,chess,KNN,feat,0.0,0.0,0.0,0.0,0.0,,,,,
545.0,chess,KNN,feat,0.0,0.0,0.0,0.0,0.0,,,,,
546.0,chess,SVC,feat,0.0,0.0,0.0,0.0,0.0,,,,,
547.0,chess,SVC,feat,0.0,0.0,0.0,0.0,0.0,,,,,
548.0,chess,SVC,feat,0.0,0.0,0.0,0.0,0.0,,,,,
549.0,chess,SVC,feat,0.0,0.0,0.0,0.0,0.0,,,,,
550.0,chess,SVC,feat,0.0,0.0,0.0,0.0,0.0,,,,,
551.0,chess,SVC,feat,0.0,0.0,0.0,0.0,0.0,,,,,
552.0,chess,NB,feat,0.0,0.0,0.0,0.0,0.0,,,,,
553.0,chess,NB,feat,0.0,0.0,0.0,0.0,0.0,,,,,
554.0,chess,NB,feat,0.0,0.0,0.0,0.0,0.0,,,,,
555.0,chess,NB,feat,0.0,0.0,0.0,0.0,0.0,,,,,
556.0,chess,NB,feat,0.0,0.0,0.0,0.0,0.0,,,,,
557.0,chess,NB,feat,0.0,0.0,0.0,0.0,0.0,,,,,
558.0,chess,DT,feat,0.0,0.0,0.0,0.0,0.0,,,,,
559.0,chess,DT,feat,0.0,0.0,0.0,0.0,0.0,,,,,
560.0,chess,DT,feat,-0.0037558685446007,-0.0033366054775694,-0.0042490149724193,0.0030969639003723,-0.0125748502994009,,,,,
561.0,chess,DT,feat,0.0,0.0,0.0,0.0,0.0,,,,,
562.0,chess,DT,feat,-0.0021909233176838,-0.0018371312488957,-0.0026765953906318,0.0037664319067947,-0.0102102102102099,,,,,
563.0,chess,DT,feat,0.0,0.0,0.0,0.0,0.0,,,,,
564.0,chess,RF,feat,0.0,0.0,0.0,0.0,0.0,,,,,
565.0,chess,RF,feat,0.0,0.0,0.0,0.0,0.0,,,,,
566.0,chess,RF,feat,-0.0037558685446007,-0.0033366054775694,-0.0042490149724193,0.0030969639003723,-0.0125748502994009,,,,,
567.0,chess,RF,feat,0.0,0.0,0.0,0.0,0.0,,,,,
568.0,chess,RF,feat,0.0,0.0,0.0,0.0,0.0,,,,,
569.0,chess,RF,feat,0.0,0.0,0.0,0.0,0.0,,,,,
570.0,kr_vs_kp,KNN,feat,0.0,0.0,0.0,0.0,0.0,,,,,
571.0,kr_vs_kp,KNN,feat,0.0,0.0,0.0,0.0,0.0,,,,,
572.0,kr_vs_kp,KNN,feat,-0.0081377151799687,-0.0085245901639344,-0.0053087823545951,-0.0077034986871052,0.0,,,,,
573.0,kr_vs_kp,KNN,feat,-0.0087636932707355,-0.008639442426622,-0.0075476790212306,-0.0052173913043477,-0.011377245508982,,,,,
574.0,kr_vs_kp,KNN,feat,0.0,0.0,0.0,0.0,0.0,,,,,
575.0,kr_vs_kp,KNN,feat,0.0,0.0,0.0,0.0,0.0,,,,,
576.0,kr_vs_kp,SVC,feat,0.0,0.0,0.0,0.0,0.0,,,,,
577.0,kr_vs_kp,SVC,feat,0.0,0.0,0.0,0.0,0.0,,,,,
578.0,kr_vs_kp,SVC,feat,0.0,0.0,0.0,0.0,0.0,,,,,
579.0,kr_vs_kp,SVC,feat,0.0,0.0,0.0,0.0,0.0,,,,,
580.0,kr_vs_kp,SVC,feat,0.0,0.0,0.0,0.0,0.0,,,,,
581.0,kr_vs_kp,SVC,feat,0.0,0.0,0.0,0.0,0.0,,,,,
582.0,kr_vs_kp,NB,feat,0.0,0.0,0.0,0.0,0.0,,,,,
583.0,kr_vs_kp,NB,feat,0.0,0.0,0.0,0.0,0.0,,,,,
584.0,kr_vs_kp,NB,feat,0.0,0.0,0.0,0.0,0.0,,,,,
585.0,kr_vs_kp,NB,feat,0.0,0.0,0.0,0.0,0.0,,,,,
586.0,kr_vs_kp,NB,feat,0.0,0.0,0.0,0.0,0.0,,,,,
587.0,kr_vs_kp,NB,feat,0.0,0.0,0.0,0.0,0.0,,,,,
588.0,kr_vs_kp,DT,feat,0.0,0.0,0.0,0.0,0.0,,,,,
589.0,kr_vs_kp,DT,feat,0.0,0.0,0.0,0.0,0.0,,,,,
590.0,kr_vs_kp,DT,feat,0.0,0.0,0.0,0.0,0.0,,,,,
591.0,kr_vs_kp,DT,feat,0.0,0.0,0.0,0.0,0.0,,,,,
592.0,kr_vs_kp,DT,feat,0.0,0.0,0.0,0.0,0.0,,,,,
593.0,kr_vs_kp,DT,feat,0.0,0.0,0.0,0.0,0.0,,,,,
594.0,kr_vs_kp,RF,feat,0.0,0.0,0.0,0.0,0.0,,,,,
595.0,kr_vs_kp,RF,feat,0.0,0.0,0.0,0.0,0.0,,,,,
596.0,kr_vs_kp,RF,feat,0.0,0.0,0.0,0.0,0.0,,,,,
597.0,kr_vs_kp,RF,feat,0.0,0.0,0.0,0.0,0.0,,,,,
598.0,kr_vs_kp,RF,feat,0.0,0.0,0.0,0.0,0.0,,,,,
599.0,kr_vs_kp,RF,feat,0.0,0.0,0.0,0.0,0.0,,,,,
600.0,optdigits,KNN,feat,-0.0206405693950179,-0.0204710127661009,-0.0209347951743044,-0.0205844827130132,-0.0204710127661009,,,,,
601.0,optdigits,KNN,feat,-0.0090747330960851,-0.00903566235819,-0.009179280607941,-0.0093002887867237,-0.00903566235819,,,,,
602.0,optdigits,KNN,feat,-0.0202846975088967,-0.020119417774285,-0.0208889934692374,-0.0213301088197157,-0.020119417774285,,,,,
603.0,optdigits,KNN,feat,-0.0263345195729538,-0.026060251082142,-0.0269868539534201,-0.0280475744655541,-0.026060251082142,,,,,
604.0,optdigits,KNN,feat,-0.0167259786476868,-0.0166294765034107,-0.0168852120843635,-0.016975499846209,-0.0166294765034107,,,,,
605.0,optdigits,KNN,feat,-0.0222419928825623,-0.0221045872874006,-0.0220371308959178,-0.0220966339335605,-0.0221045872874006,,,,,
606.0,optdigits,SVC,feat,-0.0250889679715301,-0.0248187229096638,-0.0258953017349636,-0.0273326016409271,-0.0248187229096638,,,,,
607.0,optdigits,SVC,feat,-0.0108540925266904,-0.0107553309077175,-0.0117814953121841,-0.0124110515869276,-0.0107553309077175,,,,,
608.0,optdigits,SVC,feat,-0.0195729537366547,-0.0194370005494275,-0.0203869940697031,-0.0217262167341824,-0.0194370005494275,,,,,
609.0,optdigits,SVC,feat,-0.0250889679715302,-0.0247703855022713,-0.0266055010512286,-0.0282348819794702,-0.0247703855022713,,,,,
610.0,optdigits,SVC,feat,-0.0174377224199288,-0.0172905033230309,-0.0182730600006064,-0.0191484735219263,-0.0172905033230309,,,,,
611.0,optdigits,SVC,feat,-0.0206405693950179,-0.0204152265080302,-0.0207959013386737,-0.0214575001742393,-0.0204152265080302,,,,,
612.0,optdigits,NB,feat,-0.0206405693950176,-0.020603734145653,-0.0225426612179437,-0.0152244579370254,-0.020603734145653,,,,,
613.0,optdigits,NB,feat,-0.0122775800711742,-0.0122188679270452,-0.0137998820566588,-0.0113350671485228,-0.0122188679270452,,,,,
614.0,optdigits,NB,feat,-0.0204626334519573,-0.0203019529067148,-0.0244098142526398,-0.0191031494725808,-0.0203019529067148,,,,,
615.0,optdigits,NB,feat,-0.0307829181494663,-0.0304535818721842,-0.0355834403164261,-0.0282671437055898,-0.0304535818721842,,,,,
616.0,optdigits,NB,feat,-0.0218861209964412,-0.021719517836739,-0.0259175220674497,-0.019427803539801,-0.021719517836739,,,,,
617.0,optdigits,NB,feat,-0.0192170818505338,-0.0190791262419369,-0.0206586686360363,-0.0161041120252746,-0.0190791262419369,,,,,
618.0,optdigits,DT,feat,-0.0247330960854093,-0.024569476005661,-0.0241572303205512,-0.0234695376549792,-0.024569476005661,,,,,
619.0,optdigits,DT,feat,-0.0065836298932385,-0.0065020353313673,-0.0069555381042692,-0.007279449424,-0.0065020353313673,,,,,
620.0,optdigits,DT,feat,-0.0193950177935944,-0.0192712707123715,-0.0193942439570069,-0.0193607188256341,-0.0192712707123715,,,,,
621.0,optdigits,DT,feat,-0.0215302491103204,-0.0213803576335166,-0.0215905966047216,-0.0206817823143744,-0.0213803576335166,,,,,
622.0,optdigits,DT,feat,-0.0104982206405693,-0.0103989792863448,-0.0106254518811446,-0.010581395527193,-0.0103989792863448,,,,,
623.0,optdigits,DT,feat,-0.0206405693950177,-0.0205373544535166,-0.0201524150233025,-0.0202452405461054,-0.0205373544535166,,,,,
624.0,optdigits,RF,feat,-0.0138790035587188,-0.0136931501777899,-0.0141273667500032,-0.0136578641657456,-0.0136931501777899,,,,,
625.0,optdigits,RF,feat,-0.0112099644128113,-0.0111705027427572,-0.0112398847371102,-0.0108178585622367,-0.0111705027427572,,,,,
626.0,optdigits,RF,feat,-0.0211743772241993,-0.0210091610261159,-0.021245637097045,-0.020944703768284,-0.0210091610261159,,,,,
627.0,optdigits,RF,feat,-0.0220640569395017,-0.021890182403872,-0.0222799042292703,-0.022170725611212,-0.021890182403872,,,,,
628.0,optdigits,RF,feat,-0.0206405693950176,-0.0205252495325852,-0.020972466491878,-0.0206724740384469,-0.0205252495325852,,,,,
629.0,optdigits,RF,feat,-0.0197508896797152,-0.0195679772403459,-0.0196168187084764,-0.0197654152172288,-0.0195679772403459,,,,,
630.0,splice,KNN,feat,0.0115987460815046,0.0141795385797518,0.0133563531447551,0.0131882093043117,0.0141795385797518,,,,,
631.0,splice,KNN,feat,0.0065791351505637,0.0072559238387995,0.0079900312084018,0.008677391048776,0.0072559238387995,,,,,
632.0,splice,KNN,feat,0.0062730373075199,0.0077433640611177,0.0070530444833124,0.0067392510095739,0.0077433640611177,,,,,
633.0,splice,KNN,feat,-0.0034482758620689,-0.0047817106640635,-0.0039552026135178,-0.0026840931072518,-0.0047817106640635,,,,,
634.0,splice,KNN,feat,0.00533899597939,0.0078138002431588,0.0075093141572328,0.0073655712624693,0.0078138002431588,,,,,
635.0,splice,KNN,feat,0.0068975359615752,0.0069604368342593,0.007865183582191,0.0083303341039351,0.0069604368342593,,,,,
636.0,splice,SVC,feat,-0.0009404388714733,0.0022019513044927,9.630659360215788e-06,0.0002137503795469,0.0022019513044927,,,,,
637.0,splice,SVC,feat,0.0015669060004034,0.0042705897847461,0.0024808267644124,0.0020903793354026,0.0042705897847461,,,,,
638.0,splice,SVC,feat,0.0006264671289303,0.0034291735553511,0.0015098339811814,0.0017009849979465,0.0034291735553511,,,,,
639.0,splice,SVC,feat,-0.001885306811415,-0.000748307501462,-0.0016296237573413,-0.0014356399677369,-0.000748307501462,,,,,
640.0,splice,SVC,feat,-0.0043926516832922,-0.0042342207396972,-0.0046264840897833,-0.0041578952967243,-0.0042342207396972,,,,,
641.0,splice,SVC,feat,0.0009409309901921,0.0022416400415334,0.0011729694957545,0.0015355442413582,0.0022416400415334,,,,,
642.0,splice,NB,feat,-0.0012539184952977,-0.0017174546586311,-0.0013619963223929,-0.0025639611754322,-0.0017174546586311,,,,,
643.0,splice,NB,feat,0.0031357804756819,0.0045944850970899,0.0036814791588611,0.0025690201044547,0.0045944850970899,,,,,
644.0,splice,NB,feat,-0.0003115111489494,4.422776770396375e-05,-0.0001196038377462,-0.000615251237969,4.422776770396375e-05,,,,,
645.0,splice,NB,feat,0.0015659217629658,0.0026388009505123,0.0019840952845987,0.0015520458809968,0.0026388009505123,,,,,
646.0,splice,NB,feat,-4.92118718775636e-07,0.0009430876593897,0.0003028745661061,-0.0001331255924789,0.0009430876593897,,,,,
647.0,splice,NB,feat,-0.0006269592476488,-0.0006343103019839,-0.0006593383362072,-0.0010382736259592,-0.0006343103019839,,,,,
648.0,splice,DT,feat,0.0141065830721002,0.0134815707234401,0.0143091420481821,0.0146817178609234,0.0134815707234401,,,,,
649.0,splice,DT,feat,-0.0009394546340359,0.0019932822031258,0.0015701987547152,0.0012226922375524,0.0019932822031258,,,,,
650.0,splice,DT,feat,0.0116021909125356,0.0123162964108407,0.0118745553999723,0.0117561636504265,0.0123162964108407,,,,,
651.0,splice,DT,feat,0.0037622476046123,0.0019114960824575,0.0041741516487395,0.0048079228302529,0.0019114960824575,,,,,
652.0,splice,DT,feat,0.0040826168904984,0.0021582882724653,0.0046483951365652,0.0061957224093106,0.0021582882724653,,,,,
653.0,splice,DT,feat,0.0028188560208265,0.0031393850835828,0.0034342347820269,0.0036595569410434,0.0031393850835828,,,,,
654.0,splice,RF,feat,0.0137931034482757,0.0151547206816443,0.0151201763827546,0.0148083233846216,0.0151547206816443,,,,,
655.0,splice,RF,feat,0.003764216079487,0.0062230358959943,0.0053317736336455,0.0046786077613574,0.0062230358959943,,,,,
656.0,splice,RF,feat,0.0153644385171478,0.0130873161617786,0.0145548666183911,0.01565267632454,0.0130873161617786,,,,,
657.0,splice,RF,feat,0.0081544071691852,0.0080145433619752,0.0091709432410902,0.0099358329125609,0.0080145433619752,,,,,
658.0,splice,RF,feat,0.0056505071283396,0.0041112919210062,0.0060019305317821,0.0073091901445829,0.0041112919210062,,,,,
659.0,splice,RF,feat,0.0065835642190321,0.0055959153169033,0.0071355790278598,0.0082121069559586,0.0055959153169033,,,,,
660.0,texture,KNN,feat,0.0,0.0,0.0,0.0,0.0,,,,,
661.0,texture,KNN,feat,0.0,0.0,0.0,0.0,0.0,,,,,
662.0,texture,KNN,feat,0.0,0.0,0.0,0.0,0.0,,,,,
663.0,texture,KNN,feat,0.0,0.0,0.0,0.0,0.0,,,,,
664.0,texture,KNN,feat,0.0,0.0,0.0,0.0,0.0,,,,,
665.0,texture,KNN,feat,0.0,0.0,0.0,0.0,0.0,,,,,
666.0,texture,SVC,feat,0.0,0.0,0.0,0.0,0.0,,,,,
667.0,texture,SVC,feat,0.0,0.0,0.0,0.0,0.0,,,,,
668.0,texture,SVC,feat,0.0,0.0,0.0,0.0,0.0,,,,,
669.0,texture,SVC,feat,0.0,0.0,0.0,0.0,0.0,,,,,
670.0,texture,SVC,feat,0.0,0.0,0.0,0.0,0.0,,,,,
671.0,texture,SVC,feat,0.0,0.0,0.0,0.0,0.0,,,,,
672.0,texture,NB,feat,0.0,0.0,0.0,0.0,0.0,,,,,
673.0,texture,NB,feat,0.0,0.0,0.0,0.0,0.0,,,,,
674.0,texture,NB,feat,0.0,0.0,0.0,0.0,0.0,,,,,
675.0,texture,NB,feat,0.0,0.0,0.0,0.0,0.0,,,,,
676.0,texture,NB,feat,0.0,0.0,0.0,0.0,0.0,,,,,
677.0,texture,NB,feat,0.0,0.0,0.0,0.0,0.0,,,,,
678.0,texture,DT,feat,0.0,0.0,0.0,0.0,0.0,,,,,
679.0,texture,DT,feat,0.0,0.0,0.0,0.0,0.0,,,,,
680.0,texture,DT,feat,0.0,0.0,0.0,0.0,0.0,,,,,
681.0,texture,DT,feat,0.0,0.0,0.0,0.0,0.0,,,,,
682.0,texture,DT,feat,0.0,0.0,0.0,0.0,0.0,,,,,
683.0,texture,DT,feat,0.0,0.0,0.0,0.0,0.0,,,,,
684.0,texture,RF,feat,0.0,0.0,0.0,0.0,0.0,,,,,
685.0,texture,RF,feat,0.0,0.0,0.0,0.0,0.0,,,,,
686.0,texture,RF,feat,0.0,0.0,0.0,0.0,0.0,,,,,
687.0,texture,RF,feat,0.0,0.0,0.0,0.0,0.0,,,,,
688.0,texture,RF,feat,0.0,0.0,0.0,0.0,0.0,,,,,
689.0,texture,RF,feat,0.0,0.0,0.0,0.0,0.0,,,,,
690.0,sonar,KNN,feat,0.000116144018583,-6.552943623872043e-05,0.0013602232344209,-0.0078365588659704,-0.0005263157894737,,,,,
691.0,sonar,KNN,feat,0.0098722415795586,0.0090909090909091,0.0085852262071772,0.0179078764372881,0.0,,,,,
692.0,sonar,KNN,feat,-0.0094076655052264,-0.0094799251092156,-0.0093974333919615,-0.0125362318840579,-0.0094736842105263,,,,,
693.0,sonar,KNN,feat,0.0,-0.0025483669648428,-0.0115747702589809,0.0175071445582282,-0.031578947368421,,,,,
694.0,sonar,KNN,feat,-0.0236933797909408,-0.0248741418764302,-0.0254400442215818,-0.0171850079744817,-0.0410526315789474,,,,,
695.0,sonar,KNN,feat,0.0197444831591173,0.0166143124609944,0.0064758983634446,0.0410641800579882,-0.0205263157894737,,,,,
696.0,sonar,SVC,feat,-0.0188153310104529,-0.0152381942999791,-0.005560721427814,-0.0464836993669944,0.031578947368421,,,,,
697.0,sonar,SVC,feat,-0.0286875725900115,-0.0277272727272727,-0.0241465409886462,-0.0427115583075334,-0.01,,,,,
698.0,sonar,SVC,feat,-0.0192799070847852,-0.0168712294570418,-0.011829573934837,-0.0307943772474664,0.0105263157894736,,,,,
699.0,sonar,SVC,feat,-0.0192799070847851,-0.0192219679633867,-0.0221288515406161,-0.0284249786871271,-0.0210526315789474,,,,,
700.0,sonar,SVC,feat,-0.0046457607433216,-0.0045454545454546,0.0036212148721982,-0.011010101010101,1.1102230246251563e-16,,,,,
701.0,sonar,SVC,feat,-0.0097560975609756,-0.0079124193883918,-0.0039294983260115,-0.0197009904440245,0.0110526315789473,,,,,
702.0,sonar,NB,feat,-0.0293844367015099,-0.0292947784480965,-0.0273130812564583,-0.0245766150113976,-0.0305263157894736,,,,,
703.0,sonar,NB,feat,-0.0048780487804878,-0.0049344705637611,-0.0069456147936012,-0.001586807769136,-0.0094736842105263,,,,,
704.0,sonar,NB,feat,0.0094076655052266,0.00895881006865,0.0075255460428534,0.0124475765780114,0.0005263157894735,,,,,
705.0,sonar,NB,feat,-0.0192799070847851,-0.0217703349282296,-0.0285503114771408,-0.0140748367075205,-0.0526315789473684,,,,,
706.0,sonar,NB,feat,-0.0099883855981417,-0.0134636987726233,-0.0258230871476573,0.0023481633456057,-0.0621052631578946,,,,,
707.0,sonar,NB,feat,-0.043205574912892,-0.043582275847722,-0.0434025621828034,-0.0396840333579463,-0.0421052631578948,,,,,
708.0,sonar,DT,feat,-0.0096399535423925,-0.0071343873517786,0.0010723933842422,-0.0253675856307434,0.0300000000000002,,,,,
709.0,sonar,DT,feat,0.0576074332171893,0.0537549407114623,0.0410819390011556,0.0804538520213576,0.0,,,,,
710.0,sonar,DT,feat,0.0429732868757258,0.042528604118993,0.0417501124818198,0.0380861536871768,0.041578947368421,,,,,
711.0,sonar,DT,feat,-0.0247386759581881,-0.0232473476180571,-0.0197689345314505,-0.0277511961722488,-0.0105263157894738,,,,,
712.0,sonar,DT,feat,0.0483159117305459,0.0520459746203453,0.0593391644240797,0.0333782557311969,0.0942105263157895,,,,,
713.0,sonar,DT,feat,-0.0233449477351915,-0.0242219679633867,-0.0269686958123592,-0.0187378167641325,-0.0310526315789472,,,,,
714.0,sonar,RF,feat,0.0196283391405341,0.0236613272311213,0.0396732227389581,-0.0081502669717772,0.0821052631578946,,,,,
715.0,sonar,RF,feat,0.0147502903600464,0.013498023715415,0.0143580234369709,0.0043616287094547,0.01,,,,,
716.0,sonar,RF,feat,-0.0048780487804878,-0.0038277511961721,-0.0012030075187969,-0.0151315789473683,0.0105263157894737,,,,,
717.0,sonar,RF,feat,-0.0096399535423923,-0.0114416475972541,-0.0174946374946375,0.0033029878618114,-0.031578947368421,,,,,
718.0,sonar,RF,feat,-0.0197444831591171,-0.0166143124609945,-0.0107766972598098,-0.0605715045188729,0.0205263157894737,,,,,
719.0,sonar,RF,feat,0.0003484320557491,0.0015612648221343,0.0096275524252567,-0.0170028011204481,0.03,,,,,
720.0,molecular_biology_promoters,KNN,feat,-0.0090909090909089,-0.0090909090909089,-0.0108461104113277,0.0122344322344323,-0.0381818181818183,,,,,
721.0,molecular_biology_promoters,KNN,feat,-0.0363636363636363,-0.0336363636363635,-0.0374891774891773,-0.0186946386946388,-0.0545454545454545,,,,,
722.0,molecular_biology_promoters,KNN,feat,-0.0095238095238094,-0.009090909090909,-0.0154918917847979,-0.0082828282828282,-0.0200000000000001,,,,,
723.0,molecular_biology_promoters,KNN,feat,-0.0190476190476189,-0.0163636363636364,-0.0210613490247357,0.0082051282051281,-0.0345454545454545,,,,,
724.0,molecular_biology_promoters,KNN,feat,-0.0272727272727273,-0.028181818181818,-0.0328853754940711,-0.0127272727272729,-0.0563636363636365,,,,,
725.0,molecular_biology_promoters,KNN,feat,0.0004329004329002,-0.0009090909090908,-0.0116594516594517,0.0254040404040403,-0.0218181818181818,,,,,
726.0,molecular_biology_promoters,SVC,feat,-0.0558441558441558,-0.0554545454545455,-0.0526485185295252,-0.0575407925407924,-0.0363636363636363,,,,,
727.0,molecular_biology_promoters,SVC,feat,-0.0567099567099566,-0.0572727272727272,-0.0568808384597857,-0.0301748251748252,-0.0745454545454545,,,,,
728.0,molecular_biology_promoters,SVC,feat,-0.0939393939393937,-0.0936363636363636,-0.0892025377324832,-0.1094444444444443,-0.06,,,,,
729.0,molecular_biology_promoters,SVC,feat,-0.009090909090909,-0.009090909090909,-0.0180368906455863,0.0133177933177932,-0.0545454545454546,,,,,
730.0,molecular_biology_promoters,SVC,feat,-0.0281385281385281,-0.0263636363636363,-0.024585178360922,-0.0335353535353535,-0.0163636363636362,,,,,
731.0,molecular_biology_promoters,SVC,feat,-0.0658008658008657,-0.0672727272727272,-0.0718205068588702,-0.0597902097902097,-0.0581818181818182,,,,,
732.0,molecular_biology_promoters,NB,feat,-0.0194805194805194,-0.019090909090909,-0.0146583850931676,-0.0462626262626261,0.0181818181818183,,,,,
733.0,molecular_biology_promoters,NB,feat,-0.0372294372294372,-0.0363636363636364,-0.0382683982683982,-0.0341414141414142,-0.0363636363636362,,,,,
734.0,molecular_biology_promoters,NB,feat,-0.0376623376623376,-0.0372727272727275,-0.0362429149797572,-0.0504761904761903,-0.0199999999999997,,,,,
735.0,molecular_biology_promoters,NB,feat,-0.0004329004329003,-0.0009090909090909,0.0035234330886505,-0.0129292929292927,0.0181818181818181,,,,,
736.0,molecular_biology_promoters,NB,feat,-0.0367965367965368,-0.0363636363636361,-0.0370790612895876,-0.0595959595959597,-0.0181818181818181,,,,,
737.0,molecular_biology_promoters,NB,feat,-0.0285714285714284,-0.03,-0.0392776873595287,-0.015151515151515,-0.0399999999999999,,,,,
738.0,molecular_biology_promoters,DT,feat,-0.0017316017316018,-0.0027272727272726,0.0067027099521377,-0.0103030303030303,0.0327272727272728,,,,,
739.0,molecular_biology_promoters,DT,feat,-0.0190476190476188,-0.0181818181818183,-0.0193872362064582,-0.0134615384615384,-0.0163636363636362,,,,,
740.0,molecular_biology_promoters,DT,feat,-0.0277056277056275,-0.0290909090909089,-0.0222890559732666,-0.015844513243894,-0.0218181818181818,,,,,
741.0,molecular_biology_promoters,DT,feat,-0.0090909090909089,-0.0072727272727269,-0.0065217391304347,-0.0077922077922076,0.0,,,,,
742.0,molecular_biology_promoters,DT,feat,0.0264069264069263,0.0263636363636363,0.0222843822843823,0.0389976689976689,-0.0036363636363636,,,,,
743.0,molecular_biology_promoters,DT,feat,-0.058008658008658,-0.0581818181818181,-0.0669537480063796,-0.0566921966921966,-0.0763636363636364,,,,,
744.0,molecular_biology_promoters,RF,feat,-0.0658008658008657,-0.0681818181818181,-0.0683725453290671,-0.043220668220668,-0.0963636363636365,,,,,
745.0,molecular_biology_promoters,RF,feat,-0.0277056277056276,-0.028181818181818,-0.0306432748538011,-0.0036363636363634,-0.0545454545454545,,,,,
746.0,molecular_biology_promoters,RF,feat,-0.0086580086580086,-0.0081818181818181,-0.003666859456333,0.0049673202614378,0.0,,,,,
747.0,molecular_biology_promoters,RF,feat,-0.0285714285714284,-0.0290909090909091,-0.0337511763598719,-0.0152292152292151,-0.0545454545454544,,,,,
748.0,molecular_biology_promoters,RF,feat,-0.0190476190476189,-0.0209090909090908,-0.0265446224256293,0.0017094017094017,-0.0599999999999999,,,,,
749.0,molecular_biology_promoters,RF,feat,-0.0480519480519481,-0.049090909090909,-0.0627015496580714,-0.0184848484848483,-0.0781818181818183,,,,,
750.0,mfeat_fourier,KNN,feat,0.0,0.0,0.0,0.0,0.0,,,,,
751.0,mfeat_fourier,KNN,feat,0.0,0.0,0.0,0.0,0.0,,,,,
752.0,mfeat_fourier,KNN,feat,0.0,0.0,0.0,0.0,0.0,,,,,
753.0,mfeat_fourier,KNN,feat,0.0,0.0,0.0,0.0,0.0,,,,,
754.0,mfeat_fourier,KNN,feat,0.0,0.0,0.0,0.0,0.0,,,,,
755.0,mfeat_fourier,KNN,feat,0.0,0.0,0.0,0.0,0.0,,,,,
756.0,mfeat_fourier,SVC,feat,0.0,0.0,0.0,0.0,0.0,,,,,
757.0,mfeat_fourier,SVC,feat,0.0,0.0,0.0,0.0,0.0,,,,,
758.0,mfeat_fourier,SVC,feat,0.0,0.0,0.0,0.0,0.0,,,,,
759.0,mfeat_fourier,SVC,feat,0.0,0.0,0.0,0.0,0.0,,,,,
760.0,mfeat_fourier,SVC,feat,0.0,0.0,0.0,0.0,0.0,,,,,
761.0,mfeat_fourier,SVC,feat,0.0,0.0,0.0,0.0,0.0,,,,,
762.0,mfeat_fourier,NB,feat,0.0,0.0,0.0,0.0,0.0,,,,,
763.0,mfeat_fourier,NB,feat,0.0,0.0,0.0,0.0,0.0,,,,,
764.0,mfeat_fourier,NB,feat,0.0,0.0,0.0,0.0,0.0,,,,,
765.0,mfeat_fourier,NB,feat,0.0,0.0,0.0,0.0,0.0,,,,,
766.0,mfeat_fourier,NB,feat,0.0,0.0,0.0,0.0,0.0,,,,,
767.0,mfeat_fourier,NB,feat,0.0,0.0,0.0,0.0,0.0,,,,,
768.0,mfeat_fourier,DT,feat,0.0,0.0,0.0,0.0,0.0,,,,,
769.0,mfeat_fourier,DT,feat,0.0,0.0,0.0,0.0,0.0,,,,,
770.0,mfeat_fourier,DT,feat,0.0,0.0,0.0,0.0,0.0,,,,,
771.0,mfeat_fourier,DT,feat,0.0,0.0,0.0,0.0,0.0,,,,,
772.0,mfeat_fourier,DT,feat,0.0,0.0,0.0,0.0,0.0,,,,,
773.0,mfeat_fourier,DT,feat,0.0,0.0,0.0,0.0,0.0,,,,,
774.0,mfeat_fourier,RF,feat,0.0,0.0,0.0,0.0,0.0,,,,,
775.0,mfeat_fourier,RF,feat,0.0,0.0,0.0,0.0,0.0,,,,,
776.0,mfeat_fourier,RF,feat,0.0,0.0,0.0,0.0,0.0,,,,,
777.0,mfeat_fourier,RF,feat,0.0,0.0,0.0,0.0,0.0,,,,,
778.0,mfeat_fourier,RF,feat,0.0,0.0,0.0,0.0,0.0,,,,,
779.0,mfeat_fourier,RF,feat,0.0,0.0,0.0,0.0,0.0,,,,,
780.0,analcatdata_authorship,KNN,feat,-0.0107142857142857,-0.0465366513194902,-0.0467560720854388,-0.0339037879431499,-0.0465366513194902,,,,,
781.0,analcatdata_authorship,KNN,feat,-0.0035714285714284,-0.0216134712744882,-0.0197043470236089,-0.0175051675051673,-0.0216134712744882,,,,,
782.0,analcatdata_authorship,KNN,feat,-0.0023809523809524,-0.0090371022574412,-0.0097804597428154,-0.009254723934602,-0.0090371022574412,,,,,
783.0,analcatdata_authorship,KNN,feat,-0.0059523809523807,-0.0252457094805053,-0.0241027108541721,-0.0235122297260401,-0.0252457094805053,,,,,
784.0,analcatdata_authorship,KNN,feat,0.0,0.0,0.0,0.0,0.0,,,,,
785.0,analcatdata_authorship,KNN,feat,-0.0035714285714284,-0.0235016287267345,-0.0253794197939157,-0.0292423106228479,-0.0235016287267345,,,,,
786.0,analcatdata_authorship,SVC,feat,0.0,0.006161522647066,-0.0044401641765858,-0.018356807664286,0.006161522647066,,,,,
787.0,analcatdata_authorship,SVC,feat,-0.0023809523809523,-0.0060278328074937,-0.0061743403456355,-0.0062370471960987,-0.0060278328074937,,,,,
788.0,analcatdata_authorship,SVC,feat,-0.0047619047619046,-0.015064935064935,-0.0136566251303952,-0.010345320874982,-0.015064935064935,,,,,
789.0,analcatdata_authorship,SVC,feat,-0.0035573400958016,-0.0117775317625763,-0.019230683615388,-0.0240831580768793,-0.0117775317625763,,,,,
790.0,analcatdata_authorship,SVC,feat,0.0,0.0,0.0,0.0,0.0,,,,,
791.0,analcatdata_authorship,SVC,feat,-0.0095097210481825,-0.0238181062422397,-0.0233161734946604,-0.024246500930305,-0.0238181062422397,,,,,
792.0,analcatdata_authorship,NB,feat,-0.0083333333333331,-0.0213355316446044,-0.0211116229242651,-0.0201242010482437,-0.0213355316446044,,,,,
793.0,analcatdata_authorship,NB,feat,-0.0011904761904764,-0.0020634920634919,-0.0060066218168471,-0.0093723225926614,-0.0020634920634919,,,,,
794.0,analcatdata_authorship,NB,feat,-0.0023809523809523,-0.0097258297258295,-0.0086206217942578,-0.0070617542277024,-0.0097258297258295,,,,,
795.0,analcatdata_authorship,NB,feat,-0.0095097210481823,-0.0201745269242775,-0.0208968586425296,-0.0211640651783108,-0.0201745269242775,,,,,
796.0,analcatdata_authorship,NB,feat,0.0,0.0,0.0,0.0,0.0,,,,,
797.0,analcatdata_authorship,NB,feat,-0.0118977176669483,-0.0373501573202471,-0.0396160529806504,-0.0432227154767371,-0.0373501573202471,,,,,
798.0,analcatdata_authorship,DT,feat,0.0035714285714284,0.0050088436440316,0.0016190427119694,-0.0023842733485146,0.0050088436440316,,,,,
799.0,analcatdata_authorship,DT,feat,0.0023809523809523,-0.0002059334262725,0.0032342865142824,0.0064821294030059,-0.0002059334262725,,,,,
800.0,analcatdata_authorship,DT,feat,-0.0095238095238096,-0.0233149900946511,-0.0213704347383985,-0.0196423192076586,-0.0233149900946511,,,,,
801.0,analcatdata_authorship,DT,feat,-0.0166032685263454,-0.0438545366785646,-0.0369771321301781,-0.0333308111155206,-0.0438545366785646,,,,,
802.0,analcatdata_authorship,DT,feat,0.0,0.0,0.0,0.0,0.0,,,,,
803.0,analcatdata_authorship,DT,feat,-0.014264581572274,-0.0359163994308561,-0.0365894819768083,-0.0364869245728345,-0.0359163994308561,,,,,
804.0,analcatdata_authorship,RF,feat,-0.003571428571429,-0.0155020537683487,-0.0153179044645124,-0.014293631461154,-0.0155020537683487,,,,,
805.0,analcatdata_authorship,RF,feat,0.0011904761904761,0.0045454545454547,0.0032659273755162,0.0012091038406827,0.0045454545454547,,,,,
806.0,analcatdata_authorship,RF,feat,-0.0035714285714286,-0.0136363636363635,-0.0104156385603674,-0.006499582289056,-0.0136363636363635,,,,,
807.0,analcatdata_authorship,RF,feat,-0.0059453367145674,-0.0210186820940495,-0.0178748835552096,-0.0127377184580576,-0.0210186820940495,,,,,
808.0,analcatdata_authorship,RF,feat,0.0,0.0,0.0,0.0,0.0,,,,,
809.0,analcatdata_authorship,RF,feat,-0.0083333333333331,-0.0342390714310889,-0.03365735756022,-0.0302972786165334,-0.0342390714310889,,,,,
810.0,tokyo1,KNN,feat,0.0,0.0,0.0,0.0,0.0,,,,,
811.0,tokyo1,KNN,feat,0.0,0.0,0.0,0.0,0.0,,,,,
812.0,tokyo1,KNN,feat,0.0,0.0,0.0,0.0,0.0,,,,,
813.0,tokyo1,KNN,feat,0.0,0.0,0.0,0.0,0.0,,,,,
814.0,tokyo1,KNN,feat,0.0,0.0,0.0,0.0,0.0,,,,,
815.0,tokyo1,KNN,feat,0.0,0.0,0.0,0.0,0.0,,,,,
816.0,tokyo1,SVC,feat,0.0135416666666666,0.0188405797101449,0.0087982772603966,0.0150974181783281,0.0,,,,,
817.0,tokyo1,SVC,feat,0.0,0.0,0.0,0.0,0.0,,,,,
818.0,tokyo1,SVC,feat,0.0114583333333332,0.0203958996111699,-0.0140529820087831,-0.0136886102403344,-0.011382113821138,,,,,
819.0,tokyo1,SVC,feat,0.0,0.0,0.0,0.0,0.0,,,,,
820.0,tokyo1,SVC,feat,0.0,0.0,0.0,0.0,0.0,,,,,
821.0,tokyo1,SVC,feat,0.0,0.0,0.0,0.0,0.0,,,,,
822.0,tokyo1,NB,feat,0.0010416666666669,0.0008130081300813,0.0008417670682732,9.998750156225976e-05,0.0016260162601625,,,,,
823.0,tokyo1,NB,feat,0.0,0.0,0.0,0.0,0.0,,,,,
824.0,tokyo1,NB,feat,0.0031249999999999,0.0037115588547189,0.0022803366211203,0.0028192371475953,0.0016260162601627,,,,,
825.0,tokyo1,NB,feat,0.0031413612565445,0.0043478260869566,0.0022398594597985,0.0041930937279774,0.0,,,,,
826.0,tokyo1,NB,feat,0.0,0.0,0.0,0.0,0.0,,,,,
827.0,tokyo1,NB,feat,0.0,0.0,0.0,0.0,0.0,,,,,
828.0,tokyo1,DT,feat,0.0,-0.0006362672322374,9.842519685043792e-05,-0.0012282614934282,0.0016260162601623,,,,,
829.0,tokyo1,DT,feat,0.0,0.0,0.0,0.0,0.0,,,,,
830.0,tokyo1,DT,feat,0.0041666666666667,0.0064333686815128,0.0030258597707277,0.0077579831932773,-0.0016260162601623,,,,,
831.0,tokyo1,DT,feat,0.001047120418848,-0.0016987407935374,0.0013608682339332,-0.0056551724137929,0.0081967213114756,,,,,
832.0,tokyo1,DT,feat,0.0,0.0,0.0,0.0,0.0,,,,,
833.0,tokyo1,DT,feat,0.0,0.0,0.0,0.0,0.0,,,,,
834.0,tokyo1,RF,feat,0.0010416666666668,0.0014492753623187,0.0007649402390436,0.001476377952756,0.0,,,,,
835.0,tokyo1,RF,feat,0.0,0.0,0.0,0.0,0.0,,,,,
836.0,tokyo1,RF,feat,0.0,0.0006362672322374,-5.24521374243303e-05,0.0014959349593497,-0.0016260162601623,,,,,
837.0,tokyo1,RF,feat,0.0,0.0,0.0,0.0,0.0,,,,,
838.0,tokyo1,RF,feat,0.0,0.0,0.0,0.0,0.0,,,,,
839.0,tokyo1,RF,feat,0.0,0.0,0.0,0.0,0.0,,,,,
840.0,soybean,KNN,feat,-0.0414814814814814,-0.0361111111111111,-0.038959230806808,-0.030880367499446,-0.0361111111111111,,,,,
841.0,soybean,KNN,feat,-0.0429629629629629,-0.0312817719680463,-0.0357486895167353,-0.0338450242207855,-0.0312817719680463,,,,,
842.0,soybean,KNN,feat,-0.0933333333333332,-0.0473311546840959,-0.055948087428923,-0.0485359190824551,-0.0473311546840959,,,,,
843.0,soybean,KNN,feat,-0.0251851851851852,-0.0331699346405228,-0.030382325984629,-0.0275805875983704,-0.0331699346405228,,,,,
844.0,soybean,KNN,feat,-0.031111111111111,-0.0324074074074074,-0.022284427194578,-0.0122848645215682,-0.0324074074074074,,,,,
845.0,soybean,KNN,feat,-0.0518518518518518,-0.0203703703703703,-0.030192757670212,-0.0290902811591304,-0.0203703703703703,,,,,
846.0,soybean,SVC,feat,-0.0207407407407407,-0.0388888888888889,-0.0384999538794841,-0.0317244332565552,-0.0388888888888889,,,,,
847.0,soybean,SVC,feat,-0.0162962962962963,-0.0335693536673927,-0.0374686122916487,-0.0363249489300251,-0.0335693536673927,,,,,
848.0,soybean,SVC,feat,-0.0222222222222222,-0.0468409586056645,-0.0485507095298781,-0.0462984068619725,-0.0468409586056645,,,,,
849.0,soybean,SVC,feat,-0.0118518518518517,-0.0215686274509803,-0.0234056234590078,-0.0233006898912072,-0.0215686274509803,,,,,
850.0,soybean,SVC,feat,-0.0133333333333333,-0.0243827160493826,-0.0236704257122283,-0.0209529398613906,-0.0243827160493826,,,,,
851.0,soybean,SVC,feat,-0.0103703703703703,-0.0231481481481481,-0.0247793118116653,-0.0244189712973416,-0.0231481481481481,,,,,
852.0,soybean,NB,feat,-0.0207407407407407,-0.0388888888888887,-0.0383934583934584,-0.0316424943816249,-0.0388888888888887,,,,,
853.0,soybean,NB,feat,0.0044444444444445,-0.0452069716775599,-0.0320307480593138,-0.0232757931247801,-0.0452069716775599,,,,,
854.0,soybean,NB,feat,-0.0074074074074074,-0.0631445170660856,-0.0484792239056943,-0.0345905781013795,-0.0631445170660856,,,,,
855.0,soybean,NB,feat,0.0014814814814814,-0.0227124183006535,-0.017568884941825,-0.0165899444168746,-0.0227124183006535,,,,,
856.0,soybean,NB,feat,-0.0014814814814814,-0.0287037037037038,-0.0196723563390229,-0.0142460317460317,-0.0287037037037038,,,,,
857.0,soybean,NB,feat,0.0,-0.0280864197530865,-0.0209263211938967,-0.0174692659101362,-0.0280864197530865,,,,,
858.0,soybean,DT,feat,-0.0177777777777777,-0.0333333333333334,-0.0333140933140934,-0.0316424943816249,-0.0333333333333334,,,,,
859.0,soybean,DT,feat,-0.0148148148148148,-0.030791575889615,-0.0368927524896293,-0.039069443918431,-0.030791575889615,,,,,
860.0,soybean,DT,feat,-0.0222222222222222,-0.0468409586056645,-0.0501447134855334,-0.0490855275963288,-0.0468409586056645,,,,,
861.0,soybean,DT,feat,-0.0103703703703704,-0.0187908496732025,-0.0217642872406755,-0.0232566110835414,-0.0187908496732025,,,,,
862.0,soybean,DT,feat,-0.0118518518518518,-0.0216049382716049,-0.0220320516019439,-0.0209126984126983,-0.0216049382716049,,,,,
863.0,soybean,DT,feat,-0.0103703703703704,-0.0231481481481481,-0.026363062953419,-0.0271914881323583,-0.0231481481481481,,,,,
864.0,soybean,RF,feat,-0.0177777777777778,-0.0333333333333334,-0.0333071940446265,-0.0316325848064978,-0.0333333333333334,,,,,
865.0,soybean,RF,feat,-0.0133333333333334,-0.0280137981118372,-0.0337114469466726,-0.0362823231840744,-0.0280137981118372,,,,,
866.0,soybean,RF,feat,-0.0207407407407407,-0.0440631808278867,-0.0469634079425764,-0.0462984068619725,-0.0440631808278867,,,,,
867.0,soybean,RF,feat,-0.0103703703703704,-0.0187908496732025,-0.021771212118714,-0.0232666015962493,-0.0187908496732025,,,,,
868.0,soybean,RF,feat,-0.0118518518518519,-0.0216049382716049,-0.0220320516019441,-0.0209126984126984,-0.0216049382716049,,,,,
869.0,soybean,RF,feat,-0.0088888888888888,-0.0203703703703703,-0.0231920102243637,-0.0244189712973414,-0.0203703703703703,,,,,
870.0,mfeat_karhunen,KNN,feat,0.0,0.0,0.0,0.0,0.0,,,,,
871.0,mfeat_karhunen,KNN,feat,-0.0014999999999999,-0.0014999999999999,-0.0014627710934822,-0.0011065384450624,-0.0014999999999999,,,,,
872.0,mfeat_karhunen,KNN,feat,0.0,0.0,0.0,0.0,0.0,,,,,
873.0,mfeat_karhunen,KNN,feat,0.0024999999999999,0.0024999999999999,0.0020538328580556,0.0018191894377127,0.0024999999999999,,,,,
874.0,mfeat_karhunen,KNN,feat,0.0005,0.0004999999999999,0.0005562963337674,0.000691385917854,0.0004999999999999,,,,,
875.0,mfeat_karhunen,KNN,feat,0.0065,0.0065,0.0066986330039897,0.0063726178401081,0.0065,,,,,
876.0,mfeat_karhunen,SVC,feat,0.0,0.0,0.0,0.0,0.0,,,,,
877.0,mfeat_karhunen,SVC,feat,0.004,0.004,0.0035554370010855,0.0039629508024209,0.004,,,,,
878.0,mfeat_karhunen,SVC,feat,0.0,0.0,0.0,0.0,0.0,,,,,
879.0,mfeat_karhunen,SVC,feat,0.0084999999999999,0.0085,0.0083111672330067,0.0075884748751346,0.0085,,,,,
880.0,mfeat_karhunen,SVC,feat,0.003,0.003,0.0030561090675562,0.0030727752881528,0.003,,,,,
881.0,mfeat_karhunen,SVC,feat,0.0,-1.1102230246251563e-16,1.7323449308936922e-05,3.927422305083361e-05,-1.1102230246251563e-16,,,,,
882.0,mfeat_karhunen,NB,feat,0.0,0.0,0.0,0.0,0.0,,,,,
883.0,mfeat_karhunen,NB,feat,-0.008,-0.008,-0.0086141799423439,-0.0081545362743783,-0.008,,,,,
884.0,mfeat_karhunen,NB,feat,0.0,0.0,0.0,0.0,0.0,,,,,
885.0,mfeat_karhunen,NB,feat,0.0064999999999999,0.0064999999999997,0.0067957889443089,0.0069835596686739,0.0064999999999997,,,,,
886.0,mfeat_karhunen,NB,feat,0.003,0.003,0.0027622129342733,0.0029120292594463,0.003,,,,,
887.0,mfeat_karhunen,NB,feat,0.0035,0.0034999999999999,0.0033494255943349,0.0026630601470731,0.0034999999999999,,,,,
888.0,mfeat_karhunen,DT,feat,0.0,0.0,0.0,0.0,0.0,,,,,
889.0,mfeat_karhunen,DT,feat,-0.0019999999999998,-0.0019999999999998,-0.0009146333740317,-0.0005466995004984,-0.0019999999999998,,,,,
890.0,mfeat_karhunen,DT,feat,0.0,0.0,0.0,0.0,0.0,,,,,
891.0,mfeat_karhunen,DT,feat,0.004,0.004,0.0046828163728852,0.0042837274550796,0.004,,,,,
892.0,mfeat_karhunen,DT,feat,-0.0004999999999999,-0.0004999999999999,-0.0005071256576575,-0.0003696225468586,-0.0004999999999999,,,,,
893.0,mfeat_karhunen,DT,feat,0.0114999999999999,0.0115,0.0127269744618145,0.0135876698189028,0.0115,,,,,
894.0,mfeat_karhunen,RF,feat,0.0,0.0,0.0,0.0,0.0,,,,,
895.0,mfeat_karhunen,RF,feat,0.0024999999999999,0.0024999999999999,0.0025521224272965,0.0018313210192878,0.0024999999999999,,,,,
896.0,mfeat_karhunen,RF,feat,0.0,0.0,0.0,0.0,0.0,,,,,
897.0,mfeat_karhunen,RF,feat,0.0114999999999999,0.0114999999999998,0.0116078195871175,0.0119125082160463,0.0114999999999998,,,,,
898.0,mfeat_karhunen,RF,feat,0.0,0.0,-6.473074715063198e-05,0.0006929652003673,0.0,,,,,
899.0,mfeat_karhunen,RF,feat,0.0029999999999998,0.0030000000000001,0.0034065378442599,0.0039675629784279,0.0030000000000001,,,,,
900.0,GAMETES_Epistasis_2_Way_1000atts_0.4H_EDM_1_EDM_1_1,KNN,hyperparameter,-0.0043749999999999,-0.0043749999999999,-0.0037426587910771,-0.0039379913340207,-0.0162499999999999,,,,,
901.0,GAMETES_Epistasis_2_Way_1000atts_0.4H_EDM_1_EDM_1_1,KNN,hyperparameter,0.000625,0.0006249999999999,0.0109936206559216,9.641754390132816e-05,-0.025,,,,,
902.0,GAMETES_Epistasis_2_Way_1000atts_0.4H_EDM_1_EDM_1_1,KNN,hyperparameter,-0.02,-0.02,-0.0119030481327094,-0.0187979958512142,-0.0162499999999999,,,,,
903.0,GAMETES_Epistasis_2_Way_1000atts_0.4H_EDM_1_EDM_1_1,KNN,hyperparameter,-0.018125,-0.018125,-0.0413567987726698,-0.0151061551005308,-0.07125,,,,,
904.0,GAMETES_Epistasis_2_Way_1000atts_0.4H_EDM_1_EDM_1_1,KNN,hyperparameter,-0.0043749999999999,-0.0043749999999999,-0.0069218732465357,-0.0038489750221479,-0.0225,,,,,
905.0,GAMETES_Epistasis_2_Way_1000atts_0.4H_EDM_1_EDM_1_1,KNN,hyperparameter,0.0,0.0,-0.0097742742430602,0.0003613369467028,-0.03,,,,,
906.0,GAMETES_Epistasis_2_Way_1000atts_0.4H_EDM_1_EDM_1_1,SVC,hyperparameter,-0.0106249999999999,-0.0106249999999999,-0.0097721517444734,-0.0109082296260171,-0.05,,,,,
907.0,GAMETES_Epistasis_2_Way_1000atts_0.4H_EDM_1_EDM_1_1,SVC,hyperparameter,-0.0043749999999999,-0.004375,0.0243997490576535,0.0002254566781226,-0.0199999999999999,,,,,
908.0,GAMETES_Epistasis_2_Way_1000atts_0.4H_EDM_1_EDM_1_1,SVC,hyperparameter,-0.00875,-0.00875,-0.0054439982150825,-0.0081111741349971,-0.0512499999999999,,,,,
909.0,GAMETES_Epistasis_2_Way_1000atts_0.4H_EDM_1_EDM_1_1,SVC,hyperparameter,-0.009375,-0.009375,0.0019685365278467,-0.0092650827426762,-0.0524999999999999,,,,,
910.0,GAMETES_Epistasis_2_Way_1000atts_0.4H_EDM_1_EDM_1_1,SVC,hyperparameter,-0.01,-0.01,-0.0298450919611047,-0.0131833270254265,-0.1087499999999999,,,,,
911.0,GAMETES_Epistasis_2_Way_1000atts_0.4H_EDM_1_EDM_1_1,SVC,hyperparameter,0.0056249999999998,0.0056249999999998,0.0093121495054604,0.0052185649344415,-0.0137500000000001,,,,,
912.0,GAMETES_Epistasis_2_Way_1000atts_0.4H_EDM_1_EDM_1_1,LR,hyperparameter,-0.0068749999999999,-0.0068749999999999,-0.0073665455953975,-0.0072080847633423,-0.0075,,,,,
913.0,GAMETES_Epistasis_2_Way_1000atts_0.4H_EDM_1_EDM_1_1,LR,hyperparameter,0.0031249999999999,0.0031249999999999,0.0108797474828407,0.002399714629964,0.0,,,,,
914.0,GAMETES_Epistasis_2_Way_1000atts_0.4H_EDM_1_EDM_1_1,LR,hyperparameter,-0.0106249999999999,-0.0106249999999999,-0.0109894300628419,-0.0107366315326826,-0.01375,,,,,
915.0,GAMETES_Epistasis_2_Way_1000atts_0.4H_EDM_1_EDM_1_1,LR,hyperparameter,-0.013125,-0.013125,-0.0116049814741099,-0.01341115855777,-0.01,,,,,
916.0,GAMETES_Epistasis_2_Way_1000atts_0.4H_EDM_1_EDM_1_1,LR,hyperparameter,-0.001875,-0.001875,-0.0009035548130416,-0.0016960618888762,0.0,,,,,
917.0,GAMETES_Epistasis_2_Way_1000atts_0.4H_EDM_1_EDM_1_1,LR,hyperparameter,-0.0037499999999999,-0.0037499999999999,-0.0024988289726667,-0.0038111119827278,-0.0062499999999999,,,,,
918.0,GAMETES_Epistasis_2_Way_1000atts_0.4H_EDM_1_EDM_1_1,NB,hyperparameter,-0.000625,-0.000625,-0.0010193859698628,-0.000714239856189,-0.0012499999999999,,,,,
919.0,GAMETES_Epistasis_2_Way_1000atts_0.4H_EDM_1_EDM_1_1,NB,hyperparameter,0.0,0.0,0.0,0.0,0.0,,,,,
920.0,GAMETES_Epistasis_2_Way_1000atts_0.4H_EDM_1_EDM_1_1,NB,hyperparameter,0.0,0.0,0.0,0.0,0.0,,,,,
921.0,GAMETES_Epistasis_2_Way_1000atts_0.4H_EDM_1_EDM_1_1,NB,hyperparameter,0.0,0.0,0.0,0.0,0.0,,,,,
922.0,GAMETES_Epistasis_2_Way_1000atts_0.4H_EDM_1_EDM_1_1,NB,hyperparameter,0.0,0.0,0.0,0.0,0.0,,,,,
923.0,GAMETES_Epistasis_2_Way_1000atts_0.4H_EDM_1_EDM_1_1,NB,hyperparameter,0.0,0.0,0.0,0.0,0.0,,,,,
924.0,GAMETES_Epistasis_2_Way_1000atts_0.4H_EDM_1_EDM_1_1,DT,hyperparameter,-0.0162499999999999,-0.0162499999999999,0.005789948814392,-0.0188280452914799,-0.0949999999999999,,,,,
925.0,GAMETES_Epistasis_2_Way_1000atts_0.4H_EDM_1_EDM_1_1,DT,hyperparameter,-0.01,-0.0099999999999999,-0.0533849704014112,-0.0154668071801639,-0.14,,,,,
926.0,GAMETES_Epistasis_2_Way_1000atts_0.4H_EDM_1_EDM_1_1,DT,hyperparameter,-0.01375,-0.01375,-0.0438566040424203,-0.0144626058763092,-0.1012499999999999,,,,,
927.0,GAMETES_Epistasis_2_Way_1000atts_0.4H_EDM_1_EDM_1_1,DT,hyperparameter,-0.0212499999999999,-0.0212499999999999,-0.0789785585250872,-0.0167635976302565,-0.1312499999999999,,,,,
928.0,GAMETES_Epistasis_2_Way_1000atts_0.4H_EDM_1_EDM_1_1,DT,hyperparameter,-0.0125,-0.0125,0.0119155144142463,-0.0109120488277211,-0.0812499999999999,,,,,
929.0,GAMETES_Epistasis_2_Way_1000atts_0.4H_EDM_1_EDM_1_1,DT,hyperparameter,-0.0093750000000001,-0.0093750000000001,-0.0036042451090442,-0.0082405709407975,-0.0849999999999999,,,,,
930.0,GAMETES_Epistasis_2_Way_1000atts_0.4H_EDM_1_EDM_1_1,RF,hyperparameter,-0.023125,-0.0231250000000001,-0.0301184176313465,-0.0258145663443433,-0.04625,,,,,
931.0,GAMETES_Epistasis_2_Way_1000atts_0.4H_EDM_1_EDM_1_1,RF,hyperparameter,-0.029375,-0.029375,-0.0362363296725757,-0.0297869012469267,-0.0425,,,,,
932.0,GAMETES_Epistasis_2_Way_1000atts_0.4H_EDM_1_EDM_1_1,RF,hyperparameter,-0.0274999999999999,-0.0274999999999999,-0.0022359298412942,-0.0292144046255252,-0.0374999999999999,,,,,
933.0,GAMETES_Epistasis_2_Way_1000atts_0.4H_EDM_1_EDM_1_1,RF,hyperparameter,-0.035,-0.035,-0.0469739827186354,-0.036617273617318,-0.0562499999999999,,,,,
934.0,GAMETES_Epistasis_2_Way_1000atts_0.4H_EDM_1_EDM_1_1,RF,hyperparameter,-0.0012499999999999,-0.00125,-0.0004222083517116,-0.001392444393374,-0.0287499999999999,,,,,
935.0,GAMETES_Epistasis_2_Way_1000atts_0.4H_EDM_1_EDM_1_1,RF,hyperparameter,-0.0137499999999999,-0.0137499999999998,-0.0070913912528229,-0.0135990233140493,-0.0349999999999999,,,,,
936.0,agaricus_lepiota,KNN,hyperparameter,0.0,0.0,0.0,0.0,0.0,,,,,
937.0,agaricus_lepiota,KNN,hyperparameter,0.0,0.0,0.0,0.0,0.0,,,,,
938.0,agaricus_lepiota,KNN,hyperparameter,0.0,0.0,0.0,0.0,0.0,,,,,
939.0,agaricus_lepiota,KNN,hyperparameter,0.0,0.0,0.0,0.0,0.0,,,,,
940.0,agaricus_lepiota,KNN,hyperparameter,0.0,0.0,0.0,0.0,0.0,,,,,
941.0,agaricus_lepiota,KNN,hyperparameter,0.0,0.0,0.0,0.0,0.0,,,,,
942.0,agaricus_lepiota,SVC,hyperparameter,0.0,0.0,0.0,0.0,0.0,,,,,
943.0,agaricus_lepiota,SVC,hyperparameter,0.0,0.0,0.0,0.0,0.0,,,,,
944.0,agaricus_lepiota,SVC,hyperparameter,0.0,0.0,0.0,0.0,0.0,,,,,
945.0,agaricus_lepiota,SVC,hyperparameter,0.0,0.0,0.0,0.0,0.0,,,,,
946.0,agaricus_lepiota,SVC,hyperparameter,0.0,0.0,0.0,0.0,0.0,,,,,
947.0,agaricus_lepiota,SVC,hyperparameter,0.0,0.0,0.0,0.0,0.0,,,,,
948.0,agaricus_lepiota,LR,hyperparameter,0.0,0.0,0.0,0.0,0.0,,,,,
949.0,agaricus_lepiota,LR,hyperparameter,0.0,0.0,0.0,0.0,0.0,,,,,
950.0,agaricus_lepiota,LR,hyperparameter,0.0,0.0,0.0,0.0,0.0,,,,,
951.0,agaricus_lepiota,LR,hyperparameter,0.0,0.0,0.0,0.0,0.0,,,,,
952.0,agaricus_lepiota,LR,hyperparameter,0.0,0.0,0.0,0.0,0.0,,,,,
953.0,agaricus_lepiota,LR,hyperparameter,0.0,0.0,0.0,0.0,0.0,,,,,
954.0,agaricus_lepiota,NB,hyperparameter,-1.2055943443556316e-07,-4.711041618543632e-05,-0.0001099383579139,0.0,-0.0012768130745658,,,,,
955.0,agaricus_lepiota,NB,hyperparameter,-0.00012278978389,-9.941505774524462e-05,-7.679105301239275e-05,-0.0006690107706891,0.0,,,,,
956.0,agaricus_lepiota,NB,hyperparameter,-0.0004910385761256,-0.0005198867389665,-0.0005711571601936,0.0,-0.0012762919263721,,,,,
957.0,agaricus_lepiota,NB,hyperparameter,0.00012278978389,0.0001276813074567,0.0001386534190224,2.013112780940851e-05,0.0,,,,,
958.0,agaricus_lepiota,NB,hyperparameter,0.0,0.0,0.0,0.0,-0.0007660878447394,,,,,
959.0,agaricus_lepiota,NB,hyperparameter,-0.0002454590083456,-0.0002365184484391,-0.0002329144484336,-0.0004615998037049,-0.0010214504596526,,,,,
960.0,agaricus_lepiota,DT,hyperparameter,0.0,0.0,0.0,0.0,0.0,,,,,
961.0,agaricus_lepiota,DT,hyperparameter,0.0,0.0,0.0,0.0,0.0,,,,,
962.0,agaricus_lepiota,DT,hyperparameter,0.0,0.0,0.0,0.0,0.0,,,,,
963.0,agaricus_lepiota,DT,hyperparameter,0.0,0.0,0.0,0.0,0.0,,,,,
964.0,agaricus_lepiota,DT,hyperparameter,0.0,0.0,0.0,0.0,0.0,,,,,
965.0,agaricus_lepiota,DT,hyperparameter,0.0,0.0,0.0,0.0,0.0,,,,,
966.0,agaricus_lepiota,RF,hyperparameter,0.0,0.0,0.0,0.0,0.0,,,,,
967.0,agaricus_lepiota,RF,hyperparameter,0.0,0.0,0.0,0.0,0.0,,,,,
968.0,agaricus_lepiota,RF,hyperparameter,0.0,0.0,0.0,0.0,0.0,,,,,
969.0,agaricus_lepiota,RF,hyperparameter,0.0,0.0,0.0,0.0,0.0,,,,,
970.0,agaricus_lepiota,RF,hyperparameter,0.0,0.0,0.0,0.0,0.0,,,,,
971.0,agaricus_lepiota,RF,hyperparameter,0.0,0.0,0.0,0.0,0.0,,,,,
972.0,mushroom,KNN,hyperparameter,0.0,0.0,0.0,0.0,0.0,,,,,
973.0,mushroom,KNN,hyperparameter,0.0,0.0,0.0,0.0,0.0,,,,,
974.0,mushroom,KNN,hyperparameter,0.0,0.0,0.0,0.0,0.0,,,,,
975.0,mushroom,KNN,hyperparameter,0.0,0.0,0.0,0.0,0.0,,,,,
976.0,mushroom,KNN,hyperparameter,0.0,0.0,0.0,0.0,0.0,,,,,
977.0,mushroom,KNN,hyperparameter,-0.0001230920728704,-0.0001276813074567,-0.0001277465508432,0.0,-0.0002553626149132,,,,,
978.0,mushroom,SVC,hyperparameter,0.0,0.0,0.0,0.0,0.0,,,,,
979.0,mushroom,SVC,hyperparameter,0.0,0.0,0.0,0.0,0.0,,,,,
980.0,mushroom,SVC,hyperparameter,0.0,0.0,0.0,0.0,0.0,,,,,
981.0,mushroom,SVC,hyperparameter,0.0,0.0,0.0,0.0,0.0,,,,,
982.0,mushroom,SVC,hyperparameter,0.0,0.0,0.0,0.0,0.0,,,,,
983.0,mushroom,SVC,hyperparameter,0.0,0.0,0.0,0.0,0.0,,,,,
984.0,mushroom,LR,hyperparameter,-0.0006154603643527,-0.0006029664785591,-0.0006263667366848,-0.0010115897941063,-0.0002553626149132,,,,,
985.0,mushroom,LR,hyperparameter,-0.0001230920728705,-0.0001188212927756,-0.0001216654293164,-0.0002464881460879,0.0,,,,,
986.0,mushroom,LR,hyperparameter,-0.0002461841457408,-0.0002553626149132,-0.0002673279062838,-0.0007113566315367,-0.0005107252298264,,,,,
987.0,mushroom,LR,hyperparameter,0.0,0.0,0.0,0.0,-0.0002553626149132,,,,,
988.0,mushroom,LR,hyperparameter,-0.0001230920728704,-0.0001276813074566,-0.000133528570993,-9.057587081473528e-06,-0.0002553626149132,,,,,
989.0,mushroom,LR,hyperparameter,0.0,0.0,0.0,0.0,0.0,,,,,
990.0,mushroom,NB,hyperparameter,-0.0003692762186116,-0.0003564638783268,-0.0003258398128789,-0.0006278610624523,-0.0007660878447396,,,,,
991.0,mushroom,NB,hyperparameter,0.0,0.0,0.0,0.0,-0.0002553626149132,,,,,
992.0,mushroom,NB,hyperparameter,0.0,0.0,0.0,0.0,-0.0005107252298263,,,,,
993.0,mushroom,NB,hyperparameter,0.0,0.0,0.0,0.0,-0.0002553626149132,,,,,
994.0,mushroom,NB,hyperparameter,0.0,0.0,0.0,0.0,-0.0010214504596528,,,,,
995.0,mushroom,NB,hyperparameter,0.0,0.0,0.0,0.0,-0.0010214504596527,,,,,
996.0,mushroom,DT,hyperparameter,0.0,0.0,0.0,0.0,0.0,,,,,
997.0,mushroom,DT,hyperparameter,0.0,0.0,0.0,0.0,0.0,,,,,
998.0,mushroom,DT,hyperparameter,0.0,0.0,0.0,0.0,0.0,,,,,
999.0,mushroom,DT,hyperparameter,0.0,0.0,0.0,0.0,0.0,,,,,
1000.0,mushroom,DT,hyperparameter,0.0,0.0,0.0,0.0,0.0,,,,,
1001.0,mushroom,DT,hyperparameter,0.0,0.0,0.0,0.0,0.0,,,,,
1002.0,mushroom,RF,hyperparameter,0.0,0.0,0.0,0.0,0.0,,,,,
1003.0,mushroom,RF,hyperparameter,0.0,0.0,0.0,0.0,0.0,,,,,
1004.0,mushroom,RF,hyperparameter,0.0,0.0,0.0,0.0,0.0,,,,,
1005.0,mushroom,RF,hyperparameter,0.0,0.0,0.0,0.0,0.0,,,,,
1006.0,mushroom,RF,hyperparameter,0.0,0.0,0.0,0.0,0.0,,,,,
1007.0,mushroom,RF,hyperparameter,0.0,0.0,0.0,0.0,0.0,,,,,
1008.0,ring,KNN,hyperparameter,0.0,0.0,0.0,0.0,0.0,,,,,
1009.0,ring,KNN,hyperparameter,0.0,0.0,0.0,0.0,0.0,,,,,
1010.0,ring,KNN,hyperparameter,0.0,0.0,0.0,0.0,-0.0002676659528908,,,,,
1011.0,ring,KNN,hyperparameter,0.0,0.0,0.0,0.0,0.0,,,,,
1012.0,ring,KNN,hyperparameter,0.0,0.0,0.0,0.0,-0.0002676659528908,,,,,
1013.0,ring,KNN,hyperparameter,0.0,0.0,0.0,0.0,0.0,,,,,
1014.0,ring,SVC,hyperparameter,-0.0001351351351351,-0.0001811712781574,-3.433624719961781e-05,-0.0044629461014648,-0.0093683083511776,,,,,
1015.0,ring,SVC,hyperparameter,-0.0001351351351351,-9.438439168529822e-05,-0.0002242452036461,-0.0014892477200663,-0.0117773019271948,,,,,
1016.0,ring,SVC,hyperparameter,0.0,0.0,0.0,-0.0066213755023347,-0.0080299785867236,,,,,
1017.0,ring,SVC,hyperparameter,-0.0006756756756757,-0.000653385448323,-0.0007078451590685,-0.0037161367782148,-0.0112419700214132,,,,,
1018.0,ring,SVC,hyperparameter,0.0,0.0,0.0,-0.0046682624117619,-0.0080299785867236,,,,,
1019.0,ring,SVC,hyperparameter,-0.0009459459459459,-0.0009867990424806,-0.0008392257503327,-0.0047321253598167,-0.0099036402569592,,,,,
1020.0,ring,LR,hyperparameter,0.0,0.0,0.0,0.0,-0.1627408993576017,,,,,
1021.0,ring,LR,hyperparameter,0.0,0.0,0.0,0.0,-0.1619379014989292,,,,,
1022.0,ring,LR,hyperparameter,0.0,0.0,0.0,0.0,-0.1654175588865095,,,,,
1023.0,ring,LR,hyperparameter,0.0,0.0,0.0,0.0,-0.1608672376873661,,,,,
1024.0,ring,LR,hyperparameter,0.0,0.0,0.0,0.0,-0.1605995717344752,,,,,
1025.0,ring,LR,hyperparameter,0.0,0.0,0.0,0.0,-0.1611349036402569,,,,,
1026.0,ring,NB,hyperparameter,0.0,0.0,0.0,0.0,0.0,,,,,
1027.0,ring,NB,hyperparameter,0.0,0.0,0.0,0.0,0.0,,,,,
1028.0,ring,NB,hyperparameter,0.0,0.0,0.0,0.0,0.0,,,,,
1029.0,ring,NB,hyperparameter,0.0,0.0,0.0,0.0,0.0,,,,,
1030.0,ring,NB,hyperparameter,0.0,0.0,0.0,0.0,0.0,,,,,
1031.0,ring,NB,hyperparameter,0.0,0.0,0.0,0.0,0.0,,,,,
1032.0,ring,DT,hyperparameter,0.0,0.0,0.0,0.0,-0.0299785867237687,,,,,
1033.0,ring,DT,hyperparameter,0.0,0.0,0.0,0.0,-0.0262312633832977,,,,,
1034.0,ring,DT,hyperparameter,0.0,0.0,0.0,0.0,-0.0278372591006422,,,,,
1035.0,ring,DT,hyperparameter,0.0,0.0,0.0,0.0,-0.0219486081370451,,,,,
1036.0,ring,DT,hyperparameter,0.0,0.0,0.0,0.0,-0.0235546038543896,,,,,
1037.0,ring,DT,hyperparameter,0.0,0.0,0.0,0.0,-0.0294432548179871,,,,,
1038.0,ring,RF,hyperparameter,-0.0017567567567567,-0.0017424585994408,-0.0018608999889464,-0.0003345968745344,-0.0256959314775163,,,,,
1039.0,ring,RF,hyperparameter,-0.0013513513513511,-0.0013435895757554,-0.0014146913775201,-0.0006051070212812,-0.0262312633832974,,,,,
1040.0,ring,RF,hyperparameter,-0.0002702702702702,-0.000272925764192,-0.0002610076863189,-0.0005431527412471,-0.0254282655246251,,,,,
1041.0,ring,RF,hyperparameter,0.0001351351351349,0.000120683448192,0.0002116922115867,-0.0013109598235979,-0.019271948608137,,,,,
1042.0,ring,RF,hyperparameter,-0.0013513513513514,-0.0013356998588032,-0.0014496497391239,-0.0004774264799551,-0.0251605995717345,,,,,
1043.0,ring,RF,hyperparameter,0.0,2.6299056508083396e-06,-1.6794395207408996e-05,4.7395760923718555e-06,-0.0224839400428267,,,,,
1044.0,twonorm,KNN,hyperparameter,-0.0002702702702703,-0.0002711484028977,-0.0002873408131816,-0.0007604051721697,-0.0008131508131509,,,,,
1045.0,twonorm,KNN,hyperparameter,-0.0012162162162162,-0.0012149021760251,-0.00117238504959,-0.0028978419963143,0.0005396630396627,,,,,
1046.0,twonorm,KNN,hyperparameter,-0.001081081081081,-0.0010809348309347,-0.0010724219404717,-0.0013360378199075,-0.001893061893062,,,,,
1047.0,twonorm,KNN,hyperparameter,-0.0004054054054054,-0.0004055519714267,-0.0004148759135055,-0.0002781690651205,-0.0013536913536912,,,,,
1048.0,twonorm,KNN,hyperparameter,-0.0004054054054052,-0.000403068877691,-0.0004110611574259,-0.0015708385003035,-0.0005405405405403,,,,,
1049.0,twonorm,KNN,hyperparameter,0.0002702702702703,0.0002702705861453,0.0002695417789758,0.0002685284640172,0.0002705627705628,,,,,
1050.0,twonorm,SVC,hyperparameter,-0.0008108108108108,-0.0008111033111032,-0.0008075852939396,-0.0028763052911537,-0.0016224991224992,,,,,
1051.0,twonorm,SVC,hyperparameter,-0.0018918918918919,-0.0018932084590832,-0.0019264093467538,-0.0021543239065627,-0.0032464607464609,,,,,
1052.0,twonorm,SVC,hyperparameter,-0.0021621621621622,-0.00216011876649,-0.0020897368015252,-0.0052751342013489,-0.0002708552708554,,,,,
1053.0,twonorm,SVC,hyperparameter,-0.0010810810810811,-0.0010826892009397,-0.0011105332243527,-0.0020957815730736,-0.0021647946647948,,,,,
1054.0,twonorm,SVC,hyperparameter,-0.0016216216216217,-0.0016219157012892,-0.0016340908008527,-0.0036829583137987,-0.0018939393939396,,,,,
1055.0,twonorm,SVC,hyperparameter,-0.0002702702702702,-0.000268663413912,-0.000231890210938,-0.0018311097771014,-0.0010822510822509,,,,,
1056.0,twonorm,LR,hyperparameter,0.0,-2.921844172165678e-07,5.146551736778804e-06,-0.0002625830134486,-0.000540833040833,,,,,
1057.0,twonorm,LR,hyperparameter,-0.0008108108108108,-0.0008111039428532,-0.0008179582205743,-0.0007927605260663,-0.0010822510822511,,,,,
1058.0,twonorm,LR,hyperparameter,0.0,0.0,2.2160159374173816e-08,-1.1061858177230377e-06,-0.0002702702702703,,,,,
1059.0,twonorm,LR,hyperparameter,-0.0004054054054055,-0.0004059904059904,-0.0004112093962638,-0.0007903812453368,-0.0010822510822512,,,,,
1060.0,twonorm,LR,hyperparameter,-0.0001351351351349,-0.0001349892008639,-0.0001335684137415,-0.0002708128719164,-0.0002705627705628,,,,,
1061.0,twonorm,LR,hyperparameter,-0.0002702702702703,-0.0002702705861451,-0.0002794116218411,-0.0007982661124887,-0.0005408330408329,,,,,
1062.0,twonorm,NB,hyperparameter,0.0,0.0,0.0,0.0,0.0,,,,,
1063.0,twonorm,NB,hyperparameter,0.0,0.0,0.0,0.0,0.0,,,,,
1064.0,twonorm,NB,hyperparameter,0.0,0.0,0.0,0.0,0.0,,,,,
1065.0,twonorm,NB,hyperparameter,0.0,0.0,0.0,0.0,0.0,,,,,
1066.0,twonorm,NB,hyperparameter,0.0,0.0,0.0,0.0,0.0,,,,,
1067.0,twonorm,NB,hyperparameter,0.0,0.0,0.0,0.0,0.0,,,,,
1068.0,twonorm,DT,hyperparameter,-0.0028378378378377,-0.0028412012753264,-0.0033165228609728,-0.0015304479299022,-0.0059523809523809,,,,,
1069.0,twonorm,DT,hyperparameter,-0.0033783783783785,-0.0033782362346075,-0.003281337384881,-0.0033105126514525,-0.0032467532467531,,,,,
1070.0,twonorm,DT,hyperparameter,-0.002027027027027,-0.0020239614597066,-0.0015799206948662,-0.0039745315699238,-1.1700011699478097e-06,,,,,
1071.0,twonorm,DT,hyperparameter,-0.0039189189189189,-0.003916146483641,-0.0033085738549156,-0.0066740537812131,-2.925002924314413e-07,,,,,
1072.0,twonorm,DT,hyperparameter,-0.0022972972972974,-0.0022942320458518,-0.0018587433014736,-0.0042426837138371,0.0,,,,,
1073.0,twonorm,DT,hyperparameter,-0.0014864864864864,-0.0014860499471731,-0.0014446932610308,-0.0018434092724239,-0.0010822510822511,,,,,
1074.0,twonorm,RF,hyperparameter,-0.0010810810810811,-0.0010802051595788,-0.0010697718994313,-0.0016130841051528,-0.0005402480402479,,,,,
1075.0,twonorm,RF,hyperparameter,-0.0004054054054052,-0.0004054054054054,-0.0004152721940403,-0.0007569847548134,-0.0008108108108108,,,,,
1076.0,twonorm,RF,hyperparameter,0.0,2.9218441743861234e-07,6.421107933030079e-06,-0.0006539077494019,-0.0008119808119807,,,,,
1077.0,twonorm,RF,hyperparameter,-0.0002702702702703,-0.0002708549549801,-0.0003033206234407,-7.636103112385051e-06,-0.0016224991224992,,,,,
1078.0,twonorm,RF,hyperparameter,-0.0009459459459459,-0.0009460931437171,-0.0009464407566783,-0.0008031931901349,-0.0010822510822509,,,,,
1079.0,twonorm,RF,hyperparameter,-0.0002702702702701,-0.0002705627705628,-0.0002782228983929,-0.0002279387721949,-0.0005411255411257,,,,,
1080.0,clean1,KNN,hyperparameter,-0.0126050420168066,-0.0138891233875869,-0.0148388777537933,-0.0085895985608119,-0.0339366515837104,,,,,
1081.0,clean1,KNN,hyperparameter,-0.0105042016806722,-0.0092734855136082,-0.0098603585630119,-0.0164769695664255,-0.0145173453996984,,,,,
1082.0,clean1,KNN,hyperparameter,0.0,0.0,0.0,0.0,-0.0049019607843135,,,,,
1083.0,clean1,KNN,hyperparameter,-0.0168067226890755,-0.0175888093469305,-0.0188038004510076,-0.0137544802867384,-0.0335595776772246,,,,,
1084.0,clean1,KNN,hyperparameter,-0.0147058823529412,-0.0125215269804822,-0.0130032182261363,-0.0274498011566977,0.0048076923076924,,,,,
1085.0,clean1,KNN,hyperparameter,0.0,0.0,0.0,-0.0026185414036736,-0.0048076923076924,,,,,
1086.0,clean1,SVC,hyperparameter,0.0,0.0,0.0,-0.0047169811320756,0.0,,,,,
1087.0,clean1,SVC,hyperparameter,0.0,0.0,0.0,0.0,0.0,,,,,
1088.0,clean1,SVC,hyperparameter,0.0,0.0,0.0,0.0,0.0,,,,,
1089.0,clean1,SVC,hyperparameter,0.0,0.0,0.0,0.0,0.0,,,,,
1090.0,clean1,SVC,hyperparameter,0.0,0.0,0.0,-0.0047169811320756,0.0,,,,,
1091.0,clean1,SVC,hyperparameter,0.0,0.0,0.0,-0.0048076923076924,0.0,,,,,
1092.0,clean1,LR,hyperparameter,0.0,0.0,0.0,0.0,0.0,,,,,
1093.0,clean1,LR,hyperparameter,0.0,0.0,0.0,0.0,0.0,,,,,
1094.0,clean1,LR,hyperparameter,0.0,0.0,0.0,0.0,0.0,,,,,
1095.0,clean1,LR,hyperparameter,0.0,0.0,0.0,0.0,0.0,,,,,
1096.0,clean1,LR,hyperparameter,0.0,0.0,0.0,0.0,0.0,,,,,
1097.0,clean1,LR,hyperparameter,0.0021008403361344,0.002403846153846,0.0024271844660194,0.0,0.0048076923076924,,,,,
1098.0,clean1,NB,hyperparameter,0.0,0.0,0.0,0.0,0.0,,,,,
1099.0,clean1,NB,hyperparameter,0.0,0.0,0.0,0.0,0.0,,,,,
1100.0,clean1,NB,hyperparameter,0.0,0.0,0.0,0.0,0.0,,,,,
1101.0,clean1,NB,hyperparameter,0.0,0.0,0.0,0.0,0.0,,,,,
1102.0,clean1,NB,hyperparameter,0.0,0.0,0.0,0.0,0.0,,,,,
1103.0,clean1,NB,hyperparameter,-0.0021008403361344,-0.001865671641791,-0.0021266236040856,-0.0045379460031582,0.0,,,,,
1104.0,clean1,DT,hyperparameter,0.0,0.0,0.0,0.0,0.0,,,,,
1105.0,clean1,DT,hyperparameter,0.0,0.0,0.0,0.0,0.0,,,,,
1106.0,clean1,DT,hyperparameter,0.0,0.0,0.0,0.0,0.0,,,,,
1107.0,clean1,DT,hyperparameter,0.0,0.0,0.0,0.0,0.0,,,,,
1108.0,clean1,DT,hyperparameter,0.0,0.0,0.0,0.0,0.0,,,,,
1109.0,clean1,DT,hyperparameter,0.0,0.0,0.0,0.0,0.0,,,,,
1110.0,clean1,RF,hyperparameter,-0.0021008403361343,-0.0018656716417911,-0.0023809523809523,-0.0047169811320756,0.0,,,,,
1111.0,clean1,RF,hyperparameter,-0.0021008403361344,-0.0024509803921567,-0.0024752475247525,0.0,-0.0049019607843138,,,,,
1112.0,clean1,RF,hyperparameter,-0.0021008403361345,-0.0018656716417909,-0.0023360287511231,-0.0047169811320751,0.0,,,,,
1113.0,clean1,RF,hyperparameter,0.0,0.0,0.0,0.0,0.0,,,,,
1114.0,clean1,RF,hyperparameter,0.0,2.7436347673326367e-05,-4.623208506726595e-05,-9.071117561676444e-05,0.0,,,,,
1115.0,clean1,RF,hyperparameter,-0.004201680672269,-0.0042695177956372,-0.0049019607843138,-0.005,-0.0048076923076921,,,,,
1116.0,dna,KNN,hyperparameter,0.0,0.0,0.0,0.0,0.0,,,,,
1117.0,dna,KNN,hyperparameter,0.0,0.0,0.0,0.0,0.0,,,,,
1118.0,dna,KNN,hyperparameter,0.0,0.0,0.0,0.0,0.0,,,,,
1119.0,dna,KNN,hyperparameter,0.0,0.0,0.0,0.0,0.0,,,,,
1120.0,dna,KNN,hyperparameter,0.0,0.0,0.0,0.0,0.0,,,,,
1121.0,dna,KNN,hyperparameter,0.0,0.0,0.0,0.0,0.0,,,,,
1122.0,dna,SVC,hyperparameter,0.0003136762860728,0.0001990158480242,0.0004128255773948,6.727743747936277e-05,0.0001990158480242,,,,,
1123.0,dna,SVC,hyperparameter,-0.0012547051442908,-0.0013371046535868,-0.0013783290145107,-0.0014540191185966,-0.0013371046535868,,,,,
1124.0,dna,SVC,hyperparameter,-0.0003140703517587,-0.0006685523267934,-0.0006582032034604,-0.0006600778696844,-0.0006685523267934,,,,,
1125.0,dna,SVC,hyperparameter,-0.0015695636274219,-0.0019401591333577,-0.0020432311512136,-0.0021111032968665,-0.0019401591333577,,,,,
1126.0,dna,SVC,hyperparameter,-0.0015687754960498,-0.0019447039268425,-0.001821141347344,-0.0016651701817675,-0.0019447039268425,,,,,
1127.0,dna,SVC,hyperparameter,-0.0021965221338815,-0.0014132396330596,-0.0016355909879203,-0.0018321183897691,-0.0014132396330596,,,,,
1128.0,dna,LR,hyperparameter,0.0,0.0,0.0,0.0,0.0,,,,,
1129.0,dna,LR,hyperparameter,0.0,0.0,0.0,0.0,0.0,,,,,
1130.0,dna,LR,hyperparameter,0.0,0.0,0.0,0.0,0.0,,,,,
1131.0,dna,LR,hyperparameter,-0.0003136762860728,-0.0004340277777777,-0.0004319730964644,-0.0004196922707737,-0.0004340277777777,,,,,
1132.0,dna,LR,hyperparameter,0.0,0.0,0.0,0.0,0.0,,,,,
1133.0,dna,LR,hyperparameter,-0.0003136762860728,-0.0002012882447663,-0.0003142175341213,-0.0004241062206323,-0.0002012882447663,,,,,
1134.0,dna,NB,hyperparameter,0.0,0.0,0.0,0.0,0.0,,,,,
1135.0,dna,NB,hyperparameter,0.0,0.0,0.0,0.0,0.0,,,,,
1136.0,dna,NB,hyperparameter,0.0,0.0,0.0,0.0,0.0,,,,,
1137.0,dna,NB,hyperparameter,0.0,0.0,0.0,0.0,0.0,,,,,
1138.0,dna,NB,hyperparameter,0.0,0.0,0.0,0.0,0.0,,,,,
1139.0,dna,NB,hyperparameter,0.0,0.0,0.0,0.0,0.0,,,,,
1140.0,dna,DT,hyperparameter,0.0,0.0,0.0,0.0,0.0,,,,,
1141.0,dna,DT,hyperparameter,-0.0028230865746552,-0.0029957434386356,-0.0034905824237927,-0.0038912769721736,-0.0029957434386356,,,,,
1142.0,dna,DT,hyperparameter,-0.0012582517354651,0.0,0.0,0.0,0.0,,,,,
1143.0,dna,DT,hyperparameter,-0.0012543110786049,0.0005782955861292,-0.0018777336643851,-0.0036055371139109,0.0005782955861292,,,,,
1144.0,dna,DT,hyperparameter,0.0003121000233285,-0.0009641944362943,-9.42685909425256e-05,0.000651617016514,-0.0009641944362943,,,,,
1145.0,dna,DT,hyperparameter,-0.0012562814070352,-0.0015038589588378,-0.0018540815231441,-0.0024481170343482,-0.0015038589588378,,,,,
1146.0,dna,RF,hyperparameter,0.0,0.0,0.0,0.0,0.0,,,,,
1147.0,dna,RF,hyperparameter,0.0006277466378316,0.0011003077078287,0.0008889526958814,0.0006309425321234,0.0011003077078287,,,,,
1148.0,dna,RF,hyperparameter,-0.001256281407035,-0.0017383835078533,-0.0014346936284581,-0.0011134611689032,-0.0017383835078533,,,,,
1149.0,dna,RF,hyperparameter,0.0,0.0,0.0,0.0,0.0,,,,,
1150.0,dna,RF,hyperparameter,-0.001254705144291,-0.0017406559045958,-0.001864662095698,-0.0020644999566612,-0.0017406559045958,,,,,
1151.0,dna,RF,hyperparameter,0.0,-0.0002345245490157,-0.0001182572533195,5.49026154839094e-06,-0.0002345245490157,,,,,
1152.0,phoneme,KNN,hyperparameter,0.0009252405625461,0.0024721992721845,0.0027681982391358,-0.0022181029672668,0.0044191919191919,,,,,
1153.0,phoneme,KNN,hyperparameter,0.0007401924500369,0.000523560209424,0.0010171708120413,0.0020604799937204,0.0,,,,,
1154.0,phoneme,KNN,hyperparameter,0.0007401924500369,0.0007066274151902,0.0010836465558441,0.0015511009536868,0.0006265425031168,,,,,
1155.0,phoneme,KNN,hyperparameter,-0.0014803849000739,-0.0021512232730807,-0.0029024767801857,-0.00240788800995,-0.0037783375314861,,,,,
1156.0,phoneme,KNN,hyperparameter,0.0014803849000741,0.0012338887454856,0.0022291777989447,0.0035507357842383,0.0006344935501108,,,,,
1157.0,phoneme,KNN,hyperparameter,-0.0007401924500369,-0.0015850899235939,-0.0017265520366888,-0.0001029810298103,-0.0063115411037325,,,,,
1158.0,phoneme,SVC,hyperparameter,0.0,0.0,0.0,0.0,0.0,,,,,
1159.0,phoneme,SVC,hyperparameter,0.0,0.0,0.0,0.0,0.0,,,,,
1160.0,phoneme,SVC,hyperparameter,0.0,0.0,0.0,0.0,0.0,,,,,
1161.0,phoneme,SVC,hyperparameter,0.0,0.0,0.0,0.0,0.0,,,,,
1162.0,phoneme,SVC,hyperparameter,0.0,0.0,0.0,0.0,0.0,,,,,
1163.0,phoneme,SVC,hyperparameter,0.0,0.0,0.0,0.0,0.0,,,,,
1164.0,phoneme,LR,hyperparameter,-0.0003700962250183,-0.0004457515133131,-0.0006876817747532,-0.0008005407701725,-0.0006297229219143,,,,,
1165.0,phoneme,LR,hyperparameter,-0.0001850481125091,-0.0003156565656565,-0.0001792325321736,-0.0004538420332123,-0.000631313131313,,,,,
1166.0,phoneme,LR,hyperparameter,-0.0003700962250186,-0.0006297229219143,-0.0010519852640196,-0.0006414262688727,-0.0012594458438286,,,,,
1167.0,phoneme,LR,hyperparameter,-0.0007401924500369,0.0,0.0003149844933583,-0.0022302841715036,0.0,,,,,
1168.0,phoneme,LR,hyperparameter,-0.0003700962250184,-0.0009973913364911,-0.0016997852555246,-0.0006985724283922,-0.0025188916876573,,,,,
1169.0,phoneme,LR,hyperparameter,-0.0001850481125091,-0.0003148614609571,-0.0005095726869039,-0.0003185464841906,-0.0006297229219143,,,,,
1170.0,phoneme,NB,hyperparameter,0.0,0.0,0.0,0.0,0.0,,,,,
1171.0,phoneme,NB,hyperparameter,0.0,0.0,0.0,0.0,0.0,,,,,
1172.0,phoneme,NB,hyperparameter,0.0,0.0,0.0,0.0,0.0,,,,,
1173.0,phoneme,NB,hyperparameter,0.0,0.0,0.0,0.0,0.0,,,,,
1174.0,phoneme,NB,hyperparameter,0.0,0.0,0.0,0.0,0.0,,,,,
1175.0,phoneme,NB,hyperparameter,0.0,0.0,0.0,0.0,0.0,,,,,
1176.0,phoneme,DT,hyperparameter,-0.0094374537379718,-0.0083365109873688,-0.0135591512726785,-0.021045808458503,-0.0056738671348243,,,,,
1177.0,phoneme,DT,hyperparameter,-0.0033308660251665,-0.001249395572765,-0.0033965904735528,-0.0101357536487074,-0.0107275526041269,,,,,
1178.0,phoneme,DT,hyperparameter,-0.0057364914877869,-0.0031893349035573,-0.0048402167052518,-0.020980552991784,-0.0082086609164695,,,,,
1179.0,phoneme,DT,hyperparameter,-0.0040710584752035,0.0002425819431902,-0.0027910089972292,-0.0158278251174643,0.010705289672544,,,,,
1180.0,phoneme,DT,hyperparameter,0.0,0.0,0.0,0.0,0.0,,,,,
1181.0,phoneme,DT,hyperparameter,0.0,0.0,0.0,0.0,-0.0044144212909955,,,,,
1182.0,phoneme,RF,hyperparameter,-0.0018504811250925,-0.0025990856978663,-0.0033593333810398,-0.0023004891449472,-0.0044128310815967,,,,,
1183.0,phoneme,RF,hyperparameter,-0.0001850481125091,-0.0007921193062702,-0.0004817431997433,0.000506574036857,-0.0031565656565656,,,,,
1184.0,phoneme,RF,hyperparameter,-0.0007401924500369,-0.0010756116365403,-0.001388555901862,-0.0010188913130736,-0.0018891687657431,,,,,
1185.0,phoneme,RF,hyperparameter,0.0,0.0003700537286749,0.0001760139905828,-0.0009633726244568,0.001264216472025,,,,,
1186.0,phoneme,RF,hyperparameter,-0.0001850481125093,-0.0006842572862453,-0.0006010199175263,1.935930741103764e-05,-0.0018923491845405,,,,,
1187.0,phoneme,RF,hyperparameter,-0.0003700962250183,-0.0006297229219144,-0.0007519942755678,-0.0001973697878794,-0.0012594458438286,,,,,
1188.0,mfeat_pixel,KNN,hyperparameter,-0.0015,-0.0015,-0.0015628630176875,-0.0015635982846411,-0.0015,,,,,
1189.0,mfeat_pixel,KNN,hyperparameter,0.0,0.0,-9.691216999563323e-06,-7.213587776244701e-05,0.0,,,,,
1190.0,mfeat_pixel,KNN,hyperparameter,0.0,0.0,1.2717709608200956e-05,0.0001038824422764,0.0,,,,,
1191.0,mfeat_pixel,KNN,hyperparameter,-0.0034999999999999,-0.0034999999999999,-0.0034813345606843,-0.0033016715659124,-0.0034999999999999,,,,,
1192.0,mfeat_pixel,KNN,hyperparameter,-0.0024999999999999,-0.0024999999999999,-0.0025041992687946,-0.0025408150409628,-0.0024999999999999,,,,,
1193.0,mfeat_pixel,KNN,hyperparameter,0.0,0.0,-4.7204499202591066e-05,-3.171851643257728e-05,0.0,,,,,
1194.0,mfeat_pixel,SVC,hyperparameter,0.0,0.0,4.691405515178104e-06,1.9936820882082703e-05,0.0,,,,,
1195.0,mfeat_pixel,SVC,hyperparameter,-0.001,-0.001,-0.0010051035715817,-0.0010204331732693,-0.001,,,,,
1196.0,mfeat_pixel,SVC,hyperparameter,-0.001,-0.001,-0.0009731917716685,-0.0008536534271827,-0.001,,,,,
1197.0,mfeat_pixel,SVC,hyperparameter,0.0005,0.0005,0.0004739561592248,0.0004796112566942,0.0005,,,,,
1198.0,mfeat_pixel,SVC,hyperparameter,-0.0014999999999999,-0.0014999999999999,-0.0014971309079607,-0.0014655987525822,-0.0014999999999999,,,,,
1199.0,mfeat_pixel,SVC,hyperparameter,-0.002,-0.002,-0.001980342151862,-0.0019419075322436,-0.002,,,,,
1200.0,mfeat_pixel,LR,hyperparameter,0.0,0.0,0.0,0.0,0.0,,,,,
1201.0,mfeat_pixel,LR,hyperparameter,0.0,0.0,4.092835636393399e-05,0.0001970647135819,0.0,,,,,
1202.0,mfeat_pixel,LR,hyperparameter,-0.001,-0.001,-0.001021016954287,-0.0009796326005001,-0.001,,,,,
1203.0,mfeat_pixel,LR,hyperparameter,-0.0005,-0.0005,-0.000491563991564,-0.0004412835841408,-0.0005,,,,,
1204.0,mfeat_pixel,LR,hyperparameter,0.0,0.0,-1.9694158161498443e-05,-8.819553462402485e-05,0.0,,,,,
1205.0,mfeat_pixel,LR,hyperparameter,-0.004,-0.004,-0.0039780749909563,-0.0040766269215312,-0.004,,,,,
1206.0,mfeat_pixel,NB,hyperparameter,-0.001,-0.001,-0.0009800912295384,-0.0010341675152634,-0.001,,,,,
1207.0,mfeat_pixel,NB,hyperparameter,-0.0015,-0.0015,-0.001506695192382,-0.0016177090663204,-0.0015,,,,,
1208.0,mfeat_pixel,NB,hyperparameter,-0.001,-0.001,-0.0009411416111507,-0.000564360033228,-0.001,,,,,
1209.0,mfeat_pixel,NB,hyperparameter,-0.0015,-0.0015,-0.0013359513342249,-0.0007626458910192,-0.0015,,,,,
1210.0,mfeat_pixel,NB,hyperparameter,0.0005,0.0005,0.0004992510545351,0.0004323548796478,0.0005,,,,,
1211.0,mfeat_pixel,NB,hyperparameter,-0.0014999999999999,-0.0014999999999999,-0.0015026124715832,-0.0010997916797668,-0.0014999999999999,,,,,
1212.0,mfeat_pixel,DT,hyperparameter,0.001,0.001,0.0012647223271535,0.0006180584650092,0.001,,,,,
1213.0,mfeat_pixel,DT,hyperparameter,0.0044999999999999,0.0044999999999999,0.0043422617297583,0.0024104426764857,0.0044999999999999,,,,,
1214.0,mfeat_pixel,DT,hyperparameter,-0.0084999999999999,-0.0085,-0.0086590968762481,-0.0089080451216554,-0.0085,,,,,
1215.0,mfeat_pixel,DT,hyperparameter,0.0025,0.0024999999999999,0.0025149532877286,0.0026965793354273,0.0024999999999999,,,,,
1216.0,mfeat_pixel,DT,hyperparameter,-0.0014999999999999,-0.0015,-0.0013029980315633,-0.0008058031983625,-0.0015,,,,,
1217.0,mfeat_pixel,DT,hyperparameter,-0.002,-0.002,-0.0020372827296094,-0.0011175586444251,-0.002,,,,,
1218.0,mfeat_pixel,RF,hyperparameter,-0.001,-0.001,-0.0009825700003536,-0.0009133720019831,-0.001,,,,,
1219.0,mfeat_pixel,RF,hyperparameter,-0.002,-0.002,-0.0019947340849125,-0.0018649927250782,-0.002,,,,,
1220.0,mfeat_pixel,RF,hyperparameter,-0.0004999999999999,-0.0004999999999999,-0.0005268222276175,-0.0004934228744807,-0.0004999999999999,,,,,
1221.0,mfeat_pixel,RF,hyperparameter,-0.0035,-0.0035,-0.0034655731934105,-0.0034126681877395,-0.0035,,,,,
1222.0,mfeat_pixel,RF,hyperparameter,-0.0005,-0.0005,-0.0004997908652123,-0.0005153079293324,-0.0005,,,,,
1223.0,mfeat_pixel,RF,hyperparameter,-0.0024999999999999,-0.0024999999999999,-0.0025206978235478,-0.002478583945853,-0.0024999999999999,,,,,
1224.0,banana,KNN,hyperparameter,-0.0022641509433961,-0.0022886180546919,-0.0025808205303197,-0.0025536559738096,-0.0042087542087542,,,,,
1225.0,banana,KNN,hyperparameter,-0.0022641509433962,-0.0022886180546918,-0.0025329725624406,-0.0035683957949576,-0.0025252525252524,,,,,
1226.0,banana,KNN,hyperparameter,0.0,0.0,0.0,-0.0008872022025223,0.0,,,,,
1227.0,banana,KNN,hyperparameter,-0.0020754716981131,-0.0017232286384133,-0.0018327704022447,-0.0053751424437666,0.0016835016835017,,,,,
1228.0,banana,KNN,hyperparameter,-0.0016981132075472,-0.0018545003155127,-0.0020567965527908,-0.003825328647865,-0.0033670033670034,,,,,
1229.0,banana,KNN,hyperparameter,-0.001132075471698,-0.0011443090273458,-0.0012776764356863,-0.0024959256866222,-0.0012626262626262,,,,,
1230.0,banana,SVC,hyperparameter,-0.0007547169811323,-0.000644555449617,-0.0007108990279294,-0.0020240981317032,-0.0021043771043771,,,,,
1231.0,banana,SVC,hyperparameter,0.0005660377358491,0.0007890694450199,0.0009248907947402,-0.0013285994213702,0.0004208754208754,,,,,
1232.0,banana,SVC,hyperparameter,0.0003773584905661,0.000499753577729,0.0005768964803202,-0.0007157237735997,1.1102230246251563e-16,,,,,
1233.0,banana,SVC,hyperparameter,-0.000377358490566,-0.0002236800287416,-0.0002316741140415,-0.0019617841339969,0.0008417508417508,,,,,
1234.0,banana,SVC,hyperparameter,0.0,0.0,0.0,-0.0004227289062606,0.0,,,,,
1235.0,banana,SVC,hyperparameter,0.0003773584905659,0.000460314499302,0.0005305567778066,-0.0002881205673758,-0.0004208754208754,,,,,
1236.0,banana,LR,hyperparameter,0.0,0.0,0.0,0.0,-0.0197811447811447,,,,,
1237.0,banana,LR,hyperparameter,0.0,0.0,0.0,0.0,-0.0223063973063973,,,,,
1238.0,banana,LR,hyperparameter,0.0,0.0,0.0,0.0,-0.0155723905723905,,,,,
1239.0,banana,LR,hyperparameter,0.0,0.0,0.0,0.0,-0.0164141414141414,,,,,
1240.0,banana,LR,hyperparameter,0.0,0.0,0.0,0.0,-0.0155723905723905,,,,,
1241.0,banana,LR,hyperparameter,0.0,0.0,0.0,0.0,-0.0172558922558923,,,,,
1242.0,banana,NB,hyperparameter,0.0,0.0,0.0,0.0,0.0,,,,,
1243.0,banana,NB,hyperparameter,0.0,0.0,0.0,0.0,0.0,,,,,
1244.0,banana,NB,hyperparameter,0.0,0.0,0.0,0.0,0.0,,,,,
1245.0,banana,NB,hyperparameter,0.0,0.0,0.0,0.0,0.0,,,,,
1246.0,banana,NB,hyperparameter,0.0,0.0,0.0,0.0,0.0,,,,,
1247.0,banana,NB,hyperparameter,0.0,0.0,0.0,0.0,0.0,,,,,
1248.0,banana,DT,hyperparameter,0.0,0.0,0.0,0.0,-0.0084175084175082,,,,,
1249.0,banana,DT,hyperparameter,0.0,0.0,0.0,0.0,-0.0004208754208754,,,,,
1250.0,banana,DT,hyperparameter,0.0,0.0,0.0,0.0,-0.0071548821548822,,,,,
1251.0,banana,DT,hyperparameter,0.0,0.0,0.0,0.0,-0.0202020202020201,,,,,
1252.0,banana,DT,hyperparameter,-0.0001886792452829,-1.3242318303907652e-05,1.4254964291193772e-05,-0.0016749361860783,-0.0042087542087541,,,,,
1253.0,banana,DT,hyperparameter,0.0011320754716981,0.0004476479339681,0.0013792201292199,0.0006491468355875,-0.0109427609427609,,,,,
1254.0,banana,RF,hyperparameter,-0.0022641509433962,-0.0020125445057046,-0.0022685389833789,-0.0051626000652539,-0.0122053872053872,,,,,
1255.0,banana,RF,hyperparameter,-0.000188679245283,-0.0009597802005464,-0.0012083933206905,-3.757670067716656e-05,-0.018097643097643,,,,,
1256.0,banana,RF,hyperparameter,-0.0013207547169811,-0.0015913812083443,-0.0017162662178009,-0.0030548546324059,-0.015993265993266,,,,,
1257.0,banana,RF,hyperparameter,-0.0007547169811322,-0.0011045820724342,-0.0006646720418426,-0.0026833098799029,-0.0180976430976431,,,,,
1258.0,banana,RF,hyperparameter,-0.001320754716981,-0.0008420387182357,-0.0008679234020244,-0.0059379620035097,-0.01010101010101,,,,,
1259.0,banana,RF,hyperparameter,0.0001886792452829,-0.0005783438580976,-0.0005912118228372,0.0001983304913234,-0.0218855218855219,,,,,
1260.0,mfeat_factors,KNN,hyperparameter,-0.005,-0.0049999999999998,-0.0048715328192475,-0.004674918186606,-0.0049999999999998,,,,,
1261.0,mfeat_factors,KNN,hyperparameter,-0.001,-0.001,-0.0008986810403084,-0.0003046983611821,-0.001,,,,,
1262.0,mfeat_factors,KNN,hyperparameter,-0.004,-0.004,-0.0040059501967811,-0.0036283788605749,-0.004,,,,,
1263.0,mfeat_factors,KNN,hyperparameter,0.001,0.001,0.0009721796847206,0.0009794864171661,0.001,,,,,
1264.0,mfeat_factors,KNN,hyperparameter,-0.003,-0.003,-0.0028780370164527,-0.002661067186629,-0.003,,,,,
1265.0,mfeat_factors,KNN,hyperparameter,-0.0015,-0.0015,-0.0013395082650816,-0.0006387807617695,-0.0015,,,,,
1266.0,mfeat_factors,SVC,hyperparameter,-0.004,-0.004,-0.004016403644103,-0.0040467615407999,-0.004,,,,,
1267.0,mfeat_factors,SVC,hyperparameter,-0.0025,-0.0025,-0.0024975921780151,-0.0023485610055987,-0.0025,,,,,
1268.0,mfeat_factors,SVC,hyperparameter,-0.0024999999999999,-0.0024999999999999,-0.0025175364908888,-0.0023996303777992,-0.0024999999999999,,,,,
1269.0,mfeat_factors,SVC,hyperparameter,0.0,0.0,-6.139731559606787e-06,-2.109255616877803e-05,0.0,,,,,
1270.0,mfeat_factors,SVC,hyperparameter,-0.0014999999999999,-0.0014999999999999,-0.0015280227369736,-0.0014117547468296,-0.0014999999999999,,,,,
1271.0,mfeat_factors,SVC,hyperparameter,0.0,0.0,-2.4820134900016555e-05,-4.8781232376837735e-05,0.0,,,,,
1272.0,mfeat_factors,LR,hyperparameter,-0.0005,-0.0005,-0.000501634752282,-0.0004535558780843,-0.0005,,,,,
1273.0,mfeat_factors,LR,hyperparameter,-0.002,-0.002,-0.0019807487946744,-0.0019567174192689,-0.002,,,,,
1274.0,mfeat_factors,LR,hyperparameter,-0.0005,-0.0005,-0.0004997941483446,-0.0005203210456896,-0.0005,,,,,
1275.0,mfeat_factors,LR,hyperparameter,0.0,0.0,0.0,0.0,0.0,,,,,
1276.0,mfeat_factors,LR,hyperparameter,-0.0005,-0.0005,-0.00049106195084,-0.0004367575122291,-0.0005,,,,,
1277.0,mfeat_factors,LR,hyperparameter,0.0,0.0,9.1210947457121e-06,4.488598777685482e-05,0.0,,,,,
1278.0,mfeat_factors,NB,hyperparameter,0.0,0.0,0.0,0.0,0.0,,,,,
1279.0,mfeat_factors,NB,hyperparameter,0.0,0.0,-1.7919360831175624e-05,-9.42842191247184e-05,0.0,,,,,
1280.0,mfeat_factors,NB,hyperparameter,0.0,0.0,0.0,-1.1092407503632271e-06,0.0,,,,,
1281.0,mfeat_factors,NB,hyperparameter,0.0,0.0,9.911701173037636e-06,-6.407529365526354e-05,0.0,,,,,
1282.0,mfeat_factors,NB,hyperparameter,0.0,0.0,0.0,0.0,0.0,,,,,
1283.0,mfeat_factors,NB,hyperparameter,-0.0005,-0.0005,-0.0004724635529356,-0.0004357721817693,-0.0005,,,,,
1284.0,mfeat_factors,DT,hyperparameter,-0.0005,-0.0004999999999999,-0.0003814567750847,-0.0004208872298112,-0.0004999999999999,,,,,
1285.0,mfeat_factors,DT,hyperparameter,0.0,0.0,0.0,0.0,0.0,,,,,
1286.0,mfeat_factors,DT,hyperparameter,0.0,0.0,0.0,-0.0025623495794601,0.0,,,,,
1287.0,mfeat_factors,DT,hyperparameter,0.0004999999999999,0.0004999999999999,0.0005753745027716,0.001055359259737,0.0004999999999999,,,,,
1288.0,mfeat_factors,DT,hyperparameter,0.0,0.0,0.0,0.0,0.0,,,,,
1289.0,mfeat_factors,DT,hyperparameter,0.0,0.0,0.0,0.0,0.0,,,,,
1290.0,mfeat_factors,RF,hyperparameter,-0.0004999999999999,-0.0004999999999999,-0.0005148619201247,-0.0004906649044036,-0.0004999999999999,,,,,
1291.0,mfeat_factors,RF,hyperparameter,-0.002,-0.002,-0.0019878669356028,-0.0019299975830238,-0.002,,,,,
1292.0,mfeat_factors,RF,hyperparameter,-0.0004999999999999,-0.0004999999999999,-0.0005087450134045,-0.0005575136786002,-0.0004999999999999,,,,,
1293.0,mfeat_factors,RF,hyperparameter,-0.001,-0.001,-0.0009627323511249,-0.0008304285566606,-0.001,,,,,
1294.0,mfeat_factors,RF,hyperparameter,-0.002,-0.002,-0.0020120860124365,-0.0018009569212299,-0.002,,,,,
1295.0,mfeat_factors,RF,hyperparameter,-0.0024999999999999,-0.0024999999999999,-0.0025446794012694,-0.0025139292160367,-0.0024999999999999,,,,,
1296.0,spambase,KNN,hyperparameter,0.0,0.0,0.0,0.0,-0.0016519823788547,,,,,
1297.0,spambase,KNN,hyperparameter,-0.0043478260869566,-0.0042629877019455,-0.0052722768146352,-0.0065646090871186,-0.0038631346578366,,,,,
1298.0,spambase,KNN,hyperparameter,-0.0008695652173914,-0.0009105564370797,-0.0012099248191814,-0.0011460885097546,-0.0011037527593819,,,,,
1299.0,spambase,KNN,hyperparameter,-0.0043478260869564,-0.003683398735039,-0.0045602779623987,-0.0088083927819067,-0.0060633466561641,,,,,
1300.0,spambase,KNN,hyperparameter,-0.0030410229290219,-0.0035672622406863,-0.0044040778928351,-0.0074189073551307,-0.0060584843092064,,,,,
1301.0,spambase,KNN,hyperparameter,-0.0015236278472406,-0.0017799398874394,-0.0015664150458164,-0.0026117227926082,-0.0060706401766004,,,,,
1302.0,spambase,SVC,hyperparameter,-0.0028260869565216,-0.0038769909514443,-0.0042531633490945,-0.0188981253350024,-0.0088300220750552,,,,,
1303.0,spambase,SVC,hyperparameter,0.0,0.0,0.0,-0.0382652070542617,0.0,,,,,
1304.0,spambase,SVC,hyperparameter,0.0,0.0,0.0,-0.0099018154232708,0.0,,,,,
1305.0,spambase,SVC,hyperparameter,-0.0002143693574587,0.0011815433345961,0.0005584218035985,-0.0378639709224946,0.0071743929359824,,,,,
1306.0,spambase,SVC,hyperparameter,-0.0004321384051674,-0.0007347402147082,-0.0008128467549064,-0.0199008559277004,-0.0021868405441938,,,,,
1307.0,spambase,SVC,hyperparameter,0.0,0.0,0.0,-0.0211774913292089,0.0,,,,,
1308.0,spambase,LR,hyperparameter,-0.0006521739130433,-0.0006346182472339,-0.0008666737229268,-0.0024576666046444,-0.0419109996012874,,,,,
1309.0,spambase,LR,hyperparameter,-0.0002173913043476,-0.0001793400286943,-0.0002567428787632,-0.0005432651460687,-0.0419231554686815,,,,,
1310.0,spambase,LR,hyperparameter,0.0015213613870735,0.0019285283620698,0.0021280687151832,0.0005410476563947,-0.0325570596415476,,,,,
1311.0,spambase,LR,hyperparameter,-0.0015217391304347,-0.0016417728454652,-0.0020085188351823,-0.0018850222580579,-0.0452246890529118,,,,,
1312.0,spambase,LR,hyperparameter,0.0,0.0,0.0,0.0,-0.038605819256839,,,,,
1313.0,spambase,LR,hyperparameter,-0.0013035923393646,-0.0007862456887132,-0.0013142392094241,-0.0045145469497428,-0.0457777810193422,,,,,
1314.0,spambase,NB,hyperparameter,0.0089130434782609,0.006676754048413,0.0067500593217629,-0.0716766460147358,-0.0567703319038032,,,,,
1315.0,spambase,NB,hyperparameter,0.0,0.0,0.0,-0.0682291548047665,-0.0474321945716758,,,,,
1316.0,spambase,NB,hyperparameter,-0.0010860121633362,-0.0012806616145975,-0.0012894647910399,-0.070518225155887,-0.0535247153095856,,,,,
1317.0,spambase,NB,hyperparameter,0.0041304347826087,0.0043734421567044,0.0044992096161318,-0.0688573170394616,-0.041912215188027,,,,,
1318.0,spambase,NB,hyperparameter,0.0,0.0,0.0,-0.0776785918263411,-0.046853575283718,,,,,
1319.0,spambase,NB,hyperparameter,0.011086956521739,0.0091463414634146,0.0091020728951763,-0.0583858984696106,-0.0457595472182513,,,,,
1320.0,spambase,DT,hyperparameter,-0.001955766252408,-0.0023389589292411,-0.0024365339156399,-0.0034948150155376,-0.029785521875699,,,,,
1321.0,spambase,DT,hyperparameter,-0.0019546330223244,-0.0015180698904683,-0.0022538991823682,-0.0055315177132596,-0.0082720677616672,,,,,
1322.0,spambase,DT,hyperparameter,-0.0030434782608695,-0.0038631346578366,-0.0044263949821099,-0.0034259938696542,-0.0253692952514319,,,,,
1323.0,spambase,DT,hyperparameter,-0.000217391304348,0.000496847099363,3.796635113806346e-05,-0.0085195328839182,-0.0126919411461524,,,,,
1324.0,spambase,DT,hyperparameter,0.0002162580742641,0.0008506648097944,0.0006973019644533,-0.0028315166703948,-0.0110363120070795,,,,,
1325.0,spambase,DT,hyperparameter,-0.0013043478260869,-0.0031046015563388,-0.0027593350252584,-0.0045813363563244,-0.029791599809396,,,,,
1326.0,spambase,RF,hyperparameter,-0.000652362784724,-0.0009244127306874,-0.0009359189701736,-0.005246366987418,-0.0022075055187635,,,,,
1327.0,spambase,RF,hyperparameter,-0.0004347826086957,-0.000551876379691,-0.0005907023450881,-0.0050411084674696,-0.001103752759382,,,,,
1328.0,spambase,RF,hyperparameter,-0.0010869565217391,-0.0009932983046232,-0.0013217353564085,-0.0065768821980159,-0.0016544135523334,,,,,
1329.0,spambase,RF,hyperparameter,-0.0004347826086957,-0.000648474540842,-0.000599086821554,-0.0038013075902335,-0.0016556291390728,,,,,
1330.0,spambase,RF,hyperparameter,-0.0006512295546408,-0.0010191875117296,-0.0009546604496684,-0.0048212668895871,-0.0027557351382364,,,,,
1331.0,spambase,RF,hyperparameter,-0.0013039700827259,-0.0011726383333175,-0.0016145754740285,-0.0055489296479394,-0.0005518763796907,,,,,
1332.0,Hill_Valley_with_noise,KNN,hyperparameter,-0.0066006600660065,-0.0066061781108399,-0.0058250572956455,-0.006680819180819,-0.0099119902405019,,,,,
1333.0,Hill_Valley_with_noise,KNN,hyperparameter,-0.0156765676567658,-0.0156740153363541,-0.0149072578461435,-0.0149742870598704,-0.0197695189961657,,,,,
1334.0,Hill_Valley_with_noise,KNN,hyperparameter,0.0024752475247524,0.0024507668177065,-0.0007846839559589,0.0026917779653357,-0.0049668874172185,,,,,
1335.0,Hill_Valley_with_noise,KNN,hyperparameter,0.0148514851485147,0.0148026315789474,0.0126668260954324,0.0143408681542234,0.0115131578947369,,,,,
1336.0,Hill_Valley_with_noise,KNN,hyperparameter,-0.0115511551155116,-0.0115294963401881,-0.0219088785758456,-0.0097873815967823,-0.0346375043569188,,,,,
1337.0,Hill_Valley_with_noise,KNN,hyperparameter,-0.0222772277227722,-0.0222801934471941,-0.0285691650899442,-0.0192753134830879,-0.0395499302892993,,,,,
1338.0,Hill_Valley_with_noise,SVC,hyperparameter,-0.0033003300330032,-0.0034365196932729,0.0013138656890804,-0.0763161418425936,-0.0065898396653887,,,,,
1339.0,Hill_Valley_with_noise,SVC,hyperparameter,-0.0396039603960396,-0.0397623300801674,-0.0325729946051828,-0.0657342309865741,-0.0115894039735098,,,,,
1340.0,Hill_Valley_with_noise,SVC,hyperparameter,-0.0618811881188118,-0.0615523701638202,-0.0399209122980929,-0.1055566366763945,-0.0163820146392468,,,,,
1341.0,Hill_Valley_with_noise,SVC,hyperparameter,-0.0437293729372938,-0.0435474032764029,-0.0423067798633408,-0.0726492776779317,-0.031173753921227,,,,,
1342.0,Hill_Valley_with_noise,SVC,hyperparameter,-0.0173267326732674,-0.0169701986754968,-0.0299042137309694,-0.0041685668897427,-0.0455624782154061,,,,,
1343.0,Hill_Valley_with_noise,SVC,hyperparameter,-0.0057755775577555,-0.0059798710352038,0.0009874861545032,-0.0439417784596424,-0.0396588532589752,,,,,
1344.0,Hill_Valley_with_noise,LR,hyperparameter,-0.0016501650165015,-0.0016447368421054,-0.0015264877880978,-0.0087144671063408,0.0,,,,,
1345.0,Hill_Valley_with_noise,LR,hyperparameter,-0.0024752475247523,-0.0024888898570928,-0.0022812088789178,-0.0123670434407041,-3.267689090258319e-05,,,,,
1346.0,Hill_Valley_with_noise,LR,hyperparameter,0.0008250825082507,0.0008332607180201,0.0007441920662656,-0.0088347559980547,-0.0016447368421051,,,,,
1347.0,Hill_Valley_with_noise,LR,hyperparameter,0.0016501650165016,0.0016556291390728,0.0017449664429531,-0.0108981196695484,0.0033112582781456,,,,,
1348.0,Hill_Valley_with_noise,LR,hyperparameter,-0.0016501650165016,-0.001650182990589,-0.0012651470208957,-0.01354570215921,0.0016665214360405,,,,,
1349.0,Hill_Valley_with_noise,LR,hyperparameter,-0.0016501650165016,-0.0016447368421056,-0.0013380286927742,-0.0141218081486257,-0.0098575287556641,,,,,
1350.0,Hill_Valley_with_noise,NB,hyperparameter,0.0,0.0,0.0,0.0,0.0,,,,,
1351.0,Hill_Valley_with_noise,NB,hyperparameter,0.0,0.0,0.0,0.0,0.0,,,,,
1352.0,Hill_Valley_with_noise,NB,hyperparameter,0.0,0.0,0.0,0.0,0.0,,,,,
1353.0,Hill_Valley_with_noise,NB,hyperparameter,0.0,0.0,0.0,0.0,0.0,,,,,
1354.0,Hill_Valley_with_noise,NB,hyperparameter,0.0,0.0,0.0,0.0,0.0,,,,,
1355.0,Hill_Valley_with_noise,NB,hyperparameter,0.0,0.0,0.0,0.0,0.0,,,,,
1356.0,Hill_Valley_with_noise,DT,hyperparameter,-0.0033003300330032,-0.003485535029627,-0.0375287356321839,-0.0119743586222629,-0.0596026490066224,,,,,
1357.0,Hill_Valley_with_noise,DT,hyperparameter,-0.0181518151815179,-0.0182010282328337,0.0525775202723236,-0.0376489836416557,-0.0888157894736841,,,,,
1358.0,Hill_Valley_with_noise,DT,hyperparameter,-0.0247524752475246,-0.0244096375043567,-0.2170517359351615,-0.0024193548387096,-0.2867506099686301,,,,,
1359.0,Hill_Valley_with_noise,DT,hyperparameter,0.0090759075907591,0.0091277448588358,0.0161839165282987,0.0016873203391361,0.0248344370860926,,,,,
1360.0,Hill_Valley_with_noise,DT,hyperparameter,-0.0074257425742573,-0.0073359620076681,-0.1175884631062466,0.0023255849024734,-0.1847442488672011,,,,,
1361.0,Hill_Valley_with_noise,DT,hyperparameter,0.0,-0.0002614151272221,0.0843378273851308,-0.0171060311995032,-0.021523178807947,,,,,
1362.0,Hill_Valley_with_noise,RF,hyperparameter,-0.0008250825082508,-0.0008169222725689,0.0002480431151122,-0.0010161471606926,-0.0032894736842105,,,,,
1363.0,Hill_Valley_with_noise,RF,hyperparameter,-0.0231023102310231,-0.0230753311258278,-0.038383714938336,-0.0239876805223102,-0.0512155803415823,,,,,
1364.0,Hill_Valley_with_noise,RF,hyperparameter,-0.0082508250825081,-0.0082726995468803,-0.0064358418662688,-0.0080887895330683,-0.0049777797141861,,,,,
1365.0,Hill_Valley_with_noise,RF,hyperparameter,-0.0049504950495049,-0.0049505489717671,-0.0083758276226987,-0.0044255001491338,-0.0115676193795747,,,,,
1366.0,Hill_Valley_with_noise,RF,hyperparameter,-0.0132013201320132,-0.0132232485186476,-0.0086837766020105,-0.0126009566942152,-0.005010456605089,,,,,
1367.0,Hill_Valley_with_noise,RF,hyperparameter,-0.0033003300330033,-0.0033058121296619,-0.000812628546733,-0.0028777991085264,0.0,,,,,
1368.0,Hill_Valley_without_noise,KNN,hyperparameter,-0.0024752475247524,-0.0023856209150326,-0.0060948648377047,-0.0013459205338186,-0.011437908496732,,,,,
1369.0,Hill_Valley_without_noise,KNN,hyperparameter,-0.0024752475247524,-0.0024183006535947,-0.0047967335324826,-0.0018706893033103,-0.0081699346405228,,,,,
1370.0,Hill_Valley_without_noise,KNN,hyperparameter,-0.0264026402640263,-0.0265849673202615,-0.0184006610237441,-0.0278661745049804,-0.0081699346405228,,,,,
1371.0,Hill_Valley_without_noise,KNN,hyperparameter,0.004125412541254,0.0042156862745097,-9.548818333726672e-05,0.0059536608966777,-0.0130718954248365,,,,,
1372.0,Hill_Valley_without_noise,KNN,hyperparameter,-0.0057755775577557,-0.0057352941176471,-0.0071432347988112,-0.0047226246232022,-0.0294117647058823,,,,,
1373.0,Hill_Valley_without_noise,KNN,hyperparameter,0.0082508250825081,0.0082352941176471,0.0090410657961583,0.00954831363124,0.0032679738562091,,,,,
1374.0,Hill_Valley_without_noise,SVC,hyperparameter,-0.0008250825082507,-0.0008169934640523,-0.0008196721311476,0.0,-0.0016339869281045,,,,,
1375.0,Hill_Valley_without_noise,SVC,hyperparameter,-0.0016501650165016,-0.0016503267973856,-0.0016287165069671,-0.0016024298282361,-0.0016339869281045,,,,,
1376.0,Hill_Valley_without_noise,SVC,hyperparameter,0.0,0.0,0.0,0.0,0.0,,,,,
1377.0,Hill_Valley_without_noise,SVC,hyperparameter,0.0,-1.6339869280956876e-05,0.0,-0.0016233766233766,0.0,,,,,
1378.0,Hill_Valley_without_noise,SVC,hyperparameter,-0.0016501650165016,-0.0016339869281045,-0.0016447368421051,0.0,-0.0032679738562092,,,,,
1379.0,Hill_Valley_without_noise,SVC,hyperparameter,0.0,0.0,0.0,0.0,0.0,,,,,
1380.0,Hill_Valley_without_noise,LR,hyperparameter,0.0008250825082507,0.0008169934640523,0.0008196721311476,0.0,0.0016339869281045,,,,,
1381.0,Hill_Valley_without_noise,LR,hyperparameter,-0.0008250825082507,-0.0008333333333333,-0.000814332247557,-0.0016233766233766,0.0,,,,,
1382.0,Hill_Valley_without_noise,LR,hyperparameter,0.0,0.0,0.0,0.0,0.0,,,,,
1383.0,Hill_Valley_without_noise,LR,hyperparameter,0.0,0.0,0.0,0.0,0.0,,,,,
1384.0,Hill_Valley_without_noise,LR,hyperparameter,0.0,0.0,0.0,0.0,0.0,,,,,
1385.0,Hill_Valley_without_noise,LR,hyperparameter,0.0,0.0,0.0,0.0,0.0,,,,,
1386.0,Hill_Valley_without_noise,NB,hyperparameter,0.0,0.0,0.0,0.0,0.0,,,,,
1387.0,Hill_Valley_without_noise,NB,hyperparameter,0.0,0.0,0.0,0.0,0.0,,,,,
1388.0,Hill_Valley_without_noise,NB,hyperparameter,0.0,0.0,0.0,0.0,0.0,,,,,
1389.0,Hill_Valley_without_noise,NB,hyperparameter,0.0,0.0,0.0,0.0,0.0,,,,,
1390.0,Hill_Valley_without_noise,NB,hyperparameter,0.0,0.0,0.0,0.0,0.0,,,,,
1391.0,Hill_Valley_without_noise,NB,hyperparameter,0.0,0.0,0.0,0.0,0.0,,,,,
1392.0,Hill_Valley_without_noise,DT,hyperparameter,0.0,0.0,0.0,0.0,-0.2352941176470588,,,,,
1393.0,Hill_Valley_without_noise,DT,hyperparameter,0.0,0.0,0.0,0.0,-0.3055555555555557,,,,,
1394.0,Hill_Valley_without_noise,DT,hyperparameter,0.0,0.0,0.0,0.0,-0.196078431372549,,,,,
1395.0,Hill_Valley_without_noise,DT,hyperparameter,0.0,0.0,0.0,0.0,-0.3120915032679739,,,,,
1396.0,Hill_Valley_without_noise,DT,hyperparameter,0.0,0.0,0.0,0.0,-0.1454248366013072,,,,,
1397.0,Hill_Valley_without_noise,DT,hyperparameter,-0.0189768976897689,-0.0188562091503265,-0.0244758745429757,-0.0177871136340037,-0.3071895424836601,,,,,
1398.0,Hill_Valley_without_noise,RF,hyperparameter,-0.0090759075907591,-0.0091830065359477,-0.0046528216512029,-0.0105953751804127,-0.0294117647058823,,,,,
1399.0,Hill_Valley_without_noise,RF,hyperparameter,-0.0016501650165016,-0.0018300653594771,0.0047043045359431,-0.0058280664093602,-0.0163398692810456,,,,,
1400.0,Hill_Valley_without_noise,RF,hyperparameter,-0.0090759075907591,-0.0092320261437909,-0.0028869307582021,-0.01133087717218,-0.0065359477124182,,,,,
1401.0,Hill_Valley_without_noise,RF,hyperparameter,-0.0107260726072607,-0.0108006535947712,-0.0078621569114718,-0.0112176805438843,-0.042483660130719,,,,,
1402.0,Hill_Valley_without_noise,RF,hyperparameter,-0.0099009900990099,-0.0098692810457514,-0.0107444567866714,-0.0087347220646235,-0.0310457516339869,,,,,
1403.0,Hill_Valley_without_noise,RF,hyperparameter,-0.0024752475247524,-0.0024999999999999,-0.0015206750363527,-0.002918861545719,-0.0310457516339869,,,,,
1404.0,waveform_40,KNN,hyperparameter,-0.0021999999999999,-0.0022099916618488,-0.0021616870453569,-0.0021363149645017,-0.0022099916618488,,,,,
1405.0,waveform_40,KNN,hyperparameter,0.0,0.0,0.0,0.0,0.0,,,,,
1406.0,waveform_40,KNN,hyperparameter,0.0,0.0,0.0,0.0,0.0,,,,,
1407.0,waveform_40,KNN,hyperparameter,0.0,0.0,0.0,0.0,0.0,,,,,
1408.0,waveform_40,KNN,hyperparameter,0.0,0.0,0.0,0.0,0.0,,,,,
1409.0,waveform_40,KNN,hyperparameter,-0.0025999999999999,-0.002606335899818,-0.0025777794833015,-0.002527717401444,-0.002606335899818,,,,,
1410.0,waveform_40,SVC,hyperparameter,-0.0006,-0.0006834944510355,-0.0004703503910996,-0.0007048308884699,-0.0006834944510355,,,,,
1411.0,waveform_40,SVC,hyperparameter,-0.0022,-0.0024581099366687,-0.001702621554966,-0.0044847547541112,-0.0024581099366687,,,,,
1412.0,waveform_40,SVC,hyperparameter,-0.0008,-0.0007241648181456,-0.0009227640177017,-0.0009164242308012,-0.0007241648181456,,,,,
1413.0,waveform_40,SVC,hyperparameter,-0.0038000000000001,-0.0037697759400827,-0.0038568447004722,-0.0036934737589787,-0.0037697759400827,,,,,
1414.0,waveform_40,SVC,hyperparameter,-0.0003999999999999,-0.0008114163400386,0.0,-0.0040339348705199,-0.0008114163400386,,,,,
1415.0,waveform_40,SVC,hyperparameter,-0.0014,-0.0014428958595534,-0.0013636214668866,-0.0023045779708766,-0.0014428958595534,,,,,
1416.0,waveform_40,LR,hyperparameter,-0.0001999999999999,-0.0002012882447663,-0.0001978253509463,-0.0001810340685007,-0.0002012882447663,,,,,
1417.0,waveform_40,LR,hyperparameter,0.0,0.0,-1.069278520171579e-06,5.431708911540767e-07,0.0,,,,,
1418.0,waveform_40,LR,hyperparameter,-0.0001999999999999,-0.0002012882447666,-0.0001957735494634,-0.0001919771567752,-0.0002012882447666,,,,,
1419.0,waveform_40,LR,hyperparameter,0.0,0.0,-5.688085973454271e-06,-1.122395809516341e-06,0.0,,,,,
1420.0,waveform_40,LR,hyperparameter,-0.0005999999999999,-0.0005957866578133,-0.0006018555094002,-0.0006108236286102,-0.0005957866578133,,,,,
1421.0,waveform_40,LR,hyperparameter,-0.001,-0.0010112113331826,-0.0009874585833756,-0.0010272159487374,-0.0010112113331826,,,,,
1422.0,waveform_40,NB,hyperparameter,0.0,0.0,0.0,0.0,0.0,,,,,
1423.0,waveform_40,NB,hyperparameter,0.0,0.0,0.0,0.0,0.0,,,,,
1424.0,waveform_40,NB,hyperparameter,0.0,0.0,0.0,0.0,0.0,,,,,
1425.0,waveform_40,NB,hyperparameter,0.0,0.0,0.0,0.0,0.0,,,,,
1426.0,waveform_40,NB,hyperparameter,0.0,0.0,0.0,0.0,0.0,,,,,
1427.0,waveform_40,NB,hyperparameter,0.0,0.0,0.0,0.0,0.0,,,,,
1428.0,waveform_40,DT,hyperparameter,-0.0015999999999999,-0.0014955433490531,-0.001858226206801,-0.0006775621984657,-0.0014955433490531,,,,,
1429.0,waveform_40,DT,hyperparameter,-0.0032,-0.0030706127168129,-0.0036615159590071,-0.0026427779081811,-0.0030706127168129,,,,,
1430.0,waveform_40,DT,hyperparameter,-0.0048,-0.0045901828992658,-0.0053654003419134,-0.0047760700815602,-0.0045901828992658,,,,,
1431.0,waveform_40,DT,hyperparameter,0.0076,0.0077162222127649,0.006636421442111,0.0076032347992677,0.0077162222127649,,,,,
1432.0,waveform_40,DT,hyperparameter,1.1102230246251563e-16,0.0001831099802218,-0.0005223219140458,0.0010927149610029,0.0001831099802218,,,,,
1433.0,waveform_40,DT,hyperparameter,0.0,-0.0002109321614958,0.0002280402159388,-0.0002618380854633,-0.0002109321614958,,,,,
1434.0,waveform_40,RF,hyperparameter,-0.0036,-0.0035517404635766,-0.0037301862253207,-0.0033424935124725,-0.0035517404635766,,,,,
1435.0,waveform_40,RF,hyperparameter,-0.0008,-0.0007952290776573,-0.0008391738059398,-0.0010466585056408,-0.0007952290776573,,,,,
1436.0,waveform_40,RF,hyperparameter,-0.0015999999999999,-0.001587430172858,-0.0016118281639904,-0.0016221153351156,-0.001587430172858,,,,,
1437.0,waveform_40,RF,hyperparameter,-0.0015999999999999,-0.0016399013757077,-0.0015447721795722,-0.0018062420978355,-0.0016399013757077,,,,,
1438.0,waveform_40,RF,hyperparameter,-0.003,-0.002944567762141,-0.0031215692106162,-0.0028643665026021,-0.002944567762141,,,,,
1439.0,waveform_40,RF,hyperparameter,-0.0012,-0.0012154238623767,-0.001192614593127,-0.0010977812661695,-0.0012154238623767,,,,,
1440.0,waveform_21,KNN,hyperparameter,-0.0005999999999999,-0.0005725874392595,-0.0004989280838392,-0.0008222099053413,-0.0005725874392595,,,,,
1441.0,waveform_21,KNN,hyperparameter,-0.0041999999999999,-0.0042768958557704,-0.0043466695698671,-0.0042401736512731,-0.0042768958557704,,,,,
1442.0,waveform_21,KNN,hyperparameter,-0.0013999999999998,-0.0013662914349953,-0.0013216938969304,-0.001538044582216,-0.0013662914349953,,,,,
1443.0,waveform_21,KNN,hyperparameter,-0.001,-0.0009134554631761,-0.0007613835867691,-0.0008331680063922,-0.0009134554631761,,,,,
1444.0,waveform_21,KNN,hyperparameter,0.0001999999999999,0.0002394054316189,0.0002834658864615,0.0002102306981625,0.0002394054316189,,,,,
1445.0,waveform_21,KNN,hyperparameter,-0.001,-0.0010332477001001,-0.0010138129106256,-0.0010025507849148,-0.0010332477001001,,,,,
1446.0,waveform_21,SVC,hyperparameter,0.0003999999999999,0.000347857807714,0.0001016337563775,0.0011736436989093,0.000347857807714,,,,,
1447.0,waveform_21,SVC,hyperparameter,-0.0023999999999999,-0.0024446437046888,-0.0027635491877882,-0.0032794957576878,-0.0024446437046888,,,,,
1448.0,waveform_21,SVC,hyperparameter,-0.0029999999999998,-0.0029630400129646,-0.0030466077454814,-0.0037298605729998,-0.0029630400129646,,,,,
1449.0,waveform_21,SVC,hyperparameter,-0.0029999999999998,-0.0030895923946494,-0.0032359142462805,-0.004547010935727,-0.0030895923946494,,,,,
1450.0,waveform_21,SVC,hyperparameter,-0.0033999999999999,-0.003513939728338,-0.0038361607434378,-0.0023054476939587,-0.003513939728338,,,,,
1451.0,waveform_21,SVC,hyperparameter,-0.003,-0.0031145475022559,-0.0031601090263713,-0.0026276242698171,-0.0031145475022559,,,,,
1452.0,waveform_21,LR,hyperparameter,-0.0007999999999999,-0.0008344901464457,-0.0008749739632625,-0.000657274528679,-0.0008344901464457,,,,,
1453.0,waveform_21,LR,hyperparameter,-0.0004,-0.0004194804482362,-0.0004663638082731,-0.0003650674131239,-0.0004194804482362,,,,,
1454.0,waveform_21,LR,hyperparameter,-0.0023999999999998,-0.002385796338854,-0.0023564407192787,-0.0023866565259789,-0.002385796338854,,,,,
1455.0,waveform_21,LR,hyperparameter,-0.0003999999999999,-0.000402576489533,-0.0004096315613053,-0.000387852948396,-0.000402576489533,,,,,
1456.0,waveform_21,LR,hyperparameter,-0.0001999999999999,-0.0001965408805031,-0.0001945720819949,-0.0001942620883834,-0.0001965408805031,,,,,
1457.0,waveform_21,LR,hyperparameter,-0.0006,-0.0006048418617012,-0.0006056939455099,-0.000594626512853,-0.0006048418617012,,,,,
1458.0,waveform_21,NB,hyperparameter,0.0,0.0,0.0,0.0,0.0,,,,,
1459.0,waveform_21,NB,hyperparameter,0.0,0.0,0.0,0.0,0.0,,,,,
1460.0,waveform_21,NB,hyperparameter,0.0,0.0,0.0,0.0,0.0,,,,,
1461.0,waveform_21,NB,hyperparameter,0.0,0.0,0.0,0.0,0.0,,,,,
1462.0,waveform_21,NB,hyperparameter,0.0,0.0,0.0,0.0,0.0,,,,,
1463.0,waveform_21,NB,hyperparameter,0.0,0.0,0.0,0.0,0.0,,,,,
1464.0,waveform_21,DT,hyperparameter,0.0,0.0,0.0,0.0,0.0,,,,,
1465.0,waveform_21,DT,hyperparameter,-0.0045999999999999,-0.0045267455289782,-0.0045013710516718,-0.004175026143584,-0.0045267455289782,,,,,
1466.0,waveform_21,DT,hyperparameter,0.0015999999999999,0.0014333357885067,0.0013856333597257,0.0016619355084614,0.0014333357885067,,,,,
1467.0,waveform_21,DT,hyperparameter,-0.0003999999999999,-0.0003207558969084,-0.0001623345599945,-0.0006369217499726,-0.0003207558969084,,,,,
1468.0,waveform_21,DT,hyperparameter,-0.0005999999999999,-0.0005179973593223,-0.0005485373018665,-0.0006677531546077,-0.0005179973593223,,,,,
1469.0,waveform_21,DT,hyperparameter,-0.0094,-0.0095032133464281,-0.0099893279500459,-0.0097145238508313,-0.0095032133464281,,,,,
1470.0,waveform_21,RF,hyperparameter,-0.0031999999999999,-0.0031809624595341,-0.0032129587668778,-0.0033664509573851,-0.0031809624595341,,,,,
1471.0,waveform_21,RF,hyperparameter,-0.0029999999999998,-0.0030460273303681,-0.0031644979455022,-0.0026732445199361,-0.0030460273303681,,,,,
1472.0,waveform_21,RF,hyperparameter,-0.002,-0.0019769960611072,-0.0019206970847416,-0.0023755080204438,-0.0019769960611072,,,,,
1473.0,waveform_21,RF,hyperparameter,-0.004,-0.0039953264549464,-0.004096617083321,-0.0038102677778558,-0.0039953264549464,,,,,
1474.0,waveform_21,RF,hyperparameter,-0.0006,-0.000553597982206,-0.0004522950339687,-0.0010810960319523,-0.000553597982206,,,,,
1475.0,waveform_21,RF,hyperparameter,-0.0024,-0.0024415090887457,-0.0023054727286414,-0.0029477553168778,-0.0024415090887457,,,,,
1476.0,movement_libras,KNN,hyperparameter,-0.0027777777777777,-0.0027777777777777,0.0005428585575645,-0.0008435545935546,-0.0027777777777777,,,,,
1477.0,movement_libras,KNN,hyperparameter,-0.0194444444444443,-0.0194444444444444,-0.021420024190922,-0.0113458763458763,-0.0194444444444444,,,,,
1478.0,movement_libras,KNN,hyperparameter,-0.036111111111111,-0.036111111111111,-0.0371262996262995,-0.0378938191438191,-0.036111111111111,,,,,
1479.0,movement_libras,KNN,hyperparameter,-0.0027777777777777,-0.0027777777777776,-0.0016956436809377,0.0,-0.0027777777777776,,,,,
1480.0,movement_libras,KNN,hyperparameter,0.0,0.0,0.0,0.0,0.0,,,,,
1481.0,movement_libras,KNN,hyperparameter,-0.0027777777777777,-0.0027777777777777,-0.0006061993561994,0.0069302456802456,-0.0027777777777777,,,,,
1482.0,movement_libras,SVC,hyperparameter,0.0,0.0,-0.0001068376068376,-0.0020634920634921,0.0,,,,,
1483.0,movement_libras,SVC,hyperparameter,-0.0027777777777777,-0.0027777777777777,-0.002917082917083,-0.0017857142857142,-0.0027777777777777,,,,,
1484.0,movement_libras,SVC,hyperparameter,0.0027777777777777,0.0027777777777777,0.0016574166574165,0.0080026455026455,0.0027777777777777,,,,,
1485.0,movement_libras,SVC,hyperparameter,-0.0027777777777777,-0.0027777777777776,-0.0026192326192325,-0.0054166666666666,-0.0027777777777776,,,,,
1486.0,movement_libras,SVC,hyperparameter,-0.0083333333333333,-0.0083333333333333,-0.0081501831501831,-0.0077380952380952,-0.0083333333333333,,,,,
1487.0,movement_libras,SVC,hyperparameter,-0.011111111111111,-0.011111111111111,-0.0118117068117068,-0.0082804232804232,-0.011111111111111,,,,,
1488.0,movement_libras,LR,hyperparameter,0.0,0.0,0.0,0.0,0.0,,,,,
1489.0,movement_libras,LR,hyperparameter,0.0,0.0,0.0,0.0,0.0,,,,,
1490.0,movement_libras,LR,hyperparameter,0.0,0.0,0.0,0.0,0.0,,,,,
1491.0,movement_libras,LR,hyperparameter,-0.0083333333333334,-0.0083333333333333,-0.0066336441336442,-0.0053373015873015,-0.0083333333333333,,,,,
1492.0,movement_libras,LR,hyperparameter,0.0,0.0,0.0,-0.0011370573870573,0.0,,,,,
1493.0,movement_libras,LR,hyperparameter,-0.0249999999999999,-0.0249999999999999,-0.0233807940425587,-0.0274428811928811,-0.0249999999999999,,,,,
1494.0,movement_libras,NB,hyperparameter,0.0,0.0,0.0,0.0,0.0,,,,,
1495.0,movement_libras,NB,hyperparameter,0.0,0.0,0.0,0.0,0.0,,,,,
1496.0,movement_libras,NB,hyperparameter,0.0,0.0,0.0,0.0,0.0,,,,,
1497.0,movement_libras,NB,hyperparameter,0.0,0.0,0.0,0.0,0.0,,,,,
1498.0,movement_libras,NB,hyperparameter,0.0,0.0,0.0,0.0,0.0,,,,,
1499.0,movement_libras,NB,hyperparameter,0.0,0.0,0.0,0.0,0.0,,,,,
1500.0,movement_libras,DT,hyperparameter,0.0027777777777777,0.0027777777777777,0.003536308462779,0.0011628186628185,0.0027777777777777,,,,,
1501.0,movement_libras,DT,hyperparameter,0.0055555555555555,0.0055555555555555,0.0085529176705646,0.0088726551226552,0.0055555555555555,,,,,
1502.0,movement_libras,DT,hyperparameter,-0.0027777777777777,-0.0027777777777777,-0.0024723424723424,-0.0015939153439153,-0.0027777777777777,,,,,
1503.0,movement_libras,DT,hyperparameter,0.0,0.0,0.0,0.0,0.0,,,,,
1504.0,movement_libras,DT,hyperparameter,-0.0055555555555556,-0.0055555555555555,-0.0065875328375327,-0.004292328042328,-0.0055555555555555,,,,,
1505.0,movement_libras,DT,hyperparameter,0.0027777777777777,0.0027777777777777,0.0031518481518481,0.0041071428571427,0.0027777777777777,,,,,
1506.0,movement_libras,RF,hyperparameter,-0.0027777777777777,-0.0027777777777778,-0.0019256125138478,-0.0076695526695526,-0.0027777777777778,,,,,
1507.0,movement_libras,RF,hyperparameter,-0.0111111111111111,-0.011111111111111,-0.0112008824508824,-0.0087632275132274,-0.011111111111111,,,,,
1508.0,movement_libras,RF,hyperparameter,-0.0277777777777777,-0.0277777777777777,-0.0278152403152402,-0.0247949735449736,-0.0277777777777777,,,,,
1509.0,movement_libras,RF,hyperparameter,-0.0055555555555556,-0.0055555555555555,-0.0066518666518666,-0.0090704665704666,-0.0055555555555555,,,,,
1510.0,movement_libras,RF,hyperparameter,-0.0194444444444443,-0.0194444444444443,-0.0178132978132978,-0.0170436507936507,-0.0194444444444443,,,,,
1511.0,movement_libras,RF,hyperparameter,-1.1102230246251563e-16,-1.1102230246251563e-16,-0.0001327376327375,0.0047619047619046,-1.1102230246251563e-16,,,,,
1512.0,satimage,KNN,hyperparameter,-0.0024864026665923,-0.0034981998275104,-0.0026077150069734,-0.0020673007693644,-0.0034981998275104,,,,,
1513.0,satimage,KNN,hyperparameter,-0.0059061242884395,-0.0070962601125165,-0.0072042419720385,-0.0071970291071623,-0.0070962601125165,,,,,
1514.0,satimage,KNN,hyperparameter,-0.0018650918805598,-0.0026357246927447,-0.0025242234715758,-0.0022792888187447,-0.0026357246927447,,,,,
1515.0,satimage,KNN,hyperparameter,-0.000621504039776,-0.001408491979788,-0.0014739899129829,-0.001230362937629,-0.001408491979788,,,,,
1516.0,satimage,KNN,hyperparameter,-0.0012429114526807,-0.0021263239799108,-0.0017693569885139,-0.0012698961778706,-0.0021263239799108,,,,,
1517.0,satimage,KNN,hyperparameter,-0.0038862361591668,-0.0040599820404063,-0.0049314073973317,-0.0060228882788039,-0.0040599820404063,,,,,
1518.0,satimage,SVC,hyperparameter,-0.0003107520198881,-0.0008288661407493,-0.0004966829795033,-0.0002067570972581,-0.0008288661407493,,,,,
1519.0,satimage,SVC,hyperparameter,-0.0003107520198878,-0.0008607423503328,-0.0005580365056239,-0.0005681547465316,-0.0008607423503328,,,,,
1520.0,satimage,SVC,hyperparameter,-0.0010886949651988,-0.0028887209802519,-0.0021242430498765,-0.0013195937819111,-0.0028887209802519,,,,,
1521.0,satimage,SVC,hyperparameter,-0.0017091361093847,-0.0029589046255991,-0.0029434449046789,-0.0022824139772217,-0.0029589046255991,,,,,
1522.0,satimage,SVC,hyperparameter,-0.0032628962088253,-0.0036448422192794,-0.0036825135759037,-0.0040086170943934,-0.0036448422192794,,,,,
1523.0,satimage,SVC,hyperparameter,-0.0013983840894964,-0.0017657949345425,-0.0017527877122487,-0.0018555722471055,-0.0017657949345425,,,,,
1524.0,satimage,LR,hyperparameter,-0.0003107520198881,-0.0010355942194049,-0.0012894386981716,-0.0009759485200068,-0.0010355942194049,,,,,
1525.0,satimage,LR,hyperparameter,0.0,0.0,0.0,0.0,0.0,,,,,
1526.0,satimage,LR,hyperparameter,-0.0004661280298322,-0.0010316515143105,-0.0008203678268687,-0.0005596236628995,-0.0010316515143105,,,,,
1527.0,satimage,LR,hyperparameter,0.0,0.0,0.0,0.0,0.0,,,,,
1528.0,satimage,LR,hyperparameter,0.0,0.0,0.0,-0.0001602681535775,0.0,,,,,
1529.0,satimage,LR,hyperparameter,-0.0018652851343037,-0.0031589059603692,-0.0030311275530121,-0.0020290378323389,-0.0031589059603692,,,,,
1530.0,satimage,NB,hyperparameter,0.0,0.0,0.0,0.0,0.0,,,,,
1531.0,satimage,NB,hyperparameter,0.0,0.0,0.0,0.0,0.0,,,,,
1532.0,satimage,NB,hyperparameter,0.0,0.0,0.0,0.0,0.0,,,,,
1533.0,satimage,NB,hyperparameter,0.0,0.0,0.0,0.0,0.0,,,,,
1534.0,satimage,NB,hyperparameter,0.0,0.0,0.0,0.0,0.0,,,,,
1535.0,satimage,NB,hyperparameter,0.0,0.0,0.0,0.0,0.0,,,,,
1536.0,satimage,DT,hyperparameter,-0.0055935363579862,-0.0075285810676636,-0.0055577707145739,-0.0058318097484587,-0.0075285810676636,,,,,
1537.0,satimage,DT,hyperparameter,0.0006215040397762,0.0005530237356836,0.0013352451308843,0.0028740212147495,0.0005530237356836,,,,,
1538.0,satimage,DT,hyperparameter,-0.0015526005769784,-0.007287043727197,-0.0066942579298997,-0.0048934244425681,-0.007287043727197,,,,,
1539.0,satimage,DT,hyperparameter,-0.0037297006267605,-0.004720522292404,-0.0036086701178631,-0.0018906374475267,-0.004720522292404,,,,,
1540.0,satimage,DT,hyperparameter,-0.0001550861293284,-0.0030514478098262,1.5241424566880823e-08,0.0001220686412776,-0.0030514478098262,,,,,
1541.0,satimage,DT,hyperparameter,0.0,-0.0005797668726911,0.0,0.0,-0.0005797668726911,,,,,
1542.0,satimage,RF,hyperparameter,-0.0001553760099444,-0.0001964306241879,-0.0001694059226018,-0.0002348789447651,-0.0001964306241879,,,,,
1543.0,satimage,RF,hyperparameter,-0.0015542432338,-0.0010018119443226,-0.0017725440417472,-0.0028433260790395,-0.0010018119443226,,,,,
1544.0,satimage,RF,hyperparameter,-0.0004664179104477,3.858107964194169e-05,-0.0002886978419393,-0.0008997307434235,3.858107964194169e-05,,,,,
1545.0,satimage,RF,hyperparameter,-0.0015537600994404,-0.0011107122224423,-0.0014798798399192,-0.0020911223973977,-0.0011107122224423,,,,,
1546.0,satimage,RF,hyperparameter,-0.0004660314029601,-0.0011068036216881,-0.0006083328836883,-2.4819983272195145e-05,-0.0011068036216881,,,,,
1547.0,satimage,RF,hyperparameter,0.0004661280298322,0.0004668223620069,0.0006214026351225,0.0009891426744593,0.0004668223620069,,,,,
1548.0,chess,KNN,hyperparameter,-0.0028160200250313,-0.0027749331782987,-0.0027378812607341,-0.0019317522123655,-0.0035899510057025,,,,,
1549.0,chess,KNN,hyperparameter,-0.0034418022528158,-0.0033797569274424,-0.0033096733896271,-0.0040985260424808,-0.0053999862311108,,,,,
1550.0,chess,KNN,hyperparameter,0.0,0.0,-1.0867082323118282e-05,-6.431439505305558e-05,-0.0017956926324969,,,,,
1551.0,chess,KNN,hyperparameter,-0.0059449311639552,-0.0062785028332081,-0.0053071193522752,-0.0114929915502826,2.868518582221924e-06,,,,,
1552.0,chess,KNN,hyperparameter,-0.0040675844806008,-0.0042838264874826,-0.0037256185963103,-0.0079585090753944,-0.003592819524285,,,,,
1553.0,chess,KNN,hyperparameter,-0.0028160200250314,-0.0029232897913141,-0.0026063364277225,-0.0050418324830275,-0.0059937695776394,,,,,
1554.0,chess,SVC,hyperparameter,-0.0003128911138922,-0.0002997601918464,-0.0003008337392201,-4.282239553954348e-06,-0.0017942583732055,,,,,
1555.0,chess,SVC,hyperparameter,0.0003128911138924,0.000270719264546,0.000305844396535,-0.0011933174224344,-4.302777873443908e-06,,,,,
1556.0,chess,SVC,hyperparameter,-0.0003128911138922,-0.0002996184628808,-0.0003022714338627,-4.302777873221864e-06,-0.0012004750266771,,,,,
1557.0,chess,SVC,hyperparameter,0.0,-2.9899785911613463e-05,9.388314560321298e-06,-0.0005951005573384,-0.0041894713893956,,,,,
1558.0,chess,SVC,hyperparameter,0.0,0.0,0.0,0.0,-0.0035899510057023,,,,,
1559.0,chess,SVC,hyperparameter,0.0003128911138922,0.0002997601918464,0.0003008397603645,-2.840736804010646e-06,-0.0017956926324967,,,,,
1560.0,chess,LR,hyperparameter,-0.0018773466833539,-0.0017652174459051,-0.0019298892609411,-9.882985452247528e-05,-0.0041866028708134,,,,,
1561.0,chess,LR,hyperparameter,0.0003128911138924,0.0004096199480205,0.0002527617797561,0.0006452270657305,-0.0017985611510791,,,,,
1562.0,chess,LR,hyperparameter,0.0,0.0,0.0,0.0,0.0,,,,,
1563.0,chess,LR,hyperparameter,0.0,0.0,0.0,-0.0005068582846026,0.0,,,,,
1564.0,chess,LR,hyperparameter,-0.0003128911138922,-0.00032722513089,-0.000291588625915,-0.0005756109038348,0.0,,,,,
1565.0,chess,LR,hyperparameter,-0.0003128911138922,-0.0003272251308902,-0.0002913947708808,-0.0005891652366063,0.0,,,,,
1566.0,chess,NB,hyperparameter,0.0,0.0,0.0,0.0,-0.0203707847119432,,,,,
1567.0,chess,NB,hyperparameter,0.0,0.0,0.0,0.0,-0.0209688708363451,,,,,
1568.0,chess,NB,hyperparameter,0.0,0.0,0.0,0.0,-0.0107813270914369,,,,,
1569.0,chess,NB,hyperparameter,0.0,0.0,0.0,0.0,-0.020377956008399,,,,,
1570.0,chess,NB,hyperparameter,0.0,0.0,0.0,0.0,-0.0245674273977948,,,,,
1571.0,chess,NB,hyperparameter,0.0,0.0,0.0,0.0,-0.0203707847119433,,,,,
1572.0,chess,DT,hyperparameter,0.0,0.0,0.0,0.0,0.0,,,,,
1573.0,chess,DT,hyperparameter,0.0,0.0,0.0,0.0,0.0,,,,,
1574.0,chess,DT,hyperparameter,-0.0012515644555693,-0.0012265057064295,-0.0011983031514731,-0.0006093432633715,-0.001798561151079,,,,,
1575.0,chess,DT,hyperparameter,0.0,0.0,0.0,0.0,-0.002398081534772,,,,,
1576.0,chess,DT,hyperparameter,-0.0009386733416771,-0.0009261701139032,-0.0009053981304751,-0.0006110982391102,-0.0011961722488036,,,,,
1577.0,chess,DT,hyperparameter,-0.0003128911138925,-0.0003272251308902,-0.0002972566639798,-0.0005909762473008,-0.0006023889022753,,,,,
1578.0,chess,RF,hyperparameter,-0.0006257822277846,-0.0006269853227365,-0.0005988006836904,-0.0005980793271963,-0.0011961722488039,,,,,
1579.0,chess,RF,hyperparameter,-0.0006257822277846,-0.0005711965860384,-0.0006101887387429,0.0,-0.001798561151079,,,,,
1580.0,chess,RF,hyperparameter,-0.0009386733416768,-0.0009542104536265,-0.0008967676158476,-0.0011933037302215,-0.0011961722488037,,,,,
1581.0,chess,RF,hyperparameter,-0.0006257822277848,-0.0006279859103135,-0.0006002168175678,-0.0006095049313944,-0.0005980861244018,,,,,
1582.0,chess,RF,hyperparameter,-0.0006257822277847,-0.0005980861244019,-0.0006052411306419,-0.0005883691280615,-0.0011961722488037,,,,,
1583.0,chess,RF,hyperparameter,-0.0006257822277846,-0.00065445026178,-0.0005937944898731,-0.0011819321029847,0.0,,,,,
1584.0,kr_vs_kp,KNN,hyperparameter,-0.0028160200250312,-0.0027802365437493,-0.0027235170153911,-0.0049683977739791,-0.0197755671061238,,,,,
1585.0,kr_vs_kp,KNN,hyperparameter,-0.0015644555694618,-0.0015242562383052,-0.0015311745454851,-0.0031868536777374,-0.0149707984808326,,,,,
1586.0,kr_vs_kp,KNN,hyperparameter,-0.0003128911138925,-0.0002722952528032,-0.0003392234650312,-1.011550780638526e-05,-0.0203779560083988,,,,,
1587.0,kr_vs_kp,KNN,hyperparameter,0.0006257822277847,0.0005986615250815,0.0006139471857428,3.430390245762194e-05,-0.0137746262320286,,,,,
1588.0,kr_vs_kp,KNN,hyperparameter,-0.005944931163955,-0.0057771213325688,-0.0057942155233351,-0.0056477134004692,-0.0233683866304085,,,,,
1589.0,kr_vs_kp,KNN,hyperparameter,-0.0009386733416771,-0.0005061743580005,-0.0013223010020848,0.0005371345642551,-0.0227659977281331,,,,,
1590.0,kr_vs_kp,SVC,hyperparameter,-0.0012515644555693,-0.001225788576784,-0.0012098007340384,-0.0006237407967486,-0.0047918602916712,,,,,
1591.0,kr_vs_kp,SVC,hyperparameter,-0.0012515644555693,-0.0012814355845167,-0.0011905358260844,-0.0017620403708515,-0.0006023889022753,,,,,
1592.0,kr_vs_kp,SVC,hyperparameter,0.0003128911138924,0.0003280839895012,0.0002979686559894,0.0005966518651108,-0.0029990361777564,,,,,
1593.0,kr_vs_kp,SVC,hyperparameter,-0.0009386733416769,-0.000925886655972,-0.0009032175683716,-0.0006109265833136,-0.0036014250800315,,,,,
1594.0,kr_vs_kp,SVC,hyperparameter,-0.0009386733416769,-0.0009260283849373,-0.000897489033526,-0.0005966723545292,-0.0011976065080951,,,,,
1595.0,kr_vs_kp,SVC,hyperparameter,-0.0006257822277847,-0.0006537331321343,-0.0005988006216354,-0.0011991097235873,-0.0029904306220095,,,,,
1596.0,kr_vs_kp,LR,hyperparameter,0.0003128911138922,0.00032722513089,0.0002934918189155,0.0005797525638572,0.0,,,,,
1597.0,kr_vs_kp,LR,hyperparameter,0.0,0.0,0.0,0.0,0.0,,,,,
1598.0,kr_vs_kp,LR,hyperparameter,0.0,0.0,0.0,-0.0015494801919367,0.0,,,,,
1599.0,kr_vs_kp,LR,hyperparameter,0.0,2.9040927300383323e-05,-1.6298209039367073e-05,0.0005545167141164,-0.0005980861244018,,,,,
1600.0,kr_vs_kp,LR,hyperparameter,0.0,-0.0001105768858197,7.007665303582211e-05,-0.0023390628054342,0.0,,,,,
1601.0,kr_vs_kp,LR,hyperparameter,0.0,0.0,0.0,-0.0005175158866137,-0.000598086124402,,,,,
1602.0,kr_vs_kp,NB,hyperparameter,0.0,0.0,0.0,0.0,-0.014388489208633,,,,,
1603.0,kr_vs_kp,NB,hyperparameter,0.0,0.0,0.0,0.0,-0.0167664911133291,,,,,
1604.0,kr_vs_kp,NB,hyperparameter,0.0,0.0,0.0,0.0,-0.0215669569607471,,,,,
1605.0,kr_vs_kp,NB,hyperparameter,0.0,0.0,0.0,0.0,-0.0125841910203894,,,,,
1606.0,kr_vs_kp,NB,hyperparameter,0.0,0.0,0.0,0.0,-0.0179684003992975,,,,,
1607.0,kr_vs_kp,NB,hyperparameter,0.0,0.0,0.0,0.0,-0.0197813041432884,,,,,
1608.0,kr_vs_kp,DT,hyperparameter,-0.0003128911138922,-0.000382155008977,-0.0002843258891646,-0.001764199655766,0.0011990407673859,,,,,
1609.0,kr_vs_kp,DT,hyperparameter,0.0,0.0,0.0,0.0,0.0,,,,,
1610.0,kr_vs_kp,DT,hyperparameter,-0.0003128911138924,-0.0003280839895014,-0.000297260074764,-0.00059239686328,0.0,,,,,
1611.0,kr_vs_kp,DT,hyperparameter,-0.0003128911138922,-0.0003280839895014,-0.0002979729286604,-0.0005938174792589,0.0,,,,,
1612.0,kr_vs_kp,DT,hyperparameter,-0.0006257822277847,-0.0005995203836929,-0.0006067652877997,-2.9313822054177763e-06,-0.0011990407673859,,,,,
1613.0,kr_vs_kp,DT,hyperparameter,0.0,0.0,0.0,0.0,0.0,,,,,
1614.0,kr_vs_kp,RF,hyperparameter,-0.0003128911138922,-0.00032722513089,-0.0002972566639798,-0.0005909762473007,0.0,,,,,
1615.0,kr_vs_kp,RF,hyperparameter,-0.0009386733416769,-0.0009268872435488,-0.0008974737275517,-0.0006050617901054,-0.0011976065080948,,,,,
1616.0,kr_vs_kp,RF,hyperparameter,0.0003128911138923,0.0003272251308902,0.0002951215130752,0.0005853410247708,0.0,,,,,
1617.0,kr_vs_kp,RF,hyperparameter,-0.0003128911138924,-0.0003280839895013,-0.0002943485086339,-0.0005908248378128,0.0,,,,,
1618.0,kr_vs_kp,RF,hyperparameter,-0.0003128911138924,-0.0003555489285447,-0.0002901221348016,-0.0011692136621334,0.0,,,,,
1619.0,kr_vs_kp,RF,hyperparameter,-0.0003128911138924,-0.00032722513089,-0.0002944264714228,-0.0005812129564272,0.0,,,,,
1620.0,optdigits,KNN,hyperparameter,-0.0005338078291814,-0.0005243688627911,-0.0005237079208496,-0.0004886913269643,-0.0005243688627911,,,,,
1621.0,optdigits,KNN,hyperparameter,-0.0007117437722419,-0.0007118249062719,-0.0007089498534251,-0.0006912924651821,-0.0007118249062719,,,,,
1622.0,optdigits,KNN,hyperparameter,0.0,0.0,0.0,0.0,0.0,,,,,
1623.0,optdigits,KNN,hyperparameter,-0.0003558718861209,-0.0003571428571428,-0.0003353731456735,-0.0002725028458872,-0.0003571428571428,,,,,
1624.0,optdigits,KNN,hyperparameter,-0.0003558718861209,-0.000359712230216,-0.0003641976121514,-0.0003620857182563,-0.000359712230216,,,,,
1625.0,optdigits,KNN,hyperparameter,-0.0005338078291814,-0.0005247101509892,-0.0005090037005558,-0.0005040747642108,-0.0005247101509892,,,,,
1626.0,optdigits,SVC,hyperparameter,-0.0001779359430603,-0.0001798561151079,-0.0001786929702951,-0.0001578366445915,-0.0001798561151079,,,,,
1627.0,optdigits,SVC,hyperparameter,0.0,0.0,0.0,0.0,0.0,,,,,
1628.0,optdigits,SVC,hyperparameter,-0.0014234875444841,-0.001429963920971,-0.0014235559666295,-0.0014126305741442,-0.001429963920971,,,,,
1629.0,optdigits,SVC,hyperparameter,-0.0001779359430603,-0.0001798561151078,-0.0001770451664612,-0.0001634784705749,-0.0001798561151078,,,,,
1630.0,optdigits,SVC,hyperparameter,-0.0001779359430604,-0.0001748251748252,-0.0001766584729837,-0.000173576922528,-0.0001748251748252,,,,,
1631.0,optdigits,SVC,hyperparameter,0.0,0.0,0.0,0.0,0.0,,,,,
1632.0,optdigits,LR,hyperparameter,-0.000355871886121,-0.0003523298611893,-0.0004119673737398,-0.0004448223135545,-0.0003523298611893,,,,,
1633.0,optdigits,LR,hyperparameter,-0.0001779359430603,-0.0001442078585204,-0.0001405807866186,-0.0001376020366024,-0.0001442078585204,,,,,
1634.0,optdigits,LR,hyperparameter,0.0,-8.885374106037958e-06,1.158767006792516e-06,-4.854085023697774e-05,-8.885374106037958e-06,,,,,
1635.0,optdigits,LR,hyperparameter,-0.0010676156583627,-0.0010613678131141,-0.0010769218895479,-0.0010771040430389,-0.0010613678131141,,,,,
1636.0,optdigits,LR,hyperparameter,-0.0017793594306048,-0.0017782779972129,-0.0017880472815353,-0.0017805469192831,-0.0017782779972129,,,,,
1637.0,optdigits,LR,hyperparameter,-0.0007117437722418,-0.0007344280940619,-0.0007159497482851,-0.0006956405916679,-0.0007344280940619,,,,,
1638.0,optdigits,NB,hyperparameter,0.0,0.0,0.0,0.0,0.0,,,,,
1639.0,optdigits,NB,hyperparameter,0.0,0.0,0.0,0.0,0.0,,,,,
1640.0,optdigits,NB,hyperparameter,0.0,0.0,0.0,0.0,0.0,,,,,
1641.0,optdigits,NB,hyperparameter,0.0,0.0,0.0,0.0,0.0,,,,,
1642.0,optdigits,NB,hyperparameter,0.0,0.0,0.0,0.0,0.0,,,,,
1643.0,optdigits,NB,hyperparameter,0.0,0.0,0.0,0.0,0.0,,,,,
1644.0,optdigits,DT,hyperparameter,0.0,0.0,0.0,0.0,0.0,,,,,
1645.0,optdigits,DT,hyperparameter,0.0,0.0,0.0,0.0,0.0,,,,,
1646.0,optdigits,DT,hyperparameter,-0.0016014234875445,-0.0016074883593908,-0.0016071181768005,-0.0014284806620139,-0.0016074883593908,,,,,
1647.0,optdigits,DT,hyperparameter,0.0,0.0,0.0,0.0,0.0,,,,,
1648.0,optdigits,DT,hyperparameter,0.0,0.0,0.0,0.0,0.0,,,,,
1649.0,optdigits,DT,hyperparameter,0.0,0.0,0.0,0.0,0.0,,,,,
1650.0,optdigits,RF,hyperparameter,-0.0005338078291815,-0.000531986254472,-0.0005334202723056,-0.0005416990283844,-0.000531986254472,,,,,
1651.0,optdigits,RF,hyperparameter,-0.0001779359430605,-0.0001734683463096,-0.0001615442684468,-0.000174659599093,-0.0001734683463096,,,,,
1652.0,optdigits,RF,hyperparameter,-0.0008896797153024,-0.000900421396187,-0.0009035206840519,-0.0009137156526888,-0.000900421396187,,,,,
1653.0,optdigits,RF,hyperparameter,-0.0001779359430603,-0.0001785714285712,-0.0001718762899791,-0.000159102911643,-0.0001785714285712,,,,,
1654.0,optdigits,RF,hyperparameter,0.0001779359430605,0.0001811761024738,0.0001749491052124,0.0001850198900553,0.0001811761024738,,,,,
1655.0,optdigits,RF,hyperparameter,0.0001779359430605,0.000174825174825,0.0001743239071257,0.0001617758872342,0.000174825174825,,,,,
1656.0,splice,KNN,hyperparameter,0.0,0.0,0.0,0.0,0.0,,,,,
1657.0,splice,KNN,hyperparameter,0.0,0.0,0.0,0.0,0.0,,,,,
1658.0,splice,KNN,hyperparameter,0.0,0.0,0.0,0.0,0.0,,,,,
1659.0,splice,KNN,hyperparameter,0.0009410288582183,0.001069343800322,0.0009929199594576,0.0007428046568211,0.001069343800322,,,,,
1660.0,splice,KNN,hyperparameter,0.0,0.0,0.0,0.0,0.0,,,,,
1661.0,splice,KNN,hyperparameter,0.0,0.0,0.0,0.0,0.0,,,,,
1662.0,splice,SVC,hyperparameter,0.0006273525721455,0.0010844951232439,0.0009887769613061,0.0008105146953516,0.0010844951232439,,,,,
1663.0,splice,SVC,hyperparameter,-0.0037641154328732,-0.0028900275901897,-0.0037157109902993,-0.0045861798366672,-0.0028900275901897,,,,,
1664.0,splice,SVC,hyperparameter,-0.0021957340025094,-0.0016235374463591,-0.0025349575547308,-0.0032547683487398,-0.0016235374463591,,,,,
1665.0,splice,SVC,hyperparameter,-0.0025094102885822,-0.0016085444902803,-0.0023820035694347,-0.002685443553837,-0.0016085444902803,,,,,
1666.0,splice,SVC,hyperparameter,-0.0059598494353827,-0.0075432128302893,-0.0063665366369461,-0.0043781843261696,-0.0075432128302893,,,,,
1667.0,splice,SVC,hyperparameter,0.0,0.0,0.0,0.0,0.0,,,,,
1668.0,splice,LR,hyperparameter,-0.0006273525721455,-0.0008635107620708,-0.0008011545817668,-0.0007021525028721,-0.0008635107620708,,,,,
1669.0,splice,LR,hyperparameter,-0.0043914680050188,-0.0058504665461045,-0.0048359612786671,-0.0040044363762725,-0.0058504665461045,,,,,
1670.0,splice,LR,hyperparameter,-0.0003136762860727,0.0,-0.0003165532124935,-0.0003372574730134,0.0,,,,,
1671.0,splice,LR,hyperparameter,-0.0003136762860727,0.0002677608532648,-0.000280319080176,-0.0007528851455858,0.0002677608532648,,,,,
1672.0,splice,LR,hyperparameter,0.0,0.0,-3.571465083673786e-06,-3.321411592982493e-05,0.0,,,,,
1673.0,splice,LR,hyperparameter,-0.001254705144291,-0.0010361310442257,-0.0012031426007922,-0.0012830433935526,-0.0010361310442257,,,,,
1674.0,splice,NB,hyperparameter,-0.0003136762860725,-0.00043630017452,-0.0003334740397636,-0.0002770434119266,-0.00043630017452,,,,,
1675.0,splice,NB,hyperparameter,0.0,0.0,0.0,0.0,0.0,,,,,
1676.0,splice,NB,hyperparameter,0.0,0.0,0.0,0.0,0.0,,,,,
1677.0,splice,NB,hyperparameter,0.0,0.0,0.0,0.0,0.0,,,,,
1678.0,splice,NB,hyperparameter,0.0,0.0,0.0,0.0,0.0,,,,,
1679.0,splice,NB,hyperparameter,0.0,0.0,0.0,0.0,0.0,,,,,
1680.0,splice,DT,hyperparameter,-0.0037641154328732,-0.0054547072467984,-0.0039767380844395,-0.0026655984834894,-0.0054547072467984,,,,,
1681.0,splice,DT,hyperparameter,0.0,0.0,0.0,-0.0018744934585327,0.0,,,,,
1682.0,splice,DT,hyperparameter,-0.002823086574655,-0.0036735104669888,-0.0029159302792928,-0.0022493394640483,-0.0036735104669888,,,,,
1683.0,splice,DT,hyperparameter,0.0006273525721455,0.0001811989402331,0.0010178255329511,0.001423836463514,0.0001811989402331,,,,,
1684.0,splice,DT,hyperparameter,-0.0040777917189461,-0.0054346179422647,-0.0044878612010127,-0.0034507367554306,-0.0054346179422647,,,,,
1685.0,splice,DT,hyperparameter,0.0,0.0,0.0,0.0,0.0,,,,,
1686.0,splice,RF,hyperparameter,-0.0003136762860728,-0.0002736971445049,-0.0003038261576704,-0.00040787166749,-0.0002736971445049,,,,,
1687.0,splice,RF,hyperparameter,-0.0009410288582183,-0.0006516943362742,-0.0009315061771996,-0.0012285159466451,-0.0006516943362742,,,,,
1688.0,splice,RF,hyperparameter,-0.0037641154328731,-0.0040441953838445,-0.0046017817614446,-0.0052427305312531,-0.0040441953838445,,,,,
1689.0,splice,RF,hyperparameter,0.0003136762860728,0.0006690397075311,0.0003464821979696,5.478048047513617e-05,0.0006690397075311,,,,,
1690.0,splice,RF,hyperparameter,-0.0018820577164365,-0.0019104928611174,-0.0020992863877822,-0.0022274630734213,-0.0019104928611174,,,,,
1691.0,splice,RF,hyperparameter,0.0,0.0004735938915158,-0.000209306746766,-0.0009792133490447,0.0004735938915158,,,,,
1692.0,texture,KNN,hyperparameter,0.0,0.0,0.0,0.0,0.0,,,,,
1693.0,texture,KNN,hyperparameter,0.0,0.0,0.0,0.0,0.0,,,,,
1694.0,texture,KNN,hyperparameter,0.0,0.0,0.0,0.0,0.0,,,,,
1695.0,texture,KNN,hyperparameter,0.0,0.0,0.0,0.0,0.0,,,,,
1696.0,texture,KNN,hyperparameter,0.0,0.0,0.0,0.0,0.0,,,,,
1697.0,texture,KNN,hyperparameter,0.0,0.0,0.0,0.0,0.0,,,,,
1698.0,texture,SVC,hyperparameter,-0.0005454545454546,-0.0005454545454546,-0.0005454632728668,-0.0005440348182284,-0.0005454545454546,,,,,
1699.0,texture,SVC,hyperparameter,0.0,0.0,2.909137375439741e-09,1.466275659667282e-06,0.0,,,,,
1700.0,texture,SVC,hyperparameter,-0.0012727272727272,-0.0012727272727272,-0.0012727535253468,-0.0012640692640694,-0.0012727272727272,,,,,
1701.0,texture,SVC,hyperparameter,-0.0005454545454546,-0.0005454545454546,-0.0005454632728668,-0.0005497846493531,-0.0005454545454546,,,,,
1702.0,texture,SVC,hyperparameter,-0.0012727272727272,-0.0012727272727274,-0.0012705036966238,-0.0012698645440584,-0.0012727272727274,,,,,
1703.0,texture,SVC,hyperparameter,-0.0001818181818182,-0.0001818181818182,-0.0001818210909555,-0.0001803751803751,-0.0001818181818182,,,,,
1704.0,texture,LR,hyperparameter,0.0,0.0,0.0,0.0,0.0,,,,,
1705.0,texture,LR,hyperparameter,-0.0014545454545455,-0.0014545454545455,-0.0014525665427832,-0.0014277236721164,-0.0014545454545455,,,,,
1706.0,texture,LR,hyperparameter,0.0,0.0,0.0,0.0,0.0,,,,,
1707.0,texture,LR,hyperparameter,0.0,0.0,0.0,0.0,0.0,,,,,
1708.0,texture,LR,hyperparameter,-0.0007272727272725,-0.0007272727272727,-0.000730327421448,-0.0007161342686741,-0.0007272727272727,,,,,
1709.0,texture,LR,hyperparameter,0.0,0.0,0.0,0.0,0.0,,,,,
1710.0,texture,NB,hyperparameter,0.0,0.0,0.0,0.0,0.0,,,,,
1711.0,texture,NB,hyperparameter,0.0,0.0,0.0,0.0,0.0,,,,,
1712.0,texture,NB,hyperparameter,0.0,0.0,0.0,0.0,0.0,,,,,
1713.0,texture,NB,hyperparameter,0.0,0.0,0.0,0.0,0.0,,,,,
1714.0,texture,NB,hyperparameter,0.0,0.0,0.0,0.0,0.0,,,,,
1715.0,texture,NB,hyperparameter,0.0,0.0,0.0,0.0,0.0,,,,,
1716.0,texture,DT,hyperparameter,0.0,0.0,0.0,0.0,0.0,,,,,
1717.0,texture,DT,hyperparameter,0.0,0.0,0.0,0.0,0.0,,,,,
1718.0,texture,DT,hyperparameter,0.0,0.0,0.0,0.0,0.0,,,,,
1719.0,texture,DT,hyperparameter,0.0,0.0,0.0,0.0,0.0,,,,,
1720.0,texture,DT,hyperparameter,0.0,0.0,0.0,0.0,0.0,,,,,
1721.0,texture,DT,hyperparameter,0.0,0.0,0.0,0.0,0.0,,,,,
1722.0,texture,RF,hyperparameter,-0.0007272727272727,-0.0007272727272727,-0.0007305693357155,-0.0007406220406166,-0.0007272727272727,,,,,
1723.0,texture,RF,hyperparameter,-0.0003636363636363,-0.0003636363636363,-0.0003528249321044,-0.0003190264742347,-0.0003636363636363,,,,,
1724.0,texture,RF,hyperparameter,-0.0012727272727272,-0.0012727272727274,-0.0012760178886331,-0.0012693579433079,-0.0012727272727274,,,,,
1725.0,texture,RF,hyperparameter,-0.0016363636363634,-0.0016363636363639,-0.0016159204982956,-0.0015942800236324,-0.0016363636363639,,,,,
1726.0,texture,RF,hyperparameter,-0.0005454545454545,-0.0005454545454545,-0.0005477289609717,-0.0005626304165977,-0.0005454545454545,,,,,
1727.0,texture,RF,hyperparameter,-0.0005454545454546,-0.0005454545454546,-0.0005493649501769,-0.0005392375302124,-0.0005454545454546,,,,,
1728.0,sonar,KNN,hyperparameter,0.0,0.0,0.0,0.0,0.0,,,,,
1729.0,sonar,KNN,hyperparameter,-0.0240384615384615,-0.0260416666666665,-0.0381775067750675,-0.0156512605042017,-0.0520833333333333,,,,,
1730.0,sonar,KNN,hyperparameter,-0.0192307692307692,-0.0200892857142855,-0.0176763113561784,-0.04025302976962,-0.03125,,,,,
1731.0,sonar,KNN,hyperparameter,0.0,0.0,0.0,-0.0113434552564987,0.0,,,,,
1732.0,sonar,KNN,hyperparameter,0.0,0.0,0.0016298485567588,-0.0101192082771031,0.0,,,,,
1733.0,sonar,KNN,hyperparameter,0.0048076923076922,0.0035548941798939,0.0007015024096537,0.0020919837853475,-0.0104166666666667,,,,,
1734.0,sonar,SVC,hyperparameter,0.0,-0.0007440476190475,0.0011820330969267,-0.0137314217691792,-0.0104166666666667,,,,,
1735.0,sonar,SVC,hyperparameter,-0.0144230769230769,-0.0146726190476191,-0.0176445578231292,-0.0147946859903382,-0.0204166666666666,,,,,
1736.0,sonar,SVC,hyperparameter,-0.0144230769230768,-0.0148809523809523,-0.0162056737588651,-0.0327802385616357,-0.0208333333333333,,,,,
1737.0,sonar,SVC,hyperparameter,0.0,-0.0007440476190475,-0.0029147794313554,0.0116679659013754,-0.0104166666666667,,,,,
1738.0,sonar,SVC,hyperparameter,0.0048076923076922,0.0059093915343915,0.0080712440014766,-0.0063371569950517,0.0104166666666667,,,,,
1739.0,sonar,SVC,hyperparameter,-0.0144230769230768,-0.0133928571428572,-0.0135992907801417,-0.0266861761426978,0.0,,,,,
1740.0,sonar,LR,hyperparameter,-0.0288461538461537,-0.0288128306878306,-0.0314904362776702,-0.0465197083618136,-0.0212500000000001,,,,,
1741.0,sonar,LR,hyperparameter,-0.0240384615384615,-0.0235185185185184,-0.0227659574468084,-0.0372727272727273,-0.0108333333333334,,,,,
1742.0,sonar,LR,hyperparameter,-0.0048076923076922,-0.0037202380952381,-0.0018209967388967,-0.2330875646093038,0.0,,,,,
1743.0,sonar,LR,hyperparameter,-0.0336538461538461,-0.0334821428571429,-0.0350765306122449,-0.2461363636363636,-0.04125,,,,,
1744.0,sonar,LR,hyperparameter,-0.0192307692307692,-0.0186011904761903,-0.0224366331898613,-0.0245768392827216,-0.0208333333333333,,,,,
1745.0,sonar,LR,hyperparameter,-0.0192307692307692,-0.0171130952380952,-0.0121679737524085,-0.0432604295018481,0.0,,,,,
1746.0,sonar,NB,hyperparameter,-1.1102230246251563e-16,0.0,-0.0001622394544356,0.0,0.0,,,,,
1747.0,sonar,NB,hyperparameter,0.0,0.0,0.0,0.0,0.0,,,,,
1748.0,sonar,NB,hyperparameter,0.0,0.0,0.0,0.0,0.0,,,,,
1749.0,sonar,NB,hyperparameter,-0.0048076923076922,-0.005,-0.0052483358934972,-0.0028449502133712,-0.01,,,,,
1750.0,sonar,NB,hyperparameter,0.0,0.0,0.0,0.0,0.0,,,,,
1751.0,sonar,NB,hyperparameter,0.0,0.0,0.0,0.0,0.0,,,,,
1752.0,sonar,DT,hyperparameter,-0.0048076923076922,-0.0050000000000001,-0.0065901360544217,-0.0027173913043477,-0.0099999999999998,,,,,
1753.0,sonar,DT,hyperparameter,-0.0048076923076922,-0.0039748677248676,0.0031017251861985,-0.0320565907522431,0.0,,,,,
1754.0,sonar,DT,hyperparameter,-0.0240384615384615,-0.025297619047619,-0.0293978440432776,-0.0193949553001276,-0.0416666666666667,,,,,
1755.0,sonar,DT,hyperparameter,-0.0336538461538461,-0.0341765873015872,-0.0421285888269785,-0.0498376623376622,-0.0604166666666665,,,,,
1756.0,sonar,DT,hyperparameter,-0.0240384615384614,-0.0200892857142855,-0.007774140752864,-0.0452323441453875,-0.01,,,,,
1757.0,sonar,DT,hyperparameter,0.0,0.0,0.0,-0.0012434123847167,0.0,,,,,
1758.0,sonar,RF,hyperparameter,-0.0096153846153845,-0.0105820105820104,-0.0141488408160809,-0.0050107164077752,-0.0212499999999999,,,,,
1759.0,sonar,RF,hyperparameter,-0.0144230769230769,-0.0137235449735448,-0.013482304591727,-0.0302489177489178,-0.0104166666666667,,,,,
1760.0,sonar,RF,hyperparameter,-0.0144230769230769,-0.0148809523809523,-0.0099904092071611,-0.0297769360269359,-0.0308333333333332,,,,,
1761.0,sonar,RF,hyperparameter,-0.0192307692307692,-0.0198809523809523,-0.0238034005848967,-0.0138252746490731,-0.03125,,,,,
1762.0,sonar,RF,hyperparameter,-0.0240384615384615,-0.024834656084656,-0.0413330403931907,-0.0073211875843454,-0.05,,,,,
1763.0,sonar,RF,hyperparameter,0.0048076923076922,0.0042989417989418,0.0029396649193135,-0.0096374417598674,-0.01,,,,,
1764.0,molecular_biology_promoters,KNN,hyperparameter,0.0,0.0013736263736263,-0.0066964285714286,-0.0010822510822511,-0.0357142857142855,,,,,
1765.0,molecular_biology_promoters,KNN,hyperparameter,-0.048076923076923,-0.0487637362637363,-0.0350048548926528,-0.0854260935143288,-0.0384615384615384,,,,,
1766.0,molecular_biology_promoters,KNN,hyperparameter,-0.0288461538461538,-0.0288461538461537,-0.032582023711056,-0.0296337853323146,-0.0563186813186814,,,,,
1767.0,molecular_biology_promoters,KNN,hyperparameter,-0.0466524216524216,-0.0446428571428572,-0.0563013136288997,-0.0203182234432234,-0.1085164835164835,,,,,
1768.0,molecular_biology_promoters,KNN,hyperparameter,-0.0099715099715098,-0.0089285714285713,-0.0187283094563828,-0.0172619047619047,-0.054945054945055,,,,,
1769.0,molecular_biology_promoters,KNN,hyperparameter,-0.0480769230769231,-0.04739010989011,-0.047407935226526,-0.0664835164835164,-0.0755494505494507,,,,,
1770.0,molecular_biology_promoters,SVC,hyperparameter,-0.0096153846153845,-0.0089285714285712,-0.0145524765089981,-0.0137987012987013,-0.037087912087912,,,,,
1771.0,molecular_biology_promoters,SVC,hyperparameter,-0.0288461538461538,-0.0288461538461538,-0.0299145299145299,-0.021978021978022,-0.0384615384615385,,,,,
1772.0,molecular_biology_promoters,SVC,hyperparameter,-0.0281339031339031,-0.0288461538461537,-0.0281622678396871,0.0007094943240454,-0.0755494505494506,,,,,
1773.0,molecular_biology_promoters,SVC,hyperparameter,-0.0192307692307691,-0.0199175824175823,-0.0216648772683254,-0.023093573093573,-0.0206043956043956,,,,,
1774.0,molecular_biology_promoters,SVC,hyperparameter,0.0,0.0,0.0,-0.005025183150183,0.0,,,,,
1775.0,molecular_biology_promoters,SVC,hyperparameter,-0.0185185185185183,-0.0192307692307693,-0.0162962962962964,-0.0384615384615384,0.0,,,,,
1776.0,molecular_biology_promoters,LR,hyperparameter,-0.0188746438746439,-0.0192307692307692,-0.0146551724137928,-0.0508522727272726,0.0,,,,,
1777.0,molecular_biology_promoters,LR,hyperparameter,-0.0192307692307692,-0.0192307692307692,-0.0192307692307691,-0.0192307692307692,-0.0192307692307691,,,,,
1778.0,molecular_biology_promoters,LR,hyperparameter,-0.0473646723646723,-0.0473901098901098,-0.0451834045584046,-0.0311216561216561,-0.0563186813186813,,,,,
1779.0,molecular_biology_promoters,LR,hyperparameter,0.0003561253561252,0.0013736263736263,0.0033630162940507,-0.0104967948717948,0.0192307692307691,,,,,
1780.0,molecular_biology_promoters,LR,hyperparameter,-0.0003561253561253,0.0,-0.0029936330536031,-0.0097527472527473,-0.0013736263736263,,,,,
1781.0,molecular_biology_promoters,LR,hyperparameter,-0.0185185185185183,-0.0185439560439562,-0.0163817663817664,-0.0341117216117216,0.0,,,,,
1782.0,molecular_biology_promoters,NB,hyperparameter,0.0,0.0,0.0,0.0,0.0,,,,,
1783.0,molecular_biology_promoters,NB,hyperparameter,0.0,0.0,0.0,0.0,0.0,,,,,
1784.0,molecular_biology_promoters,NB,hyperparameter,0.0,0.0,0.0,0.0,0.0,,,,,
1785.0,molecular_biology_promoters,NB,hyperparameter,0.0,0.0,0.0,0.0,0.0,,,,,
1786.0,molecular_biology_promoters,NB,hyperparameter,0.0,0.0,0.0,0.0,0.0,,,,,
1787.0,molecular_biology_promoters,NB,hyperparameter,0.0,0.0,0.0,0.0,0.0,,,,,
1788.0,molecular_biology_promoters,DT,hyperparameter,-0.0089031339031339,-0.0096153846153846,0.0053848323853945,-0.0100468975468975,0.0,,,,,
1789.0,molecular_biology_promoters,DT,hyperparameter,-0.0188746438746439,-0.0199175824175823,-0.0330999645515773,-0.0055349062702003,-0.0398351648351649,,,,,
1790.0,molecular_biology_promoters,DT,hyperparameter,0.0,0.0,0.0,0.0,0.0,,,,,
1791.0,molecular_biology_promoters,DT,hyperparameter,-0.037037037037037,-0.0343406593406593,-0.0506017595597806,-0.0303571428571427,-0.070054945054945,,,,,
1792.0,molecular_biology_promoters,DT,hyperparameter,0.0,0.0,0.0,0.0,-0.0206043956043955,,,,,
1793.0,molecular_biology_promoters,DT,hyperparameter,-0.0373931623931624,-0.0377747252747252,-0.0510280573998715,-0.0412660256410257,-0.0755494505494505,,,,,
1794.0,molecular_biology_promoters,RF,hyperparameter,-0.0188746438746437,-0.018543956043956,-0.0184614707405732,-0.0260510935143288,-0.037087912087912,,,,,
1795.0,molecular_biology_promoters,RF,hyperparameter,-0.0192307692307693,-0.0192307692307691,-0.0207407407407408,-0.0029761904761905,-0.0384615384615385,,,,,
1796.0,molecular_biology_promoters,RF,hyperparameter,-0.0381054131054131,-0.0384615384615384,-0.040043728135932,-0.0385416666666665,-0.0384615384615385,,,,,
1797.0,molecular_biology_promoters,RF,hyperparameter,-0.0092592592592593,-0.0089285714285715,-0.006631299734748,-0.0484775641025639,0.0192307692307693,,,,,
1798.0,molecular_biology_promoters,RF,hyperparameter,0.0,0.0,0.0,0.0,0.0,,,,,
1799.0,molecular_biology_promoters,RF,hyperparameter,-0.0188746438746438,-0.018543956043956,-0.0243181818181817,-0.0243055555555555,-0.0206043956043957,,,,,
1800.0,mfeat_fourier,KNN,hyperparameter,-0.0104999999999999,-0.0105000000000001,-0.0104138929796337,-0.0105449503793428,-0.0105000000000001,,,,,
1801.0,mfeat_fourier,KNN,hyperparameter,-0.0035,-0.0035,-0.0032920381895542,-0.0034816769186005,-0.0035,,,,,
1802.0,mfeat_fourier,KNN,hyperparameter,-0.006,-0.006,-0.0059114314034964,-0.0061524679794225,-0.006,,,,,
1803.0,mfeat_fourier,KNN,hyperparameter,-0.005,-0.0050000000000001,-0.0050710575349717,-0.005871349262375,-0.0050000000000001,,,,,
1804.0,mfeat_fourier,KNN,hyperparameter,-0.0084999999999999,-0.0085,-0.0089661909884909,-0.0098859026338772,-0.0085,,,,,
1805.0,mfeat_fourier,KNN,hyperparameter,-0.0075,-0.0075000000000001,-0.0086690222886061,-0.0069760647279698,-0.0075000000000001,,,,,
1806.0,mfeat_fourier,SVC,hyperparameter,0.0,0.0,0.0,0.0,0.0,,,,,
1807.0,mfeat_fourier,SVC,hyperparameter,-0.007,-0.0069999999999998,-0.0075701027063704,-0.0076585280463993,-0.0069999999999998,,,,,
1808.0,mfeat_fourier,SVC,hyperparameter,-0.0015,-0.0014999999999998,-0.0015963631461917,-0.0015713900696227,-0.0014999999999998,,,,,
1809.0,mfeat_fourier,SVC,hyperparameter,-0.0034999999999999,-0.0035,-0.0027812468679222,-0.0036339100733014,-0.0035,,,,,
1810.0,mfeat_fourier,SVC,hyperparameter,0.001,0.0009999999999998,0.001275599591817,0.0016229631827469,0.0009999999999998,,,,,
1811.0,mfeat_fourier,SVC,hyperparameter,0.0015,0.0015,0.0015262090941655,0.0015205844112249,0.0015,,,,,
1812.0,mfeat_fourier,LR,hyperparameter,0.0,0.0,0.0,0.0,0.0,,,,,
1813.0,mfeat_fourier,LR,hyperparameter,0.0,0.0,0.0,0.0,0.0,,,,,
1814.0,mfeat_fourier,LR,hyperparameter,0.0,0.0,7.314429455906879e-05,0.0003264865493537,0.0,,,,,
1815.0,mfeat_fourier,LR,hyperparameter,-0.001,-0.001,-0.0010292931008708,-0.0007792618036435,-0.001,,,,,
1816.0,mfeat_fourier,LR,hyperparameter,0.0,0.0,-6.334630825222121e-06,-0.0004452277126205,0.0,,,,,
1817.0,mfeat_fourier,LR,hyperparameter,0.0,0.0,0.0,0.0,0.0,,,,,
1818.0,mfeat_fourier,NB,hyperparameter,0.0,0.0,0.0,0.0,0.0,,,,,
1819.0,mfeat_fourier,NB,hyperparameter,0.0,0.0,0.0,0.0,0.0,,,,,
1820.0,mfeat_fourier,NB,hyperparameter,0.0,0.0,0.0,0.0,0.0,,,,,
1821.0,mfeat_fourier,NB,hyperparameter,0.0,0.0,0.0,0.0,0.0,,,,,
1822.0,mfeat_fourier,NB,hyperparameter,0.0,0.0,0.0,0.0,0.0,,,,,
1823.0,mfeat_fourier,NB,hyperparameter,0.0,0.0,0.0,0.0,0.0,,,,,
1824.0,mfeat_fourier,DT,hyperparameter,-0.0104999999999999,-0.0104999999999999,-0.0070111304642221,-0.0121009228951505,-0.0104999999999999,,,,,
1825.0,mfeat_fourier,DT,hyperparameter,0.0,0.0,0.0008658496774996,-0.0006186835974965,0.0,,,,,
1826.0,mfeat_fourier,DT,hyperparameter,-0.0035,-0.0035,-0.0033111346851411,-0.0019597232782603,-0.0035,,,,,
1827.0,mfeat_fourier,DT,hyperparameter,0.0010000000000001,0.0010000000000001,0.0031062353434474,-0.0039469296966304,0.0010000000000001,,,,,
1828.0,mfeat_fourier,DT,hyperparameter,-0.0044999999999999,-0.0044999999999999,-0.0030679120945529,-0.0111989176930463,-0.0044999999999999,,,,,
1829.0,mfeat_fourier,DT,hyperparameter,-0.0035,-0.0035,-0.0033490458907828,-0.0048589649966543,-0.0035,,,,,
1830.0,mfeat_fourier,RF,hyperparameter,-0.0075,-0.0075000000000001,-0.0074600985749572,-0.0073935541083463,-0.0075000000000001,,,,,
1831.0,mfeat_fourier,RF,hyperparameter,-0.0024999999999999,-0.0025,-0.002490941488854,-0.0024600612552112,-0.0025,,,,,
1832.0,mfeat_fourier,RF,hyperparameter,-0.0034999999999999,-0.0035,-0.0033585641806842,-0.0039844822933244,-0.0035,,,,,
1833.0,mfeat_fourier,RF,hyperparameter,-0.006,-0.006,-0.0065222121869501,-0.0063484116251417,-0.006,,,,,
1834.0,mfeat_fourier,RF,hyperparameter,0.0004999999999999,0.0004999999999999,0.0005659103704719,0.0005630436119253,0.0004999999999999,,,,,
1835.0,mfeat_fourier,RF,hyperparameter,-0.004,-0.0039999999999998,-0.0044504140257604,-0.00461760384006,-0.0039999999999998,,,,,
1836.0,analcatdata_authorship,KNN,hyperparameter,-0.003565786504175,-0.0067623686809731,-0.0047033970423195,-0.0024307132335588,-0.0067623686809731,,,,,
1837.0,analcatdata_authorship,KNN,hyperparameter,-0.0023809523809522,-0.0022980829666876,-0.0022982795168393,-0.0022650491400489,-0.0022980829666876,,,,,
1838.0,analcatdata_authorship,KNN,hyperparameter,0.0,0.0,0.0,0.0,0.0,,,,,
1839.0,analcatdata_authorship,KNN,hyperparameter,-0.0047619047619048,-0.0069446141439811,-0.0051910402854193,-0.0032067242547425,-0.0069446141439811,,,,,
1840.0,analcatdata_authorship,KNN,hyperparameter,-0.0011848341232226,-0.0020293483229527,-0.001447939380785,-0.0008445945945946,-0.0020293483229527,,,,,
1841.0,analcatdata_authorship,KNN,hyperparameter,-0.0011904761904761,-0.0007911392405064,-0.0011164799765723,-0.0014204545454545,-0.0007911392405064,,,,,
1842.0,analcatdata_authorship,SVC,hyperparameter,-0.0059523809523808,-0.0083981025160742,-0.0063373137903139,-0.0040836505017676,-0.0083981025160742,,,,,
1843.0,analcatdata_authorship,SVC,hyperparameter,-0.0023809523809524,-0.005652286902287,-0.0037386256417766,-0.0015952932098766,-0.005652286902287,,,,,
1844.0,analcatdata_authorship,SVC,hyperparameter,-0.0035601444369216,-0.0064968814968814,-0.0045519559068866,-0.0023781594094093,-0.0064968814968814,,,,,
1845.0,analcatdata_authorship,SVC,hyperparameter,-0.0023809523809522,-0.0053088803088802,-0.0035533231898627,-0.0016894977168948,-0.0053088803088802,,,,,
1846.0,analcatdata_authorship,SVC,hyperparameter,-0.0023753103136987,-0.0022551598995426,-0.0019412551820646,-0.0016274607941275,-0.0022551598995426,,,,,
1847.0,analcatdata_authorship,SVC,hyperparameter,0.0,0.0,0.0,0.0,0.0,,,,,
1848.0,analcatdata_authorship,LR,hyperparameter,-0.0059410968178739,-0.0047453775697448,-0.0046947949789609,-0.0045938568466087,-0.0047453775697448,,,,,
1849.0,analcatdata_authorship,LR,hyperparameter,0.0,0.0,0.0,0.0,0.0,,,,,
1850.0,analcatdata_authorship,LR,hyperparameter,-0.0059410968178741,-0.0053542713472429,-0.0046762382938843,-0.0039297285335565,-0.0053542713472429,,,,,
1851.0,analcatdata_authorship,LR,hyperparameter,-0.0023753103136988,-0.0015723892405061,-0.0012939178447296,-0.0010387233824731,-0.0015723892405061,,,,,
1852.0,analcatdata_authorship,LR,hyperparameter,-0.0011904761904764,-0.0007911392405062,-0.0005389967052895,-0.0008730675549057,-0.0007911392405062,,,,,
1853.0,analcatdata_authorship,LR,hyperparameter,-0.0023809523809523,-0.0016357338351008,-0.0019606239980172,-0.0022318580542263,-0.0016357338351008,,,,,
1854.0,analcatdata_authorship,NB,hyperparameter,0.0,0.0,0.0,0.0,0.0,,,,,
1855.0,analcatdata_authorship,NB,hyperparameter,0.0,0.0,0.0,0.0,0.0,,,,,
1856.0,analcatdata_authorship,NB,hyperparameter,0.0,0.0,0.0,0.0,0.0,,,,,
1857.0,analcatdata_authorship,NB,hyperparameter,0.0,0.0,0.0,0.0,0.0,,,,,
1858.0,analcatdata_authorship,NB,hyperparameter,-0.0011848341232226,-0.0048076923076924,-0.0032020637408569,-0.0014204545454543,-0.0048076923076924,,,,,
1859.0,analcatdata_authorship,NB,hyperparameter,0.0,0.0,0.0,0.0,0.0,,,,,
1860.0,analcatdata_authorship,DT,hyperparameter,-0.0035545023696682,-0.0100835387899339,-0.0077812799531996,-0.0047874262486996,-0.0100835387899339,,,,,
1861.0,analcatdata_authorship,DT,hyperparameter,0.0,-0.0031177080503693,-0.0017962591393787,-0.0049420047357852,-0.0031177080503693,,,,,
1862.0,analcatdata_authorship,DT,hyperparameter,0.0,-0.0006623491315865,0.0022298068651379,0.0014483992730367,-0.0006623491315865,,,,,
1863.0,analcatdata_authorship,DT,hyperparameter,-0.0011848341232227,-0.0007812499999998,-0.0041987896980789,-0.0094379899098876,-0.0007812499999998,,,,,
1864.0,analcatdata_authorship,DT,hyperparameter,0.0011904761904764,0.003482836695046,0.0038646686476115,0.001921025801042,0.003482836695046,,,,,
1865.0,analcatdata_authorship,DT,hyperparameter,-0.0047393364928907,-0.0159068760631262,-0.0108099839474724,-0.0039849470359472,-0.0159068760631262,,,,,
1866.0,analcatdata_authorship,RF,hyperparameter,-0.0023809523809523,-0.005255424954792,-0.0043462998353599,-0.0028878616945583,-0.005255424954792,,,,,
1867.0,analcatdata_authorship,RF,hyperparameter,-0.0023809523809523,-0.0046465311772936,-0.003540721565331,-0.0022531658151784,-0.0046465311772936,,,,,
1868.0,analcatdata_authorship,RF,hyperparameter,-0.0047506206273979,-0.0104599792099789,-0.007859314630966,-0.0044062191826136,-0.0104599792099789,,,,,
1869.0,analcatdata_authorship,RF,hyperparameter,-0.0011904761904764,0.0028285518791846,0.0012509181203868,-0.0008531118143459,0.0028285518791846,,,,,
1870.0,analcatdata_authorship,RF,hyperparameter,0.0,-0.0036731464737792,-0.0022216888230239,-0.0006199836417191,-0.0036731464737792,,,,,
1871.0,analcatdata_authorship,RF,hyperparameter,-0.0023809523809523,-0.0044642857142855,-0.0027078648833466,-0.0015707766029895,-0.0044642857142855,,,,,
1872.0,tokyo1,KNN,hyperparameter,-0.0010460251046024,-0.0020512646019744,-0.0006058117125158,-0.0045204071737152,-0.0048807401748576,,,,,
1873.0,tokyo1,KNN,hyperparameter,0.0010329497907949,0.0008397966851196,0.0009541041140967,-0.0013175465280763,-0.003289194465665,,,,,
1874.0,tokyo1,KNN,hyperparameter,-0.0093749999999999,-0.0124281936778988,-0.0068933488098448,-0.0117368860603493,-0.0032679738562092,,,,,
1875.0,tokyo1,KNN,hyperparameter,-0.0062500000000002,-0.0061855609051232,-0.0052103886455644,-0.0059862215074586,-0.0065571683218741,,,,,
1876.0,tokyo1,KNN,hyperparameter,-0.0041666666666665,-0.0064170348706174,-0.0029388453129167,-0.0075998302277675,-0.0048913504795858,,,,,
1877.0,tokyo1,KNN,hyperparameter,-0.0083376917712691,-0.0084287256736428,-0.0066337790256532,-0.0048566705557864,-0.0081699346405228,,,,,
1878.0,tokyo1,SVC,hyperparameter,-0.0062499999999998,-0.0030425963488844,-0.0055405418704557,-0.0057678522618204,-0.0359371021135725,,,,,
1879.0,tokyo1,SVC,hyperparameter,0.0,0.0012395762902862,-0.0002966772151899,-0.0082496110404024,-0.0228121551650963,,,,,
1880.0,tokyo1,SVC,hyperparameter,-0.0031337168758716,-0.0025231764110956,-0.0029015509154,-0.0077221179579324,-0.0326479076479075,,,,,
1881.0,tokyo1,SVC,hyperparameter,-0.003125,-0.0042989432170524,-0.0022189927624641,-0.0143873219623058,-0.0196078431372548,,,,,
1882.0,tokyo1,SVC,hyperparameter,-0.0020833333333334,-0.0029290524744318,-0.0019482151835094,-0.00940681015281,-0.0277035056446822,,,,,
1883.0,tokyo1,SVC,hyperparameter,-0.0031250000000001,0.0001321353065538,-0.0030622243998039,-0.0097750100245043,-0.0293162719633308,,,,,
1884.0,tokyo1,LR,hyperparameter,-0.0010416666666668,-0.0014367816091953,-0.000751644221735,-0.0014698677119058,0.0,,,,,
1885.0,tokyo1,LR,hyperparameter,0.0,0.0,0.0,0.0,0.0,,,,,
1886.0,tokyo1,LR,hyperparameter,0.0,0.0,0.0,0.0,0.0,,,,,
1887.0,tokyo1,LR,hyperparameter,0.0,0.0,0.0,-0.0010433181171164,0.0,,,,,
1888.0,tokyo1,LR,hyperparameter,-0.0041666666666666,-0.0045075501464953,-0.0031347962382443,-0.0030120481927712,-0.0032679738562091,,,,,
1889.0,tokyo1,LR,hyperparameter,0.0,0.0,0.0,0.0,0.0,,,,,
1890.0,tokyo1,NB,hyperparameter,-0.0114583333333333,-0.0130876194369754,-0.0095632459869827,-0.0205784449302069,-0.0211251167133521,,,,,
1891.0,tokyo1,NB,hyperparameter,-0.0041797419804742,-0.0088547119657077,-0.0029085093153879,-0.0212292584887936,0.0,,,,,
1892.0,tokyo1,NB,hyperparameter,-0.0020833333333334,-0.0049486605898465,-0.0020652652086475,-0.0146773229248806,-0.0081699346405228,,,,,
1893.0,tokyo1,NB,hyperparameter,-0.003125,-0.0040170298879437,-0.0030371600586859,-0.0099057349766145,-0.0082017655547067,,,,,
1894.0,tokyo1,NB,hyperparameter,-0.0083594839609484,-0.0102185700651429,-0.0072786344098635,-0.0176737952519903,-0.0179738562091503,,,,,
1895.0,tokyo1,NB,hyperparameter,-0.0041753835425384,-0.0079452676066903,-0.0034959678160707,-0.0178828179913543,-0.0114379084967318,,,,,
1896.0,tokyo1,DT,hyperparameter,0.0,0.0,0.0,-0.0087493323659832,0.0,,,,,
1897.0,tokyo1,DT,hyperparameter,-0.0062761506276149,-0.0036289709682323,-0.0053143704473381,0.002656304882332,-0.0130718954248364,,,,,
1898.0,tokyo1,DT,hyperparameter,-0.0020833333333333,-0.0016339869281044,-0.0018422697961968,-0.0078637674559584,-0.003267973856209,,,,,
1899.0,tokyo1,DT,hyperparameter,0.0041666666666666,0.0051721534279673,0.0031165776959175,-0.0009976803940774,0.0016233766233765,,,,,
1900.0,tokyo1,DT,hyperparameter,0.0031250000000001,0.0054935767410412,0.0020307377477082,-0.00332481217548,-0.0032467532467532,,,,,
1901.0,tokyo1,DT,hyperparameter,-0.0020702580195257,-0.007294822743075,-0.0007936834924612,-0.0125003776687375,0.0,,,,,
1902.0,tokyo1,RF,hyperparameter,-0.0062500000000002,-0.0074145268906813,-0.0047904017420303,-0.0060232799772071,-0.0130718954248367,,,,,
1903.0,tokyo1,RF,hyperparameter,-0.0052214086471408,-0.0057638331996791,-0.0043226389353248,-0.0058358649026366,-0.0114379084967319,,,,,
1904.0,tokyo1,RF,hyperparameter,-0.0020833333333333,-0.0028902699812884,-0.0023323679437263,-0.0031758256378585,-0.0130400645106525,,,,,
1905.0,tokyo1,RF,hyperparameter,-0.0125043584379359,-0.0147622267297727,-0.0095505179113607,-0.0120652855933659,-0.0097720906544436,,,,,
1906.0,tokyo1,RF,hyperparameter,-0.0104297419804741,-0.0131958581590639,-0.0080506407223711,-0.0121791884281805,-0.0130400645106527,,,,,
1907.0,tokyo1,RF,hyperparameter,-0.0010416666666666,-0.0001698882512836,-0.0009217271293375,-0.0054724239932976,-0.0032467532467531,,,,,
1908.0,soybean,KNN,hyperparameter,-0.0148369258946181,-0.0181982872200263,-0.0140666372085012,-0.0073315187718461,-0.0181982872200263,,,,,
1909.0,soybean,KNN,hyperparameter,0.0,-0.0021739130434782,4.437136220081239e-05,0.0043627505627009,-0.0021739130434782,,,,,
1910.0,soybean,KNN,hyperparameter,-0.0133136094674555,-0.0243686868686868,-0.0204263608963736,-0.0210113703169257,-0.0243686868686868,,,,,
1911.0,soybean,KNN,hyperparameter,-0.0044642857142856,-0.0061594202898551,-0.0027812210850891,-0.004734909094788,-0.0061594202898551,,,,,
1912.0,soybean,KNN,hyperparameter,-0.0029585798816568,-0.0055830039525691,-0.0055943437788079,-0.0058427708122595,-0.0055830039525691,,,,,
1913.0,soybean,KNN,hyperparameter,-0.0103550295857988,-0.008574879227053,-0.0036485896279802,-0.0003442900687525,-0.008574879227053,,,,,
1914.0,soybean,SVC,hyperparameter,-0.0118871513102283,-0.0049132630654371,-0.0082271866959713,-0.0082108231470324,-0.0049132630654371,,,,,
1915.0,soybean,SVC,hyperparameter,0.0,-0.0047101449275361,-0.0054503023690315,-0.0035455441845969,-0.0047101449275361,,,,,
1916.0,soybean,SVC,hyperparameter,-0.0074228655959424,-0.0088823012736055,-0.0071520941155975,-0.0128156747924528,-0.0088823012736055,,,,,
1917.0,soybean,SVC,hyperparameter,-0.0029849957734573,-0.0023935002195871,-0.0025744737892183,-0.0029057248977195,-0.0023935002195871,,,,,
1918.0,soybean,SVC,hyperparameter,-0.0044378698224851,-0.0061594202898551,-0.0038583100655642,0.0019538059453519,-0.0061594202898551,,,,,
1919.0,soybean,SVC,hyperparameter,-0.0058995491687799,-0.0002415458937198,-0.0013491382665785,0.0001788348312562,-0.0002415458937198,,,,,
1920.0,soybean,LR,hyperparameter,0.0014880952380952,0.0018115942028984,0.0016720564764659,-0.0016530679678956,0.0018115942028984,,,,,
1921.0,soybean,LR,hyperparameter,-0.0103814454775992,-0.0070871761089151,-0.006352921397576,-0.005828015630357,-0.0070871761089151,,,,,
1922.0,soybean,LR,hyperparameter,0.0029849957734573,0.0012077294685991,0.0012945528872629,0.0021170715249662,0.0012077294685991,,,,,
1923.0,soybean,LR,hyperparameter,-0.0014880952380951,-0.0027503293807639,-0.0031520450300064,-0.0074933696158568,-0.0027503293807639,,,,,
1924.0,soybean,LR,hyperparameter,-0.0014792899408284,-0.0071256038647345,-0.0045487922269054,-0.0012430011152524,-0.0071256038647345,,,,,
1925.0,soybean,LR,hyperparameter,-0.0014792899408284,-0.0027777777777775,-0.0017038387319785,-0.0023304625699261,-0.0027777777777775,,,,,
1926.0,soybean,NB,hyperparameter,0.0,0.0,-0.0001248285287132,0.0,0.0,,,,,
1927.0,soybean,NB,hyperparameter,-0.0014792899408283,-0.0006313131313131,-0.0008270022158908,-0.0006365740740739,-0.0006313131313131,,,,,
1928.0,soybean,NB,hyperparameter,-0.0044378698224852,-0.0018939393939396,-0.0024459479552214,-0.0018345922677062,-0.0018939393939396,,,,,
1929.0,soybean,NB,hyperparameter,-0.005943575655114,-0.0024978041282387,-0.0030640195146696,-0.0034689801846664,-0.0024978041282387,,,,,
1930.0,soybean,NB,hyperparameter,-0.0059171597633136,-0.0025252525252528,-0.0033208159331628,-0.0029922385620916,-0.0025252525252528,,,,,
1931.0,soybean,NB,hyperparameter,0.0014792899408283,0.0006038647342996,0.0008427141963726,0.0007275132275131,0.0006038647342996,,,,,
1932.0,soybean,DT,hyperparameter,-0.0029409692871231,-0.0061868686868687,-0.0022024996529539,0.0006792788510295,-0.0061868686868687,,,,,
1933.0,soybean,DT,hyperparameter,-0.0088757396449705,-0.0055006587615282,-0.0048330079508689,-0.0066481700805163,-0.0055006587615282,,,,,
1934.0,soybean,DT,hyperparameter,-0.0073964497041419,-0.0051932367149758,-0.003233737909192,-0.0044189566472175,-0.0051932367149758,,,,,
1935.0,soybean,DT,hyperparameter,-0.002993801070724,0.0056104523495827,0.0029679872205146,-0.0072904766216962,0.0056104523495827,,,,,
1936.0,soybean,DT,hyperparameter,-0.0074316708932093,-0.0080259112867807,-0.0067292015974094,-0.0018054338169279,-0.0080259112867807,,,,,
1937.0,soybean,DT,hyperparameter,0.0059171597633137,-0.0002799736495388,-0.00237453443959,-0.0015571707993203,-0.0002799736495388,,,,,
1938.0,soybean,RF,hyperparameter,0.0029585798816567,-0.001904918752745,0.0003208647941813,-0.0031550529610875,-0.001904918752745,,,,,
1939.0,soybean,RF,hyperparameter,8.805297266656353e-06,0.0008454106280192,0.0022377231788972,0.0007913961860396,0.0008454106280192,,,,,
1940.0,soybean,RF,hyperparameter,-0.0059171597633135,-0.0067632850241544,-0.0045552956356932,-0.0041476424809755,-0.0067632850241544,,,,,
1941.0,soybean,RF,hyperparameter,-0.0044554804170188,-0.0062143170838822,-0.0046370382707393,-0.0081364579535395,-0.0062143170838822,,,,,
1942.0,soybean,RF,hyperparameter,-0.0073964497041419,-0.0051932367149756,-0.0058095474756125,-0.0074525477793667,-0.0051932367149756,,,,,
1943.0,soybean,RF,hyperparameter,-0.0088669343477035,-0.0018390425999121,-0.0043933878122659,-0.0130644469022708,-0.0018390425999121,,,,,
1944.0,mfeat_karhunen,KNN,hyperparameter,-0.0004999999999999,-0.0004999999999999,-0.0005641982915459,-0.0004436742293627,-0.0004999999999999,,,,,
1945.0,mfeat_karhunen,KNN,hyperparameter,0.0,0.0,1.7529792035619884e-05,-4.408741000017091e-05,0.0,,,,,
1946.0,mfeat_karhunen,KNN,hyperparameter,-0.002,-0.002,-0.0020347154978646,-0.0019215751085406,-0.002,,,,,
1947.0,mfeat_karhunen,KNN,hyperparameter,0.0,0.0,0.0,0.0,0.0,,,,,
1948.0,mfeat_karhunen,KNN,hyperparameter,-0.004,-0.004,-0.0040015365102316,-0.0038609526903602,-0.004,,,,,
1949.0,mfeat_karhunen,KNN,hyperparameter,0.0,0.0,0.0,0.0,0.0,,,,,
1950.0,mfeat_karhunen,SVC,hyperparameter,-0.001,-0.001,-0.0009716894766401,-0.0008714827811465,-0.001,,,,,
1951.0,mfeat_karhunen,SVC,hyperparameter,-0.002,-0.002,-0.0020262009603609,-0.0020278235750031,-0.002,,,,,
1952.0,mfeat_karhunen,SVC,hyperparameter,-0.002,-0.002,-0.0020510778993045,-0.0019970687839722,-0.002,,,,,
1953.0,mfeat_karhunen,SVC,hyperparameter,-0.001,-0.001,-0.0009961655224216,-0.0009571906854983,-0.001,,,,,
1954.0,mfeat_karhunen,SVC,hyperparameter,-0.0024999999999999,-0.0024999999999999,-0.0024751576510337,-0.002460441752092,-0.0024999999999999,,,,,
1955.0,mfeat_karhunen,SVC,hyperparameter,-0.0014999999999999,-0.0014999999999999,-0.0015233648117541,-0.0014514642065002,-0.0014999999999999,,,,,
1956.0,mfeat_karhunen,LR,hyperparameter,-0.0024999999999999,-0.0024999999999999,-0.0025230982937427,-0.0024585001483016,-0.0024999999999999,,,,,
1957.0,mfeat_karhunen,LR,hyperparameter,0.003,0.003,0.0029265020826769,0.0028938193347736,0.003,,,,,
1958.0,mfeat_karhunen,LR,hyperparameter,-0.001,-0.001,-0.000956342499654,-0.000539883568551,-0.001,,,,,
1959.0,mfeat_karhunen,LR,hyperparameter,-0.002,-0.002,-0.0020668166581155,-0.0021194923448243,-0.002,,,,,
1960.0,mfeat_karhunen,LR,hyperparameter,-0.003,-0.003,-0.0030061413419918,-0.0029071514848787,-0.003,,,,,
1961.0,mfeat_karhunen,LR,hyperparameter,-0.0014999999999999,-0.0014999999999999,-0.0014626960195254,-0.0013825885286571,-0.0014999999999999,,,,,
1962.0,mfeat_karhunen,NB,hyperparameter,0.0,0.0,0.0,0.0,0.0,,,,,
1963.0,mfeat_karhunen,NB,hyperparameter,0.0,0.0,0.0,0.0,0.0,,,,,
1964.0,mfeat_karhunen,NB,hyperparameter,0.0,0.0,0.0,0.0,0.0,,,,,
1965.0,mfeat_karhunen,NB,hyperparameter,0.0,0.0,0.0,0.0,0.0,,,,,
1966.0,mfeat_karhunen,NB,hyperparameter,0.0,0.0,0.0,0.0,0.0,,,,,
1967.0,mfeat_karhunen,NB,hyperparameter,0.0,0.0,0.0,0.0,0.0,,,,,
1968.0,mfeat_karhunen,DT,hyperparameter,-0.0079999999999998,-0.008,-0.0085423622217756,-0.0064230380963806,-0.008,,,,,
1969.0,mfeat_karhunen,DT,hyperparameter,0.0004999999999999,0.0005,0.0002750774413978,-0.0007678425872246,0.0005,,,,,
1970.0,mfeat_karhunen,DT,hyperparameter,-0.0005,-0.0004999999999999,-0.0003252586656617,-0.0011008593176162,-0.0004999999999999,,,,,
1971.0,mfeat_karhunen,DT,hyperparameter,-0.0025,-0.0025,-0.0031980367118393,-0.0029511528395304,-0.0025,,,,,
1972.0,mfeat_karhunen,DT,hyperparameter,-0.0034999999999999,-0.0034999999999998,-0.0032748511826983,-0.0030927329173118,-0.0034999999999998,,,,,
1973.0,mfeat_karhunen,DT,hyperparameter,-0.0095,-0.0095,-0.0094612209140763,-0.0103493760437495,-0.0095,,,,,
1974.0,mfeat_karhunen,RF,hyperparameter,-0.001,-0.001,-0.0009754040225024,-0.0009241466986728,-0.001,,,,,
1975.0,mfeat_karhunen,RF,hyperparameter,-0.0035,-0.0035,-0.0034559518070463,-0.0031975787344807,-0.0035,,,,,
1976.0,mfeat_karhunen,RF,hyperparameter,0.0,0.0,-1.3522873060445306e-05,-0.0001386458429524,0.0,,,,,
1977.0,mfeat_karhunen,RF,hyperparameter,-0.0054999999999999,-0.0054999999999999,-0.0054911724066899,-0.0054466610487026,-0.0054999999999999,,,,,
1978.0,mfeat_karhunen,RF,hyperparameter,-0.001,-0.001,-0.000998931933177,-0.0008561885361509,-0.001,,,,,
1979.0,mfeat_karhunen,RF,hyperparameter,-0.0024999999999999,-0.0024999999999999,-0.0024374313453312,-0.0024101443523349,-0.0024999999999999,,,,,
1980.0,GAMETES_Epistasis_2_Way_1000atts_0.4H_EDM_1_EDM_1_1,KNN,impute,0.0025,0.0025,0.0058234218123823,0.003743138200527,0.00875,,,,,
1981.0,GAMETES_Epistasis_2_Way_1000atts_0.4H_EDM_1_EDM_1_1,KNN,impute,-0.0093749999999999,-0.0093749999999999,-0.0118768127942018,-0.0106949602505036,-0.0125,,,,,
1982.0,GAMETES_Epistasis_2_Way_1000atts_0.4H_EDM_1_EDM_1_1,KNN,impute,0.0062499999999999,0.00625,0.0059323181087221,0.0074079721781166,0.005,,,,,
1983.0,GAMETES_Epistasis_2_Way_1000atts_0.4H_EDM_1_EDM_1_1,KNN,impute,-0.0043750000000001,-0.004375,-0.0073939943562663,-0.0041346305963384,-0.01,,,,,
1984.0,GAMETES_Epistasis_2_Way_1000atts_0.4H_EDM_1_EDM_1_1,KNN,impute,0.00625,0.0062499999999998,0.0063644875266523,0.0072601682332755,0.0062499999999999,,,,,
1985.0,GAMETES_Epistasis_2_Way_1000atts_0.4H_EDM_1_EDM_1_1,KNN,impute,-0.0056249999999998,-0.0056249999999998,7.993719709181724e-05,-0.0055006428673582,0.0025,,,,,
1986.0,GAMETES_Epistasis_2_Way_1000atts_0.4H_EDM_1_EDM_1_1,SVC,impute,-0.004375,-0.004375,-0.0040744349897289,-0.004416268597303,-0.0037499999999999,,,,,
1987.0,GAMETES_Epistasis_2_Way_1000atts_0.4H_EDM_1_EDM_1_1,SVC,impute,0.005625,0.0056249999999999,0.0088204154652264,0.0059720525863021,0.01125,,,,,
1988.0,GAMETES_Epistasis_2_Way_1000atts_0.4H_EDM_1_EDM_1_1,SVC,impute,0.0012499999999999,0.0012499999999999,-8.935901458817508e-05,0.0013792576396096,-0.00125,,,,,
1989.0,GAMETES_Epistasis_2_Way_1000atts_0.4H_EDM_1_EDM_1_1,SVC,impute,-0.0075,-0.0075,-0.0090394592253868,-0.0078000180165804,-0.01,,,,,
1990.0,GAMETES_Epistasis_2_Way_1000atts_0.4H_EDM_1_EDM_1_1,SVC,impute,0.0006249999999998,0.0006249999999999,0.0014648797426407,0.0005372668523374,0.0024999999999999,,,,,
1991.0,GAMETES_Epistasis_2_Way_1000atts_0.4H_EDM_1_EDM_1_1,SVC,impute,-0.0024999999999999,-0.0024999999999999,-0.0037224999543978,-0.0024926515563372,-0.005,,,,,
1992.0,GAMETES_Epistasis_2_Way_1000atts_0.4H_EDM_1_EDM_1_1,LR,impute,0.001875,0.001875,0.000927743553414,0.001893065713823,0.0,,,,,
1993.0,GAMETES_Epistasis_2_Way_1000atts_0.4H_EDM_1_EDM_1_1,LR,impute,0.0006249999999999,0.000625,0.0017311396150164,0.000896898183569,0.0024999999999998,,,,,
1994.0,GAMETES_Epistasis_2_Way_1000atts_0.4H_EDM_1_EDM_1_1,LR,impute,0.0,0.0,0.0015479568890248,-0.0004535594622685,0.00375,,,,,
1995.0,GAMETES_Epistasis_2_Way_1000atts_0.4H_EDM_1_EDM_1_1,LR,impute,-0.00125,-0.00125,-0.0007079740248489,-0.0015204957897251,0.0,,,,,
1996.0,GAMETES_Epistasis_2_Way_1000atts_0.4H_EDM_1_EDM_1_1,LR,impute,-0.0062499999999999,-0.0062499999999999,-0.0044484303872026,-0.0064097719849007,-0.0024999999999999,,,,,
1997.0,GAMETES_Epistasis_2_Way_1000atts_0.4H_EDM_1_EDM_1_1,LR,impute,-0.0056249999999999,-0.0056249999999999,-0.0066140959659994,-0.005642346469369,-0.0075,,,,,
1998.0,GAMETES_Epistasis_2_Way_1000atts_0.4H_EDM_1_EDM_1_1,NB,impute,-1.1102230246251563e-16,-1.1102230246251563e-16,-0.0012074214720834,0.0001617890353063,-0.0025,,,,,
1999.0,GAMETES_Epistasis_2_Way_1000atts_0.4H_EDM_1_EDM_1_1,NB,impute,0.0,0.0,-0.0012090836068389,6.923537372904853e-05,-0.0025,,,,,
2000.0,GAMETES_Epistasis_2_Way_1000atts_0.4H_EDM_1_EDM_1_1,NB,impute,0.001875,0.001875,0.0009610462702434,0.0018455974806107,0.0,,,,,
2001.0,GAMETES_Epistasis_2_Way_1000atts_0.4H_EDM_1_EDM_1_1,NB,impute,0.0018749999999999,0.0018749999999999,0.0021693307905282,0.0016770587360114,0.0025,,,,,
2002.0,GAMETES_Epistasis_2_Way_1000atts_0.4H_EDM_1_EDM_1_1,NB,impute,-0.0006249999999999,-0.0006249999999999,0.0003568515331127,-0.0007525801447288,0.00125,,,,,
2003.0,GAMETES_Epistasis_2_Way_1000atts_0.4H_EDM_1_EDM_1_1,NB,impute,0.0006249999999999,0.0006249999999999,-0.0008147191088622,0.0006910362731549,-0.0025,,,,,
2004.0,GAMETES_Epistasis_2_Way_1000atts_0.4H_EDM_1_EDM_1_1,DT,impute,-0.0006249999999998,-0.0006249999999999,-0.0047703609864315,-0.0011738679094397,-0.00875,,,,,
2005.0,GAMETES_Epistasis_2_Way_1000atts_0.4H_EDM_1_EDM_1_1,DT,impute,-0.0106250000000001,-0.0106249999999999,-0.0086907651187855,-0.0113555026104982,-0.0074999999999999,,,,,
2006.0,GAMETES_Epistasis_2_Way_1000atts_0.4H_EDM_1_EDM_1_1,DT,impute,-0.0006249999999999,-0.0006249999999999,0.0210657033264872,-4.616853991468162e-05,0.04125,,,,,
2007.0,GAMETES_Epistasis_2_Way_1000atts_0.4H_EDM_1_EDM_1_1,DT,impute,0.0024999999999999,0.0024999999999999,0.0075225491679109,0.0022966497273446,0.0125,,,,,
2008.0,GAMETES_Epistasis_2_Way_1000atts_0.4H_EDM_1_EDM_1_1,DT,impute,0.00375,0.00375,0.0067040174793838,0.0033927201140909,0.0075000000000001,,,,,
2009.0,GAMETES_Epistasis_2_Way_1000atts_0.4H_EDM_1_EDM_1_1,DT,impute,0.0162499999999999,0.0162499999999999,0.0355698921942105,0.0176556503612255,0.0525000000000001,,,,,
2010.0,GAMETES_Epistasis_2_Way_1000atts_0.4H_EDM_1_EDM_1_1,RF,impute,0.00125,0.00125,0.0142483982419612,0.0023711211058585,0.0237499999999999,,,,,
2011.0,GAMETES_Epistasis_2_Way_1000atts_0.4H_EDM_1_EDM_1_1,RF,impute,0.020625,0.020625,0.0148101969072009,0.0225822007179447,0.0074999999999999,,,,,
2012.0,GAMETES_Epistasis_2_Way_1000atts_0.4H_EDM_1_EDM_1_1,RF,impute,0.0174999999999999,0.0174999999999999,-0.0009695719119787,0.0184766067012632,-0.0175,,,,,
2013.0,GAMETES_Epistasis_2_Way_1000atts_0.4H_EDM_1_EDM_1_1,RF,impute,0.000625,0.000625,0.0004178956312587,-0.0001998533346232,0.00125,,,,,
2014.0,GAMETES_Epistasis_2_Way_1000atts_0.4H_EDM_1_EDM_1_1,RF,impute,0.0031250000000001,0.0031249999999999,0.0036514088693456,0.0037886822350826,0.0037499999999999,,,,,
2015.0,GAMETES_Epistasis_2_Way_1000atts_0.4H_EDM_1_EDM_1_1,RF,impute,0.03375,0.0337500000000001,0.0330847385892786,0.0362029783702629,0.03,,,,,
2016.0,agaricus_lepiota,KNN,impute,0.0,0.0,0.0,0.0,0.0,,,,,
2017.0,agaricus_lepiota,KNN,impute,0.0,0.0,0.0,0.0,0.0,,,,,
2018.0,agaricus_lepiota,KNN,impute,0.0,0.0,0.0,0.0,0.0,,,,,
2019.0,agaricus_lepiota,KNN,impute,0.0,0.0,0.0,0.0,0.0,,,,,
2020.0,agaricus_lepiota,KNN,impute,0.0,0.0,0.0,0.0,0.0,,,,,
2021.0,agaricus_lepiota,KNN,impute,0.0,0.0,0.0,0.0,0.0,,,,,
2022.0,agaricus_lepiota,SVC,impute,0.00012278978389,0.0001276813074564,0.0001283812194853,5.065640570456331e-06,0.0002553626149132,,,,,
2023.0,agaricus_lepiota,SVC,impute,6.027971721778158e-08,-9.291796188581891e-06,-3.0911014184953345e-06,0.0002433573274815,-0.0002551020408163,,,,,
2024.0,agaricus_lepiota,SVC,impute,-0.0003684899111041,-0.0003833044964666,-0.0003856444611926,-1.816545322619323e-05,-0.0007666089929332,,,,,
2025.0,agaricus_lepiota,SVC,impute,-0.0001227897838897,-0.0001276813074567,-0.00012849999463,-6.519545597716281e-06,-0.0002553626149132,,,,,
2026.0,agaricus_lepiota,SVC,impute,0.0,0.0,0.0,0.0,0.0,,,,,
2027.0,agaricus_lepiota,SVC,impute,0.0,0.0,0.0,0.0,0.0,,,,,
2028.0,agaricus_lepiota,LR,impute,-0.0001227295041728,-0.0001275510204079,-0.00013238737009,-1.1769136616379685e-05,-0.0002551020408162,,,,,
2029.0,agaricus_lepiota,LR,impute,-0.00012278978389,-0.0001182592242193,-0.0001210325079383,-0.0002395032223141,0.0,,,,,
2030.0,agaricus_lepiota,LR,impute,0.0001227295041728,0.0001275510204081,0.0001351861284129,9.796216918767088e-06,0.0002551020408163,,,,,
2031.0,agaricus_lepiota,LR,impute,0.0001227897838899,0.0001276813074565,0.0001343350323618,1.0661071735973415e-05,0.0002553626149129,,,,,
2032.0,agaricus_lepiota,LR,impute,0.0,0.0,0.0,0.0,0.0,,,,,
2033.0,agaricus_lepiota,LR,impute,0.0,0.0,0.0,0.0,0.0,,,,,
2034.0,agaricus_lepiota,NB,impute,-0.00036836935167,-0.0003830439223697,-0.000415062813274,-6.92994239526179e-05,-0.0007660878447396,,,,,
2035.0,agaricus_lepiota,NB,impute,-0.0002455192880628,-0.0002365184484389,-0.0002293340721329,-0.0004453414808825,0.0,,,,,
2036.0,agaricus_lepiota,NB,impute,0.0001226089447385,0.0001276813074565,0.0001345914207203,2.4742719678005894e-05,0.0002553626149132,,,,,
2037.0,agaricus_lepiota,NB,impute,-0.0008594079277955,-0.0008372366527735,-0.0008388069388368,-0.0014124654289912,-0.0002553626149129,,,,,
2038.0,agaricus_lepiota,NB,impute,-0.0003683693516698,-0.0003641997558956,-0.0003666077398335,-0.0004757281479174,-0.0002553626149129,,,,,
2039.0,agaricus_lepiota,NB,impute,0.0004910385761257,0.0004730368968779,0.0004679260870548,0.0009315924577809,0.0,,,,,
2040.0,agaricus_lepiota,DT,impute,0.0,0.0,0.0,0.0,0.0,,,,,
2041.0,agaricus_lepiota,DT,impute,0.0,0.0,0.0,0.0,0.0,,,,,
2042.0,agaricus_lepiota,DT,impute,0.0,0.0,0.0,0.0,0.0,,,,,
2043.0,agaricus_lepiota,DT,impute,0.0,0.0,0.0,0.0,0.0,,,,,
2044.0,agaricus_lepiota,DT,impute,0.0,0.0,0.0,0.0,0.0,,,,,
2045.0,agaricus_lepiota,DT,impute,0.0,0.0,0.0,0.0,0.0,,,,,
2046.0,agaricus_lepiota,RF,impute,0.0,0.0,0.0,0.0,0.0,,,,,
2047.0,agaricus_lepiota,RF,impute,0.0,0.0,0.0,0.0,0.0,,,,,
2048.0,agaricus_lepiota,RF,impute,0.0,0.0,0.0,0.0,0.0,,,,,
2049.0,agaricus_lepiota,RF,impute,0.0,0.0,0.0,0.0,0.0,,,,,
2050.0,agaricus_lepiota,RF,impute,0.0,0.0,0.0,0.0,0.0,,,,,
2051.0,agaricus_lepiota,RF,impute,0.0,0.0,0.0,0.0,0.0,,,,,
2052.0,mushroom,KNN,impute,-0.0001230920728707,-0.0001276813074564,-0.0001277465508431,0.0,-0.0002553626149132,,,,,
2053.0,mushroom,KNN,impute,-0.0001230920728707,-0.0001276813074564,-0.0001278771710381,0.0,-0.0002553626149132,,,,,
2054.0,mushroom,KNN,impute,-0.0001230920728707,-0.0001276813074564,-0.0001277465508431,0.0,-0.0002553626149132,,,,,
2055.0,mushroom,KNN,impute,-0.0001230920728707,-0.0001276813074564,-0.0001278771710381,0.0,-0.0002553626149132,,,,,
2056.0,mushroom,KNN,impute,0.0,0.0,0.0,0.0,0.0,,,,,
2057.0,mushroom,KNN,impute,-0.0001230920728707,-0.0001276813074564,-0.0001277465508431,0.0,-0.0002553626149132,,,,,
2058.0,mushroom,SVC,impute,0.0,0.0,0.0,0.0,0.0,,,,,
2059.0,mushroom,SVC,impute,0.0001230920728706,0.0001276813074567,0.0001326212390148,7.196223421934711e-06,0.0002553626149132,,,,,
2060.0,mushroom,SVC,impute,-0.0001230920728707,-0.0001188212927757,-0.0001250892453463,-0.0002542193956471,0.0,,,,,
2061.0,mushroom,SVC,impute,0.0,0.0,0.0,0.0,0.0,,,,,
2062.0,mushroom,SVC,impute,-0.0001230920728706,-0.0001188212927756,-0.0001252354928735,-0.0002534570581248,0.0,,,,,
2063.0,mushroom,SVC,impute,0.0,8.860014680811545e-06,7.927511599392645e-06,-0.0002454350622783,0.0002553626149132,,,,,
2064.0,mushroom,LR,impute,0.0001230920728706,0.0001276813074563,0.000135040392613,1.0276024844158016e-05,0.0002553626149129,,,,,
2065.0,mushroom,LR,impute,2.220446049250313e-16,0.0,8.596281110273551e-07,4.684828804446539e-06,0.0,,,,,
2066.0,mushroom,LR,impute,-0.0004923682914821,-0.0005018652151453,-0.0005322804893306,-0.0002776170385088,-0.0007660878447396,,,,,
2067.0,mushroom,LR,impute,-0.0003692762186116,-0.0003741839076888,-0.0003975489181822,-0.0002773414921943,-0.0005107252298264,,,,,
2068.0,mushroom,LR,impute,0.0,0.0,0.0,0.0,0.0,,,,,
2069.0,mushroom,LR,impute,0.0006154603643524,0.0006029664785592,0.0006264919183676,0.0010159257999856,0.0002553626149132,,,,,
2070.0,mushroom,NB,impute,0.0,0.0,0.0,0.0,0.0,,,,,
2071.0,mushroom,NB,impute,0.0,0.0,0.0,0.0,0.0,,,,,
2072.0,mushroom,NB,impute,-0.0001230920728704,-0.0001099612780948,-6.709623958056632e-05,-0.0003549862270704,0.0002553626149132,,,,,
2073.0,mushroom,NB,impute,0.0,0.0,0.0,0.0,0.0,,,,,
2074.0,mushroom,NB,impute,0.0001230920728705,0.0001276813074565,0.0001455127599906,3.688456935335704e-05,0.0002553626149131,,,,,
2075.0,mushroom,NB,impute,-0.0002461841457409,-0.0002376425855512,-0.0002100463121667,-0.0003905894489341,0.0,,,,,
2076.0,mushroom,DT,impute,0.0,0.0,0.0,0.0,0.0,,,,,
2077.0,mushroom,DT,impute,0.0,0.0,0.0,0.0,0.0,,,,,
2078.0,mushroom,DT,impute,0.0,0.0,0.0,0.0,0.0,,,,,
2079.0,mushroom,DT,impute,0.0,0.0,0.0,0.0,0.0,,,,,
2080.0,mushroom,DT,impute,0.0,0.0,0.0,0.0,0.0,,,,,
2081.0,mushroom,DT,impute,-0.0001230920728704,-0.0001276813074567,-0.0001277465508432,0.0,-0.0002553626149132,,,,,
2082.0,mushroom,RF,impute,0.0,0.0,0.0,0.0,0.0,,,,,
2083.0,mushroom,RF,impute,0.0,0.0,0.0,0.0,0.0,,,,,
2084.0,mushroom,RF,impute,0.0,0.0,0.0,0.0,0.0,,,,,
2085.0,mushroom,RF,impute,0.0,0.0,0.0,0.0,0.0,,,,,
2086.0,mushroom,RF,impute,0.0,0.0,0.0,0.0,0.0,,,,,
2087.0,mushroom,RF,impute,0.0,0.0,0.0,0.0,0.0,,,,,
2088.0,ring,KNN,impute,-0.0013513513513514,-0.0013646288209606,-0.0007709254326224,-0.0010010760339809,0.0,,,,,
2089.0,ring,KNN,impute,-0.001081081081081,-0.0010917030567686,-0.000618713569498,-0.0008050634330887,0.0,,,,,
2090.0,ring,KNN,impute,0.0005405405405404,0.0005458515283843,0.0003179437711116,0.0004205531053754,0.0,,,,,
2091.0,ring,KNN,impute,-0.0017567567567566,-0.0017740174672489,-0.0010139464849734,-0.0013261669317936,0.0,,,,,
2092.0,ring,KNN,impute,0.0001351351351353,0.000136462882096,7.218028975419788e-05,8.981820995779266e-05,0.0,,,,,
2093.0,ring,KNN,impute,-0.0020270270270269,-0.0020469432314411,-0.0011628693878296,-0.0015152554680352,0.0,,,,,
2094.0,ring,SVC,impute,0.0006756756756757,0.0006639050709256,0.0008478416827156,0.0001017208821079,0.0018736616702355,,,,,
2095.0,ring,SVC,impute,-0.0006756756756757,-0.0006770545991789,-0.0006091768436808,-0.0006448573780138,-0.0005353319057815,,,,,
2096.0,ring,SVC,impute,0.0010810810810809,0.00109696286807,0.0006672115177022,0.0015004253711364,-0.0005353319057814,,,,,
2097.0,ring,SVC,impute,0.0002702702702703,0.0002834453867948,-1.739458274341299e-05,0.0007476159743926,-0.001070663811563,,,,,
2098.0,ring,SVC,impute,0.0012162162162161,0.0012176463162619,0.0010786009734085,0.0010762093123485,0.0010706638115631,,,,,
2099.0,ring,SVC,impute,-0.001216216216216,-0.0011966070710565,-0.0015065626805085,-0.0002557755812633,-0.0032119914346895,,,,,
2100.0,ring,LR,impute,0.0008108108108106,0.000805627764323,0.0008890167873559,0.0005002238034028,0.0013383297644538,,,,,
2101.0,ring,LR,impute,-1.1102230246251563e-16,-1.1102230246251563e-16,-5.750499543211163e-06,8.76326381382686e-06,0.0,,,,,
2102.0,ring,LR,impute,0.0005405405405404,0.0005405917170828,0.0005185543069717,0.0004955161906925,0.0005353319057815,,,,,
2103.0,ring,LR,impute,-0.0006756756756757,-0.000669164882227,-0.0007899652083113,-0.0003339461999825,-0.0013383297644539,,,,,
2104.0,ring,LR,impute,0.0009459459459459,0.0009552401746724,0.0006897563433088,0.0012837322718853,0.0,,,,,
2105.0,ring,LR,impute,-0.0009459459459461,-0.0009420906464191,-0.0009861369768463,-0.0006916342187728,-0.0013383297644539,,,,,
2106.0,ring,NB,impute,0.0,0.0,0.0,0.0,0.0,,,,,
2107.0,ring,NB,impute,0.0004054054054053,0.0004041288349868,0.0004005733404411,0.0002687900673038,0.0005353319057816,,,,,
2108.0,ring,NB,impute,0.0,0.0,0.0,0.0,0.0,,,,,
2109.0,ring,NB,impute,0.0002702702702701,0.0002676659528906,0.0002707613864019,1.336049035860487e-05,0.0005353319057816,,,,,
2110.0,ring,NB,impute,0.000135135135135,0.0001364628820961,0.0001312011371713,0.000260316192513,0.0,,,,,
2111.0,ring,NB,impute,0.0001351351351348,0.0001338329764453,0.0001353039575656,7.21039035678217e-06,0.0002676659528907,,,,,
2112.0,ring,DT,impute,-0.0018918918918918,-0.0019209999719476,-0.0014716486986255,-0.0038607529562112,0.0010706638115632,,,,,
2113.0,ring,DT,impute,-0.0021621621621622,-0.0021965556417904,-0.0017218820654164,-0.0046802374336845,0.0013383297644539,,,,,
2114.0,ring,DT,impute,-0.0001351351351351,-0.0001101638255892,-0.0004581618366581,0.0017064956844908,-0.0026766595289078,,,,,
2115.0,ring,DT,impute,-0.0010810810810811,-0.0010811834341659,-0.0010471729047802,-0.000979046323855,-0.0010706638115631,,,,,
2116.0,ring,DT,impute,-0.0006756756756757,-0.0006507555426723,-0.0010216022565601,0.0012030863690283,-0.0032119914346895,,,,,
2117.0,ring,DT,impute,0.0022972972972973,0.0023172390899826,0.002030542530795,0.0037963237804122,0.0002676659528908,,,,,
2118.0,ring,RF,impute,0.0016216216216216,0.0016191452455984,0.0016538398553992,0.0014095246931994,0.0018736616702356,,,,,
2119.0,ring,RF,impute,-0.0016216216216216,-0.0016112555286459,-0.0017166943559144,-0.0005849459252271,-0.0026766595289079,,,,,
2120.0,ring,RF,impute,-0.0004054054054051,-0.0004041288349867,-0.000426377993182,-0.0002873555620287,-0.0005353319057815,,,,,
2121.0,ring,RF,impute,-0.0013513513513511,-0.0013435895757551,-0.0014101464459311,-0.0005925366048515,-0.0021413276231262,,,,,
2122.0,ring,RF,impute,0.0016216216216216,0.0016059957173445,0.0017433375556452,0.0001087311196168,0.0032119914346895,,,,,
2123.0,ring,RF,impute,0.0017567567567567,0.0017450885050913,0.0018462842014851,0.0006519145049798,0.0029443254817987,,,,,
2124.0,twonorm,KNN,impute,-0.0002702702702702,-0.000270124651874,-0.000264053957524,-0.0005246286731274,-2.925002927645082e-07,,,,,
2125.0,twonorm,KNN,impute,0.0001351351351351,0.0001349885691135,0.0001286543414134,0.0002555004001315,-5.850005848628825e-07,,,,,
2126.0,twonorm,KNN,impute,0.0013513513513512,0.0013519369836864,0.001372915608544,0.0008524257223508,0.0018936468936467,,,,,
2127.0,twonorm,KNN,impute,0.0002702702702703,0.0002710005733762,0.0002791839353454,1.0641770958441654e-05,0.0005411255411256,,,,,
2128.0,twonorm,KNN,impute,0.0004054054054055,0.0004062825904079,0.0004274467733923,-0.0002470206140796,0.0010825435825434,,,,,
2129.0,twonorm,KNN,impute,0.0004054054054054,0.0004049676025915,0.0003856678932984,0.0007745359689546,-2.220446049250313e-16,,,,,
2130.0,twonorm,SVC,impute,0.0004054054054052,0.0004055516555515,0.000398901489794,0.0005163513553889,0.0002705627705628,,,,,
2131.0,twonorm,SVC,impute,0.0001351351351349,0.0001361579385336,0.0001551825039475,-0.0007787218047932,0.0010822510822512,,,,,
2132.0,twonorm,SVC,impute,0.0004054054054055,0.0004054060371556,0.0004076782402352,0.0002609512177688,0.0005411255411256,,,,,
2133.0,twonorm,SVC,impute,-0.0004054054054052,-0.000405113536863,-0.0003910739783647,-0.0010597942787693,0.0002702702702701,,,,,
2134.0,twonorm,SVC,impute,-0.0006756756756759,-0.0006762606762608,-0.0006882850840723,-0.0002768793472308,-0.001082251082251,,,,,
2135.0,twonorm,SVC,impute,0.0005405405405407,0.0005408333567079,0.0005550040109195,0.0002944649191901,0.0008116883116882,,,,,
2136.0,twonorm,LR,impute,0.0005405405405406,0.0005408333567079,0.0005505675108989,0.0002848452330224,0.0008116883116882,,,,,
2137.0,twonorm,LR,impute,-0.0002702702702703,-0.0002698324674568,-0.0002653996589707,-0.0005342951955371,0.0,,,,,
2138.0,twonorm,LR,impute,0.0,-4.384345635433107e-07,-8.833831667942604e-06,0.0002560486806838,-0.0002708552708552,,,,,
2139.0,twonorm,LR,impute,0.000135135135135,0.0001348432665928,0.0001317252337583,0.0002598543309306,0.0,,,,,
2140.0,twonorm,LR,impute,-0.0002702702702701,-0.0002701243359989,-0.0002635464019996,-0.0005268094522955,0.0,,,,,
2141.0,twonorm,LR,impute,-0.0002702702702702,-0.0002699780858528,-0.0002583910934281,-0.0007897038458416,0.0002705627705628,,,,,
2142.0,twonorm,NB,impute,-0.0002702702702702,-0.0002704165204163,-0.0002764079392395,-1.2512761096150626e-05,-0.000540833040833,,,,,
2143.0,twonorm,NB,impute,0.0,4.381186886615041e-07,7.374994188347195e-06,-0.0002598629979497,0.0002705627705628,,,,,
2144.0,twonorm,NB,impute,-0.0002702702702701,-0.0002705627705628,-0.0002799845035588,-1.6303342270762577e-05,-0.0005411255411256,,,,,
2145.0,twonorm,NB,impute,-0.0001351351351351,-0.0001355735696987,-0.0001384118894312,-8.707270793828492e-06,-0.0002708552708552,,,,,
2146.0,twonorm,NB,impute,0.0,4.384345637653553e-07,1.4594324287631188e-05,-0.000521336778689,0.0005411255411256,,,,,
2147.0,twonorm,NB,impute,-0.0001351351351349,-0.0001352813852816,-0.0001373260103705,1.6365208037605328e-06,-0.0002705627705628,,,,,
2148.0,twonorm,DT,impute,-0.0002702702702702,-0.0002714450095659,-0.0007138104026216,0.0014822849480059,-0.0029797004797005,,,,,
2149.0,twonorm,DT,impute,-0.0068918918918918,-0.0068878092069235,-0.0054903628001894,-0.0124053657933648,0.001618404118404,,,,,
2150.0,twonorm,DT,impute,0.0025675675675675,0.0025626032753462,0.0017085438480516,0.0069009029190443,-0.0037861237861238,,,,,
2151.0,twonorm,DT,impute,-0.0087837837837837,-0.0087799901244826,-0.0087399530950345,-0.0088347540138731,-0.0089195039195039,,,,,
2152.0,twonorm,DT,impute,-0.0036486486486485,-0.0036388656826021,-0.002992563752325,-0.0070578777833961,0.0008157833157832,,,,,
2153.0,twonorm,DT,impute,0.0002702702702701,0.000274068351822,0.0015242093212283,-0.0058799423071926,0.0089224289224288,,,,,
2154.0,twonorm,RF,impute,0.002162162162162,0.0021623106234337,0.002177893117187,0.0019169835398296,0.0024347724347726,,,,,
2155.0,twonorm,RF,impute,0.0032432432432434,0.0032414939272389,0.0032153196092264,0.0048118493510344,0.0016233766233765,,,,,
2156.0,twonorm,RF,impute,0.0012162162162161,0.0012173862173859,0.001286744996954,-0.0006801933138087,0.0032455832455834,,,,,
2157.0,twonorm,RF,impute,0.0005405405405404,0.0005396646190383,0.0005315922584976,0.0008006279203796,0.0002699777699778,,,,,
2158.0,twonorm,RF,impute,0.0008108108108108,0.0008111036269783,0.0008030720696919,0.0013963805189207,0.000271147771148,,,,,
2159.0,twonorm,RF,impute,0.0001351351351351,0.0001344045161539,0.0001200363074803,0.0002530149368261,-8.775008776273907e-07,,,,,
2160.0,clean1,KNN,impute,0.0,0.0,0.0,0.0,0.0,,,,,
2161.0,clean1,KNN,impute,0.0021008403361344,0.001865671641791,0.0021201107649705,0.0039772727272726,0.0,,,,,
2162.0,clean1,KNN,impute,0.0,0.0,0.0,0.0,0.0,,,,,
2163.0,clean1,KNN,impute,0.0,0.0,0.0,0.0,0.0,,,,,
2164.0,clean1,KNN,impute,-0.0021008403361344,-0.001865671641791,-0.00203873598369,-0.0037593984962405,0.0,,,,,
2165.0,clean1,KNN,impute,0.0,0.0,0.0,0.0,0.0,,,,,
2166.0,clean1,SVC,impute,0.0,0.0,0.0,0.0,0.0,,,,,
2167.0,clean1,SVC,impute,0.0,0.0,0.0,0.0,0.0,,,,,
2168.0,clean1,SVC,impute,0.0,0.0,0.0,0.0,0.0,,,,,
2169.0,clean1,SVC,impute,0.0,0.0,0.0,0.0,0.0,,,,,
2170.0,clean1,SVC,impute,0.0,0.0,0.0,0.0,0.0,,,,,
2171.0,clean1,SVC,impute,0.0,0.0,0.0,0.0,0.0,,,,,
2172.0,clean1,LR,impute,0.0,0.0,0.0,0.0,0.0,,,,,
2173.0,clean1,LR,impute,-0.0021008403361343,-0.0018656716417911,-0.0023809523809524,-0.0047169811320756,0.0,,,,,
2174.0,clean1,LR,impute,0.0,0.0,0.0,0.0,0.0,,,,,
2175.0,clean1,LR,impute,0.0,0.0,0.0,0.0,0.0,,,,,
2176.0,clean1,LR,impute,0.0,0.0,0.0,0.0,0.0,,,,,
2177.0,clean1,LR,impute,0.0,0.0,0.0,0.0,0.0,,,,,
2178.0,clean1,NB,impute,0.0,0.0,0.0,0.0,0.0,,,,,
2179.0,clean1,NB,impute,0.0,0.0,0.0,0.0,0.0,,,,,
2180.0,clean1,NB,impute,0.0,0.0,0.0,0.0,0.0,,,,,
2181.0,clean1,NB,impute,0.0,0.0,0.0,0.0,0.0,,,,,
2182.0,clean1,NB,impute,-0.0063025210084033,-0.0061351894374283,-0.006426598147635,-0.0079585159773839,-0.0048076923076922,,,,,
2183.0,clean1,NB,impute,0.0,0.0,0.0,0.0,0.0,,,,,
2184.0,clean1,DT,impute,0.0,0.0,0.0,0.0,0.0,,,,,
2185.0,clean1,DT,impute,0.0,0.0,0.0,0.0,0.0,,,,,
2186.0,clean1,DT,impute,0.0,0.0,0.0,0.0,0.0,,,,,
2187.0,clean1,DT,impute,0.0,0.0,0.0,0.0,0.0,,,,,
2188.0,clean1,DT,impute,0.0,0.0,0.0,0.0,0.0,,,,,
2189.0,clean1,DT,impute,0.0,0.0,0.0,0.0,0.0,,,,,
2190.0,clean1,RF,impute,0.0063025210084033,0.0066733639494835,0.0073795104891903,0.0047169811320756,0.0096153846153843,,,,,
2191.0,clean1,RF,impute,-0.0021008403361345,-0.0018382352941175,-0.0024242424242424,-0.0051020408163263,0.0,,,,,
2192.0,clean1,RF,impute,0.004201680672269,0.0048076923076922,0.0049930651872398,0.0003699593044763,0.0096153846153843,,,,,
2193.0,clean1,RF,impute,0.0,0.0,0.0,0.0,0.0,,,,,
2194.0,clean1,RF,impute,0.0,0.0,0.0,0.0,0.0,,,,,
2195.0,clean1,RF,impute,-0.004201680672269,-0.0042695177956372,-0.0049019607843138,-0.005,-0.0048076923076921,,,,,
2196.0,dna,KNN,impute,-0.0087892410610139,-0.0084401488664656,-0.008704189113487,-0.007809098145822,-0.0084401488664656,,,,,
2197.0,dna,KNN,impute,-2.3643941160500503e-06,4.380286537153388e-06,-0.0001456575450955,6.23588582620016e-05,4.380286537153388e-06,,,,,
2198.0,dna,KNN,impute,-0.0043946205305069,-0.0039887147889616,-0.0043515735787863,-0.0038372654779371,-0.0039887147889616,,,,,
2199.0,dna,KNN,impute,-0.005649719740484,-0.0033917526481564,-0.0049725795197009,-0.0042779784561193,-0.0033917526481564,,,,,
2200.0,dna,KNN,impute,-0.0075333537196649,-0.004841311236736,-0.0067101975100447,-0.0052959822094759,-0.004841311236736,,,,,
2201.0,dna,KNN,impute,-0.0053368315857833,-0.0024932205658318,-0.0045694505696574,-0.0033336861181992,-0.0024932205658318,,,,,
2202.0,dna,SVC,impute,0.0,0.0002367969457579,0.0003534876148899,0.0003479235652728,0.0002367969457579,,,,,
2203.0,dna,SVC,impute,-0.0009433932523343,-0.0006153912249585,-0.0009500815557798,-0.001432030783845,-0.0006153912249585,,,,,
2204.0,dna,SVC,impute,-0.001255099209977,-0.00032879931007,-0.0010485138143248,-0.0019207765089267,-0.00032879931007,,,,,
2205.0,dna,SVC,impute,0.0028246628373991,0.0036671806574998,0.0033987555231135,0.0032170654045728,0.0036671806574998,,,,,
2206.0,dna,SVC,impute,1.1821970580250252e-06,-0.0002408543585044,0.0004479417544819,0.0007782196123823,-0.0002408543585044,,,,,
2207.0,dna,SVC,impute,-0.0043934383334487,-0.0065631297801206,-0.0055408699403109,-0.004670108474731,-0.0065631297801206,,,,,
2208.0,dna,LR,impute,-0.0015699576931079,-0.0021842606500805,-0.0014785247867233,-0.0007852952020739,-0.0021842606500805,,,,,
2209.0,dna,LR,impute,-0.0003136762860728,-0.0009035642565468,-0.0005163669381641,-0.0001805102271911,-0.0009035642565468,,,,,
2210.0,dna,LR,impute,0.0025113806170121,0.0034858566026759,0.002976124214496,0.0026035253812666,0.0034858566026759,,,,,
2211.0,dna,LR,impute,0.0006261703750876,0.001567084409118,0.0008266169843084,0.0001275656038856,0.001567084409118,,,,,
2212.0,dna,LR,impute,-0.0021980983966255,-0.0025850521236091,-0.0027339606369658,-0.002927224030512,-0.0025850521236091,,,,,
2213.0,dna,LR,impute,0.0021969161995676,0.0028150318791402,0.0024150210823117,0.0020629090412161,0.0028150318791402,,,,,
2214.0,dna,NB,impute,0.0006277466378316,0.0004053362670132,0.0006832345185672,0.0008017600848374,0.0004053362670132,,,,,
2215.0,dna,NB,impute,-0.0021980983966254,-0.0025754751559021,-0.002572556457746,-0.0024913583799576,-0.0025754751559021,,,,,
2216.0,dna,NB,impute,0.0003136762860728,0.0002012882447663,0.0003099849807948,0.0004665147763771,0.0002012882447663,,,,,
2217.0,dna,NB,impute,-0.0003132822203868,-0.00043630017452,-0.0005057570568429,-0.0004869663285089,-0.00043630017452,,,,,
2218.0,dna,NB,impute,-0.0003144644174448,-0.0004408449680045,-0.0002145275607867,0.0001129256056213,-0.0004408449680045,,,,,
2219.0,dna,NB,impute,-0.0003140703517587,-0.0004345151585156,-0.000339234032759,-0.0002409964762913,-0.0004345151585156,,,,,
2220.0,dna,DT,impute,-0.0059598494353826,-0.0045246447725491,-0.0054067912015789,-0.0055797685947776,-0.0045246447725491,,,,,
2221.0,dna,DT,impute,-0.0037692382867915,-0.0038157951811692,-0.0035773195603129,-0.0031027693984964,-0.0038157951811692,,,,,
2222.0,dna,DT,impute,0.0087829360100375,0.0091349558003338,0.0097012765150054,0.0101897360377829,0.0091349558003338,,,,,
2223.0,dna,DT,impute,0.0081614944231823,0.007788761559778,0.0087379595732959,0.0095461243728794,0.007788761559778,,,,,
2224.0,dna,DT,impute,-0.0009386644641021,-0.0036557726628777,-0.0022774935208978,-0.0005826085520961,-0.0036557726628777,,,,,
2225.0,dna,DT,impute,0.0021973102652534,0.0030614057926052,0.0019217522979587,0.0010422910098203,0.0030614057926052,,,,,
2226.0,dna,RF,impute,0.0018824517821224,0.0007456620677421,0.0013104545728763,0.0019919577958047,0.0007456620677421,,,,,
2227.0,dna,RF,impute,-0.0087864826012118,-0.0107753300081769,-0.0104962453675971,-0.0096814767537694,-0.0107753300081769,,,,,
2228.0,dna,RF,impute,0.0018836339791807,0.0002941402559637,0.0017808484814241,0.0037297526579151,0.0002941402559637,,,,,
2229.0,dna,RF,impute,-1.5762627439963597e-06,0.0020922188934118,0.0005270768838077,-0.0011925491739334,0.0020922188934118,,,,,
2230.0,dna,RF,impute,-0.0021965221338815,-0.0030472840314136,-0.0018755053324718,-0.0005056051428193,-0.0030472840314136,,,,,
2231.0,dna,RF,impute,-0.0015703517587939,-0.0021761458245873,-0.0024261949914992,-0.0023265712504811,-0.0021761458245873,,,,,
2232.0,phoneme,KNN,impute,-0.0001850481125093,-0.00050387790038,-0.0006309063209639,0.0004539240363129,-0.0012689871002212,,,,,
2233.0,phoneme,KNN,impute,-0.0001850481125093,-0.001784768117742,-0.0015887353282115,0.0031981775119076,-0.0056643258784316,,,,,
2234.0,phoneme,KNN,impute,-0.0018504811250925,-0.0044451606214731,-0.005148966714934,0.001302536501068,-0.0107227819759305,,,,,
2235.0,phoneme,KNN,impute,0.0009252405625463,0.0012055693828841,0.001759448693514,0.0015614667523777,0.0018875785563442,,,,,
2236.0,phoneme,KNN,impute,0.0016654330125833,0.0011744746548225,0.0020406973561942,0.0045553359837664,-9.54125639274217e-06,,,,,
2237.0,phoneme,KNN,impute,-0.0005551443375275,-0.0003945347690922,-0.0007509426642795,-0.001899087831884,-3.180418797543716e-06,,,,,
2238.0,phoneme,SVC,impute,0.0005551443375277,0.0003925329557552,0.0006064198880101,0.0013379783656471,1.1102230246251563e-16,,,,,
2239.0,phoneme,SVC,impute,0.0005551443375277,0.0009445843828715,0.0013102545286923,0.0008233093607211,0.0018891687657431,,,,,
2240.0,phoneme,SVC,impute,0.0009252405625463,0.0013925840089701,0.0021042017859502,0.00162100941617,0.0025236623158537,,,,,
2241.0,phoneme,SVC,impute,-0.0001850481125091,-0.0003149986622698,-0.0005304345795873,-0.0003366241463502,-0.0006297229219142,,,,,
2242.0,phoneme,SVC,impute,0.0003700962250184,7.808309873635899e-05,0.0001254566768055,0.0009489822100624,-0.0006297229219143,,,,,
2243.0,phoneme,SVC,impute,0.0005551443375277,0.0003914915516075,0.0005836199313846,0.0012364752529135,-3.180418797543716e-06,,,,,
2244.0,phoneme,LR,impute,-0.000740192450037,-0.0005230395073503,-0.0007648478005791,-0.0019905789066145,1.5902093987163468e-06,,,,,
2245.0,phoneme,LR,impute,-0.001480384900074,-0.0021545408931908,-0.0034934732673864,-0.0026940324418875,-0.0037846983690811,,,,,
2246.0,phoneme,LR,impute,-0.0005551443375279,-0.0009424734713988,-0.0016208314688952,-0.0010990211050738,-0.0018843981375467,,,,,
2247.0,phoneme,LR,impute,-0.0001850481125093,0.0002375734669202,0.0007165351303349,-0.0006754060017326,0.0012610360532275,,,,,
2248.0,phoneme,LR,impute,0.0007401924500369,0.0008933676386506,0.0014424399443881,0.0015255530240523,0.0012626262626262,,,,,
2249.0,phoneme,LR,impute,0.0007401924500369,0.0012601037472155,0.002065769836237,0.0013401342956335,0.0025204818970561,,,,,
2250.0,phoneme,NB,impute,-0.0003700962250184,-0.0002607105973871,-0.0003796248266504,-0.0006636441185394,1.5902093988273691e-06,,,,,
2251.0,phoneme,NB,impute,0.0003700962250184,0.0004464094166998,0.0005337870034382,0.0005177589239124,0.0006313131313131,,,,,
2252.0,phoneme,NB,impute,-0.0003700962250186,-0.0002604642979386,-0.0003492431297867,-0.0005706196324741,3.180418797543716e-06,,,,,
2253.0,phoneme,NB,impute,0.0001850481125093,0.0004996279742577,0.0005893134653132,0.0001552463159443,0.0012610360532274,,,,,
2254.0,phoneme,NB,impute,0.0005551443375277,0.0005767787669819,0.0007581054983465,0.0008244985209243,0.0006297229219143,,,,,
2255.0,phoneme,NB,impute,0.0003700962250186,0.0002619173060247,0.0003665491293085,0.0006044440311436,0.0,,,,,
2256.0,phoneme,DT,impute,-0.001480384900074,-0.001231777834013,-0.0020776595615856,-0.0036064605039469,-0.0006297229219144,,,,,
2257.0,phoneme,DT,impute,-0.0062916358253145,-0.0059271623892669,-0.009404181229027,-0.0137508388238973,-0.0050425540035111,,,,,
2258.0,phoneme,DT,impute,-0.0070318282753515,-0.0086647684426771,-0.0123263741365129,-0.0124067327055449,-0.0126103605322749,,,,,
2259.0,phoneme,DT,impute,-0.0020355292376017,-0.0047648456024081,-0.0052123094569698,0.001263306869915,-0.011366816782434,,,,,
2260.0,phoneme,DT,impute,-0.0044411547002221,-0.0047988313446664,-0.0072123196831266,-0.0091672431678673,-0.0056706867160267,,,,,
2261.0,phoneme,DT,impute,-0.0016654330125832,-0.0028435688076327,-0.0034387549872475,-0.001713883410088,-0.0056865888100146,,,,,
2262.0,phoneme,RF,impute,-0.0020355292376019,-0.0029124660475607,-0.0038119886821107,-0.0026697929401741,-0.0050409637941124,,,,,
2263.0,phoneme,RF,impute,0.0027757216876388,0.0045470387540631,0.0056763650321411,0.0023173259623533,0.0088320230007886,,,,,
2264.0,phoneme,RF,impute,-0.0007401924500368,-0.0001530138818522,-0.0008974590901936,-0.003398970404469,0.0012673968908226,,,,,
2265.0,phoneme,RF,impute,0.0003700962250183,0.003209023763202,0.0023847408275932,-0.0063896741382697,0.0100835177976236,,,,,
2266.0,phoneme,RF,impute,0.0005551443375277,0.0002086987484668,0.0007209704996506,0.0021836325023038,-0.0006297229219144,,,,,
2267.0,phoneme,RF,impute,0.0001850481125091,-0.0017121135505887,-0.0008832748364024,0.0049130870295991,-0.0063051802661374,,,,,
2268.0,mfeat_pixel,KNN,impute,0.0,0.0,0.0,0.0,0.0,,,,,
2269.0,mfeat_pixel,KNN,impute,0.0014999999999999,0.0014999999999999,0.0015010885842483,0.0014748303167421,0.0014999999999999,,,,,
2270.0,mfeat_pixel,KNN,impute,-0.001,-0.001,-0.0009959945579796,-0.0009342770126917,-0.001,,,,,
2271.0,mfeat_pixel,KNN,impute,0.0,0.0,0.0,0.0,0.0,,,,,
2272.0,mfeat_pixel,KNN,impute,0.0,0.0,1.409162574206313e-05,6.324248777078711e-05,0.0,,,,,
2273.0,mfeat_pixel,KNN,impute,-0.0004999999999999,-0.0004999999999999,-0.0004943695177849,-0.0005040609285892,-0.0004999999999999,,,,,
2274.0,mfeat_pixel,SVC,impute,0.0,0.0,4.9242218091993806e-06,2.4019848223755247e-06,0.0,,,,,
2275.0,mfeat_pixel,SVC,impute,0.0,0.0,8.908576123678458e-06,4.398137061090157e-05,0.0,,,,,
2276.0,mfeat_pixel,SVC,impute,0.0005,0.0005,0.0004936170117774,0.0005566251173907,0.0005,,,,,
2277.0,mfeat_pixel,SVC,impute,0.001,0.001,0.0010159138362815,0.0009930722288915,0.001,,,,,
2278.0,mfeat_pixel,SVC,impute,-0.0015,-0.0015,-0.00149704043712,-0.0015789330121384,-0.0015,,,,,
2279.0,mfeat_pixel,SVC,impute,-0.0005,-0.0005,-0.0004849543777907,-0.0004792609351433,-0.0005,,,,,
2280.0,mfeat_pixel,LR,impute,-0.0015,-0.0015,-0.0014835311662372,-0.0015367284318251,-0.0015,,,,,
2281.0,mfeat_pixel,LR,impute,0.0,0.0,-2.0864785722496393e-06,4.716158934614523e-05,0.0,,,,,
2282.0,mfeat_pixel,LR,impute,-0.0004999999999999,-0.0004999999999999,-0.0004871836719557,-0.0004109473171628,-0.0004999999999999,,,,,
2283.0,mfeat_pixel,LR,impute,0.0,0.0,2.758429929905493e-05,-1.2790933527795367e-05,0.0,,,,,
2284.0,mfeat_pixel,LR,impute,0.0014999999999999,0.0014999999999999,0.0014918276360718,0.0014503246267058,0.0014999999999999,,,,,
2285.0,mfeat_pixel,LR,impute,0.0024999999999999,0.0024999999999999,0.002488127490558,0.0023631690208123,0.0024999999999999,,,,,
2286.0,mfeat_pixel,NB,impute,0.0,0.0,0.0,0.0,0.0,,,,,
2287.0,mfeat_pixel,NB,impute,-0.0004999999999999,-0.0004999999999999,-0.0004841018218487,-0.0004979579913095,-0.0004999999999999,,,,,
2288.0,mfeat_pixel,NB,impute,0.0,0.0,0.0,0.0,0.0,,,,,
2289.0,mfeat_pixel,NB,impute,-0.0004999999999999,-0.0004999999999999,-0.0005148423005566,-0.0005399659863944,-0.0004999999999999,,,,,
2290.0,mfeat_pixel,NB,impute,0.0004999999999999,0.0004999999999999,0.0005084615889218,0.0005011210778016,0.0004999999999999,,,,,
2291.0,mfeat_pixel,NB,impute,0.0,0.0,0.0,0.0,0.0,,,,,
2292.0,mfeat_pixel,DT,impute,0.0045,0.0045,0.0040484856968014,0.0035012066480091,0.0045,,,,,
2293.0,mfeat_pixel,DT,impute,0.0074999999999999,0.0074999999999998,0.0077985502219447,0.0072815009654193,0.0074999999999998,,,,,
2294.0,mfeat_pixel,DT,impute,0.001,0.0010000000000001,0.0009663279809207,0.0015729449297079,0.0010000000000001,,,,,
2295.0,mfeat_pixel,DT,impute,-0.0064999999999999,-0.0064999999999999,-0.006250644112272,-0.0045513632267202,-0.0064999999999999,,,,,
2296.0,mfeat_pixel,DT,impute,-0.0035,-0.0034999999999999,-0.003591644250547,-0.0043924051263435,-0.0034999999999999,,,,,
2297.0,mfeat_pixel,DT,impute,0.001,0.0009999999999998,0.0010969409150329,0.0010293898335616,0.0009999999999998,,,,,
2298.0,mfeat_pixel,RF,impute,0.0,0.0,-2.4347401929025736e-05,-7.845328400934992e-05,0.0,,,,,
2299.0,mfeat_pixel,RF,impute,0.001,0.001,0.0010230683132184,0.0009454007722713,0.001,,,,,
2300.0,mfeat_pixel,RF,impute,-0.0005,-0.0005,-0.0005080611086121,-0.0005900683019636,-0.0005,,,,,
2301.0,mfeat_pixel,RF,impute,-0.0024999999999999,-0.0024999999999999,-0.0025106921684023,-0.0024055370003919,-0.0024999999999999,,,,,
2302.0,mfeat_pixel,RF,impute,-0.0024999999999999,-0.0024999999999999,-0.0025374384907568,-0.0024772428958064,-0.0024999999999999,,,,,
2303.0,mfeat_pixel,RF,impute,-0.002,-0.002,-0.0020229059417936,-0.0020871025438076,-0.002,,,,,
2304.0,banana,KNN,impute,-0.000754716981132,-0.0004079209790563,-0.0001718991983373,-0.0031361606944007,0.002946127946128,,,,,
2305.0,banana,KNN,impute,0.0028301886792452,0.0033143219702727,0.003920633361776,-6.101655598611533e-05,0.0079966329966331,,,,,
2306.0,banana,KNN,impute,-0.001698113207547,-0.0017361830802323,-0.0018915280572414,-0.0017482680994687,-0.0021043771043771,,,,,
2307.0,banana,KNN,impute,0.0024528301886791,0.0020257868240083,0.0019113976806385,0.0056887212525497,-0.002104377104377,,,,,
2308.0,banana,KNN,impute,0.0022641509433962,0.0025646916036792,0.0030220123430957,0.000734199901508,0.0054713804713805,,,,,
2309.0,banana,KNN,impute,-0.0026415094339622,-0.0027883716324209,-0.0031638505235103,-0.0021285309668221,-0.0042087542087542,,,,,
2310.0,banana,SVC,impute,0.0,0.0,0.0,0.0,0.0,,,,,
2311.0,banana,SVC,impute,0.0,0.0,0.0,0.0,0.0,,,,,
2312.0,banana,SVC,impute,0.0,0.0,0.0,0.0,0.0,,,,,
2313.0,banana,SVC,impute,0.0,0.0,0.0,0.0,0.0,,,,,
2314.0,banana,SVC,impute,0.0,0.0,0.0,0.0,0.0,,,,,
2315.0,banana,SVC,impute,0.0,0.0,0.0,0.0,0.0,,,,,
2316.0,banana,LR,impute,0.000188679245283,0.0001709986320109,9.452654168048968e-05,-0.0001096137123247,0.0,,,,,
2317.0,banana,LR,impute,0.0018867924528302,0.0020649380259504,0.0062430595008355,0.0207472355723521,0.0037878787878787,,,,,
2318.0,banana,LR,impute,0.0020754716981132,0.0019993021874007,0.0024975483543041,0.0261853339547425,0.0012626262626262,,,,,
2319.0,banana,LR,impute,0.0009433962264151,0.0009338713169081,0.0012164777766409,0.0094451929282788,0.0008417508417507,,,,,
2320.0,banana,LR,impute,-0.0013207547169811,-0.0011575513456497,-6.99475105130909e-05,-0.0075945234649698,0.0004208754208753,,,,,
2321.0,banana,LR,impute,-0.0022641509433961,-0.002091422662558,-0.0017259504858151,-0.0167453822890615,-0.0004208754208755,,,,,
2322.0,banana,NB,impute,0.0016981132075472,0.001617865844952,0.0017060209054831,0.0042308848934111,0.0008417508417508,,,,,
2323.0,banana,NB,impute,0.0009433962264151,0.0010521885521884,0.0022211853542571,0.0016158626726474,0.002104377104377,,,,,
2324.0,banana,NB,impute,-0.000943396226415,-0.0009733103953349,-0.0015655921185752,-0.0020266253981369,-0.0012626262626262,,,,,
2325.0,banana,NB,impute,0.0013207547169811,0.0013547467377836,0.0021283333589183,0.0029679172957869,0.0016835016835016,,,,,
2326.0,banana,NB,impute,-0.000188679245283,-9.212047515727571e-05,0.0005582509922756,-0.0008912583399969,0.0008417508417508,,,,,
2327.0,banana,NB,impute,-0.0013207547169811,-0.0014336248946372,-0.0027960998832505,-0.0023368424947594,-0.0025252525252524,,,,,
2328.0,banana,DT,impute,-0.001698113207547,-0.0018150612370859,-0.0022086965681208,-0.0013749943507085,-0.0029461279461279,,,,,
2329.0,banana,DT,impute,0.0037735849056603,0.0036171680323526,0.0037504509068787,0.0051735022574298,0.002104377104377,,,,,
2330.0,banana,DT,impute,0.000377358490566,6.592371503455485e-05,-0.0002798331476234,0.0025860806064593,-0.0029461279461279,,,,,
2331.0,banana,DT,impute,0.0079245283018868,0.0076946505640076,0.0081679623971471,0.0107271299322665,0.0054713804713804,,,,,
2332.0,banana,DT,impute,0.001698113207547,0.0013417922959648,0.0008716502710967,0.0042414986563471,-0.0021043771043771,,,,,
2333.0,banana,DT,impute,-0.0056603773584906,-0.0060370577641439,-0.0071300503217488,-0.0044353959237946,-0.0096801346801345,,,,,
2334.0,banana,RF,impute,0.0041509433962263,0.0037619699042408,0.0037897481893848,0.0076122059192518,0.0,,,,,
2335.0,banana,RF,impute,0.0039622641509432,0.0043797528407651,0.0050700159795867,0.0015840070580375,0.0084175084175083,,,,,
2336.0,banana,RF,impute,0.0003773584905659,-0.0002495889123796,-0.0006716728258912,0.004878004860638,-0.0063131313131311,,,,,
2337.0,banana,RF,impute,0.0016981132075472,0.0012234750606844,0.0009069197652458,0.0051325887165354,-0.0033670033670033,,,,,
2338.0,banana,RF,impute,0.0013207547169811,0.0008025996398088,0.0005226093608909,0.0049626430393959,-0.0042087542087542,,,,,
2339.0,banana,RF,impute,0.0003773584905659,0.0001053627934612,-8.419106646095909e-05,0.0023963590894426,-0.0025252525252525,,,,,
2340.0,mfeat_factors,KNN,impute,0.0,0.0,0.0,0.0,0.0,,,,,
2341.0,mfeat_factors,KNN,impute,0.0005,0.0005,0.0004873507690148,0.000412457912458,0.0005,,,,,
2342.0,mfeat_factors,KNN,impute,-0.0004999999999999,-0.0004999999999999,-0.0004993188778166,-0.0005190783760312,-0.0004999999999999,,,,,
2343.0,mfeat_factors,KNN,impute,0.0,0.0,-6.9679190384253076e-06,-0.000101597206668,0.0,,,,,
2344.0,mfeat_factors,KNN,impute,-0.0005,-0.0005,-0.0005300162047902,-0.0005786528532027,-0.0005,,,,,
2345.0,mfeat_factors,KNN,impute,0.0,0.0,0.0,0.0,0.0,,,,,
2346.0,mfeat_factors,SVC,impute,0.0,0.0,0.0,0.0,0.0,,,,,
2347.0,mfeat_factors,SVC,impute,0.0,0.0,2.363752858802748e-05,7.95247391885967e-05,0.0,,,,,
2348.0,mfeat_factors,SVC,impute,0.001,0.001,0.0010047849830218,0.0010416416566624,0.001,,,,,
2349.0,mfeat_factors,SVC,impute,0.0,0.0,-2.210078608777533e-05,3.803636839361246e-05,0.0,,,,,
2350.0,mfeat_factors,SVC,impute,0.0005,0.0005,0.0005060695299862,0.0004729970957287,0.0005,,,,,
2351.0,mfeat_factors,SVC,impute,0.0,0.0,6.635485280459541e-06,8.524868637038718e-05,0.0,,,,,
2352.0,mfeat_factors,LR,impute,-0.001,-0.001,-0.0010048003599879,-0.0010392618585896,-0.001,,,,,
2353.0,mfeat_factors,LR,impute,-0.0004999999999999,-0.0004999999999999,-0.0004950495049506,-0.0004901960784311,-0.0004999999999999,,,,,
2354.0,mfeat_factors,LR,impute,0.0,0.0,0.0,0.0,0.0,,,,,
2355.0,mfeat_factors,LR,impute,0.0,0.0,-1.4698408616231616e-05,-4.941976790717728e-05,0.0,,,,,
2356.0,mfeat_factors,LR,impute,-0.001,-0.001,-0.0010107571981687,-0.0009729911195248,-0.001,,,,,
2357.0,mfeat_factors,LR,impute,0.0,0.0,0.0,0.0,0.0,,,,,
2358.0,mfeat_factors,NB,impute,0.0,0.0,4.186488146151746e-07,-1.5731175553534982e-05,0.0,,,,,
2359.0,mfeat_factors,NB,impute,0.0005,0.0005,0.0005202020202019,0.0005408163265305,0.0005,,,,,
2360.0,mfeat_factors,NB,impute,0.001,0.001,0.0009887150199627,0.0008599896547629,0.001,,,,,
2361.0,mfeat_factors,NB,impute,0.0,0.0,3.788115190483943e-05,0.000153529632192,0.0,,,,,
2362.0,mfeat_factors,NB,impute,0.0004999999999999,0.0004999999999999,0.0005168531971564,0.000375939849624,0.0004999999999999,,,,,
2363.0,mfeat_factors,NB,impute,-0.001,-0.001,-0.000966148970161,-0.0007279221862035,-0.001,,,,,
2364.0,mfeat_factors,DT,impute,-0.0015,-0.0014999999999999,-0.0014184774515528,-0.0018560964178777,-0.0014999999999999,,,,,
2365.0,mfeat_factors,DT,impute,-0.001,-0.001,-0.0009416875065015,-0.0009646335785116,-0.001,,,,,
2366.0,mfeat_factors,DT,impute,-0.002,-0.0019999999999998,-0.0018845232998924,-0.0009739049263299,-0.0019999999999998,,,,,
2367.0,mfeat_factors,DT,impute,0.0049999999999998,0.0049999999999998,0.0048519571417452,0.0036073292277716,0.0049999999999998,,,,,
2368.0,mfeat_factors,DT,impute,0.0090000000000001,0.0089999999999998,0.0091768682346565,0.0086183032924741,0.0089999999999998,,,,,
2369.0,mfeat_factors,DT,impute,-0.0045,-0.0044999999999999,-0.0046779475537369,-0.0046498357667138,-0.0044999999999999,,,,,
2370.0,mfeat_factors,RF,impute,-0.001,-0.001,-0.000913113392426,-0.0007667412564739,-0.001,,,,,
2371.0,mfeat_factors,RF,impute,-0.002,-0.0019999999999997,-0.00200426035003,-0.002073580973002,-0.0019999999999997,,,,,
2372.0,mfeat_factors,RF,impute,0.0025,0.0025,0.0025139150594354,0.0025216336105305,0.0025,,,,,
2373.0,mfeat_factors,RF,impute,-0.001,-0.001,-0.0009905468996777,-0.0012956660061368,-0.001,,,,,
2374.0,mfeat_factors,RF,impute,-0.001,-0.001,-0.0009685727323885,-0.0011279084758375,-0.001,,,,,
2375.0,mfeat_factors,RF,impute,-0.0004999999999999,-0.0004999999999999,-0.000537326424173,-0.0004929422434494,-0.0004999999999999,,,,,
2376.0,spambase,KNN,impute,-0.0013037812110452,-0.0015572075978127,-0.0018612671462332,-0.0008458799780177,-0.0027557351382365,,,,,
2377.0,spambase,KNN,impute,0.0008695652173912,0.0008145660692983,0.0010532862048219,0.001595703087896,0.0005530919664303,,,,,
2378.0,spambase,KNN,impute,-0.0019559551240884,-0.0019032469483331,-0.0024266366480545,-0.0032403659080172,-0.0016544135523335,,,,,
2379.0,spambase,KNN,impute,-0.0017385638197405,-0.0020130936097222,-0.0023442652250958,-0.0013443276276923,-0.0033088271046668,,,,,
2380.0,spambase,KNN,impute,-0.0006514184263212,-0.0006327948671253,-0.0007790462569806,-0.0010573155908453,-0.0005482296194726,,,,,
2381.0,spambase,KNN,impute,-0.0002166358176255,-0.0003701051775176,-0.0003777215721075,0.0003792414460853,-0.0010988904124241,,,,,
2382.0,spambase,SVC,impute,0.0002173913043479,0.0001793400286945,0.0002551709273608,0.0005189701214292,0.0,,,,,
2383.0,spambase,SVC,impute,-0.0004344048653344,-0.0005506607929516,-0.0006085328178069,-0.0001111498853857,-0.001101321585903,,,,,
2384.0,spambase,SVC,impute,-0.0006521739130436,-0.0002488333959994,-0.0006122939131207,-0.002969825218073,0.0016544135523335,,,,,
2385.0,spambase,SVC,impute,-0.0008695652173911,-0.0007173601147776,-0.0010640269725121,-0.0021435132585463,0.0,,,,,
2386.0,spambase,SVC,impute,0.0002181467910702,0.0001805556154338,0.0002652712428632,0.0005276042867016,2.4311734788673434e-06,,,,,
2387.0,spambase,SVC,impute,-0.0010869565217391,-0.0010892886724045,-0.0013913144688509,-0.0017028263215905,-0.0011025371726424,,,,,
2388.0,spambase,LR,impute,0.0006521739130431,0.0007312164083852,0.0008850580385088,0.0006340177580466,0.001103752759382,,,,,
2389.0,spambase,LR,impute,0.0002175801760283,0.0003731441443659,0.0003559385244588,-0.0004537197364695,0.0011049683461212,,,,,
2390.0,spambase,LR,impute,-0.0015211725153931,-0.0015445668909441,-0.0019225256360677,-0.0021733870848303,-0.0016544135523334,,,,,
2391.0,spambase,LR,impute,-0.0006523627847239,-0.0008278145695364,-0.0009259625588045,-0.0001478229421917,-0.0016556291390728,,,,,
2392.0,spambase,LR,impute,0.0002173913043478,0.0003719285576267,0.0003716983667464,-0.00039547428551,0.0011025371726425,,,,,
2393.0,spambase,LR,impute,-0.0010865787783779,-0.0010892886724043,-0.0013828863612211,-0.0016815851608158,-0.0011025371726425,,,,,
2394.0,spambase,NB,impute,-0.0026081290371321,-0.0023452766666349,-0.0024106446012716,-0.002998183344813,-0.001103752759382,,,,,
2395.0,spambase,NB,impute,-0.0010862010350168,-0.0008960923501023,-0.0009225211755564,-0.001387860005001,1.2155867396002051e-06,,,,,
2396.0,spambase,NB,impute,-0.0023914932195066,-0.0020687306834197,-0.0021532627048163,-0.0029216327643685,-0.0005506607929516,,,,,
2397.0,spambase,NB,impute,-0.0015209836437124,-0.0014479687297931,-0.0015036987798692,-0.0016617709924091,-0.0011025371726424,,,,,
2398.0,spambase,NB,impute,-0.001521172515393,-0.0013513705686423,-0.001396795774042,-0.0018022074843291,-0.0005506607929514,,,,,
2399.0,spambase,NB,impute,-0.0019557662524082,-0.0016134524648799,-0.0016543311930039,-0.0024310478921532,1.2155867396002051e-06,,,,,
2400.0,spambase,DT,impute,-0.0013043478260867,-0.0023263461268032,-0.0022913688805331,0.0026380973895971,-0.0071634526553278,,,,,
2401.0,spambase,DT,impute,-0.002173913043478,-0.0024701952083713,-0.0028259530395943,-0.0018915169000868,-0.003864350244576,,,,,
2402.0,spambase,DT,impute,-0.0054310051750839,-0.0046742658661835,-0.0061024177454032,-0.0110904553396694,-0.0010988904124241,,,,,
2403.0,spambase,DT,impute,0.0067372417179768,0.0062345124308446,0.0080165269604657,0.0121730151779171,0.0038607034843578,,,,,
2404.0,spambase,DT,impute,-0.0036943300721488,-0.0032425846034768,-0.0042957285586537,-0.0076386218241479,-0.0011049683461212,,,,,
2405.0,spambase,DT,impute,0.004779964492124,0.0055827870238873,0.0064187014398867,0.0035990470226668,0.0093721737608308,,,,,
2406.0,spambase,RF,impute,-0.0013039700827256,-0.0016531979655939,-0.0017906338787569,-0.0001978935709804,-0.0033063959311881,,,,,
2407.0,spambase,RF,impute,0.0006517961696822,0.0010197953050991,0.0009853801637521,-0.0009097288566588,0.0027569507249758,,,,,
2408.0,spambase,RF,impute,-0.0028255203414802,-0.0029104015465639,-0.0036721635147056,-0.0041068003078389,-0.0033100426914062,,,,,
2409.0,spambase,RF,impute,0.0023907377327841,0.0025517214891749,0.0031355511797567,0.0029684340832619,0.0033100426914064,,,,,
2410.0,spambase,RF,impute,-0.0019565217391303,-0.0020010606962236,-0.0024990030480974,-0.0027154282698288,-0.0022087211055032,,,,,
2411.0,spambase,RF,impute,0.0013049144411287,0.0013658346556195,0.0016775263282083,0.001682393425348,0.001655629139073,,,,,
2412.0,Hill_Valley_with_noise,KNN,impute,-0.0057755775577558,-0.0057838096897873,-0.00595135670182,-0.0053242794419582,-0.0066116242593238,,,,,
2413.0,Hill_Valley_with_noise,KNN,impute,-0.0008250825082508,-0.0008223684210526,0.0002889639805223,-0.0008195894330604,0.0016556291390729,,,,,
2414.0,Hill_Valley_with_noise,KNN,impute,0.0008250825082508,0.0008278145695364,0.0004428656671888,0.0007711038961037,0.0,,,,,
2415.0,Hill_Valley_with_noise,KNN,impute,0.0,-1.0892296967490722e-05,0.000716775410221,-0.0001166495218997,0.0016338445451377,,,,,
2416.0,Hill_Valley_with_noise,KNN,impute,-0.0024752475247524,-0.0024779975601254,-0.0018692347975806,-0.0020008135179324,-0.0016556291390729,,,,,
2417.0,Hill_Valley_with_noise,KNN,impute,0.0016501650165016,0.001650182990589,0.0022690998596234,0.0014369885040919,0.0033112582781457,,,,,
2418.0,Hill_Valley_with_noise,SVC,impute,-0.0008250825082507,-0.0008223684210526,-0.0021080187379443,-0.0001686909581645,-0.0016447368421051,,,,,
2419.0,Hill_Valley_with_noise,SVC,impute,0.0024752475247524,0.0024779975601255,0.0029563527807087,0.0129398826979472,0.0016447368421051,,,,,
2420.0,Hill_Valley_with_noise,SVC,impute,-0.0008250825082508,-0.0008278145695365,-0.0024166718975582,-0.0009920634920634,-0.0016556291390728,,,,,
2421.0,Hill_Valley_with_noise,SVC,impute,-0.0016501650165017,-0.001650182990589,-0.0043447949209544,-0.0003048780487805,-0.003300365981178,,,,,
2422.0,Hill_Valley_with_noise,SVC,impute,-0.0008250825082508,-0.0008278145695366,-0.0022422190544071,0.0,-0.0016556291390728,,,,,
2423.0,Hill_Valley_with_noise,SVC,impute,0.0008250825082508,0.0008278145695365,0.000520657435551,0.0069246878457404,0.0,,,,,
2424.0,Hill_Valley_with_noise,LR,impute,0.0,0.0,0.0,0.0,0.0,,,,,
2425.0,Hill_Valley_with_noise,LR,impute,0.0008250825082507,0.0008332607180202,0.0019084484637329,0.000168480824826,0.0016665214360405,,,,,
2426.0,Hill_Valley_with_noise,LR,impute,0.0,0.0,0.0,0.0,0.0,,,,,
2427.0,Hill_Valley_with_noise,LR,impute,0.0016501650165016,0.001650182990589,0.0033426960038237,0.000609744277082,0.0033003659811781,,,,,
2428.0,Hill_Valley_with_noise,LR,impute,0.0,0.0,0.0,0.0,0.0,,,,,
2429.0,Hill_Valley_with_noise,LR,impute,0.0008250825082508,0.0008223684210527,0.000886855454777,0.0037686370233539,1.1102230246251563e-16,,,,,
2430.0,Hill_Valley_with_noise,NB,impute,0.0,0.0,0.0,0.0,0.0,,,,,
2431.0,Hill_Valley_with_noise,NB,impute,0.0,0.0,0.0,0.0,0.0,,,,,
2432.0,Hill_Valley_with_noise,NB,impute,0.0,0.0,0.0,0.0,0.0,,,,,
2433.0,Hill_Valley_with_noise,NB,impute,0.0,0.0,0.0,0.0,0.0,,,,,
2434.0,Hill_Valley_with_noise,NB,impute,0.0,0.0,0.0,0.0,0.0,,,,,
2435.0,Hill_Valley_with_noise,NB,impute,-0.0008250825082508,-0.0008223684210525,-0.0003683270116924,-0.0004294486001803,0.0,,,,,
2436.0,Hill_Valley_with_noise,DT,impute,0.0024752475247524,0.0025052283025444,-0.0012929041612084,0.0035646283053707,-0.006578947368421,,,,,
2437.0,Hill_Valley_with_noise,DT,impute,0.0074257425742574,0.007466669571279,0.0101873968088238,0.0070718116105442,0.0132559254095504,,,,,
2438.0,Hill_Valley_with_noise,DT,impute,0.004125412541254,0.0041172882537469,0.0009524272292624,0.0052096764260801,-0.0033112582781457,,,,,
2439.0,Hill_Valley_with_noise,DT,impute,-1.1102230246251563e-16,3.2676890902805233e-05,0.0069498719983686,-0.0027648264804985,0.0164691530149877,,,,,
2440.0,Hill_Valley_with_noise,DT,impute,-0.0066006600660065,-0.0066116242593237,-0.0074277888372564,-0.0066562094441831,-0.0082890379923319,,,,,
2441.0,Hill_Valley_with_noise,DT,impute,0.0016501650165017,0.0016283983966538,0.003684414457643,0.0008959976978047,0.006578947368421,,,,,
2442.0,Hill_Valley_with_noise,RF,impute,-0.0008250825082508,-0.0008822760543744,-0.0032560904434819,-0.0017614563654062,-0.0049995643081213,,,,,
2443.0,Hill_Valley_with_noise,RF,impute,-0.0082508250825082,-0.0082182380620424,-0.0106656445201275,-0.0070770276582053,-0.0147917392819798,,,,,
2444.0,Hill_Valley_with_noise,RF,impute,0.0016501650165016,0.0016719675845241,0.0050893099407347,0.0010828445785968,0.0099010979435342,,,,,
2445.0,Hill_Valley_with_noise,RF,impute,-0.0082508250825082,-0.008234576507494,-0.004766117435739,-0.0100837769339273,-1.0892296967601744e-05,,,,,
2446.0,Hill_Valley_with_noise,RF,impute,0.0049504950495049,0.0049614412687346,0.0036681858696866,0.0044052326056878,0.0033330428720809,,,,,
2447.0,Hill_Valley_with_noise,RF,impute,0.0033003300330032,0.0033330428720808,0.0057348417618838,0.0034072751712871,0.0066660857441617,,,,,
2448.0,Hill_Valley_without_noise,KNN,impute,0.0,6.535947712416057e-05,-0.0027637768053944,0.001033210173971,-0.0065359477124182,,,,,
2449.0,Hill_Valley_without_noise,KNN,impute,-0.0024752475247524,-0.0024673202614379,-0.0027291139172049,-0.002190884911945,-0.0032679738562091,,,,,
2450.0,Hill_Valley_without_noise,KNN,impute,0.0008250825082508,0.0008006535947713,0.001856880861352,0.0005888422513776,0.0032679738562091,,,,,
2451.0,Hill_Valley_without_noise,KNN,impute,-0.0066006600660065,-0.0065522875816993,-0.0085724940332641,-0.0057196879033857,-0.0114379084967319,,,,,
2452.0,Hill_Valley_without_noise,KNN,impute,0.0008250825082507,0.0007843137254902,0.0026026100806757,0.0004837794102438,0.0049019607843137,,,,,
2453.0,Hill_Valley_without_noise,KNN,impute,-0.0024752475247524,-0.0024836601307188,-0.0020869566289795,-0.0025274457415821,-0.0016339869281045,,,,,
2454.0,Hill_Valley_without_noise,SVC,impute,0.0008250825082508,0.0008333333333332,0.000399287756974,0.0004804820403604,0.0,,,,,
2455.0,Hill_Valley_without_noise,SVC,impute,-0.0016501650165017,-0.0016503267973855,-0.001174491663808,-0.0009213829065767,-0.0016339869281047,,,,,
2456.0,Hill_Valley_without_noise,SVC,impute,-0.0008250825082507,-0.0008333333333332,-0.0004142502071251,-0.0005050096961861,0.0,,,,,
2457.0,Hill_Valley_without_noise,SVC,impute,0.0008250825082508,0.0008169934640522,0.0007574916759156,0.0004069893640112,0.0016339869281044,,,,,
2458.0,Hill_Valley_without_noise,SVC,impute,0.0,0.0,1.937857838751889e-06,3.63864670871461e-06,0.0,,,,,
2459.0,Hill_Valley_without_noise,SVC,impute,0.0,0.0,0.0,0.0,0.0,,,,,
2460.0,Hill_Valley_without_noise,LR,impute,0.0,1.6339869280956876e-05,-0.0002992341463328,0.0002326910377088,-0.0016339869281047,,,,,
2461.0,Hill_Valley_without_noise,LR,impute,0.0008250825082507,0.0008333333333332,0.0004691184277125,0.0006104417670683,0.0,,,,,
2462.0,Hill_Valley_without_noise,LR,impute,0.0016501650165017,0.0016666666666667,0.0009327903233673,0.0012046674960237,0.0,,,,,
2463.0,Hill_Valley_without_noise,LR,impute,0.0016501650165017,0.0016830065359476,0.0006105782157214,0.0013823021928052,-0.0016339869281045,,,,,
2464.0,Hill_Valley_without_noise,LR,impute,-0.0008250825082509,-0.0008333333333332,-0.0004813312261059,-0.0006334446122232,0.0,,,,,
2465.0,Hill_Valley_without_noise,LR,impute,-0.0008250825082508,-0.0008333333333333,-0.0004575829791415,-0.000593625498008,0.0,,,,,
2466.0,Hill_Valley_without_noise,NB,impute,0.0,0.0,0.0,0.0,0.0,,,,,
2467.0,Hill_Valley_without_noise,NB,impute,0.0,0.0,0.0,0.0,0.0,,,,,
2468.0,Hill_Valley_without_noise,NB,impute,0.0,0.0,0.0,0.0,0.0,,,,,
2469.0,Hill_Valley_without_noise,NB,impute,0.0,0.0,0.0,0.0,0.0,,,,,
2470.0,Hill_Valley_without_noise,NB,impute,0.0,0.0,0.0,0.0,0.0,,,,,
2471.0,Hill_Valley_without_noise,NB,impute,0.0,0.0,0.0,0.0,0.0,,,,,
2472.0,Hill_Valley_without_noise,DT,impute,0.0,9.803921568618534e-05,-0.0045575335903343,0.0006679723020939,-0.0098039215686274,,,,,
2473.0,Hill_Valley_without_noise,DT,impute,-0.0074257425742573,-0.0073692810457516,-0.0085482396657805,-0.0047082945023105,-0.0130718954248365,,,,,
2474.0,Hill_Valley_without_noise,DT,impute,-0.0082508250825084,-0.008235294117647,-0.0087549266095524,-0.0076563780276791,-0.0098039215686274,,,,,
2475.0,Hill_Valley_without_noise,DT,impute,0.0016501650165017,0.0016666666666665,0.001070790879037,0.0020779134873997,-1.1102230246251563e-16,,,,,
2476.0,Hill_Valley_without_noise,DT,impute,-0.0033003300330032,-0.0034313725490197,0.0022298042541137,-0.0046131803588732,0.0098039215686274,,,,,
2477.0,Hill_Valley_without_noise,DT,impute,-0.0115511551155116,-0.0114705882352941,-0.0137412891523295,-0.009283285336085,-0.0196078431372549,,,,,
2478.0,Hill_Valley_without_noise,RF,impute,0.0024752475247524,0.0025,0.0014596791532612,0.0029156159448844,-1.1102230246251563e-16,,,,,
2479.0,Hill_Valley_without_noise,RF,impute,0.004125412541254,0.0040686274509803,0.0063496642040214,0.0028778886790417,0.0098039215686274,,,,,
2480.0,Hill_Valley_without_noise,RF,impute,0.0008250825082507,0.0008496732026144,-0.0002902172043223,0.0010386474810788,-0.0016339869281045,,,,,
2481.0,Hill_Valley_without_noise,RF,impute,-0.0066006600660065,-0.0066339869281044,-0.0051931363491032,-0.0068444337424364,-0.0032679738562091,,,,,
2482.0,Hill_Valley_without_noise,RF,impute,0.0066006600660065,0.0066176470588236,0.0056523776360055,0.0064497964824361,0.0049019607843138,,,,,
2483.0,Hill_Valley_without_noise,RF,impute,0.009075907590759,0.0090359477124182,0.010473986559977,0.0077766236208266,0.0130718954248366,,,,,
2484.0,waveform_40,KNN,impute,0.0009999999999998,0.0010179309654843,0.000994748742972,0.0010275804471945,0.0010179309654843,,,,,
2485.0,waveform_40,KNN,impute,0.0011999999999999,0.0012058836436766,0.0011116483209057,0.0010055202736558,0.0012058836436766,,,,,
2486.0,waveform_40,KNN,impute,0.0039999999999998,0.0040268433548353,0.0039527889182532,0.0039653543103752,0.0040268433548353,,,,,
2487.0,waveform_40,KNN,impute,0.0010000000000001,0.0010360366414083,0.00092273384046,0.0009323890005566,0.0010360366414083,,,,,
2488.0,waveform_40,KNN,impute,-0.0052,-0.005185025905012,-0.0052456209517356,-0.0051547707401174,-0.005185025905012,,,,,
2489.0,waveform_40,KNN,impute,-0.0004,-0.0004149372946312,-0.0003462698604752,-0.0005087186114499,-0.0004149372946312,,,,,
2490.0,waveform_40,SVC,impute,0.0010000000000001,0.0009978757666083,0.0009966487983079,0.000827502076134,0.0009978757666083,,,,,
2491.0,waveform_40,SVC,impute,-0.0006,-0.000588683342803,-0.0006135297081848,-0.0005353454950449,-0.000588683342803,,,,,
2492.0,waveform_40,SVC,impute,0.0013999999999999,0.0013866293088292,0.0013840603657792,0.0014116563801692,0.0013866293088292,,,,,
2493.0,waveform_40,SVC,impute,-0.0013999999999999,-0.0014099924748413,-0.0014030846726926,-0.0014049752272831,-0.0014099924748413,,,,,
2494.0,waveform_40,SVC,impute,0.001,0.0009935930379963,0.001006891954429,0.0010166001288619,0.0009935930379963,,,,,
2495.0,waveform_40,SVC,impute,-0.0008000000000001,-0.0008028197734057,-0.0008175451039351,-0.0008213956204647,-0.0008028197734057,,,,,
2496.0,waveform_40,LR,impute,-0.0005999999999999,-0.0006053268765133,-0.0005996354786766,-0.0006281445845333,-0.0006053268765133,,,,,
2497.0,waveform_40,LR,impute,0.0004,0.0003963442379691,0.0004128103882096,0.0003844914260202,0.0003963442379691,,,,,
2498.0,waveform_40,LR,impute,0.0003999999999999,0.000388753542221,0.0004070461818758,0.0003922955069516,0.000388753542221,,,,,
2499.0,waveform_40,LR,impute,-0.0002,-0.0002055709733785,-0.0001862966456432,-0.000222593307696,-0.0002055709733785,,,,,
2500.0,waveform_40,LR,impute,-0.0001999999999998,-0.0001788998402305,-0.0002150396607221,-0.0001692844116797,-0.0001788998402305,,,,,
2501.0,waveform_40,LR,impute,-0.0006,-0.0006038647342995,-0.0006016832431717,-0.0005886857765994,-0.0006038647342995,,,,,
2502.0,waveform_40,NB,impute,0.0003999999999999,0.0004025764895329,0.0003596859100479,0.0003148365349509,0.0004025764895329,,,,,
2503.0,waveform_40,NB,impute,0.001,0.0009988505280843,0.0010254406143671,0.0007601802078822,0.0009988505280843,,,,,
2504.0,waveform_40,NB,impute,-0.0001999999999999,-0.0002022630062422,-0.0001709092810229,6.940835790003597e-05,-0.0002022630062422,,,,,
2505.0,waveform_40,NB,impute,-0.0007999999999999,-0.0008013576311918,-0.0007966295056023,-0.0008690472194742,-0.0008013576311918,,,,,
2506.0,waveform_40,NB,impute,0.0,0.0,-2.048633756746021e-06,5.168374036079726e-06,0.0,,,,,
2507.0,waveform_40,NB,impute,0.0004,0.0004045260124847,0.000352869533545,0.0003075843323565,0.0004045260124847,,,,,
2508.0,waveform_40,DT,impute,-0.0063999999999999,-0.0064074493843697,-0.0064344927896923,-0.0061391644562353,-0.0064074493843697,,,,,
2509.0,waveform_40,DT,impute,0.0096,0.0096688664751819,0.009775038782868,0.0096914295472094,0.0096688664751819,,,,,
2510.0,waveform_40,DT,impute,0.0005999999999999,0.0005442902164394,0.0007441024557544,0.0013569440737345,0.0005442902164394,,,,,
2511.0,waveform_40,DT,impute,-0.0051999999999999,-0.0052012857560137,-0.0051918248471278,-0.0050158425855377,-0.0052012857560137,,,,,
2512.0,waveform_40,DT,impute,0.0015999999999999,0.0015551178669132,0.0016450820053305,0.0020435006501632,0.0015551178669132,,,,,
2513.0,waveform_40,DT,impute,-0.0042,-0.0042561611769343,-0.0041759658711376,-0.0042511299863652,-0.0042561611769343,,,,,
2514.0,waveform_40,RF,impute,-0.0020000000000001,-0.0019391012997842,-0.0020806495575845,-0.0014354302012293,-0.0019391012997842,,,,,
2515.0,waveform_40,RF,impute,0.0012,0.0011644148017404,0.0012278299089988,0.0008012362471008,0.0011644148017404,,,,,
2516.0,waveform_40,RF,impute,0.0064,0.0064533046529472,0.0063218109602994,0.006487395695222,0.0064533046529472,,,,,
2517.0,waveform_40,RF,impute,0.0001999999999999,0.0002455776731008,9.665127674363116e-05,0.0005331341341163,0.0002455776731008,,,,,
2518.0,waveform_40,RF,impute,-0.0036,-0.0035508694001301,-0.003691617027431,-0.0032935317272995,-0.0035508694001301,,,,,
2519.0,waveform_40,RF,impute,-0.0014000000000001,-0.0013809881360327,-0.0013703603993672,-0.0009569556002203,-0.0013809881360327,,,,,
2520.0,waveform_21,KNN,impute,-0.0003999999999999,-0.0004136787480664,-0.0004041070719076,-0.0006837782139839,-0.0004136787480664,,,,,
2521.0,waveform_21,KNN,impute,0.0,9.984899795867364e-07,-1.349584650467417e-05,-0.0001234915909057,9.984899795867364e-07,,,,,
2522.0,waveform_21,KNN,impute,0.001,0.0009884289285535,0.0009817002183842,0.0010354990088772,0.0009884289285535,,,,,
2523.0,waveform_21,KNN,impute,-0.0023999999999999,-0.0023797951642074,-0.0023877809771669,-0.0024783689915454,-0.0023797951642074,,,,,
2524.0,waveform_21,KNN,impute,0.0029999999999998,0.0029909776899177,0.0029773569047386,0.0030955007371282,0.0029909776899177,,,,,
2525.0,waveform_21,KNN,impute,-0.0023999999999999,-0.0023915208648918,-0.0023338334386189,-0.0025575607559326,-0.0023915208648918,,,,,
2526.0,waveform_21,SVC,impute,0.0007999999999999,0.0008038291268672,0.0008071785814834,0.0007925183502937,0.0008038291268672,,,,,
2527.0,waveform_21,SVC,impute,0.0008,0.0007794548050015,0.0007961692510338,0.0007332201154058,0.0007794548050015,,,,,
2528.0,waveform_21,SVC,impute,0.0002,0.0002079969961501,0.0002187516167307,0.0002423364853418,0.0002079969961501,,,,,
2529.0,waveform_21,SVC,impute,0.0,6.304713500160375e-07,-4.304533221932694e-05,2.7066139015596846e-06,6.304713500160375e-07,,,,,
2530.0,waveform_21,SVC,impute,-0.001,-0.0010136420019575,-0.0010086135369898,-0.0010406667833229,-0.0010136420019575,,,,,
2531.0,waveform_21,SVC,impute,-0.001,-0.0009969393973617,-0.0010302636961004,-0.0010342873750118,-0.0009969393973617,,,,,
2532.0,waveform_21,LR,impute,0.0007999999999999,0.0008185562171998,0.0008116059239032,0.0007992192335279,0.0008185562171998,,,,,
2533.0,waveform_21,LR,impute,0.0018,0.0017917730235056,0.0017847051075693,0.0017910846633252,0.0017917730235056,,,,,
2534.0,waveform_21,LR,impute,0.0003999999999999,0.0004140325364347,0.0004197239198286,0.0003991736385137,0.0004140325364347,,,,,
2535.0,waveform_21,LR,impute,0.0002,0.0002037417273734,0.0001931310900653,0.0001825405888806,0.0002037417273734,,,,,
2536.0,waveform_21,LR,impute,0.0003999999999999,0.0004097560425707,0.0004055562180774,0.0003896231506992,0.0004097560425707,,,,,
2537.0,waveform_21,LR,impute,0.0003999999999999,0.0004055078717383,0.0003785159103082,0.0003915484310038,0.0004055078717383,,,,,
2538.0,waveform_21,NB,impute,0.0,0.0,9.941187250173122e-06,-1.761799461941216e-05,0.0,,,,,
2539.0,waveform_21,NB,impute,0.0001999999999999,0.0002022653721682,0.0001820065969464,0.0001691923827342,0.0002022653721682,,,,,
2540.0,waveform_21,NB,impute,-0.001,-0.0010026780849152,-0.0010914210681971,-0.0004968159702543,-0.0010026780849152,,,,,
2541.0,waveform_21,NB,impute,0.0006,0.0005905998032837,0.0005369448804566,0.0004782138891399,0.0005905998032837,,,,,
2542.0,waveform_21,NB,impute,-0.0005999999999999,-0.0006100813214513,-0.0006763080274775,-0.0004339505147152,-0.0006100813214513,,,,,
2543.0,waveform_21,NB,impute,0.0001999999999999,0.0002127372280967,0.0002526019339202,0.0001305346493691,0.0002127372280967,,,,,
2544.0,waveform_21,DT,impute,0.008,0.008082819401958,0.0082079394613688,0.0081124969641724,0.008082819401958,,,,,
2545.0,waveform_21,DT,impute,-0.0026,-0.002571673021269,-0.0026053694399814,-0.0025732153276049,-0.002571673021269,,,,,
2546.0,waveform_21,DT,impute,-0.0008,-0.0007865526282389,-0.0007924077177755,-0.0007398620313444,-0.0007865526282389,,,,,
2547.0,waveform_21,DT,impute,0.0008,0.0007355988618502,0.0007009801590009,0.0008400403685943,0.0007355988618502,,,,,
2548.0,waveform_21,DT,impute,0.0004,0.0004214488989282,0.0005015752485851,0.0006368050731985,0.0004214488989282,,,,,
2549.0,waveform_21,DT,impute,0.0086,0.0085779584962827,0.0083233561932994,0.0078288639898382,0.0085779584962827,,,,,
2550.0,waveform_21,RF,impute,-0.001,-0.000992199165415,-0.00106810181117,-0.0012020978686156,-0.000992199165415,,,,,
2551.0,waveform_21,RF,impute,0.0049999999999998,0.0050369117302695,0.0050552082826652,0.0050060841537569,0.0050369117302695,,,,,
2552.0,waveform_21,RF,impute,-0.0014,-0.0013834038113773,-0.0015512184422875,-0.0011008053866818,-0.0013834038113773,,,,,
2553.0,waveform_21,RF,impute,0.0007999999999999,0.0008394927623674,0.0008660232937948,0.0006346357782996,0.0008394927623674,,,,,
2554.0,waveform_21,RF,impute,0.0025999999999999,0.0025696131661835,0.0026355150569136,0.0026416245910827,0.0025696131661835,,,,,
2555.0,waveform_21,RF,impute,0.0040000000000001,0.0039890680802655,0.0039137719312765,0.0042565844197853,0.0039890680802655,,,,,
2556.0,movement_libras,KNN,impute,0.0,0.0,-0.0002505446623094,-0.0021717171717171,0.0,,,,,
2557.0,movement_libras,KNN,impute,0.0055555555555556,0.0055555555555556,0.0060606060606059,0.0044444444444444,0.0055555555555556,,,,,
2558.0,movement_libras,KNN,impute,0.0027777777777777,0.0027777777777777,0.0046703296703296,0.0017857142857142,0.0027777777777777,,,,,
2559.0,movement_libras,KNN,impute,1.1102230246251563e-16,0.0,0.0002775383657737,-0.0064574314574314,0.0,,,,,
2560.0,movement_libras,KNN,impute,0.0027777777777777,0.0027777777777777,0.0028266178266178,0.0024603174603174,0.0027777777777777,,,,,
2561.0,movement_libras,KNN,impute,0.0055555555555555,0.0055555555555555,0.0071706071706072,0.0050793650793651,0.0055555555555555,,,,,
2562.0,movement_libras,SVC,impute,0.0,0.0,-0.0010861360861361,-0.0002182539682539,0.0,,,,,
2563.0,movement_libras,SVC,impute,0.0,0.0,9.962259962259525e-05,0.0006746031746032,0.0,,,,,
2564.0,movement_libras,SVC,impute,-0.0055555555555555,-0.0055555555555556,-0.0055727605727604,-0.0046957671957672,-0.0055555555555556,,,,,
2565.0,movement_libras,SVC,impute,0.0055555555555554,0.0055555555555555,0.0061500754147812,-0.0023088023088023,0.0055555555555555,,,,,
2566.0,movement_libras,SVC,impute,0.0083333333333333,0.0083333333333333,0.0078615828615828,0.0062103174603176,0.0083333333333333,,,,,
2567.0,movement_libras,SVC,impute,0.0055555555555555,0.0055555555555555,0.0057643745143745,0.004973544973545,0.0055555555555555,,,,,
2568.0,movement_libras,LR,impute,0.0,0.0,0.0005938505938506,0.0006746031746032,0.0,,,,,
2569.0,movement_libras,LR,impute,0.0,0.0,0.001110741110741,0.0026917989417989,0.0,,,,,
2570.0,movement_libras,LR,impute,0.0,0.0,-0.0004655067155067,-0.0015873015873014,0.0,,,,,
2571.0,movement_libras,LR,impute,-0.0027777777777777,-0.0027777777777778,-0.0032828282828282,-0.0038888888888889,-0.0027777777777778,,,,,
2572.0,movement_libras,LR,impute,0.0027777777777777,0.0027777777777777,0.0033128799305269,0.0034824434824434,0.0027777777777777,,,,,
2573.0,movement_libras,LR,impute,-0.0055555555555556,-0.0055555555555555,-0.005384152884153,-0.0055753968253968,-0.0055555555555555,,,,,
2574.0,movement_libras,NB,impute,0.0027777777777777,0.0027777777777777,0.0024725274725274,0.0023809523809523,0.0027777777777777,,,,,
2575.0,movement_libras,NB,impute,-0.0027777777777777,-0.0027777777777778,-0.0023214285714284,-0.0019444444444444,-0.0027777777777778,,,,,
2576.0,movement_libras,NB,impute,0.0027777777777777,0.0027777777777777,0.0022832722832722,0.002281746031746,0.0027777777777777,,,,,
2577.0,movement_libras,NB,impute,0.0,0.0,-0.0001515151515151,0.0013888888888888,0.0,,,,,
2578.0,movement_libras,NB,impute,0.0,0.0,0.0,0.0,0.0,,,,,
2579.0,movement_libras,NB,impute,-0.0027777777777777,-0.0027777777777777,-0.0027441077441077,-0.0055555555555555,-0.0027777777777777,,,,,
2580.0,movement_libras,DT,impute,0.0027777777777777,0.0027777777777777,0.0043410293410293,0.0055092592592592,0.0027777777777777,,,,,
2581.0,movement_libras,DT,impute,0.0138888888888888,0.0138888888888888,0.013872296004649,0.0226551226551225,0.0138888888888888,,,,,
2582.0,movement_libras,DT,impute,0.0027777777777777,0.0027777777777777,0.0034631572131571,0.0029100529100529,0.0027777777777777,,,,,
2583.0,movement_libras,DT,impute,0.011111111111111,0.011111111111111,0.0092616642616643,0.014212962962963,0.011111111111111,,,,,
2584.0,movement_libras,DT,impute,0.0,0.0,-9.740259740254054e-05,-0.0007407407407407,0.0,,,,,
2585.0,movement_libras,DT,impute,-0.0083333333333333,-0.0083333333333333,-0.0098029312735195,-0.0122095959595959,-0.0083333333333333,,,,,
2586.0,movement_libras,RF,impute,-0.0055555555555555,-0.0055555555555555,-0.0061984311984311,-0.009642857142857,-0.0055555555555555,,,,,
2587.0,movement_libras,RF,impute,-0.0055555555555555,-0.0055555555555556,-0.0062898212898212,-0.0051984126984127,-0.0055555555555556,,,,,
2588.0,movement_libras,RF,impute,-0.0083333333333333,-0.0083333333333333,-0.0087418137418137,-0.0112301587301587,-0.0083333333333333,,,,,
2589.0,movement_libras,RF,impute,0.0027777777777777,0.0027777777777777,0.0022735597735596,-0.0012235449735449,0.0027777777777777,,,,,
2590.0,movement_libras,RF,impute,-0.0027777777777777,-0.0027777777777778,-0.0040671365671366,-0.0065542328042327,-0.0027777777777778,,,,,
2591.0,movement_libras,RF,impute,-0.0083333333333333,-0.0083333333333334,-0.0079866892366892,-0.0045039682539681,-0.0083333333333334,,,,,
2592.0,satimage,KNN,impute,-0.000466321283576,-0.0008830764117868,-0.0006413988355797,-0.0003485855214448,-0.0008830764117868,,,,,
2593.0,satimage,KNN,impute,-0.0003107520198879,-0.0003276023231781,-0.0003092999620413,-0.0002979756226121,-0.0003276023231781,,,,,
2594.0,satimage,KNN,impute,0.0009325459402798,0.0008966349436477,0.0009343936041483,0.000948735906072,0.0008966349436477,,,,,
2595.0,satimage,KNN,impute,-0.0007770733034642,-0.0010292490258025,-0.0010376102653437,-0.0009788912971154,-0.0010292490258025,,,,,
2596.0,satimage,KNN,impute,-0.0001556658905595,0.0003098096505002,5.3924414523676134e-05,-0.000197392140535,0.0003098096505002,,,,,
2597.0,satimage,KNN,impute,-9.66268719482244e-08,-0.0002384490344476,4.7687891021386264e-05,0.0004162173935577,-0.0002384490344476,,,,,
2598.0,satimage,SVC,impute,-0.0004664179104477,-5.52563587286059e-05,-0.0003839958431552,-0.0009769682583482,-5.52563587286059e-05,,,,,
2599.0,satimage,SVC,impute,-9.662687183720209e-08,0.0003746456180147,0.0004110140868107,0.0004173140973218,0.0003746456180147,,,,,
2600.0,satimage,SVC,impute,0.0007771699303357,0.0006095497302682,0.0008095690747937,0.001269020043801,0.0006095497302682,,,,,
2601.0,satimage,SVC,impute,0.0012432013332962,0.0015716341763085,0.0016520072579817,0.0018438985021278,0.0015716341763085,,,,,
2602.0,satimage,SVC,impute,0.0015538567263124,0.0025407056640084,0.0026503663380004,0.0026279549012536,0.0025407056640084,,,,,
2603.0,satimage,SVC,impute,0.0003106553930163,0.000514526270878,0.0005752263342313,0.0006317784997261,0.000514526270878,,,,,
2604.0,satimage,LR,impute,0.00031084864676,0.0005251994404241,0.0006967308009657,0.0007690474010634,0.0005251994404241,,,,,
2605.0,satimage,LR,impute,0.0004661280298323,0.0003797050943865,0.0003168814161188,0.0002868917876135,0.0003797050943865,,,,,
2606.0,satimage,LR,impute,-0.0001553760099441,-0.0002384134859454,-0.0002967891307005,-0.0003840074973879,-0.0002384134859454,,,,,
2607.0,satimage,LR,impute,-0.0001552793830721,0.0001745828022831,-3.6595425774388346e-05,-0.0002622260403889,0.0001745828022831,,,,,
2608.0,satimage,LR,impute,-0.00062169729352,-0.0007962705746483,-0.0008982465633936,-0.000966284699128,-0.0007962705746483,,,,,
2609.0,satimage,LR,impute,0.0003110419005036,0.0001593510328926,0.000149933958558,0.0003334935729626,0.0001593510328926,,,,,
2610.0,satimage,NB,impute,0.0004664179104477,0.0004701746076288,0.0004441034143168,0.000395571529693,0.0004701746076288,,,,,
2611.0,satimage,NB,impute,-0.0001555692636877,1.6894050864912913e-06,-5.057055584234416e-05,-4.8127010428888894e-05,1.6894050864912913e-06,,,,,
2612.0,satimage,NB,impute,-0.0003107520198879,-0.0003441951488152,-0.00032733293738,-0.0003076474104287,-0.0003441951488152,,,,,
2613.0,satimage,NB,impute,0.0,-0.0001124943752812,-6.126537923178965e-05,-9.398965829521266e-05,-0.0001124943752812,,,,,
2614.0,satimage,NB,impute,-0.0004662246567039,-0.00058266898291,-0.000562206247809,-0.000672509060942,-0.00058266898291,,,,,
2615.0,satimage,NB,impute,-0.0001552793830722,-0.0002354048964219,-0.0001750387702149,-0.0001988036847184,-0.0002354048964219,,,,,
2616.0,satimage,DT,impute,-0.0026411989153052,-0.0009357922133247,-0.0012712569713456,-0.0014347372622157,-0.0009357922133247,,,,,
2617.0,satimage,DT,impute,0.0004660314029603,-0.0009061977665528,-0.0003584131641312,2.9914797811780854e-05,-0.0009061977665528,,,,,
2618.0,satimage,DT,impute,-0.0012432013332961,-0.0016594429715584,-0.0011776011786048,-0.0005820669764372,-0.0016594429715584,,,,,
2619.0,satimage,DT,impute,0.0001556658905595,4.9566281382973365e-05,-3.1533769246694376e-05,-0.0002791445635077,4.9566281382973365e-05,,,,,
2620.0,satimage,DT,impute,0.0009339953433578,-0.0002364291327324,-0.0001489161120145,-1.4302612860728203e-06,-0.0002364291327324,,,,,
2621.0,satimage,DT,impute,-0.0027978310745835,-0.0031032208021739,-0.0036680015233493,-0.0043283346450104,-0.0031032208021739,,,,,
2622.0,satimage,RF,impute,-0.0007769766765921,-0.0021626670879297,-0.0018100429896062,-0.0002015416405968,-0.0021626670879297,,,,,
2623.0,satimage,RF,impute,-0.0035750976317915,-0.004077106114914,-0.0044280337746531,-0.0053203218976085,-0.004077106114914,,,,,
2624.0,satimage,RF,impute,-0.0004662246567039,-0.000945615613629,-0.0011036375297954,-0.0011477459376008,-0.000945615613629,,,,,
2625.0,satimage,RF,impute,-0.0027967681789932,-0.0033302307563713,-0.0039398540067179,-0.0052193204768705,-0.0033302307563713,,,,,
2626.0,satimage,RF,impute,-0.0032637658506717,-0.0034638706251662,-0.0037653420895445,-0.0046378366297256,-0.0034638706251662,,,,,
2627.0,satimage,RF,impute,-0.0009318695521767,-0.0024225122249733,-0.0015191253171279,-0.0001046360850939,-0.0024225122249733,,,,,
2628.0,chess,KNN,impute,-0.0012515644555693,-0.0011708586986968,-0.0012933009344175,0.0003909140760885,-0.0029961676591742,,,,,
2629.0,chess,KNN,impute,0.0003128911138924,0.0003292347908609,0.0003038559172747,0.0005350918358908,5.73703716455487e-06,,,,,
2630.0,chess,KNN,impute,-0.0012515644555693,-0.0011722929579879,-0.0013450503228301,0.0003572639983056,-0.0029990361777562,,,,,
2631.0,chess,KNN,impute,-0.0006257822277848,-0.0006246922048344,-0.0005947889577492,-0.0006754530744905,-0.0005966518651108,,,,,
2632.0,chess,KNN,impute,-0.0015644555694619,-0.0015255487686304,-0.0015532619824092,-0.0007445856658071,-0.0023966472754811,,,,,
2633.0,chess,KNN,impute,-0.0006257822277847,-0.000544015104926,-0.0007213069927108,0.0009019438032396,-0.0023952130161899,,,,,
2634.0,chess,SVC,impute,-0.0003128911138923,-0.0003280839895013,-0.0002903600464576,-0.0006048312055682,0.0,,,,,
2635.0,chess,SVC,impute,-0.0012515644555695,-0.0012549712330499,-0.0011929132558543,-0.0012026560494026,-0.001197606508095,,,,,
2636.0,chess,SVC,impute,-0.0012515644555695,-0.0013380831798264,-0.0011590898878328,-0.0029335868526108,0.0005995203836931,,,,,
2637.0,chess,SVC,impute,-0.0009386733416769,-0.0009542104536267,-0.0008971643482359,-0.0012189984333463,-0.000599520383693,,,,,
2638.0,chess,SVC,impute,0.0,-2.7464939043597703e-05,2.057033544522469e-05,-0.0005861416136714,0.000599520383693,,,,,
2639.0,chess,SVC,impute,-0.0003128911138924,-0.0003263662722787,-0.0002875339225292,-0.000551446940086,0.0,,,,,
2640.0,chess,LR,impute,0.0006257822277847,0.000599520383693,0.0006169165032056,2.4796688032791003e-05,0.0011990407673859,,,,,
2641.0,chess,LR,impute,0.0009386733416769,0.0009267455145831,0.0009169412092452,0.0006327711232312,0.001199040767386,,,,,
2642.0,chess,LR,impute,0.0,0.0,0.0,0.0,0.0,,,,,
2643.0,chess,LR,impute,-0.0003128911138923,-0.0002997601918466,-0.0003064873148308,-2.1007697220243315e-05,-0.0005995203836929,,,,,
2644.0,chess,LR,impute,-0.0003128911138924,-0.00032722513089,-0.0002894399230816,-0.0005727167317716,0.0,,,,,
2645.0,chess,LR,impute,0.0006257822277846,0.0006544502617804,0.0005814466009596,0.0011701971070487,0.0,,,,,
2646.0,chess,NB,impute,-1.1102230246251563e-16,0.0,2.793330426187346e-06,-3.3237251330087147e-06,0.0,,,,,
2647.0,chess,NB,impute,-0.0109511889862328,-0.0115627393373259,-0.0052503128116205,-0.0074879139618878,0.0023980815347723,,,,,
2648.0,chess,NB,impute,0.0,2.818206868904216e-05,-0.0001151818998287,5.3065519340811385e-05,-0.000598086124402,,,,,
2649.0,chess,NB,impute,0.0,2.7464939043708725e-05,-0.0001202668178157,4.678493899246128e-05,-0.000599520383693,,,,,
2650.0,chess,NB,impute,-0.0006257822277846,-0.0006278441813478,-0.0004452485749566,-0.0003635201665894,-0.000599520383693,,,,,
2651.0,chess,NB,impute,0.0003128911138923,0.00032722513089,0.0001673546353604,0.0002138681376671,0.0,,,,,
2652.0,chess,DT,impute,-0.0003128911138924,-0.0003830138675884,-0.0002915290156332,-0.0017729076665874,0.001199040767386,,,,,
2653.0,chess,DT,impute,-0.0006257822277848,-0.0007135327039575,-0.000579562534152,-0.0023428574660377,0.0011976065080948,,,,,
2654.0,chess,DT,impute,0.0003128911138924,0.0002166482450703,0.000312275282282,-0.0017543923732348,0.0023966472754808,,,,,
2655.0,chess,DT,impute,0.0009386733416769,0.0008710985068506,0.0009126091319507,-0.000580736504236,0.0023966472754811,,,,,
2656.0,chess,DT,impute,0.0003128911138923,0.0002981842035898,0.0002964742752131,5.248050956585537e-06,0.000598086124402,,,,,
2657.0,chess,DT,impute,0.0009386733416769,0.0009294638193823,0.000909780719332,0.0006141031169325,0.0011976065080951,,,,,
2658.0,chess,RF,impute,0.0,-7.17129645555481e-07,4.971932428432524e-06,1.698616380485518e-05,-1.4342592912219845e-06,,,,,
2659.0,chess,RF,impute,0.0018773466833541,0.0018810976971755,0.0018012864625872,0.0018290757539919,0.001797126891788,,,,,
2660.0,chess,RF,impute,-0.0006257822277848,-0.0006288447689247,-0.0006114559657069,-0.0006548436620659,-0.0005980861244018,,,,,
2661.0,chess,RF,impute,-0.0003128911138923,-0.0003538312113223,-0.0002866345792083,-0.0011440823216454,0.0005995203836931,,,,,
2662.0,chess,RF,impute,-0.0015644555694617,-0.0015813375053289,-0.0014919688263017,-0.0017884935058494,-0.0011976065080949,,,,,
2663.0,chess,RF,impute,0.0006257822277848,0.0005422973877036,0.0006224645185848,-0.0011532854366359,0.0023952130161899,,,,,
2664.0,kr_vs_kp,KNN,impute,0.0012515644555692,0.0012014756142544,0.0012947886239598,0.000212916876519,0.0023995157940633,,,,,
2665.0,kr_vs_kp,KNN,impute,0.0003128911138924,0.0003830138675885,0.000209061213947,0.001570314762228,-0.0011990407673861,,,,,
2666.0,kr_vs_kp,KNN,impute,0.0040675844806006,0.0040895622542066,0.0038172909183256,0.0040088268515656,0.0035928195242849,,,,,
2667.0,kr_vs_kp,KNN,impute,0.0006257822277845,0.0006528742735233,0.0005313481297364,0.0009753922305267,-1.4342592909999397e-06,,,,,
2668.0,kr_vs_kp,KNN,impute,0.002503128911139,0.0025341136996646,0.0023386486572788,0.0029118055122802,0.001794258373206,,,,,
2669.0,kr_vs_kp,KNN,impute,0.0,-5.764818288656048e-05,7.37670009753888e-05,-0.0010323476624244,0.0012004750266771,,,,,
2670.0,kr_vs_kp,SVC,impute,0.0015644555694619,0.0015507205897717,0.0015415712713293,0.0011962099838571,0.0017942583732057,,,,,
2671.0,kr_vs_kp,SVC,impute,0.0003128911138922,0.0002399606200231,0.0003642620798288,-0.0011126944272212,0.0017956926324967,,,,,
2672.0,kr_vs_kp,SVC,impute,0.0009386733416768,0.0008991388465738,0.0009041893626392,0.0001247463006709,0.0017999954103701,,,,,
2673.0,kr_vs_kp,SVC,impute,0.0012515644555693,0.0011953133901926,0.001210106252014,-1.6357786627230197e-05,0.0023923444976078,,,,,
2674.0,kr_vs_kp,SVC,impute,0.0,-0.0002549226637101,0.0002411325024379,-0.0049804256364464,0.0053870778974903,,,,,
2675.0,kr_vs_kp,SVC,impute,0.0009386733416769,0.0008187452045972,0.0010267434796372,-0.001550021695205,0.003595688042867,,,,,
2676.0,kr_vs_kp,LR,impute,0.0015644555694619,0.0016086607154069,0.0014489603139543,0.0022672154637728,0.0005995203836932,,,,,
2677.0,kr_vs_kp,LR,impute,0.0018773466833543,0.0018810976971753,0.0018140022701219,0.001939373098494,0.001797126891788,,,,,
2678.0,kr_vs_kp,LR,impute,-0.0021902377972464,-0.002127362270226,-0.0021936689720032,-0.0007998714018984,-0.0035985565614494,,,,,
2679.0,kr_vs_kp,LR,impute,0.0006257822277846,0.0006284195820276,0.0006147277267309,0.0006432686521562,0.0006023889022751,,,,,
2680.0,kr_vs_kp,LR,impute,0.0,-8.45462060672375e-05,6.489304001600082e-05,-0.0016183996899155,0.0017942583732057,,,,,
2681.0,kr_vs_kp,LR,impute,-0.0006257822277848,-0.0006796220829211,-0.0005788320147089,-0.00183190122415,0.0006023889022755,,,,,
2682.0,kr_vs_kp,NB,impute,-0.0003128911138924,-0.00032722513089,-0.0001553510038581,-0.0001896068182066,0.0,,,,,
2683.0,kr_vs_kp,NB,impute,0.0,0.0,0.0,0.0,0.0,,,,,
2684.0,kr_vs_kp,NB,impute,0.0,0.0,0.0,0.0,0.0,,,,,
2685.0,kr_vs_kp,NB,impute,0.0,0.0,0.0,0.0,0.0,,,,,
2686.0,kr_vs_kp,NB,impute,0.0003128911138923,0.00032722513089,0.000165964509128,0.0002107370528423,0.0,,,,,
2687.0,kr_vs_kp,NB,impute,0.0,0.0,0.0,0.0,0.0,,,,,
2688.0,kr_vs_kp,DT,impute,-0.0009386733416771,-0.0010380395300484,-0.000847056150706,-0.0029095352888155,0.0011961722488039,,,,,
2689.0,kr_vs_kp,DT,impute,0.0021902377972463,0.0022073137556711,0.002088097422964,0.0023746917877969,0.0017899555953325,,,,,
2690.0,kr_vs_kp,DT,impute,0.0018773466833542,0.0018816730978554,0.001791112022635,0.0018143745599761,0.0017999954103703,,,,,
2691.0,kr_vs_kp,DT,impute,0.0040675844806007,0.0038139122761942,0.0040839292998809,-0.0014174352789543,0.0095894576205067,,,,,
2692.0,kr_vs_kp,DT,impute,0.0028160200250311,0.0028374595397387,0.0027016416642355,0.0029809270334095,0.0024009500533546,,,,,
2693.0,kr_vs_kp,DT,impute,0.0050062578222775,0.0050167414405037,0.0047954955852691,0.0047948518628871,0.0047961630695443,,,,,
2694.0,kr_vs_kp,RF,impute,0.0,-8.153595851934092e-05,4.067065127044689e-05,-0.0017047182382183,0.0017985611510792,,,,,
2695.0,kr_vs_kp,RF,impute,0.0025031289111387,0.00253483082931,0.0023750968408565,0.0029113873538426,0.0017956926324972,,,,,
2696.0,kr_vs_kp,RF,impute,0.0015644555694619,0.001523831051408,0.0015147936373232,0.000633457692897,0.0023966472754811,,,,,
2697.0,kr_vs_kp,RF,impute,-0.0025031289111387,-0.0025904778370423,-0.0023389399872205,-0.0040001034398766,-0.000598086124402,,,,,
2698.0,kr_vs_kp,RF,impute,0.0034418022528162,0.0033488480691366,0.0033347988340187,0.0013536676928174,0.0053870778974906,,,,,
2699.0,kr_vs_kp,RF,impute,0.0009386733416769,0.0009566453004948,0.000877194722435,0.0011352117991109,0.0006009546429841,,,,,
2700.0,optdigits,KNN,impute,-0.0005338078291816,-0.0005332174176752,-0.0005268334471472,-0.000519022648467,-0.0005332174176752,,,,,
2701.0,optdigits,KNN,impute,-0.0003558718861208,-0.0003546812899329,-0.0003555047397599,-0.000349327410106,-0.0003546812899329,,,,,
2702.0,optdigits,KNN,impute,-0.0003558718861208,-0.0003622447840667,-0.0003484818149563,-0.0003015716494032,-0.0003622447840667,,,,,
2703.0,optdigits,KNN,impute,-0.0001779359430603,-0.0001785714285714,-0.0001856031502444,-0.0001851899310078,-0.0001785714285714,,,,,
2704.0,optdigits,KNN,impute,0.0005338078291816,0.0005383204999369,0.0005338930138072,0.0005135203471812,0.0005383204999369,,,,,
2705.0,optdigits,KNN,impute,0.0003558718861207,0.0003583914836535,0.0003646848168351,0.000371784575192,0.0003583914836535,,,,,
2706.0,optdigits,SVC,impute,-0.0010676156583629,-0.0010701985524044,-0.0010765580274587,-0.00106258390475,-0.0010701985524044,,,,,
2707.0,optdigits,SVC,impute,0.0005338078291815,0.0005370707180881,0.0005341885917068,0.0005360785109288,0.0005370707180881,,,,,
2708.0,optdigits,SVC,impute,-0.0003558718861209,-0.0003572879002969,-0.0003517735333887,-0.0002854185558718,-0.0003572879002969,,,,,
2709.0,optdigits,SVC,impute,-0.0007117437722418,-0.0007041699142454,-0.0007007084176262,-0.0006984136592793,-0.0007041699142454,,,,,
2710.0,optdigits,SVC,impute,-0.0005338078291814,-0.0005295072458819,-0.0005545900103841,-0.0005422802103813,-0.0005295072458819,,,,,
2711.0,optdigits,SVC,impute,-0.0008896797153024,-0.0008956262377554,-0.0008846184106288,-0.0008631582039745,-0.0008956262377554,,,,,
2712.0,optdigits,LR,impute,-0.0005338078291813,-0.0005230845504682,-0.0005200224863232,-0.0005427308267279,-0.0005230845504682,,,,,
2713.0,optdigits,LR,impute,0.0001779359430605,0.0001723093250859,0.0001762995132768,0.0001920494606484,0.0001723093250859,,,,,
2714.0,optdigits,LR,impute,0.0,3.7997770796494024e-06,5.103450571253276e-06,3.626202179973781e-06,3.7997770796494024e-06,,,,,
2715.0,optdigits,LR,impute,0.0,7.61739168120279e-06,-6.917783315185666e-06,-5.807960164683213e-05,7.61739168120279e-06,,,,,
2716.0,optdigits,LR,impute,0.0003558718861209,0.0003560927971194,0.0003719354599874,0.0004002964155837,0.0003560927971194,,,,,
2717.0,optdigits,LR,impute,0.000355871886121,0.0003584643848287,0.000352803661393,0.0003336744644132,0.0003584643848287,,,,,
2718.0,optdigits,NB,impute,-0.0117437722419929,-0.0116550983738858,-0.0105467170576463,-0.0019602587863803,-0.0116550983738858,,,,,
2719.0,optdigits,NB,impute,-0.0094306049822064,-0.0093710784316038,-0.008411050675593,-0.001008324799644,-0.0093710784316038,,,,,
2720.0,optdigits,NB,impute,-0.0113879003558717,-0.0112787584829255,-0.0114574614011861,-0.0009366014161118,-0.0112787584829255,,,,,
2721.0,optdigits,NB,impute,-0.0103202846975088,-0.0102666844992346,-0.0097185037422148,-0.0005520423780082,-0.0102666844992346,,,,,
2722.0,optdigits,NB,impute,-0.0131672597864768,-0.013058100526688,-0.0116960581090279,-0.0029143043702306,-0.013058100526688,,,,,
2723.0,optdigits,NB,impute,-0.0113879003558718,-0.0113080887581633,-0.0108156085463269,-0.0017103200784831,-0.0113080887581633,,,,,
2724.0,optdigits,DT,impute,-0.0024911032028468,-0.0025457477151811,-0.0026699549169131,-0.0026118828266233,-0.0025457477151811,,,,,
2725.0,optdigits,DT,impute,-0.0001779359430604,-0.0002151079979164,-0.0002533085377446,-6.847205501991915e-05,-0.0002151079979164,,,,,
2726.0,optdigits,DT,impute,0.0001779359430605,0.00018060500217,0.0001328622336234,1.3601223968096043e-05,0.00018060500217,,,,,
2727.0,optdigits,DT,impute,-0.0042704626334518,-0.0041800252775334,-0.0041329034320413,-0.0041549538074728,-0.0041800252775334,,,,,
2728.0,optdigits,DT,impute,0.0014234875444839,0.0014148977945824,0.0016912416461327,0.0021687754827516,0.0014148977945824,,,,,
2729.0,optdigits,DT,impute,0.0012455516014235,0.0012371682541811,0.0012772370695548,0.0013686789992607,0.0012371682541811,,,,,
2730.0,optdigits,RF,impute,-0.0003558718861209,-0.0003268649033429,-0.0003486160827235,-0.0003811883461983,-0.0003268649033429,,,,,
2731.0,optdigits,RF,impute,-0.0005338078291814,-0.0005343764608267,-0.0005598950179692,-0.0005617631444138,-0.0005343764608267,,,,,
2732.0,optdigits,RF,impute,0.0,-3.747794066422117e-06,-6.482843750044154e-06,6.0014486711224e-05,-3.747794066422117e-06,,,,,
2733.0,optdigits,RF,impute,0.000711743772242,0.0007167852448961,0.0007276502906193,0.0007076878125303,0.0007167852448961,,,,,
2734.0,optdigits,RF,impute,-0.000711743772242,-0.0007156436869798,-0.000713161479244,-0.0006800045927564,-0.0007156436869798,,,,,
2735.0,optdigits,RF,impute,0.000711743772242,0.0007255419169045,0.0007031485722326,0.0006848233328076,0.0007255419169045,,,,,
2736.0,splice,KNN,impute,-0.0025094102885822,-0.0027733578756073,-0.0035487513835142,-0.0052425173614971,-0.0027733578756073,,,,,
2737.0,splice,KNN,impute,0.0009410288582183,0.0027148911411821,0.001494152146258,0.001676046852557,0.0027148911411821,,,,,
2738.0,splice,KNN,impute,0.0078419071518192,0.0075933628400679,0.008351155860176,0.0087087650292735,0.0075933628400679,,,,,
2739.0,splice,KNN,impute,-0.0003136762860728,-0.0032490916642924,-0.0010565901679515,-0.0011815393574845,-0.0032490916642924,,,,,
2740.0,splice,KNN,impute,-0.0009410288582183,-0.0010570776995929,-0.0009502336986573,0.0014619146068012,-0.0010570776995929,,,,,
2741.0,splice,KNN,impute,-0.002823086574655,-0.0043717526141754,-0.0038017429842297,-0.0012756380199457,-0.0043717526141754,,,,,
2742.0,splice,SVC,impute,0.0,0.0014045520235609,0.000623495023897,0.0001717026294019,0.0014045520235609,,,,,
2743.0,splice,SVC,impute,-0.0021957340025094,-0.0018744496830824,-0.0020207924786858,-0.002038569582169,-0.0018744496830824,,,,,
2744.0,splice,SVC,impute,-0.002509410288582,-0.0025458324318146,-0.002539337417922,-0.0025147848797293,-0.0025458324318146,,,,,
2745.0,splice,SVC,impute,-0.0009410288582183,-0.0015270544627945,-0.0012234892946832,-0.0008616203043496,-0.0015270544627945,,,,,
2746.0,splice,SVC,impute,-0.0009410288582183,-0.0001370880330107,-0.0007562253221383,-0.0011977667757283,-0.0001370880330107,,,,,
2747.0,splice,SVC,impute,-0.0006273525721455,-0.0008725768008873,-0.0009812442615043,-0.0010469027398429,-0.0008725768008873,,,,,
2748.0,splice,LR,impute,1.1102230246251563e-16,2.2488485894589516e-06,-2.563766904328802e-07,-5.608239900367629e-06,2.2488485894589516e-06,,,,,
2749.0,splice,LR,impute,0.0021957340025093,0.0023422717903056,0.0024061311154005,0.0023469491578609,0.0023422717903056,,,,,
2750.0,splice,LR,impute,-0.0006273525721455,-0.0010980588592394,-0.0006976146685802,-0.0005111830161913,-0.0010980588592394,,,,,
2751.0,splice,LR,impute,0.0009410288582183,0.0008366042673108,0.0007706337391439,0.0007506288577112,0.0008366042673108,,,,,
2752.0,splice,LR,impute,0.0009410288582182,0.0013020833333333,0.0011225186463718,0.0009619102196699,0.0013020833333333,,,,,
2753.0,splice,LR,impute,0.0009410288582183,0.0008383892833151,0.0010047978158356,0.001036464292123,0.0008383892833151,,,,,
2754.0,splice,NB,impute,-0.0003136762860728,-0.00043630017452,-0.0004105835978911,-0.0003564104975531,-0.00043630017452,,,,,
2755.0,splice,NB,impute,0.0,0.0,0.0,0.0,0.0,,,,,
2756.0,splice,NB,impute,-0.0003136762860725,-0.00043630017452,-0.0004050439792049,-0.0003221369462851,-0.00043630017452,,,,,
2757.0,splice,NB,impute,-0.0003136762860725,-0.00043630017452,-0.0004123642921788,-0.0003355870240473,-0.00043630017452,,,,,
2758.0,splice,NB,impute,-0.0006273525721456,-0.0006353160225442,-0.0007281794458912,-0.0008150558769541,-0.0006353160225442,,,,,
2759.0,splice,NB,impute,0.0003136762860728,0.0002017756255044,0.000314596672857,0.0004079285582696,0.0002017756255044,,,,,
2760.0,splice,DT,impute,0.002823086574655,0.0029910812345093,0.0038380697748313,0.0047664521594469,0.0029910812345093,,,,,
2761.0,splice,DT,impute,0.0018820577164366,0.003079246248549,0.0020996823407368,0.0011294688533386,0.003079246248549,,,,,
2762.0,splice,DT,impute,0.0003136762860728,0.000918960104852,0.0008346864958596,0.0009302317946101,0.000918960104852,,,,,
2763.0,splice,DT,impute,-0.0028230865746549,-0.0027637670638471,-0.0031497385151876,-0.0035931503752112,-0.0027637670638471,,,,,
2764.0,splice,DT,impute,-0.0047051442910915,-0.0062686114249609,-0.0055562830479404,-0.0048337920643773,-0.0062686114249609,,,,,
2765.0,splice,DT,impute,0.0003136762860728,-0.0007405680384049,-0.0001751363689649,0.000347600303576,-0.0007405680384049,,,,,
2766.0,splice,RF,impute,-0.0037641154328733,-0.0061456919193255,-0.0051725612638984,-0.0041147479279971,-0.0061456919193255,,,,,
2767.0,splice,RF,impute,0.0037641154328732,0.0026165262047337,0.003922068862023,0.0052225850513529,0.0026165262047337,,,,,
2768.0,splice,RF,impute,0.0009410288582182,0.0015320866370172,0.0009315721166791,0.0003774275069666,0.0015320866370172,,,,,
2769.0,splice,RF,impute,-0.0034504391468004,-0.003829390499388,-0.0044169655473159,-0.0049408645477247,-0.003829390499388,,,,,
2770.0,splice,RF,impute,0.0025094102885819,0.0006838219751132,0.001733696016962,0.002787838623949,0.0006838219751132,,,,,
2771.0,splice,RF,impute,-0.0012547051442911,-0.0026756479012347,-0.0010643096605021,0.000435518338728,-0.0026756479012347,,,,,
2772.0,texture,KNN,impute,0.0,0.0,2.20631900527124e-08,3.5289303841334885e-06,0.0,,,,,
2773.0,texture,KNN,impute,0.0003636363636364,0.0003636363636362,0.0003578623473488,0.0003213960835278,0.0003636363636362,,,,,
2774.0,texture,KNN,impute,0.0005454545454546,0.0005454545454544,0.0005500422370342,0.0005226233837671,0.0005454545454544,,,,,
2775.0,texture,KNN,impute,-0.0005454545454545,-0.0005454545454545,-0.0005418210821669,-0.0005409832479107,-0.0005454545454545,,,,,
2776.0,texture,KNN,impute,0.0003636363636364,0.0003636363636362,0.0003656468408061,0.0003495194086562,0.0003636363636362,,,,,
2777.0,texture,KNN,impute,-0.0001818181818179,-0.0001818181818179,-0.0001764770849217,-0.0001513888291336,-0.0001818181818179,,,,,
2778.0,texture,SVC,impute,0.0001818181818183,0.0001818181818183,0.0001811053046111,0.0001790003522286,0.0001818181818183,,,,,
2779.0,texture,SVC,impute,0.0,0.0,7.680145225341661e-07,-2.747439275196939e-06,0.0,,,,,
2780.0,texture,SVC,impute,0.0,-2.220446049250313e-16,-6.103155958392392e-08,8.455086580205773e-06,-2.220446049250313e-16,,,,,
2781.0,texture,SVC,impute,0.0001818181818181,0.0001818181818183,0.0001811140320235,0.0001775806250026,0.0001818181818183,,,,,
2782.0,texture,SVC,impute,0.0001818181818182,0.0001818181818182,0.0001796906418911,0.0001720511804088,0.0001818181818182,,,,,
2783.0,texture,SVC,impute,-0.0003636363636362,-0.000363636363636,-0.0003636624766082,-0.0003579563551623,-0.000363636363636,,,,,
2784.0,texture,LR,impute,-0.0003636363636363,-0.0003636363636363,-0.0003651465657311,-0.0003594909279104,-0.0003636363636363,,,,,
2785.0,texture,LR,impute,0.0,0.0,0.0,0.0,0.0,,,,,
2786.0,texture,LR,impute,-0.0001818181818181,-0.0001818181818181,-0.0001811628062079,-0.0001735412979492,-0.0001818181818181,,,,,
2787.0,texture,LR,impute,0.000181818181818,0.000181818181818,0.0001833021955419,0.0001803751803752,0.000181818181818,,,,,
2788.0,texture,LR,impute,-0.0003636363636364,-0.0003636363636364,-0.0003658592261815,-0.0003637305958311,-0.0003636363636364,,,,,
2789.0,texture,LR,impute,-0.0003636363636364,-0.0003636363636364,-0.0003644537742639,-0.00035522786055,-0.0003636363636364,,,,,
2790.0,texture,NB,impute,0.0001818181818181,0.0001818181818182,0.0001363818226668,0.0002361527506619,0.0001818181818182,,,,,
2791.0,texture,NB,impute,0.0003636363636363,0.0003636363636363,0.0004058487414563,0.0004351103843767,0.0003636363636363,,,,,
2792.0,texture,NB,impute,-0.0001818181818182,-0.0001818181818181,-0.0001162588772087,3.082964947698219e-05,-0.0001818181818181,,,,,
2793.0,texture,NB,impute,0.0001818181818181,0.0001818181818181,0.0002443566674146,0.00033727738094,0.0001818181818181,,,,,
2794.0,texture,NB,impute,0.0,0.0,-5.407617198427417e-05,-8.91627312082921e-05,0.0,,,,,
2795.0,texture,NB,impute,0.0007272727272726,0.0007272727272727,0.0006280626501671,0.0005769772629122,0.0007272727272727,,,,,
2796.0,texture,DT,impute,-0.0001818181818182,-0.0001818181818183,-0.0001934934045362,-0.00017678372921,-0.0001818181818183,,,,,
2797.0,texture,DT,impute,-0.0038181818181818,-0.0038181818181816,-0.0038497859679569,-0.0040510260324476,-0.0038181818181816,,,,,
2798.0,texture,DT,impute,-0.0016363636363637,-0.0016363636363635,-0.0015548376885228,-0.0011901244100668,-0.0016363636363635,,,,,
2799.0,texture,DT,impute,-0.0027272727272725,-0.0027272727272728,-0.0027207227679525,-0.0029462425000369,-0.0027272727272728,,,,,
2800.0,texture,DT,impute,-0.0032727272727274,-0.0032727272727272,-0.0032237435858843,-0.0032460694423558,-0.0032727272727272,,,,,
2801.0,texture,DT,impute,-0.0009090909090908,-0.000909090909091,-0.0008867184829235,-0.0009618360424229,-0.000909090909091,,,,,
2802.0,texture,RF,impute,0.0005454545454548,0.0005454545454548,0.0005427546077336,0.0005125116056893,0.0005454545454548,,,,,
2803.0,texture,RF,impute,-0.0003636363636363,-0.0003636363636365,-0.0003525626994783,-0.0003545835387669,-0.0003636363636365,,,,,
2804.0,texture,RF,impute,-0.001090909090909,-0.0010909090909088,-0.0010909032833584,-0.0010445244279249,-0.0010909090909088,,,,,
2805.0,texture,RF,impute,-0.0005454545454545,-0.0005454545454545,-0.0005467969836213,-0.0005817229292581,-0.0005454545454545,,,,,
2806.0,texture,RF,impute,-0.000181818181818,-0.000181818181818,-0.0001491781850052,-0.0001027104776137,-0.000181818181818,,,,,
2807.0,texture,RF,impute,-0.0003636363636362,-0.0003636363636362,-0.0003665114808419,-0.0004269497486378,-0.0003636363636362,,,,,
2808.0,sonar,KNN,impute,0.0,0.0,0.0,0.0,0.0,,,,,
2809.0,sonar,KNN,impute,0.0,0.0,0.0,0.0,0.0,,,,,
2810.0,sonar,KNN,impute,0.0,0.0,0.0,0.0,0.0,,,,,
2811.0,sonar,KNN,impute,0.0048076923076922,0.0052083333333334,0.0060129509713229,0.00098814229249,0.0104166666666666,,,,,
2812.0,sonar,KNN,impute,-0.0048076923076924,-0.0052083333333334,-0.0082317073170731,-0.0027573529411765,-0.0104166666666667,,,,,
2813.0,sonar,KNN,impute,-0.0048076923076924,-0.0047916666666666,-0.005413550747591,0.0003255688240207,-0.0095833333333331,,,,,
2814.0,sonar,SVC,impute,0.0096153846153845,0.0109523809523808,0.0171240849158469,0.0023425039872407,0.0308333333333332,,,,,
2815.0,sonar,SVC,impute,0.0048076923076922,0.0052083333333334,0.0063775510204081,0.0024999999999999,0.0104166666666666,,,,,
2816.0,sonar,SVC,impute,-0.0048076923076922,-0.0056216931216933,-0.0098965117962076,0.0024703557312253,-0.0208333333333332,,,,,
2817.0,sonar,SVC,impute,-0.0144230769230768,-0.0147156084656083,-0.017570476849389,-0.0151227074053159,-0.0208333333333332,,,,,
2818.0,sonar,SVC,impute,-0.0048076923076922,-0.0046296296296295,-0.0027857972457274,-0.0087946204122674,0.0,,,,,
2819.0,sonar,SVC,impute,0.0096153846153845,0.0094642857142857,0.0116114561766735,0.0149426596795018,0.0099999999999998,,,,,
2820.0,sonar,LR,impute,-0.0096153846153845,-0.0089285714285713,-0.0059523809523809,-0.0106439393939393,-1.1102230246251563e-16,,,,,
2821.0,sonar,LR,impute,0.0,0.0007440476190475,0.0027056277056276,-0.0097222222222222,0.0104166666666667,,,,,
2822.0,sonar,LR,impute,-0.0096153846153845,-0.0103736772486773,-0.0138278600061672,-0.0067581874647093,-0.0204166666666666,,,,,
2823.0,sonar,LR,impute,1.1102230246251563e-16,2.220446049250313e-16,0.0012469430525595,-0.0008393829401088,0.0,,,,,
2824.0,sonar,LR,impute,-0.0144230769230769,-0.0150462962962962,-0.0196497497817631,-0.0145911599505621,-0.0208333333333333,,,,,
2825.0,sonar,LR,impute,0.0048076923076922,0.0049999999999998,0.0061170212765957,-4.47016751364826e-05,0.01,,,,,
2826.0,sonar,NB,impute,0.0,0.0,0.0,0.0,0.0,,,,,
2827.0,sonar,NB,impute,0.0048076923076922,0.0052083333333333,0.0060606060606061,0.0032258064516129,0.0104166666666665,,,,,
2828.0,sonar,NB,impute,0.0,0.0,0.0,0.0,0.0,,,,,
2829.0,sonar,NB,impute,0.0,0.0,0.0,0.0,0.0,,,,,
2830.0,sonar,NB,impute,0.0,0.0,0.0,0.0,0.0,,,,,
2831.0,sonar,NB,impute,0.0,0.0,0.0,0.0,0.0,,,,,
2832.0,sonar,DT,impute,0.0048076923076922,0.0052083333333332,0.0062745098039216,0.0028490028490029,0.0104166666666667,,,,,
2833.0,sonar,DT,impute,0.0,0.0,0.0,0.0,0.0,,,,,
2834.0,sonar,DT,impute,0.0048076923076922,0.0049999999999998,0.0059840425531915,0.0009881422924901,0.01,,,,,
2835.0,sonar,DT,impute,-0.014423076923077,-0.0141369047619047,-0.0145792822216769,-0.0183596837944663,-0.0104166666666666,,,,,
2836.0,sonar,DT,impute,0.0,0.0,0.0,0.0,0.0,,,,,
2837.0,sonar,DT,impute,-0.0048076923076924,-0.0046296296296296,-0.0042517006802721,-0.0090579710144926,0.0,,,,,
2838.0,sonar,RF,impute,0.0048076923076922,0.0049999999999998,0.0073214205388869,0.0043478260869564,0.0099999999999998,,,,,
2839.0,sonar,RF,impute,-0.0096153846153845,-0.0094642857142857,-0.0105610744557294,-0.0137371153995193,-0.01,,,,,
2840.0,sonar,RF,impute,0.0048076923076922,0.0044642857142858,0.0025456768073084,0.0076039048097871,0.0,,,,,
2841.0,sonar,RF,impute,-0.0096153846153845,-0.009672619047619,-0.0117466737284734,-0.0153223969013442,-0.0104166666666667,,,,,
2842.0,sonar,RF,impute,0.0,0.0,0.0,0.0,0.0,,,,,
2843.0,sonar,RF,impute,-0.0048076923076922,-0.0039285714285716,-0.001824376836766,-0.0146179183135705,0.0099999999999998,,,,,
2844.0,molecular_biology_promoters,KNN,impute,0.0,0.0006868131868131,-0.0044699872286079,0.0089743589743589,-0.017857142857143,,,,,
2845.0,molecular_biology_promoters,KNN,impute,-0.0092592592592593,-0.0089285714285715,-0.0076923076923077,-0.0160256410256409,0.0,,,,,
2846.0,molecular_biology_promoters,KNN,impute,-0.0096153846153846,-0.0089285714285713,-0.0062227814664096,-0.0162878787878787,0.0,,,,,
2847.0,molecular_biology_promoters,KNN,impute,0.0096153846153845,0.0096153846153846,0.0072751322751323,0.0130952380952381,0.0,,,,,
2848.0,molecular_biology_promoters,KNN,impute,0.0003561253561252,0.0006868131868132,0.0042633292633292,-0.0098901098901098,0.0192307692307693,,,,,
2849.0,molecular_biology_promoters,KNN,impute,-0.0188746438746438,-0.0185439560439562,-0.0163308913308913,-0.0137362637362636,-0.017857142857143,,,,,
2850.0,molecular_biology_promoters,SVC,impute,0.0092592592592593,0.0096153846153845,0.0064102564102563,0.0144230769230769,0.0,,,,,
2851.0,molecular_biology_promoters,SVC,impute,0.0096153846153845,0.0096153846153845,0.007905138339921,0.0222222222222221,0.0,,,,,
2852.0,molecular_biology_promoters,SVC,impute,0.0,0.0,0.0,0.0,0.0,,,,,
2853.0,molecular_biology_promoters,SVC,impute,0.0192307692307692,0.0192307692307691,0.0158312655086848,0.0169054801407742,0.0192307692307692,,,,,
2854.0,molecular_biology_promoters,SVC,impute,-0.0089031339031337,-0.0089285714285713,-0.0065934065934065,-0.0006868131868131,0.0,,,,,
2855.0,molecular_biology_promoters,SVC,impute,0.0188746438746438,0.018543956043956,0.0131818181818181,0.0249401913875597,0.0,,,,,
2856.0,molecular_biology_promoters,LR,impute,0.0,0.0,0.0,0.0,0.0,,,,,
2857.0,molecular_biology_promoters,LR,impute,0.0,0.0,0.0,0.0,0.0,,,,,
2858.0,molecular_biology_promoters,LR,impute,-0.0188746438746438,-0.0185439560439559,-0.0216773715415019,-0.0059276980329612,-0.0370879120879119,,,,,
2859.0,molecular_biology_promoters,LR,impute,0.0,0.0,0.0,0.0,0.0,,,,,
2860.0,molecular_biology_promoters,LR,impute,0.0096153846153845,0.0096153846153845,0.0071428571428571,0.0267857142857143,0.0,,,,,
2861.0,molecular_biology_promoters,LR,impute,0.0,0.0,0.0,0.0,0.0,,,,,
2862.0,molecular_biology_promoters,NB,impute,0.0,0.0,0.0,0.0,0.0,,,,,
2863.0,molecular_biology_promoters,NB,impute,-0.0096153846153845,-0.0096153846153845,-0.0106837606837606,-0.0027472527472527,-0.0192307692307691,,,,,
2864.0,molecular_biology_promoters,NB,impute,0.0,0.0,0.0,0.0,0.0,,,,,
2865.0,molecular_biology_promoters,NB,impute,0.0,0.0,0.0,0.0,0.0,,,,,
2866.0,molecular_biology_promoters,NB,impute,-0.0096153846153845,-0.0096153846153845,-0.0090579710144929,-0.0227272727272728,0.0,,,,,
2867.0,molecular_biology_promoters,NB,impute,0.0,0.0,0.0,0.0,0.0,,,,,
2868.0,molecular_biology_promoters,DT,impute,0.0,0.0,0.0,0.0,0.0,,,,,
2869.0,molecular_biology_promoters,DT,impute,0.0,0.0,0.0,0.0,0.0,,,,,
2870.0,molecular_biology_promoters,DT,impute,-0.0092592592592591,-0.0096153846153846,-0.0056818181818181,-0.0087719298245614,0.0,,,,,
2871.0,molecular_biology_promoters,DT,impute,-0.0188746438746438,-0.0199175824175823,-0.0235510785510785,-0.009569597069597,-0.0384615384615384,,,,,
2872.0,molecular_biology_promoters,DT,impute,0.0,0.0,0.0,0.0,0.0,,,,,
2873.0,molecular_biology_promoters,DT,impute,0.0,0.0,0.0,0.0,0.0,,,,,
2874.0,molecular_biology_promoters,RF,impute,-0.0185185185185186,-0.018543956043956,-0.0146081568495362,-0.0282051282051282,0.0,,,,,
2875.0,molecular_biology_promoters,RF,impute,-0.0096153846153845,-0.0103021978021979,-0.0107844932844932,-0.0226648351648351,-0.0013736263736262,,,,,
2876.0,molecular_biology_promoters,RF,impute,0.0096153846153848,0.0096153846153845,0.0152954067321178,0.0124851455733809,0.0192307692307691,,,,,
2877.0,molecular_biology_promoters,RF,impute,0.0092592592592593,0.0096153846153845,0.0080459770114942,0.0145833333333332,0.0,,,,,
2878.0,molecular_biology_promoters,RF,impute,0.0188746438746437,0.0192307692307692,0.0171031746031745,0.0373168498168499,0.0,,,,,
2879.0,molecular_biology_promoters,RF,impute,0.0181623931623932,0.0178571428571427,0.020460927960928,0.0273809523809523,0.0178571428571427,,,,,
2880.0,mfeat_fourier,KNN,impute,0.0035,0.0035,0.0035052054309887,0.0035491456491033,0.0035,,,,,
2881.0,mfeat_fourier,KNN,impute,0.0005000000000001,0.0005000000000001,0.0002808310164181,6.245727495601816e-05,0.0005000000000001,,,,,
2882.0,mfeat_fourier,KNN,impute,-0.0019999999999998,-0.002,-0.0016832663193306,-0.0013773744377398,-0.002,,,,,
2883.0,mfeat_fourier,KNN,impute,0.002,0.002,0.0018752481216914,0.001235549628848,0.002,,,,,
2884.0,mfeat_fourier,KNN,impute,-0.0004999999999999,-0.0004999999999999,-0.000359122834977,-8.800080135085153e-05,-0.0004999999999999,,,,,
2885.0,mfeat_fourier,KNN,impute,1.1102230246251563e-16,0.0,-0.0002011870982439,-0.0005449433041386,0.0,,,,,
2886.0,mfeat_fourier,SVC,impute,-0.0005,-0.0005,-0.0004247673926405,0.0003447441307941,-0.0005,,,,,
2887.0,mfeat_fourier,SVC,impute,-0.001,-0.0010000000000001,-0.0008300272360202,-0.0008298997550859,-0.0010000000000001,,,,,
2888.0,mfeat_fourier,SVC,impute,-0.0009999999999998,-0.001,-0.0008939448209656,-0.0008823973032865,-0.001,,,,,
2889.0,mfeat_fourier,SVC,impute,0.0014999999999999,0.0015,0.0017550524378939,0.0026292795525235,0.0015,,,,,
2890.0,mfeat_fourier,SVC,impute,0.0,0.0,3.269323051147133e-05,2.0840919950471104e-05,0.0,,,,,
2891.0,mfeat_fourier,SVC,impute,0.0004999999999999,0.0005,0.0007000972106228,0.0008436514159784,0.0005,,,,,
2892.0,mfeat_fourier,LR,impute,0.0,0.0,-0.0002668299553246,-0.0007227248049946,0.0,,,,,
2893.0,mfeat_fourier,LR,impute,0.003,0.0030000000000001,0.002904829977119,0.0028646555709122,0.0030000000000001,,,,,
2894.0,mfeat_fourier,LR,impute,-0.0010000000000001,-0.0010000000000001,-0.0009367477614459,-0.0010447103644432,-0.0010000000000001,,,,,
2895.0,mfeat_fourier,LR,impute,-0.002,-0.0020000000000002,-0.0020074402833489,-0.0019543187016565,-0.0020000000000002,,,,,
2896.0,mfeat_fourier,LR,impute,0.0004999999999999,0.0005,9.880092777692084e-05,-0.0002625366640564,0.0005,,,,,
2897.0,mfeat_fourier,LR,impute,-0.001,-0.0010000000000001,-0.0008736729435756,-0.0010523905045188,-0.0010000000000001,,,,,
2898.0,mfeat_fourier,NB,impute,0.0,0.0,6.4319964429016e-06,-2.144551603144862e-05,0.0,,,,,
2899.0,mfeat_fourier,NB,impute,0.0004999999999999,0.0004999999999999,0.000597239338734,0.0009425037820089,0.0004999999999999,,,,,
2900.0,mfeat_fourier,NB,impute,0.001,0.001,0.0013282006430468,0.0019263642943981,0.001,,,,,
2901.0,mfeat_fourier,NB,impute,-0.0020000000000001,-0.0020000000000001,-0.0021226295871473,-0.0020753225186758,-0.0020000000000001,,,,,
2902.0,mfeat_fourier,NB,impute,-0.0015000000000001,-0.0015000000000001,-0.0013380844236883,-0.0012929729386448,-0.0015000000000001,,,,,
2903.0,mfeat_fourier,NB,impute,0.0009999999999998,0.001,0.0007486930730677,0.0004286368997565,0.001,,,,,
2904.0,mfeat_fourier,DT,impute,0.0124999999999999,0.0124999999999999,0.0119785633701189,0.0106475221173587,0.0124999999999999,,,,,
2905.0,mfeat_fourier,DT,impute,0.005,0.005,0.004263393861154,0.0032397390115871,0.005,,,,,
2906.0,mfeat_fourier,DT,impute,-0.003,-0.0030000000000001,-0.001679909836994,-0.0012968658031535,-0.0030000000000001,,,,,
2907.0,mfeat_fourier,DT,impute,0.003,0.0030000000000001,0.0026253221157935,0.0027614930753028,0.0030000000000001,,,,,
2908.0,mfeat_fourier,DT,impute,0.0014999999999999,0.0014999999999999,0.0031719868532119,0.0037858802799022,0.0014999999999999,,,,,
2909.0,mfeat_fourier,DT,impute,-0.0059999999999998,-0.0059999999999998,-0.007950286530196,-0.0096774710774931,-0.0059999999999998,,,,,
2910.0,mfeat_fourier,RF,impute,0.002,0.0019999999999998,0.0021281119231071,0.0024677763625847,0.0019999999999998,,,,,
2911.0,mfeat_fourier,RF,impute,-0.0015,-0.0015,-0.0011125375030769,-0.0013660745486265,-0.0015,,,,,
2912.0,mfeat_fourier,RF,impute,-0.004,-0.004,-0.0036008617121587,-0.0033859153061303,-0.004,,,,,
2913.0,mfeat_fourier,RF,impute,-0.002,-0.002,-0.001683400095382,-0.0019700159039099,-0.002,,,,,
2914.0,mfeat_fourier,RF,impute,-0.0024999999999999,-0.0024999999999999,-0.0030318494311117,-0.0032862854141587,-0.0024999999999999,,,,,
2915.0,mfeat_fourier,RF,impute,0.0069999999999998,0.0069999999999998,0.0075050074953172,0.0061020377905716,0.0069999999999998,,,,,
2916.0,analcatdata_authorship,KNN,impute,0.0011904761904761,0.0007911392405063,0.0008169229425676,0.0008322148828475,0.0007911392405063,,,,,
2917.0,analcatdata_authorship,KNN,impute,0.0,0.0,0.0,0.0,0.0,,,,,
2918.0,analcatdata_authorship,KNN,impute,0.0,0.0,0.0,0.0,0.0,,,,,
2919.0,analcatdata_authorship,KNN,impute,0.0,0.0,0.0,0.0,0.0,,,,,
2920.0,analcatdata_authorship,KNN,impute,-0.0011904761904764,-0.0007911392405062,-0.0008174820060672,-0.0008544838351012,-0.0007911392405062,,,,,
2921.0,analcatdata_authorship,KNN,impute,-0.001190476190476,-0.0008445945945946,-0.0008182518290336,-0.0007812500000001,-0.0008445945945946,,,,,
2922.0,analcatdata_authorship,SVC,impute,0.0,0.0,0.0,0.0,0.0,,,,,
2923.0,analcatdata_authorship,SVC,impute,0.0,0.0,0.0,0.0,0.0,,,,,
2924.0,analcatdata_authorship,SVC,impute,0.0,0.0,0.0,0.0,0.0,,,,,
2925.0,analcatdata_authorship,SVC,impute,0.0,0.0,0.0,0.0,0.0,,,,,
2926.0,analcatdata_authorship,SVC,impute,0.0,0.0,0.0,0.0,0.0,,,,,
2927.0,analcatdata_authorship,SVC,impute,0.0,0.0,0.0,0.0,0.0,,,,,
2928.0,analcatdata_authorship,LR,impute,0.0,0.0,0.0,0.0,0.0,,,,,
2929.0,analcatdata_authorship,LR,impute,-0.0011904761904761,-0.0008445945945946,-0.0008191625545279,-0.0007619598765432,-0.0008445945945946,,,,,
2930.0,analcatdata_authorship,LR,impute,0.0,0.0,0.0,0.0,0.0,,,,,
2931.0,analcatdata_authorship,LR,impute,0.0,0.0,0.0,0.0,0.0,,,,,
2932.0,analcatdata_authorship,LR,impute,0.0,0.0,0.0,0.0,0.0,,,,,
2933.0,analcatdata_authorship,LR,impute,-0.0011904761904764,-0.0008445945945948,-0.0008182518290336,-0.0007812499999998,-0.0008445945945948,,,,,
2934.0,analcatdata_authorship,NB,impute,0.0,0.0,0.0,0.0,0.0,,,,,
2935.0,analcatdata_authorship,NB,impute,0.0,0.0,0.0,0.0,0.0,,,,,
2936.0,analcatdata_authorship,NB,impute,0.0,0.0,0.0,0.0,0.0,,,,,
2937.0,analcatdata_authorship,NB,impute,0.0,0.0,0.0,0.0,0.0,,,,,
2938.0,analcatdata_authorship,NB,impute,0.0,0.0,0.0,0.0,0.0,,,,,
2939.0,analcatdata_authorship,NB,impute,0.0,0.0,0.0,0.0,0.0,,,,,
2940.0,analcatdata_authorship,DT,impute,0.0,0.0,0.0,0.0,0.0,,,,,
2941.0,analcatdata_authorship,DT,impute,0.0011848341232227,0.0008445945945946,0.0008251016357073,0.0008561175666439,0.0008445945945946,,,,,
2942.0,analcatdata_authorship,DT,impute,-0.0011904761904761,-0.0008445945945945,-0.0008185891459846,-0.0007424146277847,-0.0008445945945945,,,,,
2943.0,analcatdata_authorship,DT,impute,-0.0011904761904761,-0.0008445945945944,-0.0008272272740963,-0.0009201388888889,-0.0008445945945944,,,,,
2944.0,analcatdata_authorship,DT,impute,0.0,0.0,0.0,0.0,0.0,,,,,
2945.0,analcatdata_authorship,DT,impute,-0.0023809523809523,-0.0022980829666876,-0.0029242370331659,-0.003884328858839,-0.0022980829666876,,,,,
2946.0,analcatdata_authorship,RF,impute,0.0,0.0,0.0,0.0,0.0,,,,,
2947.0,analcatdata_authorship,RF,impute,0.0,0.0,0.0,0.0,0.0,,,,,
2948.0,analcatdata_authorship,RF,impute,-1.1284134506794883e-05,0.0033211701089607,0.0022435463999076,0.0005430991584447,0.0033211701089607,,,,,
2949.0,analcatdata_authorship,RF,impute,0.0,0.0,0.0,0.0,0.0,,,,,
2950.0,analcatdata_authorship,RF,impute,0.0,0.0,0.0,0.0,0.0,,,,,
2951.0,analcatdata_authorship,RF,impute,-0.0023809523809523,-0.0029069767441861,-0.0022723545912863,-0.0016170657752537,-0.0029069767441861,,,,,
2952.0,tokyo1,KNN,impute,0.0020833333333334,0.0016286817757406,0.0017229451336331,0.0002460314457402,0.0032573635514812,,,,,
2953.0,tokyo1,KNN,impute,2.220446049250313e-16,0.0,-3.5591144832980426e-05,-9.801066751402576e-05,0.0,,,,,
2954.0,tokyo1,KNN,impute,-0.0010416666666666,-0.0008169934640521,-0.0008906519791047,-0.0001118568232661,-0.0016339869281045,,,,,
2955.0,tokyo1,KNN,impute,0.0010460251046023,0.0014367816091952,0.0007575071358355,0.0014496265324079,0.0,,,,,
2956.0,tokyo1,KNN,impute,8.716875871783714e-06,-0.0012729898160813,0.0002264590167001,-0.0029229301489576,0.0032679738562092,,,,,
2957.0,tokyo1,KNN,impute,-0.0020833333333331,-0.0028735632183908,-0.0015423018956391,-0.0031171371152969,0.0,,,,,
2958.0,tokyo1,SVC,impute,0.0031206415620641,0.0037459821234998,0.0024595886093295,0.0028363055372457,0.0016445972328323,,,,,
2959.0,tokyo1,SVC,impute,0.0031206415620642,0.0043270515904836,0.0022667092733259,0.0044192476851475,0.0,,,,,
2960.0,tokyo1,SVC,impute,8.716875871672691e-06,-0.001256283053184,0.0003094477304675,-0.0023561870152435,0.0032679738562091,,,,,
2961.0,tokyo1,SVC,impute,-0.0010416666666668,-0.0020679713648722,-0.0006635476705215,-0.0029416786425502,0.0016445972328323,,,,,
2962.0,tokyo1,SVC,impute,-0.0020876917712692,-0.0022704818361451,-0.0016321881248985,-0.0017023650006979,-0.0016339869281047,,,,,
2963.0,tokyo1,SVC,impute,-4.3584379357808345e-06,0.0,-1.1293637957598968e-05,-2.2559379171394056e-06,0.0,,,,,
2964.0,tokyo1,LR,impute,0.0031206415620641,0.0043437583533814,0.0022693738257801,0.0043602702692735,0.0,,,,,
2965.0,tokyo1,LR,impute,0.0,0.0006364949080408,-8.59993120055913e-05,0.0014824914513266,-0.0016339869281045,,,,,
2966.0,tokyo1,LR,impute,0.0010416666666666,0.0014367816091951,0.0008207495701942,0.0016075298718611,0.0,,,,,
2967.0,tokyo1,LR,impute,-0.0031249999999999,-0.003685251530079,-0.0023387353320597,-0.00304134153127,-0.0016233766233767,,,,,
2968.0,tokyo1,LR,impute,0.0010460251046026,0.0001972053189089,0.0009566194674349,-0.0013066536006391,0.0032679738562092,,,,,
2969.0,tokyo1,LR,impute,0.0010460251046023,0.0008283950745859,0.0008329733520808,0.0001210663836825,0.0016233766233766,,,,,
2970.0,tokyo1,NB,impute,0.0,-5.305152363965782e-06,-1.0113696429780994e-05,-3.837349662760836e-05,-1.0610304728042586e-05,,,,,
2971.0,tokyo1,NB,impute,0.0010416666666667,0.0008116883116884,0.0008675565774626,9.674922600644288e-05,0.0016233766233767,,,,,
2972.0,tokyo1,NB,impute,0.0,0.0,0.0,0.0,0.0,,,,,
2973.0,tokyo1,NB,impute,-0.0239583333333333,-0.0173852310480217,-0.0237713062753192,0.0018647281921617,-0.0405844155844156,,,,,
2974.0,tokyo1,NB,impute,-0.0010460251046024,-0.0008169934640522,-0.0008560392525314,-0.000112281561326,-0.0016339869281045,,,,,
2975.0,tokyo1,NB,impute,-0.0010416666666666,-0.0008169934640522,-0.0009030100334449,-0.0001048364551299,-0.0016339869281046,,,,,
2976.0,tokyo1,DT,impute,0.0052083333333333,0.0028453910299752,0.0045908251911176,-0.0024072910569975,0.0114379084967322,,,,,
2977.0,tokyo1,DT,impute,-0.003125,-0.0030707685372999,-0.0025018750669668,-0.0017307361541105,-0.0032679738562092,,,,,
2978.0,tokyo1,DT,impute,-0.0010503835425383,0.0004559963520291,-0.001244203324897,0.0024823473977775,-0.0049019607843138,,,,,
2979.0,tokyo1,DT,impute,-0.0020833333333335,-0.0022370683103499,-0.0016798681733144,-0.0015077771695907,-0.0016339869281045,,,,,
2980.0,tokyo1,DT,impute,0.0052301255230126,0.0034431672598567,0.0046358525187194,-0.0008428521747436,0.0097933112638992,,,,,
2981.0,tokyo1,DT,impute,0.0041623082287308,0.0033066925343682,0.0033870145511165,0.0001931315331058,0.0065465580171462,,,,,
2982.0,tokyo1,RF,impute,-0.0010460251046023,-0.0014367816091953,-0.0007736903005614,-0.001637750299567,0.0,,,,,
2983.0,tokyo1,RF,impute,0.003125,0.002423663324531,0.0025368522153087,0.0002376860862581,0.0048807401748579,,,,,
2984.0,tokyo1,RF,impute,-0.0062543584379359,-0.0074092217383175,-0.0047498705714453,-0.0063969793597514,-0.0032573635514812,,,,,
2985.0,tokyo1,RF,impute,-0.0020876917712692,-0.0022590802256116,-0.0016246339386644,-0.0015767512019347,-0.0016445972328323,,,,,
2986.0,tokyo1,RF,impute,0.0,-0.0012562830531838,0.0001495016170244,-0.0027771251397459,0.003267973856209,,,,,
2987.0,tokyo1,RF,impute,0.0010460251046026,0.0033682782485792,0.0004705350576151,0.0055510933348227,-0.0048913504795858,,,,,
2988.0,soybean,KNN,impute,-0.0059259650605805,-0.0045893719806763,-0.0045461285753933,-0.0024369962385332,-0.0045893719806763,,,,,
2989.0,soybean,KNN,impute,0.0,0.0021739130434782,0.0036135491492634,0.0007941083819351,0.0021739130434782,,,,,
2990.0,soybean,KNN,impute,0.0014792899408283,0.0006038647342994,6.251436230031437e-05,-5.959593124338358e-05,0.0006038647342994,,,,,
2991.0,soybean,KNN,impute,-8.805297266878398e-06,-2.7448397013518644e-05,-0.0007901686433822,-0.0035555498493043,-2.7448397013518644e-05,,,,,
2992.0,soybean,KNN,impute,-1.1102230246251563e-16,-0.0006313131313131,0.0001289200743406,0.0006705445024072,-0.0006313131313131,,,,,
2993.0,soybean,KNN,impute,-0.0044290645252182,-0.0018115942028985,-0.0037968514115731,-0.0078196567933174,-0.0018115942028985,,,,,
2994.0,soybean,SVC,impute,-0.0014792899408282,-0.0006038647342994,0.0002961511875297,0.0022459590703591,-0.0006038647342994,,,,,
2995.0,soybean,SVC,impute,0.0,0.0,-0.0001074331627107,-0.0007551538946659,0.0,,,,,
2996.0,soybean,SVC,impute,8.805297266878398e-06,0.0021739130434784,0.0021263487178668,0.002317493236611,0.0021739130434784,,,,,
2997.0,soybean,SVC,impute,-0.0059259650605805,-0.0045893719806764,-0.0046277099387036,-0.004038444081336,-0.0045893719806764,,,,,
2998.0,soybean,SVC,impute,-1.7610594533645774e-05,-2.220446049250313e-16,0.003425958835357,0.0037464833712551,-2.220446049250313e-16,,,,,
2999.0,soybean,SVC,impute,-0.0029585798816569,-0.0012351778656125,-0.0019425735174346,-0.0021088162189486,-0.0012351778656125,,,,,
3000.0,soybean,LR,impute,0.0014880952380953,0.0006038647342996,0.0015388210710626,0.0022668303918306,0.0006038647342996,,,,,
3001.0,soybean,LR,impute,-8.805297266878398e-06,0.0,0.0005248373613684,0.0020895880670543,0.0,,,,,
3002.0,soybean,LR,impute,0.0,0.0021739130434782,0.001140863325879,-0.0004429350348496,0.0021739130434782,,,,,
3003.0,soybean,LR,impute,1.1102230246251563e-16,0.0,-0.0001228420473967,0.0008934194976883,0.0,,,,,
3004.0,soybean,LR,impute,0.0044378698224852,0.0061594202898549,0.0063912578843005,0.0044540338056079,0.0061594202898549,,,,,
3005.0,soybean,LR,impute,-0.0014792899408284,0.0015700483091788,0.0018565422716394,-7.937177188577227e-05,0.0015700483091788,,,,,
3006.0,soybean,NB,impute,-8.805297266767376e-06,-5.489679402714831e-05,0.0012649196083658,-0.0002085216015452,-5.489679402714831e-05,,,,,
3007.0,soybean,NB,impute,-0.0014792899408283,-0.0027777777777779,0.0003523329381666,0.0003624512670564,-0.0027777777777779,,,,,
3008.0,soybean,NB,impute,-0.0103638348830655,-0.0043642951251647,-0.0053859408973729,-0.0047006378936476,-0.0043642951251647,,,,,
3009.0,soybean,NB,impute,-0.0162897999436461,-0.0088987703118134,-0.0052267277853229,0.000341174562904,-0.0088987703118134,,,,,
3010.0,soybean,NB,impute,-0.0208157227387997,-0.0109848484848483,-0.0079493465245226,-0.0029211939365582,-0.0109848484848483,,,,,
3011.0,soybean,NB,impute,-0.0014792899408283,0.0015425999121652,0.0004859905829148,-0.0004023632313108,0.0015425999121652,,,,,
3012.0,soybean,DT,impute,0.0059171597633137,0.0073945981554676,0.0066418486981483,0.0060109600991243,0.0073945981554676,,,,,
3013.0,soybean,DT,impute,0.004446675119752,0.0003513394817744,-0.002045519273252,-0.0008259174506315,0.0003513394817744,,,,,
3014.0,soybean,DT,impute,-0.0029497745843901,-0.0026954325867368,-0.0036908940637185,-0.0014648935258483,-0.0026954325867368,,,,,
3015.0,soybean,DT,impute,-0.0014880952380952,-0.0003787878787878,-0.0015916460606327,-0.002074024908852,-0.0003787878787878,,,,,
3016.0,soybean,DT,impute,0.0074052550014087,0.0074769433465083,0.0083177788140992,0.012203855682631,0.0074769433465083,,,,,
3017.0,soybean,DT,impute,0.0103550295857988,0.0179567413263064,0.013966891613271,0.0059641743613904,0.0179567413263064,,,,,
3018.0,soybean,RF,impute,0.0014704846435615,0.0006313131313131,0.0006229436685726,0.0001464054619734,0.0006313131313131,,,,,
3019.0,soybean,RF,impute,0.0,-2.7448397013629663e-05,-0.0017646644165882,-0.0037478996714015,-2.7448397013629663e-05,,,,,
3020.0,soybean,RF,impute,0.0014792899408284,-0.0015700483091788,-0.0016250355920466,-0.0009674655937049,-0.0015700483091788,,,,,
3021.0,soybean,RF,impute,-0.0029673851789235,0.0009387351778656,0.0003654203518586,-0.0010338576558047,0.0009387351778656,,,,,
3022.0,soybean,RF,impute,-0.0044378698224851,-0.0039855072463768,-0.0022283391578942,-0.0011796018477054,-0.0039855072463768,,,,,
3023.0,soybean,RF,impute,-0.0074052550014087,-0.005193236714976,-0.0070655276845853,-0.0074107480467842,-0.005193236714976,,,,,
3024.0,mfeat_karhunen,KNN,impute,0.0004999999999999,0.0004999999999999,0.0005827729194317,0.0006098917430912,0.0004999999999999,,,,,
3025.0,mfeat_karhunen,KNN,impute,-0.0015000000000001,-0.0015,-0.0015999577189466,-0.0014510313793913,-0.0015,,,,,
3026.0,mfeat_karhunen,KNN,impute,0.0,0.0,-2.5500233368003226e-05,-0.0003191517189398,0.0,,,,,
3027.0,mfeat_karhunen,KNN,impute,-0.0004999999999999,-0.0004999999999999,-0.0005218765485044,-0.0003386304404718,-0.0004999999999999,,,,,
3028.0,mfeat_karhunen,KNN,impute,0.0,0.0,7.468277502797882e-05,0.0003417769501889,0.0,,,,,
3029.0,mfeat_karhunen,KNN,impute,-0.002,-0.002,-0.0020085567713995,-0.0016991728526501,-0.002,,,,,
3030.0,mfeat_karhunen,SVC,impute,0.0,0.0,1.3362737144029246e-05,7.516393694440016e-05,0.0,,,,,
3031.0,mfeat_karhunen,SVC,impute,-0.0005,-0.0005,-0.0005611138388619,-0.0007849136021603,-0.0005,,,,,
3032.0,mfeat_karhunen,SVC,impute,-0.001,-0.001,-0.0010449793027423,-0.0008233143937277,-0.001,,,,,
3033.0,mfeat_karhunen,SVC,impute,-0.002,-0.002,-0.0020065846565423,-0.0021066926390944,-0.002,,,,,
3034.0,mfeat_karhunen,SVC,impute,0.0,-1.1102230246251563e-16,-2.8377286596659168e-05,-7.284369370497146e-05,-1.1102230246251563e-16,,,,,
3035.0,mfeat_karhunen,SVC,impute,0.001,0.001,0.0010241656609452,0.0009441038169939,0.001,,,,,
3036.0,mfeat_karhunen,LR,impute,0.0005,0.0005,0.0004977672300143,0.0004861910569722,0.0005,,,,,
3037.0,mfeat_karhunen,LR,impute,-0.001,-0.001,-0.0009477912038051,-0.0009212548367165,-0.001,,,,,
3038.0,mfeat_karhunen,LR,impute,-0.0005,-0.0005,-0.0004691288700495,-0.0003222742498242,-0.0005,,,,,
3039.0,mfeat_karhunen,LR,impute,0.002,0.002,0.0019739903540587,0.001781131583088,0.002,,,,,
3040.0,mfeat_karhunen,LR,impute,-0.0004999999999999,-0.0004999999999999,-0.000511685403884,-0.0004648940590967,-0.0004999999999999,,,,,
3041.0,mfeat_karhunen,LR,impute,-0.0004999999999999,-0.0004999999999999,-0.0004038995286643,-0.0002602039910684,-0.0004999999999999,,,,,
3042.0,mfeat_karhunen,NB,impute,0.0004999999999999,0.0004999999999999,0.0005119003550427,0.0006165914885828,0.0004999999999999,,,,,
3043.0,mfeat_karhunen,NB,impute,0.0,0.0,1.0293520199988748e-05,-5.234266881382066e-05,0.0,,,,,
3044.0,mfeat_karhunen,NB,impute,0.0,0.0,3.2034638763001055e-05,8.803461086392961e-05,0.0,,,,,
3045.0,mfeat_karhunen,NB,impute,-0.0005,-0.0005,-0.0004913183508001,-0.0005634978229317,-0.0005,,,,,
3046.0,mfeat_karhunen,NB,impute,0.0005,0.0005,0.0004996816546863,0.0004171145254584,0.0005,,,,,
3047.0,mfeat_karhunen,NB,impute,-0.0015,-0.0015,-0.0014968731391745,-0.0014712721225782,-0.0015,,,,,
3048.0,mfeat_karhunen,DT,impute,0.011,0.0109999999999998,0.0107904846173586,0.0110734077025671,0.0109999999999998,,,,,
3049.0,mfeat_karhunen,DT,impute,0.001,0.0009999999999998,0.0011341003453604,0.000370040467444,0.0009999999999998,,,,,
3050.0,mfeat_karhunen,DT,impute,0.0004999999999999,0.0004999999999999,0.0006835691295121,0.0009410573424413,0.0004999999999999,,,,,
3051.0,mfeat_karhunen,DT,impute,-0.001,-0.001,-0.0008638550543378,-0.0005910400564057,-0.001,,,,,
3052.0,mfeat_karhunen,DT,impute,0.0059999999999998,0.0059999999999998,0.00578234730636,0.0060334125174431,0.0059999999999998,,,,,
3053.0,mfeat_karhunen,DT,impute,0.0055,0.0055,0.0057028140549328,0.0062419616479398,0.0055,,,,,
3054.0,mfeat_karhunen,RF,impute,0.0025,0.0025,0.0025789858491497,0.0027340220977164,0.0025,,,,,
3055.0,mfeat_karhunen,RF,impute,-0.0045,-0.0045,-0.0044990910116003,-0.0044668168338855,-0.0045,,,,,
3056.0,mfeat_karhunen,RF,impute,-0.0030000000000001,-0.003,-0.0029513220106274,-0.0028125330014762,-0.003,,,,,
3057.0,mfeat_karhunen,RF,impute,0.001,0.001,0.001003793837257,0.0009873778800305,0.001,,,,,
3058.0,mfeat_karhunen,RF,impute,-0.001,-0.001,-0.0010125145015067,-0.0011874304377635,-0.001,,,,,
3059.0,mfeat_karhunen,RF,impute,-0.0024999999999999,-0.0024999999999999,-0.0025627573747789,-0.0023352083601405,-0.0024999999999999,,,,,
3060.0,GAMETES_Epistasis_2_Way_1000atts_0.4H_EDM_1_EDM_1_1,KNN,normalization,0.0006249999999998,0.0006249999999999,0.0017942525968314,-0.0005762174169346,0.00375,,,,,
3061.0,GAMETES_Epistasis_2_Way_1000atts_0.4H_EDM_1_EDM_1_1,KNN,normalization,-0.003125,-0.003125,-0.0021191305410087,-0.0032493302738451,-0.00125,,,,,
3062.0,GAMETES_Epistasis_2_Way_1000atts_0.4H_EDM_1_EDM_1_1,KNN,normalization,0.0025,0.0025000000000001,0.0053459695986174,0.0026768148903794,0.0075000000000001,,,,,
3063.0,GAMETES_Epistasis_2_Way_1000atts_0.4H_EDM_1_EDM_1_1,KNN,normalization,-0.0081250000000001,-0.008125,-0.0115150507994863,-0.0091098617363223,-0.01375,,,,,
3064.0,GAMETES_Epistasis_2_Way_1000atts_0.4H_EDM_1_EDM_1_1,KNN,normalization,0.0031249999999999,0.0031249999999999,0.0043890481365737,0.0027635925659518,0.00625,,,,,
3065.0,GAMETES_Epistasis_2_Way_1000atts_0.4H_EDM_1_EDM_1_1,KNN,normalization,0.0156250000000001,0.0156250000000001,0.0198896832549051,0.0180407093393293,0.0212499999999999,,,,,
3066.0,GAMETES_Epistasis_2_Way_1000atts_0.4H_EDM_1_EDM_1_1,SVC,normalization,0.001875,0.001875,0.0021941376446094,0.0019417189200891,0.0025,,,,,
3067.0,GAMETES_Epistasis_2_Way_1000atts_0.4H_EDM_1_EDM_1_1,SVC,normalization,-0.0025,-0.0024999999999999,-0.0031699037390682,-0.0025443489180368,-0.00375,,,,,
3068.0,GAMETES_Epistasis_2_Way_1000atts_0.4H_EDM_1_EDM_1_1,SVC,normalization,0.0024999999999999,0.0025,0.0018952029790315,0.0023865013209329,0.0012499999999999,,,,,
3069.0,GAMETES_Epistasis_2_Way_1000atts_0.4H_EDM_1_EDM_1_1,SVC,normalization,-0.0012499999999999,-0.0012499999999999,-0.0026122906232456,-0.0013735185991521,-0.00375,,,,,
3070.0,GAMETES_Epistasis_2_Way_1000atts_0.4H_EDM_1_EDM_1_1,SVC,normalization,0.0012499999999999,0.0012499999999999,0.0012408931633817,0.0011855195743126,0.0012499999999999,,,,,
3071.0,GAMETES_Epistasis_2_Way_1000atts_0.4H_EDM_1_EDM_1_1,SVC,normalization,-0.0018749999999999,-0.001875,-0.0028272744334305,-0.0019452781069874,-0.0037499999999999,,,,,
3072.0,GAMETES_Epistasis_2_Way_1000atts_0.4H_EDM_1_EDM_1_1,LR,normalization,0.0012499999999999,0.0012499999999999,0.0018623782870272,0.0012501379206077,0.0025,,,,,
3073.0,GAMETES_Epistasis_2_Way_1000atts_0.4H_EDM_1_EDM_1_1,LR,normalization,-0.003125,-0.003125,-0.0030064331024559,-0.0035393672593544,-0.0025,,,,,
3074.0,GAMETES_Epistasis_2_Way_1000atts_0.4H_EDM_1_EDM_1_1,LR,normalization,0.0018749999999999,0.001875,0.0004635643286605,0.0019133940547796,-0.00125,,,,,
3075.0,GAMETES_Epistasis_2_Way_1000atts_0.4H_EDM_1_EDM_1_1,LR,normalization,0.0006249999999999,0.000625,0.0002953049995442,0.0006282216635781,0.0,,,,,
3076.0,GAMETES_Epistasis_2_Way_1000atts_0.4H_EDM_1_EDM_1_1,LR,normalization,-0.000625,-0.0006249999999999,-0.0010244875280085,-0.0007041373295642,-0.00125,,,,,
3077.0,GAMETES_Epistasis_2_Way_1000atts_0.4H_EDM_1_EDM_1_1,LR,normalization,-0.0018749999999999,-0.0018749999999999,-0.0003380433615766,-0.0019362187899955,0.0012499999999999,,,,,
3078.0,GAMETES_Epistasis_2_Way_1000atts_0.4H_EDM_1_EDM_1_1,NB,normalization,0.0,0.0,0.0,0.0,0.0,,,,,
3079.0,GAMETES_Epistasis_2_Way_1000atts_0.4H_EDM_1_EDM_1_1,NB,normalization,0.0,0.0,0.0,0.0,0.0,,,,,
3080.0,GAMETES_Epistasis_2_Way_1000atts_0.4H_EDM_1_EDM_1_1,NB,normalization,0.0,0.0,0.0,0.0,0.0,,,,,
3081.0,GAMETES_Epistasis_2_Way_1000atts_0.4H_EDM_1_EDM_1_1,NB,normalization,0.0,0.0,0.0,0.0,0.0,,,,,
3082.0,GAMETES_Epistasis_2_Way_1000atts_0.4H_EDM_1_EDM_1_1,NB,normalization,0.0,0.0,0.0,0.0,0.0,,,,,
3083.0,GAMETES_Epistasis_2_Way_1000atts_0.4H_EDM_1_EDM_1_1,NB,normalization,0.0,0.0,0.0,0.0,0.0,,,,,
3084.0,GAMETES_Epistasis_2_Way_1000atts_0.4H_EDM_1_EDM_1_1,DT,normalization,0.0006249999999999,0.0006249999999999,0.0003130973567991,0.0006613756613756,0.0,,,,,
3085.0,GAMETES_Epistasis_2_Way_1000atts_0.4H_EDM_1_EDM_1_1,DT,normalization,0.0,0.0,0.0,0.0,0.0,,,,,
3086.0,GAMETES_Epistasis_2_Way_1000atts_0.4H_EDM_1_EDM_1_1,DT,normalization,0.0012499999999999,0.0012499999999999,-1.0368971795737814e-05,0.0011749095689272,-0.0012499999999999,,,,,
3087.0,GAMETES_Epistasis_2_Way_1000atts_0.4H_EDM_1_EDM_1_1,DT,normalization,0.0006249999999999,0.0006249999999999,0.0002771379914546,0.0006056036371216,0.0,,,,,
3088.0,GAMETES_Epistasis_2_Way_1000atts_0.4H_EDM_1_EDM_1_1,DT,normalization,0.0,0.0,0.0,0.0,0.0,,,,,
3089.0,GAMETES_Epistasis_2_Way_1000atts_0.4H_EDM_1_EDM_1_1,DT,normalization,-0.0006249999999999,-0.0006249999999999,-0.0002896688958577,-0.00058372671438,0.0,,,,,
3090.0,GAMETES_Epistasis_2_Way_1000atts_0.4H_EDM_1_EDM_1_1,RF,normalization,-0.0037499999999999,-0.0037499999999999,-0.0039315712422144,-0.0043210595723576,-0.0037499999999999,,,,,
3091.0,GAMETES_Epistasis_2_Way_1000atts_0.4H_EDM_1_EDM_1_1,RF,normalization,0.003125,0.003125,0.0055227419046379,0.0033141749158314,0.0074999999999998,,,,,
3092.0,GAMETES_Epistasis_2_Way_1000atts_0.4H_EDM_1_EDM_1_1,RF,normalization,0.006875,0.0068749999999999,0.0103449013403582,0.0074389626177283,0.0125,,,,,
3093.0,GAMETES_Epistasis_2_Way_1000atts_0.4H_EDM_1_EDM_1_1,RF,normalization,-0.001875,-0.001875,-0.0005134637350927,-0.0014403991019973,-1.1102230246251563e-16,,,,,
3094.0,GAMETES_Epistasis_2_Way_1000atts_0.4H_EDM_1_EDM_1_1,RF,normalization,-0.003125,-0.003125,-0.0021669957618247,-0.0028029005740471,-0.0012499999999999,,,,,
3095.0,GAMETES_Epistasis_2_Way_1000atts_0.4H_EDM_1_EDM_1_1,RF,normalization,0.0031249999999999,0.0031249999999999,0.0037101489968798,0.0036689558787074,0.0037499999999999,,,,,
3096.0,agaricus_lepiota,KNN,normalization,0.0,0.0,0.0,0.0,0.0,,,,,
3097.0,agaricus_lepiota,KNN,normalization,0.0,0.0,0.0,0.0,0.0,,,,,
3098.0,agaricus_lepiota,KNN,normalization,0.0,0.0,0.0,0.0,0.0,,,,,
3099.0,agaricus_lepiota,KNN,normalization,0.0,0.0,0.0,0.0,0.0,,,,,
3100.0,agaricus_lepiota,KNN,normalization,0.0,0.0,0.0,0.0,0.0,,,,,
3101.0,agaricus_lepiota,KNN,normalization,0.0,0.0,0.0,0.0,0.0,,,,,
3102.0,agaricus_lepiota,SVC,normalization,0.0,0.0,0.0,0.0,0.0,,,,,
3103.0,agaricus_lepiota,SVC,normalization,0.0,0.0,0.0,0.0,0.0,,,,,
3104.0,agaricus_lepiota,SVC,normalization,-0.0001227897838897,-0.0001276813074565,-0.0001303589547457,-4.971188040436836e-06,-0.0002553626149132,,,,,
3105.0,agaricus_lepiota,SVC,normalization,0.0,0.0,0.0,0.0,0.0,,,,,
3106.0,agaricus_lepiota,SVC,normalization,0.0,0.0,0.0,0.0,0.0,,,,,
3107.0,agaricus_lepiota,SVC,normalization,0.0,0.0,0.0,0.0,0.0,,,,,
3108.0,agaricus_lepiota,LR,normalization,0.0,0.0,0.0,0.0,0.0,,,,,
3109.0,agaricus_lepiota,LR,normalization,0.0,0.0,0.0,0.0,0.0,,,,,
3110.0,agaricus_lepiota,LR,normalization,0.0001227295041728,0.0001275510204081,0.0001351861284127,9.796216918878107e-06,0.0002551020408163,,,,,
3111.0,agaricus_lepiota,LR,normalization,0.0001227295041728,0.0001275510204081,0.0001351397765373,1.1531983823198644e-05,0.0002551020408162,,,,,
3112.0,agaricus_lepiota,LR,normalization,0.0001227897838901,0.0001276813074567,0.0001334389455346,1.3358241315430952e-05,0.0002553626149129,,,,,
3113.0,agaricus_lepiota,LR,normalization,0.0,0.0,0.0,0.0,0.0,,,,,
3114.0,agaricus_lepiota,NB,normalization,0.0,0.0,0.0,0.0,0.0,,,,,
3115.0,agaricus_lepiota,NB,normalization,0.0,0.0,0.0,0.0,0.0,,,,,
3116.0,agaricus_lepiota,NB,normalization,0.0,0.0,0.0,0.0,0.0,,,,,
3117.0,agaricus_lepiota,NB,normalization,0.0,0.0,0.0,0.0,0.0,,,,,
3118.0,agaricus_lepiota,NB,normalization,0.0,0.0,0.0,0.0,0.0,,,,,
3119.0,agaricus_lepiota,NB,normalization,0.0,0.0,0.0,0.0,0.0,,,,,
3120.0,agaricus_lepiota,DT,normalization,0.0,0.0,0.0,0.0,0.0,,,,,
3121.0,agaricus_lepiota,DT,normalization,0.0,0.0,0.0,0.0,0.0,,,,,
3122.0,agaricus_lepiota,DT,normalization,0.0,0.0,0.0,0.0,0.0,,,,,
3123.0,agaricus_lepiota,DT,normalization,0.0,0.0,0.0,0.0,0.0,,,,,
3124.0,agaricus_lepiota,DT,normalization,0.0,0.0,0.0,0.0,0.0,,,,,
3125.0,agaricus_lepiota,DT,normalization,0.0,0.0,0.0,0.0,0.0,,,,,
3126.0,agaricus_lepiota,RF,normalization,0.0,0.0,0.0,0.0,0.0,,,,,
3127.0,agaricus_lepiota,RF,normalization,0.0,0.0,0.0,0.0,0.0,,,,,
3128.0,agaricus_lepiota,RF,normalization,0.0,0.0,0.0,0.0,0.0,,,,,
3129.0,agaricus_lepiota,RF,normalization,0.0,0.0,0.0,0.0,0.0,,,,,
3130.0,agaricus_lepiota,RF,normalization,0.0,0.0,0.0,0.0,0.0,,,,,
3131.0,agaricus_lepiota,RF,normalization,0.0,0.0,0.0,0.0,0.0,,,,,
3132.0,mushroom,KNN,normalization,0.0,0.0,0.0,0.0,0.0,,,,,
3133.0,mushroom,KNN,normalization,0.0,0.0,0.0,0.0,0.0,,,,,
3134.0,mushroom,KNN,normalization,0.0,0.0,0.0,0.0,0.0,,,,,
3135.0,mushroom,KNN,normalization,0.0,0.0,0.0,0.0,0.0,,,,,
3136.0,mushroom,KNN,normalization,0.0,0.0,0.0,0.0,0.0,,,,,
3137.0,mushroom,KNN,normalization,0.0,0.0,0.0,0.0,0.0,,,,,
3138.0,mushroom,SVC,normalization,0.0,0.0,0.0,0.0,0.0,,,,,
3139.0,mushroom,SVC,normalization,0.0,0.0,0.0,0.0,0.0,,,,,
3140.0,mushroom,SVC,normalization,0.0,0.0,0.0,0.0,0.0,,,,,
3141.0,mushroom,SVC,normalization,0.0,0.0,0.0,0.0,0.0,,,,,
3142.0,mushroom,SVC,normalization,0.0,0.0,0.0,0.0,0.0,,,,,
3143.0,mushroom,SVC,normalization,0.0,0.0,0.0,0.0,0.0,,,,,
3144.0,mushroom,LR,normalization,0.0,0.0,0.0,0.0,0.0,,,,,
3145.0,mushroom,LR,normalization,0.0,0.0,0.0,0.0,0.0,,,,,
3146.0,mushroom,LR,normalization,0.0,0.0,0.0,0.0,0.0,,,,,
3147.0,mushroom,LR,normalization,0.0,0.0,0.0,0.0,0.0,,,,,
3148.0,mushroom,LR,normalization,-0.0001230920728705,-0.0001188212927758,-0.0001222065912508,-0.0002520658865287,0.0,,,,,
3149.0,mushroom,LR,normalization,0.0,0.0,0.0,0.0,0.0,,,,,
3150.0,mushroom,NB,normalization,0.0,0.0,0.0,0.0,0.0,,,,,
3151.0,mushroom,NB,normalization,0.0,0.0,0.0,0.0,0.0,,,,,
3152.0,mushroom,NB,normalization,0.0,0.0,0.0,0.0,0.0,,,,,
3153.0,mushroom,NB,normalization,0.0,0.0,0.0,0.0,0.0,,,,,
3154.0,mushroom,NB,normalization,0.0,0.0,0.0,0.0,0.0,,,,,
3155.0,mushroom,NB,normalization,0.0,0.0,0.0,0.0,0.0,,,,,
3156.0,mushroom,DT,normalization,0.0,0.0,0.0,0.0,0.0,,,,,
3157.0,mushroom,DT,normalization,0.0,0.0,0.0,0.0,0.0,,,,,
3158.0,mushroom,DT,normalization,0.0,0.0,0.0,0.0,0.0,,,,,
3159.0,mushroom,DT,normalization,0.0,0.0,0.0,0.0,0.0,,,,,
3160.0,mushroom,DT,normalization,0.0,0.0,0.0,0.0,0.0,,,,,
3161.0,mushroom,DT,normalization,0.0,0.0,0.0,0.0,0.0,,,,,
3162.0,mushroom,RF,normalization,0.0,0.0,0.0,0.0,0.0,,,,,
3163.0,mushroom,RF,normalization,0.0,0.0,0.0,0.0,0.0,,,,,
3164.0,mushroom,RF,normalization,0.0,0.0,0.0,0.0,0.0,,,,,
3165.0,mushroom,RF,normalization,0.0,0.0,0.0,0.0,0.0,,,,,
3166.0,mushroom,RF,normalization,0.0,0.0,0.0,0.0,0.0,,,,,
3167.0,mushroom,RF,normalization,0.0,0.0,0.0,0.0,0.0,,,,,
3168.0,ring,KNN,normalization,0.000135135135135,0.0001364628820961,7.758359496601308e-05,0.0001011465464854,0.0,,,,,
3169.0,ring,KNN,normalization,0.000135135135135,0.000136462882096,7.74485181143092e-05,0.0001008512312098,0.0,,,,,
3170.0,ring,KNN,normalization,0.0,0.0,-6.37063078845479e-07,-1.3470359273570764e-06,0.0,,,,,
3171.0,ring,KNN,normalization,0.0,0.0,-6.270223572579781e-07,-1.3129337138595432e-06,0.0,,,,,
3172.0,ring,KNN,normalization,0.0,0.0,5.604929039781936e-07,1.168633118386886e-06,0.0,,,,,
3173.0,ring,KNN,normalization,0.0006756756756756,0.0006823144104805,0.0003848079762326,0.0004991718244388,0.0,,,,,
3174.0,ring,SVC,normalization,0.0,0.0,0.0,0.0,0.0,,,,,
3175.0,ring,SVC,normalization,-0.0005405405405405,-0.0005458515283842,-0.0003859358549268,-0.0006643062905047,0.0,,,,,
3176.0,ring,SVC,normalization,0.000135135135135,0.0001364628820961,9.618987232318243e-05,0.0001635572413589,0.0,,,,,
3177.0,ring,SVC,normalization,0.0,2.629905650586295e-06,-4.9955857022832006e-05,0.0001086664921812,-0.0002676659528908,,,,,
3178.0,ring,SVC,normalization,-0.000135135135135,-0.0001338329764453,-0.0001464046399008,-6.142265831010629e-05,-0.0002676659528908,,,,,
3179.0,ring,SVC,normalization,-0.0001351351351353,-0.0001338329764453,-0.0001495480326125,-6.006111271661396e-05,-0.0002676659528907,,,,,
3180.0,ring,LR,normalization,0.0,0.0,0.0,0.0,0.0,,,,,
3181.0,ring,LR,normalization,0.0,0.0,0.0,0.0,0.0,,,,,
3182.0,ring,LR,normalization,0.0,0.0,0.0,0.0,0.0,,,,,
3183.0,ring,LR,normalization,0.0,0.0,0.0,0.0,0.0,,,,,
3184.0,ring,LR,normalization,0.0,0.0,0.0,0.0,0.0,,,,,
3185.0,ring,LR,normalization,0.0,0.0,0.0,0.0,0.0,,,,,
3186.0,ring,NB,normalization,0.0,0.0,0.0,0.0,0.0,,,,,
3187.0,ring,NB,normalization,0.0,0.0,0.0,0.0,0.0,,,,,
3188.0,ring,NB,normalization,0.0,0.0,0.0,0.0,0.0,,,,,
3189.0,ring,NB,normalization,0.0,0.0,0.0,0.0,0.0,,,,,
3190.0,ring,NB,normalization,0.0,0.0,0.0,0.0,0.0,,,,,
3191.0,ring,NB,normalization,0.0,0.0,0.0,0.0,0.0,,,,,
3192.0,ring,DT,normalization,-0.0001351351351351,-0.0001338329764454,-0.0001477011667554,-3.37425249422596e-05,-0.0002676659528907,,,,,
3193.0,ring,DT,normalization,-0.0001351351351351,-0.0001338329764453,-0.0001487438777473,-3.2929178824359084e-05,-0.0002676659528908,,,,,
3194.0,ring,DT,normalization,0.0001351351351351,0.0001364628820961,0.0001175955571197,0.0002348142054025,0.0,,,,,
3195.0,ring,DT,normalization,0.0001351351351351,0.000136462882096,0.0001140740155042,0.0002187648080872,0.0,,,,,
3196.0,ring,DT,normalization,0.000135135135135,0.000136462882096,0.0001160379344584,0.0002238825064605,0.0,,,,,
3197.0,ring,DT,normalization,0.0,0.0,9.067077395563672e-07,6.9380091770598895e-06,0.0,,,,,
3198.0,ring,RF,normalization,0.0,0.0,0.0,0.0,0.0,,,,,
3199.0,ring,RF,normalization,0.0,0.0,0.0,0.0,0.0,,,,,
3200.0,ring,RF,normalization,0.0,-2.629905650586295e-06,1.7474126376204602e-05,-0.0002630455652288,0.0002676659528906,,,,,
3201.0,ring,RF,normalization,0.0001351351351351,0.0001338329764454,0.0001418793372631,6.767548252573086e-06,0.0002676659528906,,,,,
3202.0,ring,RF,normalization,0.0,0.0,0.0,0.0,0.0,,,,,
3203.0,ring,RF,normalization,0.0,0.0,0.0,0.0,0.0,,,,,
3204.0,twonorm,KNN,normalization,0.0002702702702701,0.0002695399671639,0.0002442771852871,0.0010364216156192,-0.0005411255411253,,,,,
3205.0,twonorm,KNN,normalization,-0.0002702702702703,-0.0002704165204162,-0.0002704163706893,-0.0002713976948519,-0.0002705627705628,,,,,
3206.0,twonorm,KNN,normalization,-0.0002702702702702,-0.0002701243359991,-0.0002622079793871,-0.000526170650577,0.0,,,,,
3207.0,twonorm,KNN,normalization,0.0002702702702701,0.0002698321515818,0.0002606664428176,0.0005177082059951,-2.925002926534859e-07,,,,,
3208.0,twonorm,KNN,normalization,0.0001351351351351,0.0001352817011566,0.0001371901606361,-3.607472903732756e-07,0.0002708552708552,,,,,
3209.0,twonorm,KNN,normalization,0.0004054054054054,0.0004052597870093,0.0004047147265772,0.0005425384170876,0.0002705627705628,,,,,
3210.0,twonorm,SVC,normalization,0.0002702702702702,0.0002704165204168,0.0002690478809148,0.000261039758064,0.0002705627705628,,,,,
3211.0,twonorm,SVC,normalization,0.0,0.0,0.0,0.0,0.0,,,,,
3212.0,twonorm,SVC,normalization,0.0,0.0,0.0,0.0,0.0,,,,,
3213.0,twonorm,SVC,normalization,0.0,0.0,0.0,0.0,0.0,,,,,
3214.0,twonorm,SVC,normalization,0.0,0.0,0.0,0.0,0.0,,,,,
3215.0,twonorm,SVC,normalization,0.0,0.0,0.0,0.0,0.0,,,,,
3216.0,twonorm,LR,normalization,0.0,0.0,0.0,0.0,0.0,,,,,
3217.0,twonorm,LR,normalization,0.0,0.0,0.0,0.0,0.0,,,,,
3218.0,twonorm,LR,normalization,0.0,0.0,0.0,0.0,0.0,,,,,
3219.0,twonorm,LR,normalization,0.0,0.0,0.0,0.0,0.0,,,,,
3220.0,twonorm,LR,normalization,0.0,0.0,0.0,0.0,0.0,,,,,
3221.0,twonorm,LR,normalization,0.0,0.0,0.0,0.0,0.0,,,,,
3222.0,twonorm,NB,normalization,0.0,0.0,0.0,0.0,0.0,,,,,
3223.0,twonorm,NB,normalization,0.0,0.0,0.0,0.0,0.0,,,,,
3224.0,twonorm,NB,normalization,0.0,0.0,0.0,0.0,0.0,,,,,
3225.0,twonorm,NB,normalization,0.0,0.0,0.0,0.0,0.0,,,,,
3226.0,twonorm,NB,normalization,0.0,0.0,0.0,0.0,0.0,,,,,
3227.0,twonorm,NB,normalization,0.0,0.0,0.0,0.0,0.0,,,,,
3228.0,twonorm,DT,normalization,0.0,0.0,0.0,0.0,0.0,,,,,
3229.0,twonorm,DT,normalization,0.0,0.0,0.0,0.0,0.0,,,,,
3230.0,twonorm,DT,normalization,0.0,0.0,0.0,0.0,0.0,,,,,
3231.0,twonorm,DT,normalization,0.0,0.0,0.0,0.0,0.0,,,,,
3232.0,twonorm,DT,normalization,0.0,0.0,0.0,0.0,0.0,,,,,
3233.0,twonorm,DT,normalization,0.0,0.0,0.0,0.0,0.0,,,,,
3234.0,twonorm,RF,normalization,0.0,0.0,0.0,0.0,0.0,,,,,
3235.0,twonorm,RF,normalization,0.0,0.0,0.0,0.0,0.0,,,,,
3236.0,twonorm,RF,normalization,0.0,0.0,0.0,0.0,0.0,,,,,
3237.0,twonorm,RF,normalization,0.0,0.0,0.0,0.0,0.0,,,,,
3238.0,twonorm,RF,normalization,0.0,0.0,0.0,0.0,0.0,,,,,
3239.0,twonorm,RF,normalization,0.0,0.0,0.0,0.0,0.0,,,,,
3240.0,clean1,KNN,normalization,-0.0021008403361344,-0.0018382352941176,-0.0016402017390907,-0.0019198329932358,0.0,,,,,
3241.0,clean1,KNN,normalization,0.0084033613445377,0.0079931226221832,0.0085202371872208,0.0113146603528677,0.0049019607843135,,,,,
3242.0,clean1,KNN,normalization,0.0,-0.0005656108597283,-0.000557318014233,0.002980413415985,-0.0048076923076924,,,,,
3243.0,clean1,KNN,normalization,1.1102230246251563e-16,2.743634767343739e-05,0.0001143501716897,0.0004340096992057,0.0,,,,,
3244.0,clean1,KNN,normalization,-0.0021008403361343,-0.0018382352941177,-0.0024232985681583,-0.0044081234703446,0.0,,,,,
3245.0,clean1,KNN,normalization,0.0,2.743634767354841e-05,3.868633622927664e-05,-0.0003229180898489,0.0,,,,,
3246.0,clean1,SVC,normalization,0.0,0.0,0.0,0.0,0.0,,,,,
3247.0,clean1,SVC,normalization,0.0,0.0,0.0,0.0,0.0,,,,,
3248.0,clean1,SVC,normalization,0.0,0.0,0.0,0.0,0.0,,,,,
3249.0,clean1,SVC,normalization,0.0,0.0,0.0,0.0,0.0,,,,,
3250.0,clean1,SVC,normalization,0.0,0.0,0.0,0.0,0.0,,,,,
3251.0,clean1,SVC,normalization,-0.0042016806722687,-0.0036764705882351,-0.0048076923076924,-0.0094339622641508,0.0,,,,,
3252.0,clean1,LR,normalization,0.0,0.0,0.0,0.0,0.0,,,,,
3253.0,clean1,LR,normalization,-0.0021008403361343,-0.0018656716417911,-0.0023809523809524,-0.0047169811320756,0.0,,,,,
3254.0,clean1,LR,normalization,0.0,0.0,0.0,0.0,0.0,,,,,
3255.0,clean1,LR,normalization,0.0,0.0,0.0,0.0,0.0,,,,,
3256.0,clean1,LR,normalization,0.0,0.0,0.0,0.0,0.0,,,,,
3257.0,clean1,LR,normalization,-0.0021008403361344,-0.0018382352941175,-0.0024271844660191,-0.0048076923076921,0.0,,,,,
3258.0,clean1,NB,normalization,0.0,0.0,0.0,0.0,0.0,,,,,
3259.0,clean1,NB,normalization,0.0,0.0,0.0,0.0,0.0,,,,,
3260.0,clean1,NB,normalization,0.0,0.0,0.0,0.0,0.0,,,,,
3261.0,clean1,NB,normalization,0.0,0.0,0.0,0.0,0.0,,,,,
3262.0,clean1,NB,normalization,0.0,0.0,0.0,0.0,0.0,,,,,
3263.0,clean1,NB,normalization,0.0,0.0,0.0,0.0,0.0,,,,,
3264.0,clean1,DT,normalization,0.0,0.0,0.0,0.0,0.0,,,,,
3265.0,clean1,DT,normalization,0.0084033613445377,0.0074626865671642,0.0092592592592591,0.0178571428571427,0.0,,,,,
3266.0,clean1,DT,normalization,0.0,0.0,0.0,0.0,0.0,,,,,
3267.0,clean1,DT,normalization,0.0,0.0,0.0,0.0,0.0,,,,,
3268.0,clean1,DT,normalization,0.0,0.0,0.0,0.0,0.0,,,,,
3269.0,clean1,DT,normalization,0.0,0.0,0.0,0.0,0.0,,,,,
3270.0,clean1,RF,normalization,0.0,0.0,0.0,0.0,0.0,,,,,
3271.0,clean1,RF,normalization,0.0,0.0,0.0,0.0,0.0,,,,,
3272.0,clean1,RF,normalization,0.0,0.0,0.0,0.0,0.0,,,,,
3273.0,clean1,RF,normalization,0.0,0.0,0.0,0.0,0.0,,,,,
3274.0,clean1,RF,normalization,0.0,0.0,0.0,0.0,0.0,,,,,
3275.0,clean1,RF,normalization,0.0,0.0,0.0,0.0,0.0,,,,,
3276.0,dna,KNN,normalization,-0.0003144644174448,-0.0008954494310536,-0.0006073796266531,-0.0004677793245255,-0.0008954494310536,,,,,
3277.0,dna,KNN,normalization,0.0021965221338815,0.0023427356228908,0.0024444191592102,0.0019354436155013,0.0023427356228908,,,,,
3278.0,dna,KNN,normalization,-0.0018836339791807,-0.0023837638788427,-0.0020714613630847,-0.0020047425064381,-0.0023837638788427,,,,,
3279.0,dna,KNN,normalization,0.0006277466378316,0.000402089108795,0.0004989281777839,0.0004622935086888,0.000402089108795,,,,,
3280.0,dna,KNN,normalization,-0.0006285347692036,-0.0011090744210074,-0.0008234071880157,-0.0005867698781452,-0.0011090744210074,,,,,
3281.0,dna,KNN,normalization,-0.0025101984199542,-0.0018467800300993,-0.0023917275145648,-0.0019342239977344,-0.0018467800300993,,,,,
3282.0,dna,SVC,normalization,0.0,0.0,0.0,0.0,0.0,,,,,
3283.0,dna,SVC,normalization,-0.0006277466378316,-0.00087260034904,-0.0006825122140832,-0.0004631727748968,-0.00087260034904,,,,,
3284.0,dna,SVC,normalization,0.0003136762860725,0.0002012882447666,0.0002941304692395,0.0003696393505353,0.0002012882447666,,,,,
3285.0,dna,SVC,normalization,0.0003132822203865,0.0004335403970397,0.0003444517371448,0.000250946411348,0.0004335403970397,,,,,
3286.0,dna,SVC,normalization,0.0,0.0,0.0,0.0,0.0,,,,,
3287.0,dna,SVC,normalization,0.000941028858218,0.0010693438003221,0.0010514552490697,0.0010137573916454,0.0010693438003221,,,,,
3288.0,dna,LR,normalization,0.0,0.0,0.0,0.0,0.0,,,,,
3289.0,dna,LR,normalization,0.0,0.0,0.0,0.0,0.0,,,,,
3290.0,dna,LR,normalization,-0.0003136762860725,-0.0004363001745202,-0.0003236761810347,-0.0002368634047534,-0.0004363001745202,,,,,
3291.0,dna,LR,normalization,0.0,0.0,0.0,0.0,0.0,,,,,
3292.0,dna,LR,normalization,-3.940656859713343e-07,-4.873807379901507e-07,-3.9134347984415285e-09,3.9414809078763824e-05,-4.873807379901507e-07,,,,,
3293.0,dna,LR,normalization,0.0,0.0,0.0,0.0,0.0,,,,,
3294.0,dna,NB,normalization,0.0,0.0,0.0,0.0,0.0,,,,,
3295.0,dna,NB,normalization,0.0,0.0,0.0,0.0,0.0,,,,,
3296.0,dna,NB,normalization,-0.0006277466378316,-0.0008726003490399,-0.0008474299398655,-0.0006895530862479,-0.0008726003490399,,,,,
3297.0,dna,NB,normalization,0.0,0.0,0.0,0.0,0.0,,,,,
3298.0,dna,NB,normalization,-0.000313676286073,-0.0004340277777777,-0.0004187902642824,-0.0002923567975832,-0.0004340277777777,,,,,
3299.0,dna,NB,normalization,0.0,0.0,0.0,0.0,0.0,,,,,
3300.0,dna,DT,normalization,0.0,0.0,0.0,0.0,0.0,,,,,
3301.0,dna,DT,normalization,0.0,0.0,0.0,0.0,0.0,,,,,
3302.0,dna,DT,normalization,0.0,0.0,0.0,0.0,0.0,,,,,
3303.0,dna,DT,normalization,0.0,0.0,0.0,0.0,0.0,,,,,
3304.0,dna,DT,normalization,0.0,0.0,0.0,0.0,0.0,,,,,
3305.0,dna,DT,normalization,0.0,0.0,0.0,0.0,0.0,,,,,
3306.0,dna,RF,normalization,0.0,0.0,0.0,0.0,0.0,,,,,
3307.0,dna,RF,normalization,0.0,0.0,0.0,0.0,0.0,,,,,
3308.0,dna,RF,normalization,0.0,0.0,0.0,0.0,0.0,,,,,
3309.0,dna,RF,normalization,0.0,0.0,0.0,0.0,0.0,,,,,
3310.0,dna,RF,normalization,0.0,0.0,0.0,0.0,0.0,,,,,
3311.0,dna,RF,normalization,0.0,0.0,0.0,0.0,0.0,,,,,
3312.0,phoneme,KNN,normalization,-0.0007401924500369,-0.0007084639240373,-0.0011471208421516,-0.0017501011703197,-0.0006313131313131,,,,,
3313.0,phoneme,KNN,normalization,0.0,-0.000183039102589,-0.0001512866286295,0.0004012878272521,-0.0006281327125157,,,,,
3314.0,phoneme,KNN,normalization,-0.0003700962250184,-0.0004458887146259,-0.0006512063236087,-0.0006587177308743,-0.0006297229219144,,,,,
3315.0,phoneme,KNN,normalization,0.0001850481125091,0.0003148614609572,0.0004214487083193,0.0001803695751778,0.0006297229219142,,,,,
3316.0,phoneme,KNN,normalization,0.0,-1.4530080860719607e-06,-5.902106546096242e-05,-5.2049283149280257e-05,-3.1804187974326936e-06,,,,,
3317.0,phoneme,KNN,normalization,0.0005551443375279,0.000577711072994,0.0009186781292047,0.0012457546258377,0.000631313131313,,,,,
3318.0,phoneme,SVC,normalization,0.0001850481125094,0.000130890052356,0.0001996621102748,0.0004284772577455,0.0,,,,,
3319.0,phoneme,SVC,normalization,-0.0001850481125091,-0.0001310272536687,-0.0001945460591952,-0.0004083427566277,0.0,,,,,
3320.0,phoneme,SVC,normalization,0.0,0.0,0.0,0.0,0.0,,,,,
3321.0,phoneme,SVC,normalization,0.0,0.0,0.0,0.0,0.0,,,,,
3322.0,phoneme,SVC,normalization,0.0,0.0,0.0,0.0,0.0,,,,,
3323.0,phoneme,SVC,normalization,0.0001850481125091,0.0003156565656565,0.0004725081172113,0.0002529539880982,0.0006313131313131,,,,,
3324.0,phoneme,LR,normalization,0.0,0.0,0.0,0.0,0.0,,,,,
3325.0,phoneme,LR,normalization,0.0,0.0,0.0,0.0,0.0,,,,,
3326.0,phoneme,LR,normalization,-0.0001850481125091,-0.0003148614609572,-0.0005254375335227,-0.0003379208650774,-0.0006297229219143,,,,,
3327.0,phoneme,LR,normalization,0.0,0.0,0.0,0.0,0.0,,,,,
3328.0,phoneme,LR,normalization,0.0,0.0,0.0,0.0,0.0,,,,,
3329.0,phoneme,LR,normalization,0.0,0.0,0.0,0.0,0.0,,,,,
3330.0,phoneme,NB,normalization,0.0,0.0,0.0,0.0,0.0,,,,,
3331.0,phoneme,NB,normalization,0.0,0.0,0.0,0.0,0.0,,,,,
3332.0,phoneme,NB,normalization,0.0,0.0,0.0,0.0,0.0,,,,,
3333.0,phoneme,NB,normalization,0.0,0.0,0.0,0.0,0.0,,,,,
3334.0,phoneme,NB,normalization,0.0,0.0,0.0,0.0,0.0,,,,,
3335.0,phoneme,NB,normalization,0.0,0.0,0.0,0.0,0.0,,,,,
3336.0,phoneme,DT,normalization,0.0007401924500369,0.0008925725339513,0.0012554135905752,0.0012584146599465,0.0012610360532274,,,,,
3337.0,phoneme,DT,normalization,-0.0001850481125093,-0.0001303693502821,-0.0002362921682301,-0.0004811679549635,1.5902093988273691e-06,,,,,
3338.0,phoneme,DT,normalization,-0.0001850481125091,-0.0001300949476565,-0.0002224660298351,-0.0004791042876389,1.5902093988273691e-06,,,,,
3339.0,phoneme,DT,normalization,-0.000740192450037,-0.0007079432219634,-0.0011381262039423,-0.0016498015134943,-0.0006297229219144,,,,,
3340.0,phoneme,DT,normalization,0.0,0.0,0.0,0.0,0.0,,,,,
3341.0,phoneme,DT,normalization,-0.0001850481125093,-0.0001318223583681,-0.0002486127557359,-0.0005267152481107,-1.5902093987163468e-06,,,,,
3342.0,phoneme,RF,normalization,-0.0001850481125093,-0.000130890052356,-0.0002686677783954,-0.0005686274509804,0.0,,,,,
3343.0,phoneme,RF,normalization,0.0,-1.372013128664307e-07,-2.03307056294566e-05,-6.336754028413161e-05,0.0,,,,,
3344.0,phoneme,RF,normalization,0.0003700962250186,7.887820343577268e-05,0.0004478476275145,0.0015568273476277,-0.0006281327125156,,,,,
3345.0,phoneme,RF,normalization,0.0,0.0001839714086011,0.000113152546317,-0.0004633564485232,0.0006297229219144,,,,,
3346.0,phoneme,RF,normalization,-0.0001850481125091,-0.0003157937669693,-0.0003786544709403,-5.811443341641187e-05,-0.0006313131313131,,,,,
3347.0,phoneme,RF,normalization,0.0001850481125091,0.0003156565656564,0.0003561572589122,4.408270410738435e-05,0.000631313131313,,,,,
3348.0,mfeat_pixel,KNN,normalization,0.0,0.0,9.954056630068209e-06,1.9207683073174664e-05,0.0,,,,,
3349.0,mfeat_pixel,KNN,normalization,0.0005,0.0005,0.0004856868039744,0.0004532659217533,0.0005,,,,,
3350.0,mfeat_pixel,KNN,normalization,0.0,0.0,0.0,0.0,0.0,,,,,
3351.0,mfeat_pixel,KNN,normalization,0.0,0.0,0.0,0.0,0.0,,,,,
3352.0,mfeat_pixel,KNN,normalization,0.0,0.0,-1.4091625742174152e-05,-6.324248777078711e-05,0.0,,,,,
3353.0,mfeat_pixel,KNN,normalization,-0.0004999999999999,-0.0004999999999999,-0.0005117994675599,-0.0004651192453366,-0.0004999999999999,,,,,
3354.0,mfeat_pixel,SVC,normalization,0.0,0.0,0.0,0.0,0.0,,,,,
3355.0,mfeat_pixel,SVC,normalization,0.0,0.0,0.0,0.0,0.0,,,,,
3356.0,mfeat_pixel,SVC,normalization,0.0,0.0,0.0,0.0,0.0,,,,,
3357.0,mfeat_pixel,SVC,normalization,0.0,0.0,0.0,0.0,0.0,,,,,
3358.0,mfeat_pixel,SVC,normalization,0.0,0.0,0.0,0.0,0.0,,,,,
3359.0,mfeat_pixel,SVC,normalization,0.0,0.0,0.0,0.0,0.0,,,,,
3360.0,mfeat_pixel,LR,normalization,0.0,0.0,-8.240589607466653e-06,-8.359401413515766e-05,0.0,,,,,
3361.0,mfeat_pixel,LR,normalization,-0.0004999999999999,-0.0004999999999999,-0.0005,-0.0005,-0.0004999999999999,,,,,
3362.0,mfeat_pixel,LR,normalization,0.0,0.0,2.332387907977296e-05,9.091686989282088e-05,0.0,,,,,
3363.0,mfeat_pixel,LR,normalization,0.0,0.0,0.0,0.0,0.0,,,,,
3364.0,mfeat_pixel,LR,normalization,-0.0005,-0.0005,-0.0004961470336708,-0.0004438871702525,-0.0005,,,,,
3365.0,mfeat_pixel,LR,normalization,0.0005,0.0005,0.0005157138162795,0.0005122799119647,0.0005,,,,,
3366.0,mfeat_pixel,NB,normalization,-0.0005,-0.0005,-0.0004654187742283,-0.0004490302006951,-0.0005,,,,,
3367.0,mfeat_pixel,NB,normalization,0.0,0.0,0.0,0.0,0.0,,,,,
3368.0,mfeat_pixel,NB,normalization,0.0,0.0,0.0,0.0,0.0,,,,,
3369.0,mfeat_pixel,NB,normalization,0.0,0.0,0.0,0.0,0.0,,,,,
3370.0,mfeat_pixel,NB,normalization,0.0,0.0,0.0,0.0,0.0,,,,,
3371.0,mfeat_pixel,NB,normalization,0.0,0.0,0.0,0.0,0.0,,,,,
3372.0,mfeat_pixel,DT,normalization,0.0004999999999999,0.0004999999999998,0.0004291711482338,0.0003718238578249,0.0004999999999998,,,,,
3373.0,mfeat_pixel,DT,normalization,0.001,0.0009999999999998,0.0010817746541621,0.00111941840251,0.0009999999999998,,,,,
3374.0,mfeat_pixel,DT,normalization,-0.001,-0.001,-0.0010873469601313,-0.0009158500850188,-0.001,,,,,
3375.0,mfeat_pixel,DT,normalization,0.001,0.001,0.0009383532097315,0.0009814070952945,0.001,,,,,
3376.0,mfeat_pixel,DT,normalization,-0.0015,-0.0015,-0.0014869751790865,-0.0012803752975487,-0.0015,,,,,
3377.0,mfeat_pixel,DT,normalization,0.0024999999999999,0.0025,0.0024748322080915,0.0023285300197771,0.0025,,,,,
3378.0,mfeat_pixel,RF,normalization,0.0,0.0,-9.268402568207712e-06,-6.48976571759885e-05,0.0,,,,,
3379.0,mfeat_pixel,RF,normalization,-0.0004999999999999,-0.0005000000000001,-0.0004912075240661,-0.0004605624495329,-0.0005000000000001,,,,,
3380.0,mfeat_pixel,RF,normalization,0.0,0.0,1.9307693074122056e-05,7.732323698683707e-05,0.0,,,,,
3381.0,mfeat_pixel,RF,normalization,0.0014999999999999,0.0014999999999999,0.001476982017414,0.0013523782598026,0.0014999999999999,,,,,
3382.0,mfeat_pixel,RF,normalization,-0.0005,-0.0005,-0.0004997027914074,-0.0005188767814818,-0.0005,,,,,
3383.0,mfeat_pixel,RF,normalization,-0.001,-0.001,-0.001014086934016,-0.0010885481137493,-0.001,,,,,
3384.0,banana,KNN,normalization,-0.0001886792452829,-0.0002104377104377,-0.0002424698618398,-5.092702385511849e-05,-0.0004208754208754,,,,,
3385.0,banana,KNN,normalization,0.0,0.0,0.0,0.0,0.0,,,,,
3386.0,banana,KNN,normalization,0.0003773584905659,0.0004208754208755,0.0004797398368708,0.0001138513828472,0.0008417508417508,,,,,
3387.0,banana,KNN,normalization,0.0,0.0,0.0,0.0,0.0,,,,,
3388.0,banana,KNN,normalization,0.0,0.0,0.0,0.0,0.0,,,,,
3389.0,banana,KNN,normalization,-0.000188679245283,-0.0001709986320109,-0.0001851346890742,-0.0003750196231198,0.0,,,,,
3390.0,banana,SVC,normalization,0.0,0.0,0.0,0.0,0.0,,,,,
3391.0,banana,SVC,normalization,0.0,0.0,0.0,0.0,0.0,,,,,
3392.0,banana,SVC,normalization,0.0,0.0,0.0,0.0,0.0,,,,,
3393.0,banana,SVC,normalization,0.0,0.0,0.0,0.0,0.0,,,,,
3394.0,banana,SVC,normalization,0.0,0.0,0.0,0.0,0.0,,,,,
3395.0,banana,SVC,normalization,0.0,0.0,0.0,0.0,0.0,,,,,
3396.0,banana,LR,normalization,0.0001886792452829,0.0002104377104377,0.0006618288608456,0.0008361204013378,0.0004208754208753,,,,,
3397.0,banana,LR,normalization,-0.000188679245283,-0.0001709986320109,-6.976034415098753e-05,-0.0004327443202307,0.0,,,,,
3398.0,banana,LR,normalization,-0.0001886792452829,-0.0001709986320109,-6.063974935568983e-05,-0.0005778120184899,0.0,,,,,
3399.0,banana,LR,normalization,0.0,0.0,0.0,0.0,0.0,,,,,
3400.0,banana,LR,normalization,0.0,0.0,0.0,0.0,0.0,,,,,
3401.0,banana,LR,normalization,0.0,0.0,0.0,0.0,0.0,,,,,
3402.0,banana,NB,normalization,0.0,0.0,0.0,0.0,0.0,,,,,
3403.0,banana,NB,normalization,0.0,0.0,0.0,0.0,0.0,,,,,
3404.0,banana,NB,normalization,0.0,0.0,0.0,0.0,0.0,,,,,
3405.0,banana,NB,normalization,0.0,0.0,0.0,0.0,0.0,,,,,
3406.0,banana,NB,normalization,0.0,0.0,0.0,0.0,0.0,,,,,
3407.0,banana,NB,normalization,0.0,0.0,0.0,0.0,0.0,,,,,
3408.0,banana,DT,normalization,0.0001886792452829,0.000170998632011,0.0001768246193217,0.000320320982342,0.0,,,,,
3409.0,banana,DT,normalization,0.0,-3.943907842673955e-05,-4.991761551598195e-05,0.000332301514032,-0.0004208754208754,,,,,
3410.0,banana,DT,normalization,-0.0003773584905659,-0.0003025581855951,-0.0002971742228858,-0.0010387883637359,0.0004208754208754,,,,,
3411.0,banana,DT,normalization,0.0007547169811319,0.00060511637119,0.000589072567144,0.001969045327548,-0.0008417508417508,,,,,
3412.0,banana,DT,normalization,-0.0022641509433961,-0.0022097398978384,-0.0024183126181842,-0.0031442475351537,-0.0016835016835016,,,,,
3413.0,banana,DT,normalization,-0.0003773584905659,-0.0001842409503147,-0.0001171222790014,-0.0018415884080694,0.0016835016835017,,,,,
3414.0,banana,RF,normalization,0.0005660377358489,0.0005918740528862,0.0006628971094044,0.0004915294016699,0.0008417508417508,,,,,
3415.0,banana,RF,normalization,0.000754716981132,0.0006839945280437,0.0007607606206448,0.001568491876288,0.0,,,,,
3416.0,banana,RF,normalization,0.001132075471698,0.0011837481057728,0.0013271305694941,0.0009642043722124,0.0016835016835016,,,,,
3417.0,banana,RF,normalization,0.0,0.0,2.0550201362823373e-06,2.8594496465084163e-06,1.1102230246251563e-16,,,,,
3418.0,banana,RF,normalization,-0.000754716981132,-0.0008417508417507,-0.0009441587283788,-0.0001777630976033,-0.0016835016835017,,,,,
3419.0,banana,RF,normalization,-0.000566037735849,-0.0005918740528862,-0.0006655029665656,-0.0004970866057018,-0.0008417508417508,,,,,
3420.0,mfeat_factors,KNN,normalization,0.0,0.0,0.0,0.0,0.0,,,,,
3421.0,mfeat_factors,KNN,normalization,0.001,0.0009999999999997,0.0010149259378358,0.0010279306075947,0.0009999999999997,,,,,
3422.0,mfeat_factors,KNN,normalization,0.0004999999999999,0.0004999999999999,0.0004953025914837,0.000470588235294,0.0004999999999999,,,,,
3423.0,mfeat_factors,KNN,normalization,0.0,0.0,-7.745057266417277e-06,-7.912457912484516e-05,0.0,,,,,
3424.0,mfeat_factors,KNN,normalization,0.0,0.0,0.0,0.0,0.0,,,,,
3425.0,mfeat_factors,KNN,normalization,-0.0004999999999999,-0.0004999999999999,-0.0004967747670198,-0.0004290294209927,-0.0004999999999999,,,,,
3426.0,mfeat_factors,SVC,normalization,0.0,0.0,0.0,0.0,0.0,,,,,
3427.0,mfeat_factors,SVC,normalization,0.0004999999999999,0.0004999999999999,0.0005050505050504,0.0005102040816326,0.0004999999999999,,,,,
3428.0,mfeat_factors,SVC,normalization,-0.0004999999999999,-0.0004999999999999,-0.0004997498549376,-0.0005290577769569,-0.0004999999999999,,,,,
3429.0,mfeat_factors,SVC,normalization,0.0,0.0,0.0,0.0,0.0,,,,,
3430.0,mfeat_factors,SVC,normalization,0.0,0.0,0.0,0.0,0.0,,,,,
3431.0,mfeat_factors,SVC,normalization,0.0,0.0,0.0,0.0,0.0,,,,,
3432.0,mfeat_factors,LR,normalization,0.0004999999999999,0.0004999999999999,0.0004903431519621,0.0004619155354448,0.0004999999999999,,,,,
3433.0,mfeat_factors,LR,normalization,-0.0005,-0.0004999999999998,-0.0004950495049506,-0.0004901960784312,-0.0004999999999998,,,,,
3434.0,mfeat_factors,LR,normalization,-0.0004999999999999,-0.0004999999999999,-0.0004962155274221,-0.0004473867639299,-0.0004999999999999,,,,,
3435.0,mfeat_factors,LR,normalization,0.0,0.0,0.0,0.0,0.0,,,,,
3436.0,mfeat_factors,LR,normalization,0.0,0.0,0.0,0.0,0.0,,,,,
3437.0,mfeat_factors,LR,normalization,0.0,0.0,0.0,0.0,0.0,,,,,
3438.0,mfeat_factors,NB,normalization,0.0,0.0,0.0,0.0,0.0,,,,,
3439.0,mfeat_factors,NB,normalization,0.0,0.0,0.0,0.0,0.0,,,,,
3440.0,mfeat_factors,NB,normalization,0.0,0.0,0.0,0.0,0.0,,,,,
3441.0,mfeat_factors,NB,normalization,0.0,0.0,0.0,0.0,0.0,,,,,
3442.0,mfeat_factors,NB,normalization,0.0,0.0,0.0,0.0,0.0,,,,,
3443.0,mfeat_factors,NB,normalization,0.0,0.0,0.0,0.0,0.0,,,,,
3444.0,mfeat_factors,DT,normalization,-0.0004999999999999,-0.0004999999999999,-0.0005669031293416,-0.0006131379194201,-0.0004999999999999,,,,,
3445.0,mfeat_factors,DT,normalization,0.001,0.0009999999999998,0.0009311444790355,0.0004903269473699,0.0009999999999998,,,,,
3446.0,mfeat_factors,DT,normalization,0.0004999999999999,0.0005000000000001,0.0004654306583614,0.000316946024525,0.0005000000000001,,,,,
3447.0,mfeat_factors,DT,normalization,-0.0004999999999999,-0.0004999999999999,-0.0005110598877655,-0.0004612662824912,-0.0004999999999999,,,,,
3448.0,mfeat_factors,DT,normalization,-0.0014999999999999,-0.0014999999999998,-0.0015072250780707,-0.0014650129534226,-0.0014999999999998,,,,,
3449.0,mfeat_factors,DT,normalization,0.0,0.0,-6.75349635750333e-05,-0.0001398153271955,0.0,,,,,
3450.0,mfeat_factors,RF,normalization,0.0004999999999999,0.0004999999999999,0.0005053005300529,0.000501200480192,0.0004999999999999,,,,,
3451.0,mfeat_factors,RF,normalization,0.001,0.001,0.0010088612864904,0.0010309709936807,0.001,,,,,
3452.0,mfeat_factors,RF,normalization,0.0015,0.0015,0.0014869137666375,0.0014019986393936,0.0015,,,,,
3453.0,mfeat_factors,RF,normalization,0.0,0.0,-4.581224504940362e-05,7.684080333181242e-05,0.0,,,,,
3454.0,mfeat_factors,RF,normalization,0.0,0.0,-8.121700989516256e-06,-9.582699692001206e-05,0.0,,,,,
3455.0,mfeat_factors,RF,normalization,-0.0014999999999999,-0.0014999999999999,-0.0014822994134335,-0.0014594145350448,-0.0014999999999999,,,,,
3456.0,spambase,KNN,normalization,-0.0002179579193896,-0.0002771537765849,-0.0002571525625599,-1.5282384814963024e-05,-0.0005543075531697,,,,,
3457.0,spambase,KNN,normalization,-0.0010863899066975,-0.0014738579368994,-0.0016885570563175,0.0004045350000799,-0.0033063959311879,,,,,
3458.0,spambase,KNN,normalization,3.777433613683101e-07,-9.538257441155108e-05,-7.130601862992414e-05,0.0004364684732348,-0.0005494452062121,,,,,
3459.0,spambase,KNN,normalization,0.0002164469459452,-0.0001110622481285,3.55973092240891e-05,0.001760667693142,-0.0016568447258122,,,,,
3460.0,spambase,KNN,normalization,0.0010869565217391,0.0008960923501023,0.0012502985861785,0.0026154688149681,-1.2155867396002051e-06,,,,,
3461.0,spambase,KNN,normalization,0.0013041589544062,0.0010760401721664,0.0014991342289133,0.0030992632598711,0.0,,,,,
3462.0,spambase,SVC,normalization,-0.0002175801760283,-0.0002759381898453,-0.0003176230622949,-5.38611932008326e-05,-0.0005518763796908,,,,,
3463.0,spambase,SVC,normalization,0.0004345937370148,0.0005512685863211,0.0006107542972495,8.562234823683568e-05,0.0011025371726425,,,,,
3464.0,spambase,SVC,normalization,0.0,0.0,0.0,0.0,0.0,,,,,
3465.0,spambase,SVC,normalization,0.0,-0.0001925885289324,-0.0001007044346731,0.000943032173078,-0.0011025371726425,,,,,
3466.0,spambase,SVC,normalization,0.0004349714803761,0.0004552782185398,0.0005527206131927,0.0005739894277436,0.000551876379691,,,,,
3467.0,spambase,SVC,normalization,0.0,9.659816115092924e-05,5.817923568374184e-05,-0.0004627783514338,0.000551876379691,,,,,
3468.0,spambase,LR,normalization,-0.0004344048653347,-0.0005506607929516,-0.0006278915901412,-0.0001053612227466,-0.001101321585903,,,,,
3469.0,spambase,LR,normalization,0.0008695652173911,0.0008145660692984,0.0010605482779859,0.0016128342956849,0.0005530919664302,,,,,
3470.0,spambase,LR,normalization,0.0002170135609865,0.0002747226031062,0.0002813040047969,6.699848271962683e-05,0.0005494452062121,,,,,
3471.0,spambase,LR,normalization,-1.888716807396662e-07,0.0,3.3300111446088465e-06,-3.004827757202566e-05,0.0,,,,,
3472.0,spambase,LR,normalization,0.0002172024326672,0.0002759381898453,0.0003221140537104,7.881007994958722e-05,0.000551876379691,,,,,
3473.0,spambase,LR,normalization,0.0002173913043478,8.33496609128348e-05,0.0001923074780616,0.0010059821597727,-0.0005506607929515,,,,,
3474.0,spambase,NB,normalization,0.0,0.0,0.0,0.0,0.0,,,,,
3475.0,spambase,NB,normalization,0.0,0.0,0.0,0.0,0.0,,,,,
3476.0,spambase,NB,normalization,0.0,0.0,0.0,0.0,0.0,,,,,
3477.0,spambase,NB,normalization,0.0,0.0,0.0,0.0,0.0,,,,,
3478.0,spambase,NB,normalization,0.0,0.0,0.0,0.0,0.0,,,,,
3479.0,spambase,NB,normalization,0.0,0.0,0.0,0.0,0.0,,,,,
3480.0,spambase,DT,normalization,0.0004344048653344,0.0003586800573888,0.0004839655835935,0.0009230503899415,0.0,,,,,
3481.0,spambase,DT,normalization,0.000217202432667,0.0001787322353248,0.000246923108765,0.0004582687503272,-1.2155867393781603e-06,,,,,
3482.0,spambase,DT,normalization,0.0,-9.659816115115127e-05,-6.660323221285847e-05,0.0003852204579753,-0.000551876379691,,,,,
3483.0,spambase,DT,normalization,-0.0006517961696823,-0.0006346182472344,-0.0007767281514188,-0.0009606728886506,-0.000551876379691,,,,,
3484.0,spambase,DT,normalization,0.0,2.220446049250313e-16,-1.059935003988599e-06,-1.449706735401346e-05,0.0,,,,,
3485.0,spambase,DT,normalization,-0.0002173913043478,-0.0001799478220642,-0.0002529182476032,-0.0005213695494179,-1.2155867393781603e-06,,,,,
3486.0,spambase,RF,normalization,-1.888716804065993e-07,9.599036778140668e-05,3.732529029765175e-05,-0.0004995463707186,0.0005506607929516,,,,,
3487.0,spambase,RF,normalization,0.0002173913043478,0.0002759381898456,0.0002987862749134,2.9768067922764097e-05,0.0005518763796911,,,,,
3488.0,spambase,RF,normalization,-0.0002173913043476,-0.0002759381898453,-0.0002972179376148,-1.4838396374061702e-05,-0.0005518763796907,,,,,
3489.0,spambase,RF,normalization,-1.888716806286439e-07,0.0,-2.4111205511045952e-06,-6.282926597656058e-06,0.0,,,,,
3490.0,spambase,RF,normalization,0.0002172024326672,0.0002753303964757,0.0002976077882446,2.361807990280962e-05,0.0005506607929516,,,,,
3491.0,spambase,RF,normalization,0.0,0.0,0.0,0.0,0.0,,,,,
3492.0,Hill_Valley_with_noise,KNN,normalization,0.0,-5.446148483856383e-06,8.80985279616553e-06,5.3795358297858975e-05,0.0,,,,,
3493.0,Hill_Valley_with_noise,KNN,normalization,0.0,0.0,0.0,0.0,0.0,,,,,
3494.0,Hill_Valley_with_noise,KNN,normalization,0.0008250825082507,0.0008278145695365,-0.0002482099189273,0.00086711174303,-0.0016447368421053,,,,,
3495.0,Hill_Valley_with_noise,KNN,normalization,-0.0016501650165016,-0.001650182990589,-0.0023599206261909,-0.0015128038526031,-0.0033003659811781,,,,,
3496.0,Hill_Valley_with_noise,KNN,normalization,0.0,0.0,0.0,0.0,0.0,,,,,
3497.0,Hill_Valley_with_noise,KNN,normalization,-0.0024752475247524,-0.002488889857093,-0.0027205505868127,-0.0022623916507148,-0.0033003659811781,,,,,
3498.0,Hill_Valley_with_noise,SVC,normalization,-0.0008250825082508,-0.0008278145695364,-0.0016626820256466,-0.000124007936508,-0.0016556291390728,,,,,
3499.0,Hill_Valley_with_noise,SVC,normalization,0.0024752475247524,0.0024616591146739,0.0053436918887896,-0.0002367424242424,0.0049233182293481,,,,,
3500.0,Hill_Valley_with_noise,SVC,normalization,-0.004125412541254,-0.004139072847682,-0.0111266927351703,-0.0030248133509002,-0.0082781456953642,,,,,
3501.0,Hill_Valley_with_noise,SVC,normalization,0.0033003300330033,0.0033003659811779,0.0050879701323504,0.0142270325459982,0.0033003659811781,,,,,
3502.0,Hill_Valley_with_noise,SVC,normalization,-0.0016501650165016,-0.0016556291390728,-0.0046191468164115,-0.0010416666666663,-0.0033112582781456,,,,,
3503.0,Hill_Valley_with_noise,SVC,normalization,0.0008250825082507,0.0008278145695364,0.0003569211669769,0.00760582010582,0.0,,,,,
3504.0,Hill_Valley_with_noise,LR,normalization,0.0,0.0,0.0,0.0,0.0,,,,,
3505.0,Hill_Valley_with_noise,LR,normalization,0.0008250825082508,0.0008223684210526,0.0013116834127773,3.121098626701624e-05,0.0016447368421053,,,,,
3506.0,Hill_Valley_with_noise,LR,normalization,0.0008250825082508,0.0008278145695365,0.0006658774785439,0.0036713286713287,0.0,,,,,
3507.0,Hill_Valley_with_noise,LR,normalization,0.0008250825082507,0.0008278145695364,0.0016719815749846,0.0,0.0016556291390729,,,,,
3508.0,Hill_Valley_with_noise,LR,normalization,-0.0008250825082508,-0.0008278145695364,-0.0017883686361946,-0.0002349624060151,-0.0016556291390729,,,,,
3509.0,Hill_Valley_with_noise,LR,normalization,0.0,0.0,0.0,0.0,0.0,,,,,
3510.0,Hill_Valley_with_noise,NB,normalization,0.0,0.0,0.0,0.0,0.0,,,,,
3511.0,Hill_Valley_with_noise,NB,normalization,0.0,0.0,0.0,0.0,0.0,,,,,
3512.0,Hill_Valley_with_noise,NB,normalization,0.0,0.0,0.0,0.0,0.0,,,,,
3513.0,Hill_Valley_with_noise,NB,normalization,0.0,0.0,0.0,0.0,0.0,,,,,
3514.0,Hill_Valley_with_noise,NB,normalization,0.0,0.0,0.0,0.0,0.0,,,,,
3515.0,Hill_Valley_with_noise,NB,normalization,0.0,0.0,0.0,0.0,0.0,,,,,
3516.0,Hill_Valley_with_noise,DT,normalization,-0.0008250825082508,-0.0008278145695364,-0.0004349987571463,-0.0009093056211619,0.0,,,,,
3517.0,Hill_Valley_with_noise,DT,normalization,0.0,0.0,0.0,0.0,0.0,,,,,
3518.0,Hill_Valley_with_noise,DT,normalization,-0.0024752475247524,-0.0024779975601256,-0.003639854170063,-0.0023632563550625,-0.0049559951202509,,,,,
3519.0,Hill_Valley_with_noise,DT,normalization,0.0016501650165017,0.001650182990589,0.0016666666666667,0.0016778523489933,0.0016556291390728,,,,,
3520.0,Hill_Valley_with_noise,DT,normalization,-0.0008250825082508,-0.0008278145695364,-0.0011480253963183,-0.0007210660825117,-0.0016556291390728,,,,,
3521.0,Hill_Valley_with_noise,DT,normalization,0.0,0.0,0.0,0.0,0.0,,,,,
3522.0,Hill_Valley_with_noise,RF,normalization,0.0008250825082508,0.0008169222725687,0.0010604117603182,0.0006654377587004,0.0016447368421053,,,,,
3523.0,Hill_Valley_with_noise,RF,normalization,-0.0016501650165015,-0.0016447368421051,-0.0022724057309266,-0.0012968028731459,-0.0032894736842105,,,,,
3524.0,Hill_Valley_with_noise,RF,normalization,0.0008250825082508,0.0008223684210526,0.001173907525699,0.0007237386269643,0.0016447368421053,,,,,
3525.0,Hill_Valley_with_noise,RF,normalization,0.0024752475247525,0.0024834437086092,0.0029858496355918,0.0025057788248046,0.0033112582781457,,,,,
3526.0,Hill_Valley_with_noise,RF,normalization,0.0016501650165016,0.0016556291390728,0.001626764283457,0.0015274283144062,0.0016556291390728,,,,,
3527.0,Hill_Valley_with_noise,RF,normalization,0.0008250825082508,0.0008169222725687,-0.0002289377289377,0.0010036358127556,-0.0016556291390729,,,,,
3528.0,Hill_Valley_without_noise,KNN,normalization,-0.0024752475247524,-0.0024836601307189,-0.0020868325390344,-0.0025039118124282,-0.0016339869281045,,,,,
3529.0,Hill_Valley_without_noise,KNN,normalization,0.0016501650165016,0.0016176470588236,0.003087101086126,0.0013648517906127,0.0049019607843137,,,,,
3530.0,Hill_Valley_without_noise,KNN,normalization,0.0008250825082507,0.0008333333333332,0.0004662420887645,0.0008684405025868,0.0,,,,,
3531.0,Hill_Valley_without_noise,KNN,normalization,0.0,1.6339869280956876e-05,-0.0007019996672389,0.0003573450989284,-0.0016339869281045,,,,,
3532.0,Hill_Valley_without_noise,KNN,normalization,0.0,0.0,8.10626411357207e-05,7.772045258058746e-05,0.0,,,,,
3533.0,Hill_Valley_without_noise,KNN,normalization,-0.0016501650165017,-0.0016339869281045,-0.002385885231502,-0.0014902028043402,-0.0032679738562091,,,,,
3534.0,Hill_Valley_without_noise,SVC,normalization,0.0016501650165017,0.0016503267973856,0.0011748396012557,0.0009287995936645,0.0016339869281045,,,,,
3535.0,Hill_Valley_without_noise,SVC,normalization,-0.0008250825082508,-0.0008333333333332,-0.0004081808026122,-0.0004899306361361,0.0,,,,,
3536.0,Hill_Valley_without_noise,SVC,normalization,0.0,0.0,0.0,0.0,0.0,,,,,
3537.0,Hill_Valley_without_noise,SVC,normalization,0.0,0.0,1.42606826895042e-05,2.4918832312259553e-05,0.0,,,,,
3538.0,Hill_Valley_without_noise,SVC,normalization,0.0008250825082507,0.0008333333333334,0.0004119911096656,0.0004970438968241,0.0,,,,,
3539.0,Hill_Valley_without_noise,SVC,normalization,0.0016501650165017,0.0016666666666665,0.0008265601322496,0.0010063331902103,0.0,,,,,
3540.0,Hill_Valley_without_noise,LR,normalization,-0.0016501650165015,-0.0016503267973856,-0.0012607646316713,-0.0010486162925188,-0.0016339869281043,,,,,
3541.0,Hill_Valley_without_noise,LR,normalization,0.0,0.0,-2.6966937498928974e-05,-5.538826249917861e-05,0.0,,,,,
3542.0,Hill_Valley_without_noise,LR,normalization,0.0,0.0,0.0,0.0,0.0,,,,,
3543.0,Hill_Valley_without_noise,LR,normalization,0.0008250825082508,0.0008169934640522,0.0007723651401811,0.0003960411569107,0.0016339869281045,,,,,
3544.0,Hill_Valley_without_noise,LR,normalization,0.0008250825082508,0.0008333333333332,0.0004591619534148,0.0005921011355793,0.0,,,,,
3545.0,Hill_Valley_without_noise,LR,normalization,0.0008250825082508,0.0008333333333333,0.0004575829791415,0.000593625498008,0.0,,,,,
3546.0,Hill_Valley_without_noise,NB,normalization,0.0,0.0,0.0,0.0,0.0,,,,,
3547.0,Hill_Valley_without_noise,NB,normalization,0.0,0.0,0.0,0.0,0.0,,,,,
3548.0,Hill_Valley_without_noise,NB,normalization,0.0,0.0,0.0,0.0,0.0,,,,,
3549.0,Hill_Valley_without_noise,NB,normalization,0.0,0.0,0.0,0.0,0.0,,,,,
3550.0,Hill_Valley_without_noise,NB,normalization,0.0,0.0,0.0,0.0,0.0,,,,,
3551.0,Hill_Valley_without_noise,NB,normalization,0.0,0.0,0.0,0.0,0.0,,,,,
3552.0,Hill_Valley_without_noise,DT,normalization,0.0024752475247524,0.0024836601307189,0.00212416562427,0.0024985956269985,0.0016339869281045,,,,,
3553.0,Hill_Valley_without_noise,DT,normalization,0.0008250825082508,0.0008333333333333,0.0004776793468819,0.000971302428256,0.0,,,,,
3554.0,Hill_Valley_without_noise,DT,normalization,-0.0049504950495049,-0.0049509803921569,-0.0046728971962617,-0.0044642857142856,-0.0049019607843137,,,,,
3555.0,Hill_Valley_without_noise,DT,normalization,-0.0016501650165016,-0.0016993464052288,0.0003427815968223,-0.0025042419465725,0.0032679738562091,,,,,
3556.0,Hill_Valley_without_noise,DT,normalization,0.0008250825082508,0.0008169934640521,0.0013322622945139,0.0008120314898347,0.0016339869281045,,,,,
3557.0,Hill_Valley_without_noise,DT,normalization,-0.0008250825082507,-0.0008006535947713,-0.0016959173512571,-0.0002116594097726,-0.0032679738562091,,,,,
3558.0,Hill_Valley_without_noise,RF,normalization,0.0024752475247524,0.0024346405228758,0.0038699299792618,0.0012834940642533,0.0065359477124183,,,,,
3559.0,Hill_Valley_without_noise,RF,normalization,0.0049504950495049,0.0049346405228758,0.0057141608631801,0.0044926631310848,0.0065359477124182,,,,,
3560.0,Hill_Valley_without_noise,RF,normalization,0.0066006600660064,0.0066339869281045,0.0052347263275998,0.0071660302313766,0.0032679738562091,,,,,
3561.0,Hill_Valley_without_noise,RF,normalization,-0.0016501650165016,-0.0016503267973855,-0.0016370715178571,-0.0016434445981132,-0.0016339869281045,,,,,
3562.0,Hill_Valley_without_noise,RF,normalization,0.0049504950495048,0.004983660130719,0.0034239306049579,0.0049942000232346,0.0016339869281045,,,,,
3563.0,Hill_Valley_without_noise,RF,normalization,0.0024752475247524,0.0024673202614379,0.0025990276828672,0.0021058586623637,0.0032679738562092,,,,,
3564.0,waveform_40,KNN,normalization,0.0,-1.3335566574124158e-05,-3.5939303330012606e-06,-5.000105154984169e-05,-1.3335566574124158e-05,,,,,
3565.0,waveform_40,KNN,normalization,-0.0008,-0.0007918174124919,-0.0008107536320924,-0.0008692815008806,-0.0007918174124919,,,,,
3566.0,waveform_40,KNN,normalization,-0.0001999999999999,-0.0002075204963303,-0.0001950479353721,-0.000101230729,-0.0002075204963303,,,,,
3567.0,waveform_40,KNN,normalization,-0.0008,-0.0008018450119298,-0.0008199866009468,-0.0007736950974481,-0.0008018450119298,,,,,
3568.0,waveform_40,KNN,normalization,-0.0007999999999999,-0.0008180011649021,-0.0007525962084057,-0.0008034316526891,-0.0008180011649021,,,,,
3569.0,waveform_40,KNN,normalization,0.0003999999999999,0.0003859329558227,0.0004450766875899,0.000396738040737,0.0003859329558227,,,,,
3570.0,waveform_40,SVC,normalization,-0.0001999999999999,-0.0001970055161545,-0.0001995756097105,-0.0001949046541644,-0.0001970055161545,,,,,
3571.0,waveform_40,SVC,normalization,0.0,0.0,0.0,0.0,0.0,,,,,
3572.0,waveform_40,SVC,normalization,-0.0002,-0.0002012882447665,-0.0002004554190213,-0.0002039031384183,-0.0002012882447665,,,,,
3573.0,waveform_40,SVC,normalization,0.0001999999999999,0.0001970055161544,0.0002027449583587,0.0001945994014225,0.0001970055161544,,,,,
3574.0,waveform_40,SVC,normalization,0.0,0.0,0.0,0.0,0.0,,,,,
3575.0,waveform_40,SVC,normalization,0.0002,0.0002012882447665,0.0001951206953829,0.0001910817431451,0.0002012882447665,,,,,
3576.0,waveform_40,LR,normalization,0.0,0.0,0.0,0.0,0.0,,,,,
3577.0,waveform_40,LR,normalization,0.0,0.0,0.0,0.0,0.0,,,,,
3578.0,waveform_40,LR,normalization,0.0,0.0,0.0,0.0,0.0,,,,,
3579.0,waveform_40,LR,normalization,0.0,0.0,0.0,0.0,0.0,,,,,
3580.0,waveform_40,LR,normalization,0.0,0.0,0.0,0.0,0.0,,,,,
3581.0,waveform_40,LR,normalization,0.0,0.0,0.0,0.0,0.0,,,,,
3582.0,waveform_40,NB,normalization,0.0,0.0,0.0,0.0,0.0,,,,,
3583.0,waveform_40,NB,normalization,0.0,0.0,0.0,0.0,0.0,,,,,
3584.0,waveform_40,NB,normalization,0.0,0.0,0.0,0.0,0.0,,,,,
3585.0,waveform_40,NB,normalization,0.0,0.0,0.0,0.0,0.0,,,,,
3586.0,waveform_40,NB,normalization,0.0,0.0,0.0,0.0,0.0,,,,,
3587.0,waveform_40,NB,normalization,0.0,0.0,0.0,0.0,0.0,,,,,
3588.0,waveform_40,DT,normalization,0.0,4.873807378791284e-07,-5.0009915159021645e-06,-2.1757971598312945e-05,4.873807378791284e-07,,,,,
3589.0,waveform_40,DT,normalization,-0.001,-0.0010031332566964,-0.0010043007905853,-0.0009990934383682,-0.0010031332566964,,,,,
3590.0,waveform_40,DT,normalization,0.0003999999999999,0.0003987811416589,0.000391365297647,0.0004098543302171,0.0003987811416589,,,,,
3591.0,waveform_40,DT,normalization,1.1102230246251563e-16,0.0,-7.733527178532817e-06,-1.70452504455465e-05,0.0,,,,,
3592.0,waveform_40,DT,normalization,-0.0008,-0.0007970749025797,-0.0008130226823207,-0.000794148366641,-0.0007970749025797,,,,,
3593.0,waveform_40,DT,normalization,0.0003999999999999,0.0004030638702708,0.0004008491199087,0.0003852677345562,0.0004030638702708,,,,,
3594.0,waveform_40,RF,normalization,-0.0002,-0.0002060583541164,-0.0001928634973116,-0.0002110437958684,-0.0002060583541164,,,,,
3595.0,waveform_40,RF,normalization,0.0,0.0,7.210198043394733e-06,-2.5302216178135772e-05,0.0,,,,,
3596.0,waveform_40,RF,normalization,0.0006,0.0006086348436493,0.0005734686764851,0.0006632979982531,0.0006086348436493,,,,,
3597.0,waveform_40,RF,normalization,0.0001999999999999,0.0002008008640285,0.0001869448562145,0.0001916302148275,0.0002008008640285,,,,,
3598.0,waveform_40,RF,normalization,0.0001999999999999,0.0001970055161544,0.0002162707166928,0.000228209845426,0.0001970055161544,,,,,
3599.0,waveform_40,RF,normalization,-0.0004,-0.0003940110323089,-0.0004170496061083,-0.0003462821372784,-0.0003940110323089,,,,,
3600.0,waveform_21,KNN,normalization,-0.0018000000000001,-0.0018073389341218,-0.001878291092753,-0.0018317959718994,-0.0018073389341218,,,,,
3601.0,waveform_21,KNN,normalization,-0.001,-0.0009956155451628,-0.0009633075897863,-0.0009503433082,-0.0009956155451628,,,,,
3602.0,waveform_21,KNN,normalization,0.0001999999999999,0.0002084819936927,0.0002063488182276,0.0002188241977497,0.0002084819936927,,,,,
3603.0,waveform_21,KNN,normalization,-0.0008,-0.0008084310516958,-0.0008472942754867,-0.0007692928494048,-0.0008084310516958,,,,,
3604.0,waveform_21,KNN,normalization,-0.001,-0.001008395478636,-0.0010431751005325,-0.0010645541306004,-0.001008395478636,,,,,
3605.0,waveform_21,KNN,normalization,-0.0010000000000001,-0.0009984157181942,-0.0010065210008014,-0.0010480542099666,-0.0009984157181942,,,,,
3606.0,waveform_21,SVC,normalization,0.0001999999999999,0.0002022653721682,0.000200487784298,0.0002212924641475,0.0002022653721682,,,,,
3607.0,waveform_21,SVC,normalization,0.0,0.0,0.0,0.0,0.0,,,,,
3608.0,waveform_21,SVC,normalization,0.0,0.0,0.0,0.0,0.0,,,,,
3609.0,waveform_21,SVC,normalization,0.0,0.0,0.0,0.0,0.0,,,,,
3610.0,waveform_21,SVC,normalization,0.0004,0.000404045746794,0.0004061127884319,0.000419655807908,0.000404045746794,,,,,
3611.0,waveform_21,SVC,normalization,0.0,0.0,0.0,0.0,0.0,,,,,
3612.0,waveform_21,LR,normalization,0.0,0.0,0.0,0.0,0.0,,,,,
3613.0,waveform_21,LR,normalization,-0.0001999999999999,-0.0001965408805031,-0.0001940114276416,-0.00020063646929,-0.0001965408805031,,,,,
3614.0,waveform_21,LR,normalization,0.0,0.0,0.0,0.0,0.0,,,,,
3615.0,waveform_21,LR,normalization,0.0,0.0,0.0,0.0,0.0,,,,,
3616.0,waveform_21,LR,normalization,0.0,0.0,0.0,0.0,0.0,,,,,
3617.0,waveform_21,LR,normalization,0.0,0.0,0.0,0.0,0.0,,,,,
3618.0,waveform_21,NB,normalization,0.0,0.0,0.0,0.0,0.0,,,,,
3619.0,waveform_21,NB,normalization,0.0,0.0,0.0,0.0,0.0,,,,,
3620.0,waveform_21,NB,normalization,0.0,0.0,0.0,0.0,0.0,,,,,
3621.0,waveform_21,NB,normalization,0.0,0.0,0.0,0.0,0.0,,,,,
3622.0,waveform_21,NB,normalization,0.0,0.0,0.0,0.0,0.0,,,,,
3623.0,waveform_21,NB,normalization,0.0,0.0,0.0,0.0,0.0,,,,,
3624.0,waveform_21,DT,normalization,0.0004,0.000398806287044,0.0004101635199962,0.0003852525784515,0.000398806287044,,,,,
3625.0,waveform_21,DT,normalization,-0.0005999999999999,-0.0006067961165048,-0.0005992404029118,-0.0005611155358029,-0.0006067961165048,,,,,
3626.0,waveform_21,DT,normalization,-0.0008,-0.0008056450745526,-0.000811798073212,-0.0008053308814446,-0.0008056450745526,,,,,
3627.0,waveform_21,DT,normalization,0.0004,0.0003916196016892,0.0003988105548552,0.000432763056231,0.0003916196016892,,,,,
3628.0,waveform_21,DT,normalization,-0.0008,-0.0007961503460259,-0.0007902581193126,-0.0007927350476033,-0.0007961503460259,,,,,
3629.0,waveform_21,DT,normalization,0.0002,0.0002012882447665,0.0002036832670907,0.0002271498406236,0.0002012882447665,,,,,
3630.0,waveform_21,RF,normalization,0.0,-1.2918240591242023e-05,-2.942793307592062e-06,-1.8100901626683097e-05,-1.2918240591242023e-05,,,,,
3631.0,waveform_21,RF,normalization,0.0,-9.842597186171531e-07,3.2257503784771657e-06,-5.320404287800784e-05,-9.842597186171531e-07,,,,,
3632.0,waveform_21,RF,normalization,-0.0008,-0.0008113696005904,-0.000837751923606,-0.0008602201715218,-0.0008113696005904,,,,,
3633.0,waveform_21,RF,normalization,-0.0001999999999998,-0.0002007961149071,-0.0002046390324202,-0.0001513339647264,-0.0002007961149071,,,,,
3634.0,waveform_21,RF,normalization,-0.0001999999999999,-0.000196055848588,-0.0001965509969562,-0.000188363698465,-0.000196055848588,,,,,
3635.0,waveform_21,RF,normalization,-0.0005999999999999,-0.0006038647342994,-0.000628359858005,-0.0005526525022065,-0.0006038647342994,,,,,
3636.0,movement_libras,KNN,normalization,-0.0027777777777777,-0.0027777777777778,-0.004040404040404,-0.0027777777777777,-0.0027777777777778,,,,,
3637.0,movement_libras,KNN,normalization,0.0027777777777777,0.0027777777777777,0.0055803564627093,0.0027344877344877,0.0027777777777777,,,,,
3638.0,movement_libras,KNN,normalization,-0.0055555555555555,-0.0055555555555555,-0.0055944055944056,-0.0057142857142857,-0.0055555555555555,,,,,
3639.0,movement_libras,KNN,normalization,-0.0027777777777777,-0.0027777777777777,-0.0021425796425795,-0.0004761904761905,-0.0027777777777777,,,,,
3640.0,movement_libras,KNN,normalization,0.0027777777777777,0.0027777777777777,0.0028266178266178,0.0024603174603174,0.0027777777777777,,,,,
3641.0,movement_libras,KNN,normalization,0.0027777777777777,0.0027777777777777,0.0028406315906315,0.0041798941798941,0.0027777777777777,,,,,
3642.0,movement_libras,SVC,normalization,0.0,0.0,0.0,0.0,0.0,,,,,
3643.0,movement_libras,SVC,normalization,0.0,0.0,0.0,0.0,0.0,,,,,
3644.0,movement_libras,SVC,normalization,-0.0027777777777779,-0.0027777777777777,-0.0020502645502644,-0.0037037037037037,-0.0027777777777777,,,,,
3645.0,movement_libras,SVC,normalization,-0.0055555555555555,-0.0055555555555556,-0.0073103856927386,-0.0065043290043289,-0.0055555555555556,,,,,
3646.0,movement_libras,SVC,normalization,0.0,0.0,-0.0002385114885113,-0.0008597883597883,0.0,,,,,
3647.0,movement_libras,SVC,normalization,0.0,0.0,-0.0001592851592852,0.0005158730158729,0.0,,,,,
3648.0,movement_libras,LR,normalization,0.0,0.0,0.0,0.0,0.0,,,,,
3649.0,movement_libras,LR,normalization,-0.0055555555555555,-0.0055555555555555,-0.0051542901542901,-0.004510582010582,-0.0055555555555555,,,,,
3650.0,movement_libras,LR,normalization,0.0,0.0,1.221001221007878e-05,0.0023809523809523,0.0,,,,,
3651.0,movement_libras,LR,normalization,-0.0027777777777777,-0.0027777777777778,-0.0026936026936027,-0.006111111111111,-0.0027777777777778,,,,,
3652.0,movement_libras,LR,normalization,0.0,0.0,0.0,0.0,0.0,,,,,
3653.0,movement_libras,LR,normalization,-0.0027777777777777,-0.0027777777777777,-0.0029914529914529,-0.0031746031746031,-0.0027777777777777,,,,,
3654.0,movement_libras,NB,normalization,0.0,0.0,0.0,0.0,0.0,,,,,
3655.0,movement_libras,NB,normalization,0.0,0.0,0.0,0.0,0.0,,,,,
3656.0,movement_libras,NB,normalization,0.0,0.0,0.0,0.0,0.0,,,,,
3657.0,movement_libras,NB,normalization,0.0,0.0,0.0,0.0,0.0,,,,,
3658.0,movement_libras,NB,normalization,0.0,0.0,0.0,0.0,0.0,,,,,
3659.0,movement_libras,NB,normalization,0.0,0.0,0.0,0.0,0.0,,,,,
3660.0,movement_libras,DT,normalization,0.0,0.0,0.0,0.0,0.0,,,,,
3661.0,movement_libras,DT,normalization,-0.0027777777777777,-0.0027777777777777,-0.002342796092796,-0.0018187830687831,-0.0027777777777777,,,,,
3662.0,movement_libras,DT,normalization,-0.0027777777777777,-0.0027777777777777,-0.0029215229215229,-0.004126984126984,-0.0027777777777777,,,,,
3663.0,movement_libras,DT,normalization,0.0,0.0,0.0,0.0,0.0,,,,,
3664.0,movement_libras,DT,normalization,0.0,0.0,0.0,0.0,0.0,,,,,
3665.0,movement_libras,DT,normalization,0.0,0.0,-2.136752136761011e-05,-0.0004761904761905,0.0,,,,,
3666.0,movement_libras,RF,normalization,0.0,0.0,0.0,0.0,0.0,,,,,
3667.0,movement_libras,RF,normalization,0.0027777777777777,0.0027777777777777,0.0028360528360529,0.0025396825396825,0.0027777777777777,,,,,
3668.0,movement_libras,RF,normalization,0.0,0.0,2.8860028860044903e-05,-0.0007407407407408,0.0,,,,,
3669.0,movement_libras,RF,normalization,0.0027777777777777,0.0027777777777777,0.0030369630369631,0.0023214285714285,0.0027777777777777,,,,,
3670.0,movement_libras,RF,normalization,-0.0055555555555555,-0.0055555555555555,-0.0061177711177711,-0.0059325396825395,-0.0055555555555555,,,,,
3671.0,movement_libras,RF,normalization,0.0,0.0,0.0,0.0,0.0,,,,,
3672.0,satimage,KNN,normalization,0.0001552793830722,0.0002371061321995,0.0002018120060699,0.0001258716200746,0.0002371061321995,,,,,
3673.0,satimage,KNN,normalization,0.0003107520198882,0.0005059315591458,0.0004556219509533,0.0003847148717905,0.0005059315591458,,,,,
3674.0,satimage,KNN,normalization,0.0001553760099438,0.000267094017094,0.0002350846501872,0.0001904767242861,0.000267094017094,,,,,
3675.0,satimage,KNN,normalization,-9.662687172617981e-08,0.0001252447357087,2.87203665337854e-05,-0.0001140263959964,0.0001252447357087,,,,,
3676.0,satimage,KNN,normalization,-0.0003107520198879,-0.0002193119146391,-0.0002584144695996,-0.0002750468131308,-0.0002193119146391,,,,,
3677.0,satimage,KNN,normalization,0.0001553760099439,0.0004216516541408,0.0002598583416819,5.7460824798627463e-05,0.0004216516541408,,,,,
3678.0,satimage,SVC,normalization,0.0,0.0,0.0,0.0,0.0,,,,,
3679.0,satimage,SVC,normalization,-0.0001554726368158,-0.0002653927813163,-0.000269451066481,-0.000270881112096,-0.0002653927813163,,,,,
3680.0,satimage,SVC,normalization,0.0,0.0,0.0,0.0,0.0,,,,,
3681.0,satimage,SVC,normalization,0.0,0.0,0.0,0.0,0.0,,,,,
3682.0,satimage,SVC,normalization,-0.000310752019888,-0.0003459265586676,-0.0002988836145271,-0.0002682269838506,-0.0003459265586676,,,,,
3683.0,satimage,SVC,normalization,-9.662687183720209e-08,0.0,2.3072888337805075e-05,7.186182638951877e-07,0.0,,,,,
3684.0,satimage,LR,normalization,0.0,0.0,0.0,0.0,0.0,,,,,
3685.0,satimage,LR,normalization,0.0,0.0,0.0,0.0,0.0,,,,,
3686.0,satimage,LR,normalization,-0.000155376009944,-0.0001085069444444,-0.0001518148094361,-0.0002284387086104,-0.0001085069444444,,,,,
3687.0,satimage,LR,normalization,0.0,0.0,0.0,0.0,0.0,,,,,
3688.0,satimage,LR,normalization,0.0,3.168912067219587e-05,9.81834573153817e-05,0.0001205926423462,3.168912067219587e-05,,,,,
3689.0,satimage,LR,normalization,0.0,0.0,0.0,0.0,0.0,,,,,
3690.0,satimage,NB,normalization,0.0,0.0,0.0,0.0,0.0,,,,,
3691.0,satimage,NB,normalization,0.0,0.0,0.0,0.0,0.0,,,,,
3692.0,satimage,NB,normalization,0.0,0.0,0.0,0.0,0.0,,,,,
3693.0,satimage,NB,normalization,0.0,0.0,0.0,0.0,0.0,,,,,
3694.0,satimage,NB,normalization,0.0,0.0,0.0,0.0,0.0,,,,,
3695.0,satimage,NB,normalization,0.0,0.0,0.0,0.0,0.0,,,,,
3696.0,satimage,DT,normalization,-0.0012432013332962,-0.001299452396884,-0.0012936785837777,-0.0012423283439738,-0.001299452396884,,,,,
3697.0,satimage,DT,normalization,0.0013984807163683,0.0013045637391029,0.0011742514608317,0.0009938694256337,0.0013045637391029,,,,,
3698.0,satimage,DT,normalization,-0.0009321594327924,-0.0008943510594878,-0.001096543529236,-0.0012481790502241,-0.0008943510594878,,,,,
3699.0,satimage,DT,normalization,-0.000155376009944,7.244963963581874e-05,-9.149982187628414e-05,-0.0002668537385717,7.244963963581874e-05,,,,,
3700.0,satimage,DT,normalization,-0.0004660314029603,0.0001350630882755,-2.2057328576963187e-06,-0.0001072794526593,0.0001350630882755,,,,,
3701.0,satimage,DT,normalization,0.0003109452736319,-0.0001869487149773,6.726909234389122e-05,0.0003118074391662,-0.0001869487149773,,,,,
3702.0,satimage,RF,normalization,0.0,0.0003135363853038,0.0002692848059787,0.0001121637181455,0.0003135363853038,,,,,
3703.0,satimage,RF,normalization,-0.0004660314029601,-0.0004509706834073,-0.0003905351275593,-0.0001971326220423,-0.0004509706834073,,,,,
3704.0,satimage,RF,normalization,0.0006215040397762,0.0006723633667601,0.0004822389654046,5.443902507240583e-05,0.0006723633667601,,,,,
3705.0,satimage,RF,normalization,-0.0010877286964804,-0.0009392103779084,-0.0011161292817137,-0.0014652537604024,-0.0009392103779084,,,,,
3706.0,satimage,RF,normalization,0.0004661280298323,0.000945463340811,0.0010580624716323,0.0009627014724619,0.000945463340811,,,,,
3707.0,satimage,RF,normalization,-0.0004658381492165,-0.0007562280454272,-0.0006819220210451,-0.0003824340803264,-0.0007562280454272,,,,,
3708.0,chess,KNN,normalization,-0.0012515644555693,-0.0012798595962597,-0.0011731703153311,-0.0017601106144371,-0.000598086124402,,,,,
3709.0,chess,KNN,normalization,-0.0003128911138923,-0.0002432543255026,-0.0003915313058056,0.0009930763352767,-0.0017971268917879,,,,,
3710.0,chess,KNN,normalization,-0.0034418022528162,-0.0034346868055292,-0.0032904458446262,-0.002976005639545,-0.0035971223021584,,,,,
3711.0,chess,KNN,normalization,-0.0034418022528157,-0.0034622934735386,-0.0032298448566128,-0.003488860731344,-0.0029961676591739,,,,,
3712.0,chess,KNN,normalization,-0.0009386733416769,-0.0008984217169283,-0.0009536632896212,-0.0001022815226212,-0.001798561151079,,,,,
3713.0,chess,KNN,normalization,-0.0015644555694619,-0.0015537308373198,-0.0014899942943558,-0.0011412946596092,-0.001798561151079,,,,,
3714.0,chess,SVC,normalization,0.0,0.0,0.0,0.0,0.0,,,,,
3715.0,chess,SVC,normalization,0.0003128911138922,0.0002997601918465,0.0003133274492498,1.3549645902388718e-05,0.0005995203836931,,,,,
3716.0,chess,SVC,normalization,0.0,0.0,0.0,0.0,0.0,,,,,
3717.0,chess,SVC,normalization,-0.0003128911138923,-0.00032722513089,-0.0002927580893682,-0.0005977635552999,0.0,,,,,
3718.0,chess,SVC,normalization,0.0,0.0,0.0,0.0,0.0,,,,,
3719.0,chess,SVC,normalization,0.0,-2.7464939043375655e-05,1.8645370784775572e-05,-0.000559456969031,0.000599520383693,,,,,
3720.0,chess,LR,normalization,0.0003128911138924,0.0002997601918464,0.0003065076335336,1.970032984000003e-05,0.0005995203836931,,,,,
3721.0,chess,LR,normalization,0.0,0.0,0.0,0.0,0.0,,,,,
3722.0,chess,LR,normalization,0.0,0.0,0.0,0.0,0.0,,,,,
3723.0,chess,LR,normalization,0.0003128911138924,0.0003280839895013,0.0002913701974905,0.0005934365913,0.0,,,,,
3724.0,chess,LR,normalization,0.0,0.0,0.0,0.0,0.0,,,,,
3725.0,chess,LR,normalization,0.0,0.0,0.0,0.0,0.0,,,,,
3726.0,chess,NB,normalization,-0.0012515644555695,-0.0013089005235601,-0.0006323017483844,-0.0007793948153028,0.0,,,,,
3727.0,chess,NB,normalization,-0.0015644555694618,-0.0016361256544502,-0.0007896697686911,-0.000976105234884,0.0,,,,,
3728.0,chess,NB,normalization,-0.0012515644555693,-0.0013089005235602,-0.0006384065270863,-0.000792505923474,0.0,,,,,
3729.0,chess,NB,normalization,-0.000938673341677,-0.0009825342512814,-0.000477907924854,-0.0005937024062557,0.0,,,,,
3730.0,chess,NB,normalization,-0.0003128911138924,-0.0003280839895013,-0.0001604712918402,-0.0002003390352904,0.0,,,,,
3731.0,chess,NB,normalization,-0.0003128911138923,-0.00032722513089,-0.0001673546353604,-0.0002138681376671,0.0,,,,,
3732.0,chess,DT,normalization,0.0,0.0,0.0,0.0,0.0,,,,,
3733.0,chess,DT,normalization,0.0,0.0,0.0,0.0,0.0,,,,,
3734.0,chess,DT,normalization,0.0,0.0,0.0,0.0,0.0,,,,,
3735.0,chess,DT,normalization,0.0,0.0,0.0,0.0,0.0,,,,,
3736.0,chess,DT,normalization,0.0,0.0,0.0,0.0,0.0,,,,,
3737.0,chess,DT,normalization,0.0,0.0,0.0,0.0,0.0,,,,,
3738.0,chess,RF,normalization,0.0,0.0,0.0,0.0,0.0,,,,,
3739.0,chess,RF,normalization,0.0,0.0,0.0,0.0,0.0,,,,,
3740.0,chess,RF,normalization,0.0,0.0,0.0,0.0,0.0,,,,,
3741.0,chess,RF,normalization,0.0,0.0,0.0,0.0,0.0,,,,,
3742.0,chess,RF,normalization,0.0,0.0,0.0,0.0,0.0,,,,,
3743.0,chess,RF,normalization,0.0,0.0,0.0,0.0,0.0,,,,,
3744.0,kr_vs_kp,KNN,normalization,-0.0028160200250312,-0.0028078432117584,-0.0026963767355239,-0.0023894120928081,-0.0029961676591739,,,,,
3745.0,kr_vs_kp,KNN,normalization,-0.0025031289111389,-0.0024806180808684,-0.0024223420788411,-0.0018903937775304,-0.0029961676591739,,,,,
3746.0,kr_vs_kp,KNN,normalization,-0.001877346683354,-0.0019084209072534,-0.0017477109422397,-0.002298380267811,-0.0011990407673859,,,,,
3747.0,kr_vs_kp,KNN,normalization,0.0,-2.88991983343756e-05,4.7770483723397206e-05,-0.0005205909805722,0.0005966518651108,,,,,
3748.0,kr_vs_kp,KNN,normalization,-0.0031289111389235,-0.0031618161520465,-0.0029425838138076,-0.0034856654175954,-0.0023952130161899,,,,,
3749.0,kr_vs_kp,KNN,normalization,-0.0037546933667081,-0.0038185595317288,-0.0035126126046446,-0.0045858659241776,-0.0023980815347721,,,,,
3750.0,kr_vs_kp,SVC,normalization,0.0,0.0,0.0,0.0,0.0,,,,,
3751.0,kr_vs_kp,SVC,normalization,-0.0006257822277847,-0.0006561679790026,-0.0005779557331916,-0.0011614804541908,0.0,,,,,
3752.0,kr_vs_kp,SVC,normalization,0.0,0.0,0.0,0.0,0.0,,,,,
3753.0,kr_vs_kp,SVC,normalization,0.0,0.0,0.0,0.0,0.0,,,,,
3754.0,kr_vs_kp,SVC,normalization,0.0003128911138922,0.0002997601918466,0.0003043741697268,1.547883058850008e-05,0.000599520383693,,,,,
3755.0,kr_vs_kp,SVC,normalization,0.0003128911138922,0.0002997601918467,0.000311876983331,9.07759528445684e-06,0.0005995203836929,,,,,
3756.0,kr_vs_kp,LR,normalization,0.0,0.0,0.0,0.0,0.0,,,,,
3757.0,kr_vs_kp,LR,normalization,0.0,0.0,0.0,0.0,0.0,,,,,
3758.0,kr_vs_kp,LR,normalization,0.0,0.0,0.0,0.0,0.0,,,,,
3759.0,kr_vs_kp,LR,normalization,0.0003128911138922,0.0002990430622008,0.0003079750533061,1.855637140135702e-05,0.0005980861244018,,,,,
3760.0,kr_vs_kp,LR,normalization,0.0,0.0,0.0,0.0,0.0,,,,,
3761.0,kr_vs_kp,LR,normalization,0.0,0.0,0.0,0.0,0.0,,,,,
3762.0,kr_vs_kp,NB,normalization,0.0,0.0,0.0,0.0,0.0,,,,,
3763.0,kr_vs_kp,NB,normalization,-0.0012515644555695,-0.0013389420384375,-0.000485887080068,-0.0007927318732224,0.0005995203836928,,,,,
3764.0,kr_vs_kp,NB,normalization,-0.0003128911138923,-0.0003280839895013,-0.0001599089748911,-0.0001992314264587,0.0,,,,,
3765.0,kr_vs_kp,NB,normalization,-0.0006257822277848,-0.0006819152008236,-0.0001923023175894,-0.0004492019482015,0.0005995203836931,,,,,
3766.0,kr_vs_kp,NB,normalization,-0.0006257822277847,-0.0006544502617801,-0.0003054583049414,-0.0003697784351616,0.0,,,,,
3767.0,kr_vs_kp,NB,normalization,-0.0009386733416771,-0.0009833931098927,-0.0004934751783818,-0.0006263539539285,0.0,,,,,
3768.0,kr_vs_kp,DT,normalization,0.0,0.0,0.0,0.0,0.0,,,,,
3769.0,kr_vs_kp,DT,normalization,0.0,0.0,0.0,0.0,0.0,,,,,
3770.0,kr_vs_kp,DT,normalization,0.0,0.0,0.0,0.0,0.0,,,,,
3771.0,kr_vs_kp,DT,normalization,0.0,0.0,0.0,0.0,0.0,,,,,
3772.0,kr_vs_kp,DT,normalization,0.0,0.0,0.0,0.0,0.0,,,,,
3773.0,kr_vs_kp,DT,normalization,0.0,0.0,0.0,0.0,0.0,,,,,
3774.0,kr_vs_kp,RF,normalization,0.0,0.0,0.0,0.0,0.0,,,,,
3775.0,kr_vs_kp,RF,normalization,0.0,0.0,0.0,0.0,0.0,,,,,
3776.0,kr_vs_kp,RF,normalization,0.0,0.0,0.0,0.0,0.0,,,,,
3777.0,kr_vs_kp,RF,normalization,0.0,0.0,0.0,0.0,0.0,,,,,
3778.0,kr_vs_kp,RF,normalization,0.0,0.0,0.0,0.0,0.0,,,,,
3779.0,kr_vs_kp,RF,normalization,0.0003128911138924,0.00032722513089,0.0002944264714228,0.0005812129564272,0.0,,,,,
3780.0,optdigits,KNN,normalization,-0.0003558718861208,-0.0003546099290779,-0.000356906009156,-0.0003703617194071,-0.0003546099290779,,,,,
3781.0,optdigits,KNN,normalization,0.0001779359430605,0.0001861356819014,0.0001924990879987,0.0002052822827941,0.0001861356819014,,,,,
3782.0,optdigits,KNN,normalization,0.0,5.3523333432003994e-08,4.721692419384915e-06,-1.8940911977183283e-05,5.3523333432003994e-08,,,,,
3783.0,optdigits,KNN,normalization,-0.0001779359430603,-0.0001773049645389,-0.0001809344181379,-0.0001857854012123,-0.0001773049645389,,,,,
3784.0,optdigits,KNN,normalization,0.0,-1.231163202719543e-06,9.330155981146504e-09,6.286854212000925e-06,-1.231163202719543e-06,,,,,
3785.0,optdigits,KNN,normalization,0.0008896797153024,0.0008828677673256,0.0008931873163322,0.0009197478463547,0.0008828677673256,,,,,
3786.0,optdigits,SVC,normalization,-0.0003558718861208,-0.0003533966033966,-0.0003469999337587,-0.0003532077260532,-0.0003533966033966,,,,,
3787.0,optdigits,SVC,normalization,-0.0001779359430603,-0.0001773049645391,-0.0001744151319379,-0.0001645936422401,-0.0001773049645391,,,,,
3788.0,optdigits,SVC,normalization,-0.0005338078291812,-0.0005332174176752,-0.000539775449514,-0.00054363239354,-0.0005332174176752,,,,,
3789.0,optdigits,SVC,normalization,0.0,-1.2664640323123422e-06,1.2619570431970928e-06,1.3556516403889771e-06,-1.2664640323123422e-06,,,,,
3790.0,optdigits,SVC,normalization,0.0,0.0,0.0,0.0,0.0,,,,,
3791.0,optdigits,SVC,normalization,0.0,0.0,0.0,0.0,0.0,,,,,
3792.0,optdigits,LR,normalization,0.0,3.79977707953838e-06,5.062305997727279e-07,5.109377536394177e-06,3.79977707953838e-06,,,,,
3793.0,optdigits,LR,normalization,-2.220446049250313e-16,2.551150568796956e-06,-9.660191624405456e-08,-1.0337241836300136e-05,2.551150568796956e-06,,,,,
3794.0,optdigits,LR,normalization,0.0001779359430603,0.0001760563380281,0.0001744832743519,0.0001864480107661,0.0001760563380281,,,,,
3795.0,optdigits,LR,normalization,0.0003558718861207,0.0003622641619084,0.0003560613936604,0.0003502814944068,0.0003622641619084,,,,,
3796.0,optdigits,LR,normalization,0.0003558718861211,0.0003584275436794,0.0003604028925597,0.0003635100712243,0.0003584275436794,,,,,
3797.0,optdigits,LR,normalization,0.0,-1.284686536595636e-06,2.0909926800039003e-06,-2.10577531045697e-06,-1.284686536595636e-06,,,,,
3798.0,optdigits,NB,normalization,-0.0053380782918149,-0.0053109251441363,-0.0063751656798883,-0.0022406020819832,-0.0053109251441363,,,,,
3799.0,optdigits,NB,normalization,-0.002491103202847,-0.0024750446131113,-0.002714053545176,-0.001082623397417,-0.0024750446131113,,,,,
3800.0,optdigits,NB,normalization,-0.0062277580071175,-0.0061923643478777,-0.0074718965758943,-0.002560111306853,-0.0061923643478777,,,,,
3801.0,optdigits,NB,normalization,-0.0053380782918148,-0.0053223966173545,-0.0056521554125748,-0.0015934202489158,-0.0053223966173545,,,,,
3802.0,optdigits,NB,normalization,-0.0044483985765123,-0.0044382430081552,-0.0052908999617271,-0.0019990970736649,-0.0044382430081552,,,,,
3803.0,optdigits,NB,normalization,-0.0046263345195728,-0.0045967631806294,-0.0056841706453858,-0.0021074040630479,-0.0045967631806294,,,,,
3804.0,optdigits,DT,normalization,-0.000711743772242,-0.0006827990669235,-0.0007404862051439,-0.0007898911021955,-0.0006827990669235,,,,,
3805.0,optdigits,DT,normalization,0.0005338078291814,0.0005308477664272,0.0004926881056899,0.0003973503241812,0.0005308477664272,,,,,
3806.0,optdigits,DT,normalization,0.0016014234875445,0.0016023108464024,0.0016439907823534,0.0017281469304881,0.0016023108464024,,,,,
3807.0,optdigits,DT,normalization,0.000711743772242,0.0007156623056253,0.0007785197544905,0.0007717056818115,0.0007156623056253,,,,,
3808.0,optdigits,DT,normalization,0.0,2.4976272352539297e-06,1.1476651639030775e-06,-6.397332898555597e-05,2.4976272352539297e-06,,,,,
3809.0,optdigits,DT,normalization,0.000355871886121,0.0003433529453351,0.0003481623292366,0.0004001572725965,0.0003433529453351,,,,,
3810.0,optdigits,RF,normalization,0.0005338078291816,0.0005370893367335,0.0005348336891833,0.0005277932150858,0.0005370893367335,,,,,
3811.0,optdigits,RF,normalization,-0.0001779359430603,-0.0001773049645389,-0.0001818295214259,-0.0001790724074162,-0.0001773049645389,,,,,
3812.0,optdigits,RF,normalization,-0.000355871886121,-0.0003534148259006,-0.0003551583868184,-0.0003363938529366,-0.0003534148259006,,,,,
3813.0,optdigits,RF,normalization,0.0003558718861211,0.0003546459891036,0.0003568791035379,0.000355688049983,0.0003546459891036,,,,,
3814.0,optdigits,RF,normalization,0.0003558718861209,0.0003533966033966,0.000357002335706,0.0003527787991836,0.0003533966033966,,,,,
3815.0,optdigits,RF,normalization,-2.220446049250313e-16,-3.872678254857043e-06,-1.472029729998603e-06,-1.7445222500245272e-05,-3.872678254857043e-06,,,,,
3816.0,splice,KNN,normalization,-0.0012547051442911,-0.0012701446643508,-0.001232803725042,-0.0009663523684488,-0.0012701446643508,,,,,
3817.0,splice,KNN,normalization,-0.0003136762860728,2.8227678179559845e-05,-0.0002820262148407,-0.0011343799317145,2.8227678179559845e-05,,,,,
3818.0,splice,KNN,normalization,-0.0025094102885822,-0.0020735597237178,-0.0021992483443059,-0.0009096990630196,-0.0020735597237178,,,,,
3819.0,splice,KNN,normalization,-0.0009410288582184,-0.0008358411090879,-0.0007857963800547,6.936319989325757e-05,-0.0008358411090879,,,,,
3820.0,splice,KNN,normalization,-0.0009410288582182,-0.0015416400565715,-0.0009359180120885,-0.0007156798890233,-0.0015416400565715,,,,,
3821.0,splice,KNN,normalization,0.0009410288582183,0.0015330378503403,0.001624758940906,0.0009947035844045,0.0015330378503403,,,,,
3822.0,splice,SVC,normalization,0.0006273525721454,0.0006353395706969,0.0007025991570912,0.0007624919774052,0.0006353395706969,,,,,
3823.0,splice,SVC,normalization,-0.0006273525721455,-0.0006335545546927,-0.0006986490462475,-0.0007000321821994,-0.0006335545546927,,,,,
3824.0,splice,SVC,normalization,0.0006273525721456,0.0006353160225442,0.000632021517148,0.0006693514679729,0.0006353160225442,,,,,
3825.0,splice,SVC,normalization,-0.0003136762860728,-0.0002017756255043,-0.000282864921875,-0.0003637770211868,-0.0002017756255043,,,,,
3826.0,splice,SVC,normalization,0.0009410288582183,0.000839851425529,0.0009029197401501,0.0009111191886428,0.000839851425529,,,,,
3827.0,splice,SVC,normalization,-0.0003136762860728,3.147483639753812e-05,-0.0002065268102829,-0.0002886308172218,3.147483639753812e-05,,,,,
3828.0,splice,LR,normalization,0.0,0.0,0.0,0.0,0.0,,,,,
3829.0,splice,LR,normalization,0.0003136762860728,0.0002017756255044,0.0002829499781391,0.0003373813793496,0.0002017756255044,,,,,
3830.0,splice,LR,normalization,0.0003136762860728,0.0002012882447665,0.0002916101949543,0.0003663039238062,0.0002012882447665,,,,,
3831.0,splice,LR,normalization,0.0,0.0,0.0,0.0,0.0,,,,,
3832.0,splice,LR,normalization,0.0,0.0,0.0,0.0,0.0,,,,,
3833.0,splice,LR,normalization,0.0,0.0,0.0,0.0,0.0,,,,,
3834.0,splice,NB,normalization,0.0003136762860725,0.00043630017452,0.000410583597891,0.0003564104975531,0.00043630017452,,,,,
3835.0,splice,NB,normalization,0.0,0.0,0.0,0.0,0.0,,,,,
3836.0,splice,NB,normalization,0.0,0.0,0.0,0.0,0.0,,,,,
3837.0,splice,NB,normalization,0.0,0.0,0.0,0.0,0.0,,,,,
3838.0,splice,NB,normalization,0.0,0.0,0.0,0.0,0.0,,,,,
3839.0,splice,NB,normalization,0.0,0.0,0.0,0.0,0.0,,,,,
3840.0,splice,DT,normalization,0.0,0.0,8.688931661171573e-05,0.0001429262512695,0.0,,,,,
3841.0,splice,DT,normalization,0.0003136762860728,0.0001990158480242,0.0002145886360624,0.0002599519406247,0.0001990158480242,,,,,
3842.0,splice,DT,normalization,0.0003136762860725,0.0006662799300508,0.000394470553845,7.251687357678893e-05,0.0006662799300508,,,,,
3843.0,splice,DT,normalization,-0.0006273525721456,-0.0006375884192865,-0.0006293996707947,-0.0005826461578205,-0.0006375884192865,,,,,
3844.0,splice,DT,normalization,-0.0003136762860725,-0.000905372820704,-0.0006775442922615,-0.0003501731102131,-0.000905372820704,,,,,
3845.0,splice,DT,normalization,-0.0006273525721456,-0.0008726003490401,-0.0008182560567288,-0.0007412624693929,-0.0008726003490401,,,,,
3846.0,splice,RF,normalization,0.0003136762860729,0.00043630017452,0.0004132705281727,0.0003592096830286,0.00043630017452,,,,,
3847.0,splice,RF,normalization,-0.0012547051442911,-0.0014988738809208,-0.0013138692856525,-0.0010904450699538,-0.0014988738809208,,,,,
3848.0,splice,RF,normalization,-0.0003136762860728,0.0002654884565225,-0.000165924907638,-0.0005844251104364,0.0002654884565225,,,,,
3849.0,splice,RF,normalization,-0.0003136762860728,0.0002737206926577,-0.0001702506745597,-0.0005991590734177,0.0002737206926577,,,,,
3850.0,splice,RF,normalization,0.0003136762860728,0.0002035606415088,0.0002897808789816,0.0003157560893297,0.0002035606415088,,,,,
3851.0,splice,RF,normalization,0.0006273525721456,0.0008720894201493,0.0009796275177321,0.0010869421196669,0.0008720894201493,,,,,
3852.0,texture,KNN,normalization,0.0003636363636365,0.0003636363636363,0.0003637688539533,0.0003601153232039,0.0003636363636363,,,,,
3853.0,texture,KNN,normalization,0.0,0.0,0.0,0.0,0.0,,,,,
3854.0,texture,KNN,normalization,0.0,0.0,0.0,0.0,0.0,,,,,
3855.0,texture,KNN,normalization,-0.0001818181818179,-0.0001818181818179,-0.0001792062277433,-0.0001643538644615,-0.0001818181818179,,,,,
3856.0,texture,KNN,normalization,-0.0001818181818181,-0.0001818181818182,-0.0001839913074971,-0.0001861471861471,-0.0001818181818182,,,,,
3857.0,texture,KNN,normalization,0.0,0.0,2.5901472276990134e-06,2.266993743882395e-05,0.0,,,,,
3858.0,texture,SVC,normalization,0.0,0.0,0.0,0.0,0.0,,,,,
3859.0,texture,SVC,normalization,0.0,0.0,0.0,0.0,0.0,,,,,
3860.0,texture,SVC,normalization,0.0,0.0,0.0,0.0,0.0,,,,,
3861.0,texture,SVC,normalization,0.0,0.0,0.0,0.0,0.0,,,,,
3862.0,texture,SVC,normalization,0.000181818181818,0.0001818181818182,0.0001818385468973,0.0001775346263536,0.0001818181818182,,,,,
3863.0,texture,SVC,normalization,0.0,0.0,0.0,0.0,0.0,,,,,
3864.0,texture,LR,normalization,0.0,0.0,0.0,0.0,0.0,,,,,
3865.0,texture,LR,normalization,0.0001818181818182,0.0001818181818182,0.0001825573155886,0.0001817943399375,0.0001818181818182,,,,,
3866.0,texture,LR,normalization,0.0001818181818181,0.0001818181818181,0.0001825424866623,0.0001847507331379,0.0001818181818181,,,,,
3867.0,texture,LR,normalization,0.0,0.0,0.0,0.0,0.0,,,,,
3868.0,texture,LR,normalization,0.0,0.0,0.0,0.0,0.0,,,,,
3869.0,texture,LR,normalization,0.0,0.0,0.0,0.0,0.0,,,,,
3870.0,texture,NB,normalization,0.0,0.0,0.0,0.0,0.0,,,,,
3871.0,texture,NB,normalization,0.0,0.0,0.0,0.0,0.0,,,,,
3872.0,texture,NB,normalization,0.0,0.0,0.0,0.0,0.0,,,,,
3873.0,texture,NB,normalization,0.0,0.0,0.0,0.0,0.0,,,,,
3874.0,texture,NB,normalization,0.0,0.0,0.0,0.0,0.0,,,,,
3875.0,texture,NB,normalization,0.0,0.0,0.0,0.0,0.0,,,,,
3876.0,texture,DT,normalization,-0.0005454545454546,-0.0005454545454546,-0.0005388890503243,-0.0005491378198757,-0.0005454545454546,,,,,
3877.0,texture,DT,normalization,-0.0003636363636364,-0.0003636363636362,-0.0003677839054081,-0.0004722259766806,-0.0003636363636362,,,,,
3878.0,texture,DT,normalization,0.0001818181818183,0.0001818181818183,0.0001673079351691,0.0001338446746381,0.0001818181818183,,,,,
3879.0,texture,DT,normalization,0.0,0.0,-6.825631809648236e-06,3.506823055565711e-05,0.0,,,,,
3880.0,texture,DT,normalization,0.0,0.0,1.0848663743567856e-05,5.696239387398272e-06,0.0,,,,,
3881.0,texture,DT,normalization,-0.0001818181818181,-0.000181818181818,-0.0001810813719713,-0.0001699004774634,-0.000181818181818,,,,,
3882.0,texture,RF,normalization,0.0001818181818181,0.0001818181818181,0.0001765337871063,0.0001582467315616,0.0001818181818181,,,,,
3883.0,texture,RF,normalization,-0.0001818181818181,-0.0001818181818181,-0.0001781672143119,-0.0001744868035191,-0.0001818181818181,,,,,
3884.0,texture,RF,normalization,0.0,0.0,0.0,0.0,0.0,,,,,
3885.0,texture,RF,normalization,0.0,0.0,0.0,0.0,0.0,,,,,
3886.0,texture,RF,normalization,-0.0001818181818182,-0.000181818181818,-0.0001806065367173,-0.0001714338912204,-0.000181818181818,,,,,
3887.0,texture,RF,normalization,0.0003636363636364,0.0003636363636362,0.000369436697436,0.0003890648821517,0.0003636363636362,,,,,
3888.0,sonar,KNN,normalization,0.0,-0.0005787037037038,-0.0056019250499352,0.0082922592113768,-0.0104166666666666,,,,,
3889.0,sonar,KNN,normalization,0.0048076923076922,0.0052083333333332,0.0104465709728867,-0.0011904761904761,0.0104166666666667,,,,,
3890.0,sonar,KNN,normalization,0.0096153846153846,0.009672619047619,0.0113636363636363,0.0125,0.0104166666666666,,,,,
3891.0,sonar,KNN,normalization,0.0048076923076924,0.0052083333333333,0.0075493612078976,0.0016339869281045,0.0104166666666666,,,,,
3892.0,sonar,KNN,normalization,-1.1102230246251563e-16,-0.0007440476190475,-0.003491895167399,0.0072892793481028,-0.0104166666666667,,,,,
3893.0,sonar,KNN,normalization,-0.0096153846153848,-0.009672619047619,-0.0106960538043918,-0.0113519091847265,-0.0104166666666665,,,,,
3894.0,sonar,SVC,normalization,0.0,0.0,0.0,0.0,0.0,,,,,
3895.0,sonar,SVC,normalization,0.0048076923076922,0.0044642857142855,0.0041062801932367,0.0091991341991342,0.0,,,,,
3896.0,sonar,SVC,normalization,0.0,0.0007440476190475,0.0015856731013437,-0.0061755729278217,0.0104166666666666,,,,,
3897.0,sonar,SVC,normalization,0.0048076923076922,0.0044642857142855,0.0036139455782312,0.0070833333333333,0.0,,,,,
3898.0,sonar,SVC,normalization,0.0,0.0,0.0,0.0,0.0,,,,,
3899.0,sonar,SVC,normalization,0.0,-0.0007440476190475,-0.0027056277056276,0.0097222222222221,-0.0104166666666667,,,,,
3900.0,sonar,LR,normalization,-0.0048076923076922,-0.0046296296296295,-0.003623188405797,-0.0089285714285713,0.0,,,,,
3901.0,sonar,LR,normalization,0.0048076923076924,0.0044642857142855,0.0038265306122448,0.0074999999999999,0.0,,,,,
3902.0,sonar,LR,normalization,0.0,0.0,0.0,0.0,0.0,,,,,
3903.0,sonar,LR,normalization,0.0048076923076922,0.0037202380952381,0.0016596512149622,0.0115827502915211,-0.0104166666666665,,,,,
3904.0,sonar,LR,normalization,-0.0048076923076922,-0.0037202380952381,-0.0022849010453694,-0.01968769964126,0.0104166666666667,,,,,
3905.0,sonar,LR,normalization,2.220446049250313e-16,0.0,-0.0005440367636415,-0.0004779821627647,-2.220446049250313e-16,,,,,
3906.0,sonar,NB,normalization,0.0,0.0,0.0,0.0,0.0,,,,,
3907.0,sonar,NB,normalization,0.0,0.0,0.0,0.0,0.0,,,,,
3908.0,sonar,NB,normalization,0.0,0.0,0.0,0.0,0.0,,,,,
3909.0,sonar,NB,normalization,0.0,0.0,0.0,0.0,0.0,,,,,
3910.0,sonar,NB,normalization,0.0,0.0,0.0,0.0,0.0,,,,,
3911.0,sonar,NB,normalization,0.0,0.0,0.0,0.0,0.0,,,,,
3912.0,sonar,DT,normalization,0.0,0.0,0.0,0.0,0.0,,,,,
3913.0,sonar,DT,normalization,0.0,0.0,0.0,0.0,0.0,,,,,
3914.0,sonar,DT,normalization,0.0,0.0,0.0,0.0,0.0,,,,,
3915.0,sonar,DT,normalization,0.0,0.0,0.0,0.0,0.0,,,,,
3916.0,sonar,DT,normalization,0.0,0.0,0.0,0.0,0.0,,,,,
3917.0,sonar,DT,normalization,0.0,0.0,0.0,0.0,0.0,,,,,
3918.0,sonar,RF,normalization,0.0,0.0,0.0,0.0,0.0,,,,,
3919.0,sonar,RF,normalization,0.0,0.0,0.0,0.0,0.0,,,,,
3920.0,sonar,RF,normalization,0.0,0.0,0.0,0.0,0.0,,,,,
3921.0,sonar,RF,normalization,0.0,0.0,0.0,0.0,0.0,,,,,
3922.0,sonar,RF,normalization,0.0,0.0,0.0,0.0,0.0,,,,,
3923.0,sonar,RF,normalization,0.0048076923076924,0.0044642857142858,0.0037677304964538,0.0076992753623188,0.0,,,,,
3924.0,molecular_biology_promoters,KNN,normalization,0.0003561253561252,0.0006868131868131,-0.0060031415915974,0.0233016983016983,-0.0370879120879121,,,,,
3925.0,molecular_biology_promoters,KNN,normalization,-0.0096153846153845,-0.0096153846153845,-0.0106837606837606,-0.0027472527472527,-0.0192307692307692,,,,,
3926.0,molecular_biology_promoters,KNN,normalization,-0.0003561253561252,-1.1102230246251563e-16,0.0022385022385021,0.0032967032967031,-1.1102230246251563e-16,,,,,
3927.0,molecular_biology_promoters,KNN,normalization,0.0192307692307691,0.0192307692307691,0.0178571428571429,0.0166666666666667,0.0192307692307691,,,,,
3928.0,molecular_biology_promoters,KNN,normalization,0.00997150997151,0.0096153846153844,0.0121966794380589,0.0063988095238096,0.0192307692307691,,,,,
3929.0,molecular_biology_promoters,KNN,normalization,0.0188746438746439,0.018543956043956,0.0137994189718329,0.0248626373626373,0.0,,,,,
3930.0,molecular_biology_promoters,SVC,normalization,0.0,0.0,0.0,0.0,0.0,,,,,
3931.0,molecular_biology_promoters,SVC,normalization,-0.0092592592592593,-0.0096153846153845,-0.0125661375661375,-0.0071428571428572,-0.0192307692307691,,,,,
3932.0,molecular_biology_promoters,SVC,normalization,-0.0092592592592593,-0.0096153846153845,-0.0144927536231883,-0.0068181818181818,-0.0192307692307691,,,,,
3933.0,molecular_biology_promoters,SVC,normalization,0.0,0.0,0.0,0.0,0.0,,,,,
3934.0,molecular_biology_promoters,SVC,normalization,0.0096153846153845,0.0096153846153845,0.0166666666666666,0.0044642857142856,0.0192307692307691,,,,,
3935.0,molecular_biology_promoters,SVC,normalization,0.0,0.0,0.0,0.0,0.0,,,,,
3936.0,molecular_biology_promoters,LR,normalization,0.0,0.0,0.0,0.0,0.0,,,,,
3937.0,molecular_biology_promoters,LR,normalization,0.0,0.0,0.0,0.0,0.0,,,,,
3938.0,molecular_biology_promoters,LR,normalization,0.0092592592592593,0.0096153846153845,0.0062388591800355,0.0092105263157893,0.0,,,,,
3939.0,molecular_biology_promoters,LR,normalization,0.0,0.0,0.0,0.0,0.0,,,,,
3940.0,molecular_biology_promoters,LR,normalization,0.0,0.0,0.0,0.0,0.0,,,,,
3941.0,molecular_biology_promoters,LR,normalization,-0.0092592592592593,-0.0096153846153844,-0.0217445189219381,-0.0001114081996436,-0.0384615384615384,,,,,
3942.0,molecular_biology_promoters,NB,normalization,0.0,0.0,0.0,0.0,0.0,,,,,
3943.0,molecular_biology_promoters,NB,normalization,0.0,0.0,0.0,0.0,0.0,,,,,
3944.0,molecular_biology_promoters,NB,normalization,0.0,0.0,0.0,0.0,0.0,,,,,
3945.0,molecular_biology_promoters,NB,normalization,0.0,0.0,0.0,0.0,0.0,,,,,
3946.0,molecular_biology_promoters,NB,normalization,0.0,0.0,0.0,0.0,0.0,,,,,
3947.0,molecular_biology_promoters,NB,normalization,0.0,0.0,0.0,0.0,0.0,,,,,
3948.0,molecular_biology_promoters,DT,normalization,0.0,-0.0006868131868132,0.0050055617352613,-0.0049019607843137,0.0178571428571427,,,,,
3949.0,molecular_biology_promoters,DT,normalization,0.0,0.0,0.0,0.0,0.0,,,,,
3950.0,molecular_biology_promoters,DT,normalization,0.0,0.0,0.0,0.0,0.0,,,,,
3951.0,molecular_biology_promoters,DT,normalization,0.0,0.0,0.0,0.0,0.0,,,,,
3952.0,molecular_biology_promoters,DT,normalization,0.0,0.0,0.0,0.0,0.0,,,,,
3953.0,molecular_biology_promoters,DT,normalization,0.0096153846153845,0.0096153846153846,0.0068965517241378,0.0110294117647058,0.0,,,,,
3954.0,molecular_biology_promoters,RF,normalization,0.0188746438746438,0.018543956043956,0.0226159647449002,0.0031249999999999,0.037087912087912,,,,,
3955.0,molecular_biology_promoters,RF,normalization,0.0096153846153845,0.0096153846153846,0.0092307692307691,0.019230769230769,0.0,,,,,
3956.0,molecular_biology_promoters,RF,normalization,0.0003561253561253,1.1102230246251563e-16,0.0075168447144253,-0.0106209150326797,0.0192307692307691,,,,,
3957.0,molecular_biology_promoters,RF,normalization,-0.0096153846153846,-0.0096153846153845,-0.0080049261083743,-0.0135416666666667,0.0,,,,,
3958.0,molecular_biology_promoters,RF,normalization,-0.009259259259259,-0.0096153846153845,-0.0079365079365079,-0.0164835164835167,0.0,,,,,
3959.0,molecular_biology_promoters,RF,normalization,0.0,0.0,0.0,0.0,0.0,,,,,
3960.0,mfeat_fourier,KNN,normalization,0.001,0.0009999999999998,0.0012330655193745,0.0019093143167774,0.0009999999999998,,,,,
3961.0,mfeat_fourier,KNN,normalization,0.0,0.0,-1.432258059086422e-05,-0.0002017903506795,0.0,,,,,
3962.0,mfeat_fourier,KNN,normalization,-0.0015,-0.0014999999999999,-0.0015396574938928,-0.0015221929955228,-0.0014999999999999,,,,,
3963.0,mfeat_fourier,KNN,normalization,0.0009999999999998,0.001,0.0007838695761392,0.0007050265511069,0.001,,,,,
3964.0,mfeat_fourier,KNN,normalization,0.0,0.0,-8.670668455479369e-05,0.0001143042174334,0.0,,,,,
3965.0,mfeat_fourier,KNN,normalization,0.0010000000000001,0.0010000000000001,0.0008837129255029,0.0006841557728668,0.0010000000000001,,,,,
3966.0,mfeat_fourier,SVC,normalization,0.001,0.0010000000000001,0.0010225718277212,0.0011524564180891,0.0010000000000001,,,,,
3967.0,mfeat_fourier,SVC,normalization,0.0004999999999999,0.0004999999999999,0.0005098523470004,0.0005582295585442,0.0004999999999999,,,,,
3968.0,mfeat_fourier,SVC,normalization,-0.0015,-0.0015,-0.001429274938809,-0.0011550915859779,-0.0015,,,,,
3969.0,mfeat_fourier,SVC,normalization,0.0004999999999999,0.0005,0.0005388712923339,0.0005589245648784,0.0005,,,,,
3970.0,mfeat_fourier,SVC,normalization,-0.0019999999999998,-0.0019999999999998,-0.0020604237960781,-0.0020173098166765,-0.0019999999999998,,,,,
3971.0,mfeat_fourier,SVC,normalization,0.0,0.0,0.0,0.0,0.0,,,,,
3972.0,mfeat_fourier,LR,normalization,0.0,0.0,0.0,0.0,0.0,,,,,
3973.0,mfeat_fourier,LR,normalization,0.0,0.0,7.280139778687023e-05,0.0001414027149322,0.0,,,,,
3974.0,mfeat_fourier,LR,normalization,-0.0005,-0.0005,-0.0004747708116981,-0.0004041048237477,-0.0005,,,,,
3975.0,mfeat_fourier,LR,normalization,0.0,0.0,0.0,0.0,0.0,,,,,
3976.0,mfeat_fourier,LR,normalization,0.0,0.0,8.241758241767094e-05,0.0001515151515151,0.0,,,,,
3977.0,mfeat_fourier,LR,normalization,0.0,0.0,0.0,0.0,0.0,,,,,
3978.0,mfeat_fourier,NB,normalization,0.0,0.0,0.0,0.0,0.0,,,,,
3979.0,mfeat_fourier,NB,normalization,0.0,0.0,0.0,0.0,0.0,,,,,
3980.0,mfeat_fourier,NB,normalization,0.0,0.0,0.0,0.0,0.0,,,,,
3981.0,mfeat_fourier,NB,normalization,0.0,0.0,0.0,0.0,0.0,,,,,
3982.0,mfeat_fourier,NB,normalization,0.0,0.0,0.0,0.0,0.0,,,,,
3983.0,mfeat_fourier,NB,normalization,0.0,0.0,0.0,0.0,0.0,,,,,
3984.0,mfeat_fourier,DT,normalization,0.0,0.0,0.0,0.0,0.0,,,,,
3985.0,mfeat_fourier,DT,normalization,0.0,0.0,0.0,0.0,0.0,,,,,
3986.0,mfeat_fourier,DT,normalization,0.0,0.0,0.0,0.0,0.0,,,,,
3987.0,mfeat_fourier,DT,normalization,0.0,0.0,0.0,0.0,0.0,,,,,
3988.0,mfeat_fourier,DT,normalization,0.0,0.0,0.0,0.0,0.0,,,,,
3989.0,mfeat_fourier,DT,normalization,0.0,0.0,0.0,0.0,0.0,,,,,
3990.0,mfeat_fourier,RF,normalization,0.0,0.0,0.0,0.0,0.0,,,,,
3991.0,mfeat_fourier,RF,normalization,0.0,0.0,0.0,0.0,0.0,,,,,
3992.0,mfeat_fourier,RF,normalization,0.0,0.0,0.0,0.0,0.0,,,,,
3993.0,mfeat_fourier,RF,normalization,0.0,0.0,0.0,0.0,0.0,,,,,
3994.0,mfeat_fourier,RF,normalization,0.0,0.0,0.0,0.0,0.0,,,,,
3995.0,mfeat_fourier,RF,normalization,0.0,0.0,0.0,0.0,0.0,,,,,
3996.0,analcatdata_authorship,KNN,normalization,0.0011904761904761,0.0007911392405064,0.0008169229425677,0.000832214882848,0.0007911392405064,,,,,
3997.0,analcatdata_authorship,KNN,normalization,0.0,0.0,0.0,0.0,0.0,,,,,
3998.0,analcatdata_authorship,KNN,normalization,5.642067253175398e-06,0.0,-0.0003083956070392,-0.0006059583404282,0.0,,,,,
3999.0,analcatdata_authorship,KNN,normalization,0.0,0.0,0.0,0.0,0.0,,,,,
4000.0,analcatdata_authorship,KNN,normalization,0.002375310313699,0.0016891891891892,0.0016316206548245,0.0015528549382718,0.0016891891891892,,,,,
4001.0,analcatdata_authorship,KNN,normalization,0.0,0.0,0.0,0.0,0.0,,,,,
4002.0,analcatdata_authorship,SVC,normalization,0.0,0.0,0.0,0.0,0.0,,,,,
4003.0,analcatdata_authorship,SVC,normalization,0.0,0.0,0.0,0.0,0.0,,,,,
4004.0,analcatdata_authorship,SVC,normalization,0.0,0.0,0.0,0.0,0.0,,,,,
4005.0,analcatdata_authorship,SVC,normalization,0.0,0.0,0.0,0.0,0.0,,,,,
4006.0,analcatdata_authorship,SVC,normalization,-0.0011848341232227,-0.0007812499999999,-0.0008123371555404,-0.0008749840162025,-0.0007812499999999,,,,,
4007.0,analcatdata_authorship,SVC,normalization,0.0,0.0,0.0,0.0,0.0,,,,,
4008.0,analcatdata_authorship,LR,normalization,0.0011904761904761,0.001453488372093,0.0011547572048952,0.0008333333333332,0.001453488372093,,,,,
4009.0,analcatdata_authorship,LR,normalization,0.0,0.0,0.0,0.0,0.0,,,,,
4010.0,analcatdata_authorship,LR,normalization,0.0,0.0,0.0,0.0,0.0,,,,,
4011.0,analcatdata_authorship,LR,normalization,0.0011904761904761,0.0008445945945945,0.000820285338006,0.0007433754893103,0.0008445945945945,,,,,
4012.0,analcatdata_authorship,LR,normalization,0.0,0.0,0.0,0.0,0.0,,,,,
4013.0,analcatdata_authorship,LR,normalization,0.0,0.0,0.0,0.0,0.0,,,,,
4014.0,analcatdata_authorship,NB,normalization,0.0,0.0,0.0,0.0,0.0,,,,,
4015.0,analcatdata_authorship,NB,normalization,0.0,0.0,0.0,0.0,0.0,,,,,
4016.0,analcatdata_authorship,NB,normalization,0.0,0.0,0.0,0.0,0.0,,,,,
4017.0,analcatdata_authorship,NB,normalization,0.0,0.0,0.0,0.0,0.0,,,,,
4018.0,analcatdata_authorship,NB,normalization,0.0,0.0,0.0,0.0,0.0,,,,,
4019.0,analcatdata_authorship,NB,normalization,0.0,0.0,0.0,0.0,0.0,,,,,
4020.0,analcatdata_authorship,DT,normalization,0.0,0.0,0.0,0.0,0.0,,,,,
4021.0,analcatdata_authorship,DT,normalization,0.0,0.0,-0.0002662922449145,-0.0002699335460094,0.0,,,,,
4022.0,analcatdata_authorship,DT,normalization,-0.0023809523809522,-0.0016357338351007,-0.0016273098892487,-0.0017273756518687,-0.0016357338351007,,,,,
4023.0,analcatdata_authorship,DT,normalization,-0.0023809523809523,-0.0016891891891891,-0.0016269388783543,-0.0016466121875015,-0.0016891891891891,,,,,
4024.0,analcatdata_authorship,DT,normalization,0.0011848341232226,0.0008445945945948,0.0025963459165581,0.0039686468394212,0.0008445945945948,,,,,
4025.0,analcatdata_authorship,DT,normalization,-0.0011904761904761,-0.0007911392405064,-0.0007964473244129,-0.0008442221592587,-0.0007911392405064,,,,,
4026.0,analcatdata_authorship,RF,normalization,-0.0011904761904761,-0.0008445945945945,-0.0011493851201321,-0.0014204545454542,-0.0008445945945945,,,,,
4027.0,analcatdata_authorship,RF,normalization,0.0,0.0,0.0,0.0,0.0,,,,,
4028.0,analcatdata_authorship,RF,normalization,-0.0011904761904759,-0.0008445945945947,-0.0011433257617924,-0.0014647496333541,-0.0008445945945947,,,,,
4029.0,analcatdata_authorship,RF,normalization,-0.0011904761904759,-0.0007911392405064,-0.0008169985215021,-0.0008215463195475,-0.0007911392405064,,,,,
4030.0,analcatdata_authorship,RF,normalization,-0.0011961182577296,-0.0007911392405063,-0.0005072592353635,-0.000233619837114,-0.0007911392405063,,,,,
4031.0,analcatdata_authorship,RF,normalization,-0.0011904761904764,-0.0044642857142858,-0.0027029208573273,-0.0007713607594935,-0.0044642857142858,,,,,
4032.0,tokyo1,KNN,normalization,0.0020876917712692,0.0028902699812883,0.0015109625048616,0.0030330404481228,0.0,,,,,
4033.0,tokyo1,KNN,normalization,-0.0010416666666663,-0.0008116883116883,-0.0008505341769527,-0.0001020741466599,-0.0016233766233768,,,,,
4034.0,tokyo1,KNN,normalization,0.0,0.0,0.0,0.0,0.0,,,,,
4035.0,tokyo1,KNN,normalization,0.0,0.0,0.0,0.0,0.0,,,,,
4036.0,tokyo1,KNN,normalization,-0.0010416666666666,-0.0014367816091954,-0.000757182864848,-0.0014714182052728,0.0,,,,,
4037.0,tokyo1,KNN,normalization,0.0010460251046023,0.0014534883720931,0.0007708007642868,0.0015673289183223,0.0,,,,,
4038.0,tokyo1,SVC,normalization,0.0,0.0,0.0,0.0,0.0,,,,,
4039.0,tokyo1,SVC,normalization,-0.0010416666666668,-0.0014367816091955,-0.0007437208002236,-0.0013934610204996,0.0,,,,,
4040.0,tokyo1,SVC,normalization,0.0,0.0,0.0,0.0,0.0,,,,,
4041.0,tokyo1,SVC,normalization,0.0010416666666666,0.0020899832801337,0.0007062612980016,0.002925959402083,-0.0016339869281045,,,,,
4042.0,tokyo1,SVC,normalization,0.0,0.0,0.0,0.0,0.0,,,,,
4043.0,tokyo1,SVC,normalization,0.0,0.0,0.0,0.0,0.0,,,,,
4044.0,tokyo1,LR,normalization,0.0020833333333333,0.0016339869281046,0.0017358320737216,0.00019352341526,0.0032679738562092,,,,,
4045.0,tokyo1,LR,normalization,0.0,0.0,0.0,0.0,0.0,,,,,
4046.0,tokyo1,LR,normalization,0.0,0.0,0.0,0.0,0.0,,,,,
4047.0,tokyo1,LR,normalization,0.0,0.0,0.0,0.0,0.0,,,,,
4048.0,tokyo1,LR,normalization,0.0,0.0,0.0,0.0,0.0,,,,,
4049.0,tokyo1,LR,normalization,0.0,0.0,0.0,0.0,0.0,,,,,
4050.0,tokyo1,NB,normalization,0.0,0.0,0.0,0.0,0.0,,,,,
4051.0,tokyo1,NB,normalization,0.0,0.0,0.0,0.0,0.0,,,,,
4052.0,tokyo1,NB,normalization,0.0,0.0,0.0,0.0,0.0,,,,,
4053.0,tokyo1,NB,normalization,0.0,0.0,0.0,0.0,0.0,,,,,
4054.0,tokyo1,NB,normalization,0.0,0.0,0.0,0.0,0.0,,,,,
4055.0,tokyo1,NB,normalization,0.0,0.0,0.0,0.0,0.0,,,,,
4056.0,tokyo1,DT,normalization,0.0,0.0,0.0,0.0,0.0,,,,,
4057.0,tokyo1,DT,normalization,0.0,0.0,0.0,0.0,0.0,,,,,
4058.0,tokyo1,DT,normalization,0.0,0.0,0.0,0.0,0.0,,,,,
4059.0,tokyo1,DT,normalization,0.0,0.0,0.0,0.0,0.0,,,,,
4060.0,tokyo1,DT,normalization,0.0,0.0,0.0,0.0,0.0,,,,,
4061.0,tokyo1,DT,normalization,0.0,0.0,0.0,0.0,0.0,,,,,
4062.0,tokyo1,RF,normalization,-0.0020876917712692,-0.0022704818361453,-0.0016454208597016,-0.0016368068505011,-0.0016339869281046,,,,,
4063.0,tokyo1,RF,normalization,0.0010416666666666,0.0008116883116884,0.0008399290955561,9.070386196885494e-05,0.0016233766233765,,,,,
4064.0,tokyo1,RF,normalization,0.0020876917712693,0.0022704818361451,0.0017006459502727,0.001748989938354,0.0016339869281044,,,,,
4065.0,tokyo1,RF,normalization,-0.0010460251046023,-0.0008169934640521,-0.0008405833648551,-7.237386269642876e-05,-0.0016339869281045,,,,,
4066.0,tokyo1,RF,normalization,-0.0020833333333334,-0.0022651766837812,-0.0016233766233766,-0.0016233766233766,-0.0016233766233767,,,,,
4067.0,tokyo1,RF,normalization,0.0020833333333332,0.0022537750732476,0.0016233766233768,0.0016129032258064,0.0016339869281045,,,,,
4068.0,soybean,KNN,normalization,-0.0029585798816568,-0.0012077294685989,-0.0027155838723234,-0.0050154198374444,-0.0012077294685989,,,,,
4069.0,soybean,KNN,normalization,0.0,0.0,0.0,0.0,0.0,,,,,
4070.0,soybean,KNN,normalization,-0.0014880952380952,-0.0006313131313131,-0.0005554143678188,-0.0006115088683683,-0.0006313131313131,,,,,
4071.0,soybean,KNN,normalization,0.0014792899408283,-0.0015700483091787,-0.0014883130825158,-0.001151980446116,-0.0015700483091787,,,,,
4072.0,soybean,KNN,normalization,-0.0014880952380952,-0.0006038647342995,-0.0011317254379287,-0.0025254193555191,-0.0006038647342995,,,,,
4073.0,soybean,KNN,normalization,0.0044554804170189,0.0040129556433903,0.0047126926459647,0.0053505999675356,0.0040129556433903,,,,,
4074.0,soybean,SVC,normalization,0.0014792899408282,0.0006038647342995,0.0008588905647729,0.0008808839627806,0.0006038647342995,,,,,
4075.0,soybean,SVC,normalization,0.0,0.0,0.0,0.0,0.0,,,,,
4076.0,soybean,SVC,normalization,0.0,0.0,0.0,0.0,0.0,,,,,
4077.0,soybean,SVC,normalization,0.0,0.0,0.0004717099015342,0.0014978213507624,0.0,,,,,
4078.0,soybean,SVC,normalization,0.0,0.0,0.0,0.0,0.0,,,,,
4079.0,soybean,SVC,normalization,0.0,0.0,0.0,0.0,0.0,,,,,
4080.0,soybean,LR,normalization,0.0,0.0,0.0,0.0,0.0,,,,,
4081.0,soybean,LR,normalization,0.0,0.0,0.0,0.0,0.0,,,,,
4082.0,soybean,LR,normalization,0.0014792899408284,0.0006038647342996,0.0005652934574504,0.0006396638341084,0.0006038647342996,,,,,
4083.0,soybean,LR,normalization,0.0014792899408283,0.0006038647342996,0.0014566965955856,0.0035982302867384,0.0006038647342996,,,,,
4084.0,soybean,LR,normalization,0.0,0.0,0.0,0.0,0.0,,,,,
4085.0,soybean,LR,normalization,0.0,0.0,-0.0001618751618751,-0.0004133597883597,0.0,,,,,
4086.0,soybean,NB,normalization,0.0,0.0,0.0,0.0,0.0,,,,,
4087.0,soybean,NB,normalization,0.0,0.0,0.0,0.0,0.0,,,,,
4088.0,soybean,NB,normalization,-0.0029673851789235,-0.0012626262626261,-0.0017560646789479,-0.0018187830687829,-0.0012626262626261,,,,,
4089.0,soybean,NB,normalization,0.0,0.0,0.0,0.0,0.0,,,,,
4090.0,soybean,NB,normalization,0.0,0.0,0.0,0.0,0.0,,,,,
4091.0,soybean,NB,normalization,0.0,0.0,0.0,0.0,0.0,,,,,
4092.0,soybean,DT,normalization,0.0,0.0,0.0009942419362708,0.0017658468745423,0.0,,,,,
4093.0,soybean,DT,normalization,0.0014880952380952,0.0006038647342994,0.0024693754313319,0.0037116747986314,0.0006038647342994,,,,,
4094.0,soybean,DT,normalization,0.0,2.7448397013629663e-05,6.838992907098884e-05,-0.0003699040157372,2.7448397013629663e-05,,,,,
4095.0,soybean,DT,normalization,0.0014880952380952,0.0027777777777777,0.0025273998488285,0.0015420227920228,0.0027777777777777,,,,,
4096.0,soybean,DT,normalization,-0.0029585798816569,-0.0055555555555556,-0.005681818181818,-0.0051256613756616,-0.0055555555555556,,,,,
4097.0,soybean,DT,normalization,0.0,0.0,0.0,0.0,0.0,,,,,
4098.0,soybean,RF,normalization,0.0014880952380952,0.0006313131313132,0.0005448776106178,0.0012735075914424,0.0006313131313132,,,,,
4099.0,soybean,RF,normalization,0.0,0.0,0.0,0.0,0.0,,,,,
4100.0,soybean,RF,normalization,-0.00294977458439,-0.0033816425120771,-0.0033814129112732,-0.0028478917307416,-0.0033816425120771,,,,,
4101.0,soybean,RF,normalization,-0.0014792899408285,-0.0006038647342995,-0.0005787037037038,-0.0005555555555557,-0.0006038647342995,,,,,
4102.0,soybean,RF,normalization,0.0044378698224852,0.0061594202898551,0.0047200738511712,0.0027165767955241,0.0061594202898551,,,,,
4103.0,soybean,RF,normalization,0.0,2.7448397013629663e-05,8.268847360393128e-05,-8.634536142160254e-05,2.7448397013629663e-05,,,,,
4104.0,mfeat_karhunen,KNN,normalization,0.0,0.0,0.0,0.0,0.0,,,,,
4105.0,mfeat_karhunen,KNN,normalization,0.0015,0.0015,0.0015540991668767,0.0012571468153094,0.0015,,,,,
4106.0,mfeat_karhunen,KNN,normalization,-0.0004999999999999,-0.0004999999999999,-0.0005327045925042,-0.0003321977090192,-0.0004999999999999,,,,,
4107.0,mfeat_karhunen,KNN,normalization,-0.0004999999999999,-0.0004999999999999,-0.0005010598894091,-0.0004673697571272,-0.0004999999999999,,,,,
4108.0,mfeat_karhunen,KNN,normalization,0.0,0.0,-6.007140039177017e-06,-6.19992331983843e-05,0.0,,,,,
4109.0,mfeat_karhunen,KNN,normalization,0.001,0.001,0.0009847420553934,0.0009411323058627,0.001,,,,,
4110.0,mfeat_karhunen,SVC,normalization,-0.0005,-0.0005,-0.0005233494866302,-0.0004795918367348,-0.0005,,,,,
4111.0,mfeat_karhunen,SVC,normalization,0.0,0.0,0.0,0.0,0.0,,,,,
4112.0,mfeat_karhunen,SVC,normalization,-0.0004999999999999,-0.0004999999999999,-0.0004856046829172,-0.0004518057222887,-0.0004999999999999,,,,,
4113.0,mfeat_karhunen,SVC,normalization,0.0,0.0,0.0,0.0,0.0,,,,,
4114.0,mfeat_karhunen,SVC,normalization,0.0,0.0,0.0,0.0,0.0,,,,,
4115.0,mfeat_karhunen,SVC,normalization,0.0004999999999999,0.0004999999999999,0.0005002530865332,0.0004803921568627,0.0004999999999999,,,,,
4116.0,mfeat_karhunen,LR,normalization,0.0,0.0,-4.540961020538248e-06,-4.949095022621641e-05,0.0,,,,,
4117.0,mfeat_karhunen,LR,normalization,0.0004999999999999,0.0004999999999998,0.0004882617382616,0.000518106232392,0.0004999999999998,,,,,
4118.0,mfeat_karhunen,LR,normalization,0.0,0.0,0.0,0.0,0.0,,,,,
4119.0,mfeat_karhunen,LR,normalization,0.0,0.0,0.0,0.0,0.0,,,,,
4120.0,mfeat_karhunen,LR,normalization,0.0,0.0,0.0,0.0,0.0,,,,,
4121.0,mfeat_karhunen,LR,normalization,0.0,0.0,0.0,0.0,0.0,,,,,
4122.0,mfeat_karhunen,NB,normalization,0.0,0.0,0.0,0.0,0.0,,,,,
4123.0,mfeat_karhunen,NB,normalization,0.0,0.0,0.0,0.0,0.0,,,,,
4124.0,mfeat_karhunen,NB,normalization,0.0,0.0,0.0,0.0,0.0,,,,,
4125.0,mfeat_karhunen,NB,normalization,0.0,0.0,0.0,0.0,0.0,,,,,
4126.0,mfeat_karhunen,NB,normalization,0.0,0.0,0.0,0.0,0.0,,,,,
4127.0,mfeat_karhunen,NB,normalization,0.0,0.0,0.0,0.0,0.0,,,,,
4128.0,mfeat_karhunen,DT,normalization,0.0,0.0,0.0,0.0,0.0,,,,,
4129.0,mfeat_karhunen,DT,normalization,0.0,0.0,0.0,0.0,0.0,,,,,
4130.0,mfeat_karhunen,DT,normalization,0.0,0.0,0.0,0.0,0.0,,,,,
4131.0,mfeat_karhunen,DT,normalization,0.0,0.0,0.0,0.0,0.0,,,,,
4132.0,mfeat_karhunen,DT,normalization,0.0,0.0,0.0,0.0,0.0,,,,,
4133.0,mfeat_karhunen,DT,normalization,0.0,0.0,0.0,0.0,0.0,,,,,
4134.0,mfeat_karhunen,RF,normalization,0.0,0.0,0.0,0.0,0.0,,,,,
4135.0,mfeat_karhunen,RF,normalization,0.0,0.0,0.0,0.0,0.0,,,,,
4136.0,mfeat_karhunen,RF,normalization,0.0,0.0,0.0,0.0,0.0,,,,,
4137.0,mfeat_karhunen,RF,normalization,0.0,0.0,0.0,0.0,0.0,,,,,
4138.0,mfeat_karhunen,RF,normalization,0.0,0.0,0.0,0.0,0.0,,,,,
4139.0,mfeat_karhunen,RF,normalization,0.0,0.0,0.0,0.0,0.0,,,,,
