,test_accuracy,test_balanced_accuracy,test_f1,test_precision,test_recall,ds,iteration,alg,leak,perc
0,1.0,1.0,1.0,1.0,1.0,clean2,0,KNN,True,1
1,1.0,1.0,1.0,1.0,1.0,clean2,0,KNN,False,1
2,0.9984848484848485,0.994413407821229,0.9943820224719101,1.0,0.9888268156424581,clean2,1,KNN,True,1
3,0.9984848484848485,0.994413407821229,0.9943820224719101,1.0,0.9888268156424581,clean2,1,KNN,False,1
4,0.9984848484848485,0.9971576104978919,0.9952153110047847,0.9952153110047847,0.9952153110047847,clean2,2,KNN,True,1
5,0.9984848484848485,0.9971576104978919,0.9952153110047847,0.9952153110047847,0.9952153110047847,clean2,2,KNN,False,1
6,0.9977272727272727,0.992462311557789,0.9924050632911392,1.0,0.9849246231155779,clean2,3,KNN,True,1
7,0.9977272727272727,0.992462311557789,0.9924050632911392,1.0,0.9849246231155779,clean2,3,KNN,False,1
8,0.9992424242424243,0.9995479204339963,0.9976689976689976,0.9953488372093023,1.0,clean2,4,KNN,True,1
9,0.9992424242424243,0.9995479204339963,0.9976689976689976,0.9953488372093023,1.0,clean2,4,KNN,False,1
10,0.9992424242424243,0.9972972972972973,0.997289972899729,1.0,0.9945945945945946,clean2,5,KNN,True,1
11,0.9992424242424243,0.9972972972972973,0.997289972899729,1.0,0.9945945945945946,clean2,5,KNN,False,1
12,0.9848484848484849,0.9623214285714285,0.9489795918367347,0.96875,0.93,clean2,0,KNN,True,5
13,0.9848484848484849,0.9623214285714285,0.9489795918367347,0.96875,0.93,clean2,0,KNN,False,5
14,0.9871212121212121,0.9572241344699103,0.9507246376811594,0.9879518072289156,0.9162011173184358,clean2,1,KNN,True,5
15,0.9863636363636363,0.9567859223752564,0.9479768786127167,0.9820359281437125,0.9162011173184358,clean2,1,KNN,False,5
16,0.9848484848484849,0.9715761049789189,0.9521531100478469,0.9521531100478469,0.9521531100478469,clean2,2,KNN,True,5
17,0.9840909090909091,0.9672414609882041,0.9493975903614458,0.9563106796116505,0.9425837320574163,clean2,2,KNN,False,5
18,0.9893939393939394,0.9668906530870229,0.9637305699481865,0.9946524064171123,0.9346733668341709,clean2,3,KNN,True,5
19,0.9901515151515151,0.9694032159010932,0.9664082687338501,0.9946808510638298,0.9396984924623115,clean2,3,KNN,False,5
20,0.9772727272727273,0.948750232377347,0.9282296650717703,0.9509803921568627,0.9065420560747663,clean2,4,KNN,True,5
21,0.9833333333333333,0.9523668689053759,0.9463414634146341,0.9897959183673469,0.9065420560747663,clean2,4,KNN,False,5
22,0.9863636363636363,0.9558756994880343,0.949438202247191,0.9883040935672515,0.9135135135135135,clean2,5,KNN,True,5
23,0.9886363636363636,0.9662459816644839,0.9584487534626038,0.9829545454545454,0.9351351351351351,clean2,5,KNN,False,5
24,0.9810606060606061,0.9457142857142857,0.9347258485639687,0.9781420765027322,0.895,clean2,0,KNN,True,10
25,0.9825757575757575,0.9507142857142857,0.9402597402597402,0.9783783783783784,0.905,clean2,0,KNN,False,10
26,0.9787878787878788,0.9312080454761333,0.9171597633136095,0.9748427672955975,0.8659217877094972,clean2,1,KNN,True,10
27,0.9825757575757575,0.9404643579335974,0.9321533923303835,0.9875,0.88268156424581,clean2,1,KNN,False,10
28,0.9734848484848485,0.9356909375148041,0.913151364764268,0.9484536082474226,0.8803827751196173,clean2,2,KNN,True,10
29,0.9719696969696969,0.9347908475058032,0.908641975308642,0.9387755102040817,0.8803827751196173,clean2,2,KNN,False,10
30,0.9803030303030303,0.9367398993181788,0.93048128342246,0.9942857142857143,0.8743718592964824,clean2,3,KNN,True,10
31,0.9833333333333333,0.9488566830584682,0.9421052631578948,0.988950276243094,0.8994974874371859,clean2,3,KNN,False,10
32,0.9712121212121212,0.9300586435923003,0.9073170731707317,0.9489795918367347,0.8691588785046729,clean2,4,KNN,True,10
33,0.9696969696969697,0.9253857463960387,0.9019607843137255,0.9484536082474226,0.8598130841121495,clean2,4,KNN,False,10
34,0.9757575757575757,0.9316109060602453,0.9096045197740112,0.9526627218934911,0.8702702702702703,clean2,5,KNN,True,10
35,0.978030303030303,0.9374568401000118,0.9183098591549296,0.9588235294117647,0.8810810810810811,clean2,5,KNN,False,10
36,0.9659090909090909,0.9059821428571428,0.8793565683646113,0.9479768786127167,0.82,clean2,0,KNN,True,20
37,0.9613636363636363,0.8950892857142858,0.862533692722372,0.935672514619883,0.8,clean2,0,KNN,False,20
38,0.9553030303030303,0.8587463706735736,0.8150470219435737,0.9285714285714286,0.7262569832402235,clean2,1,KNN,True,20
39,0.9590909090909091,0.8774230191099643,0.8353658536585366,0.9194630872483222,0.7653631284916201,clean2,1,KNN,False,20
40,0.953030303030303,0.886636032024255,0.8418367346938775,0.9016393442622951,0.7894736842105263,clean2,2,KNN,True,20
41,0.9765151515151516,0.9413757165190203,0.9230769230769231,0.9587628865979382,0.8899521531100478,clean2,2,KNN,False,20
42,0.9606060606060606,0.8962116559604445,0.8602150537634409,0.9248554913294798,0.8040201005025126,clean2,3,KNN,True,20
43,0.9613636363636363,0.894591153806499,0.8617886178861789,0.9352941176470588,0.7989949748743719,clean2,3,KNN,False,20
44,0.9409090909090909,0.8648662351489751,0.805,0.8655913978494624,0.7523364485981309,clean2,4,KNN,True,20
45,0.9401515151515152,0.8625297865508441,0.8020050125313283,0.8648648648648649,0.7476635514018691,clean2,4,KNN,False,20
46,0.9666666666666667,0.8991784736278128,0.8713450292397661,0.9490445859872612,0.8054054054054054,clean2,5,KNN,True,20
47,0.9681818181818181,0.9068460531015597,0.8786127167630058,0.9440993788819876,0.8216216216216217,clean2,5,KNN,False,20
48,0.9871212121212121,0.9575,0.9556135770234987,1.0,0.915,clean2,0,LR,True,1
49,0.9871212121212121,0.9575,0.9556135770234987,1.0,0.915,clean2,0,LR,False,1
50,0.9886363636363636,0.958100558659218,0.956268221574344,1.0,0.9162011173184358,clean2,1,LR,True,1
51,0.9886363636363636,0.958100558659218,0.956268221574344,1.0,0.9162011173184358,clean2,1,LR,False,1
52,0.9856060606060606,0.9545454545454546,0.9523809523809523,1.0,0.9090909090909091,clean2,2,LR,True,1
53,0.9856060606060606,0.9545454545454546,0.9523809523809523,1.0,0.9090909090909091,clean2,2,LR,False,1
54,0.9856060606060606,0.9522613065326633,0.9498680738786279,1.0,0.9045226130653267,clean2,3,LR,True,1
55,0.9856060606060606,0.9522613065326633,0.9498680738786279,1.0,0.9045226130653267,clean2,3,LR,False,1
56,0.9825757575757575,0.9462616822429907,0.9432098765432099,1.0,0.8925233644859814,clean2,4,LR,True,1
57,0.9825757575757575,0.9462616822429907,0.9432098765432099,1.0,0.8925233644859814,clean2,4,LR,False,1
58,0.9840909090909091,0.9432432432432433,0.9398280802292264,1.0,0.8864864864864865,clean2,5,LR,True,1
59,0.9840909090909091,0.9432432432432433,0.9398280802292264,1.0,0.8864864864864865,clean2,5,LR,False,1
60,0.9833333333333333,0.9532142857142858,0.9430051813471503,0.978494623655914,0.91,clean2,0,LR,True,5
61,0.9833333333333333,0.9532142857142858,0.9430051813471503,0.978494623655914,0.91,clean2,0,LR,False,5
62,0.9848484848484849,0.9511993301964855,0.9418604651162791,0.9818181818181818,0.9050279329608939,clean2,1,LR,True,5
63,0.9848484848484849,0.9511993301964855,0.9418604651162791,0.9818181818181818,0.9050279329608939,clean2,1,LR,False,5
64,0.9803030303030303,0.9552797385001659,0.9365853658536586,0.9552238805970149,0.9186602870813397,clean2,2,LR,True,5
65,0.9840909090909091,0.9633568620019897,0.948905109489051,0.9653465346534653,0.9330143540669856,clean2,2,LR,False,5
66,0.9825757575757575,0.9504771852124135,0.9399477806788512,0.9782608695652174,0.9045226130653267,clean2,3,LR,True,5
67,0.9871212121212121,0.9634860296128278,0.9560723514211886,0.9840425531914894,0.9296482412060302,clean2,3,LR,False,5
68,0.978030303030303,0.9397804667827145,0.9287469287469288,0.9792746113989638,0.883177570093458,clean2,4,LR,True,5
69,0.9575757575757575,0.878580723665309,0.8534031413612565,0.9702380952380952,0.7616822429906542,clean2,4,LR,False,5
70,0.9818181818181818,0.9487081795451839,0.9329608938547486,0.9653179190751445,0.9027027027027027,clean2,5,LR,True,5
71,0.9833333333333333,0.9518514108822479,0.9385474860335196,0.9710982658959537,0.9081081081081082,clean2,5,LR,False,5
72,0.9916666666666667,0.9766071428571428,0.9720101781170484,0.9896373056994818,0.955,clean2,0,LR,True,10
73,0.9901515151515151,0.9757142857142858,0.9670886075949368,0.9794871794871794,0.955,clean2,0,LR,False,10
74,0.9916666666666667,0.9739839110062232,0.9686609686609686,0.9883720930232558,0.9497206703910615,clean2,1,LR,True,10
75,0.996969696969697,0.9911818996371897,0.9887640449438202,0.9943502824858758,0.9832402234636871,clean2,1,LR,False,10
76,0.9871212121212121,0.9729262399924203,0.9590361445783132,0.9660194174757282,0.9521531100478469,clean2,2,LR,True,10
77,0.9931818181818182,0.9881803969870671,0.9785202863961814,0.9761904761904762,0.9808612440191388,clean2,2,LR,False,10
78,0.9916666666666667,0.9744283415292341,0.9717223650385605,0.9947368421052631,0.949748743718593,clean2,3,LR,True,10
79,0.9901515151515151,0.9694032159010932,0.9664082687338501,0.9946808510638298,0.9396984924623115,clean2,3,LR,False,10
80,0.9886363636363636,0.9706063781244191,0.964200477326969,0.9853658536585366,0.9439252336448598,clean2,4,LR,True,10
81,0.9856060606060606,0.9612605837318957,0.9542168674698795,0.9850746268656716,0.9252336448598131,clean2,4,LR,False,10
82,0.9878787878787879,0.9635432789617813,0.9555555555555556,0.9828571428571429,0.9297297297297298,clean2,5,LR,True,10
83,0.9886363636363636,0.9662459816644839,0.9584487534626038,0.9829545454545454,0.9351351351351351,clean2,5,LR,False,10
84,0.9984848484848485,0.995,0.9949748743718593,1.0,0.99,clean2,0,LR,True,20
85,0.9992424242424243,0.9975,0.9974937343358395,1.0,0.995,clean2,0,LR,False,20
86,1.0,1.0,1.0,1.0,1.0,clean2,1,LR,True,20
87,1.0,1.0,1.0,1.0,1.0,clean2,1,LR,False,20
88,0.9977272727272727,0.9947652660002841,0.9928057553956835,0.9951923076923077,0.9904306220095693,clean2,2,LR,True,20
89,1.0,1.0,1.0,1.0,1.0,clean2,2,LR,False,20
90,0.9977272727272727,0.992462311557789,0.9924050632911392,1.0,0.9849246231155779,clean2,3,LR,True,20
91,0.996969696969697,0.9899497487437185,0.9898477157360406,1.0,0.9798994974874372,clean2,3,LR,False,20
92,0.9984848484848485,0.9953271028037383,0.9953051643192489,1.0,0.9906542056074766,clean2,4,LR,True,20
93,0.9992424242424243,0.9995479204339963,0.9976689976689976,0.9953488372093023,1.0,clean2,4,LR,False,20
94,0.9984848484848485,0.9991189427312775,0.9946236559139785,0.9893048128342246,1.0,clean2,5,LR,True,20
95,1.0,1.0,1.0,1.0,1.0,clean2,5,LR,False,20
96,0.9772727272727273,0.925,0.918918918918919,1.0,0.85,clean2,0,NB,True,1
97,0.9772727272727273,0.925,0.918918918918919,1.0,0.85,clean2,0,NB,False,1
98,0.9818181818181818,0.9329608938547487,0.9281437125748503,1.0,0.8659217877094972,clean2,1,NB,True,1
99,0.9818181818181818,0.9329608938547487,0.9281437125748503,1.0,0.8659217877094972,clean2,1,NB,False,1
100,0.978030303030303,0.930622009569378,0.9254498714652957,1.0,0.861244019138756,clean2,2,NB,True,1
101,0.978030303030303,0.930622009569378,0.9254498714652957,1.0,0.861244019138756,clean2,2,NB,False,1
102,0.978030303030303,0.9271356783919598,0.9214092140921409,1.0,0.8542713567839196,clean2,3,NB,True,1
103,0.978030303030303,0.9271356783919598,0.9214092140921409,1.0,0.8542713567839196,clean2,3,NB,False,1
104,0.9719696969696969,0.9135514018691588,0.9053708439897699,1.0,0.8271028037383178,clean2,4,NB,True,1
105,0.9719696969696969,0.9135514018691588,0.9053708439897699,1.0,0.8271028037383178,clean2,4,NB,False,1
106,0.9742424242424242,0.9081081081081082,0.8988095238095238,1.0,0.8162162162162162,clean2,5,NB,True,1
107,0.9742424242424242,0.9081081081081082,0.8988095238095238,1.0,0.8162162162162162,clean2,5,NB,False,1
108,0.9454545454545454,0.90625,0.8252427184466019,0.8018867924528302,0.85,clean2,0,NB,True,5
109,0.9454545454545454,0.90625,0.8252427184466019,0.8018867924528302,0.85,clean2,0,NB,False,5
110,0.9484848484848485,0.9113244776952492,0.8191489361702128,0.7817258883248731,0.8603351955307262,clean2,1,NB,True,5
111,0.946969696969697,0.9057378855164782,0.8128342245989305,0.7794871794871795,0.8491620111731844,clean2,1,NB,False,5
112,0.9272727272727272,0.9004689942678479,0.7894736842105263,0.728744939271255,0.861244019138756,clean2,2,NB,True,5
113,0.9287878787878788,0.8994267847837416,0.7920353982300885,0.7366255144032922,0.8564593301435407,clean2,2,NB,False,5
114,0.9378787878787879,0.911762200834682,0.8093023255813954,0.7532467532467533,0.8743718592964824,clean2,3,NB,True,5
115,0.9378787878787879,0.911762200834682,0.8093023255813954,0.7532467532467533,0.8743718592964824,clean2,3,NB,False,5
116,0.9356060606060606,0.9050421659258758,0.8123620309050773,0.7698744769874477,0.8598130841121495,clean2,4,NB,True,5
117,0.9128787878787878,0.8594455053996046,0.7438752783964365,0.7106382978723405,0.780373831775701,clean2,4,NB,False,5
118,0.9356060606060606,0.894689844029051,0.7848101265822784,0.7380952380952381,0.8378378378378378,clean2,5,NB,True,5
119,0.9393939393939394,0.8946303131325157,0.7938144329896907,0.7586206896551724,0.8324324324324325,clean2,5,NB,False,5
120,0.8954545454545455,0.8357142857142856,0.684931506849315,0.6302521008403361,0.75,clean2,0,NB,True,10
121,0.8946969696969697,0.8332142857142857,0.6819221967963387,0.6286919831223629,0.745,clean2,0,NB,False,10
122,0.8954545454545455,0.8335479511748491,0.6600985221674877,0.5903083700440529,0.7486033519553073,clean2,1,NB,True,10
123,0.9007575757575758,0.8436806878216208,0.6765432098765433,0.6061946902654868,0.7653631284916201,clean2,1,NB,False,10
124,0.8696969696969697,0.821592685584348,0.6460905349794238,0.5667870036101083,0.7511961722488039,clean2,2,NB,True,10
125,0.871969696969697,0.821000521104742,0.6486486486486487,0.5735294117647058,0.7464114832535885,clean2,2,NB,False,10
126,0.865909090909091,0.8073933449585124,0.6193548387096774,0.5413533834586466,0.7236180904522613,clean2,3,NB,True,10
127,0.8643939393939394,0.8023682193303717,0.6133909287257019,0.5378787878787878,0.7135678391959799,clean2,3,NB,False,10
128,0.8628787878787879,0.7806146592080581,0.6090712742980562,0.5662650602409639,0.6588785046728972,clean2,4,NB,True,10
129,0.8628787878787879,0.7787302901759308,0.6073752711496746,0.5668016194331984,0.6542056074766355,clean2,4,NB,False,10
130,0.871969696969697,0.7966067388974878,0.6023529411764705,0.5333333333333333,0.6918918918918919,clean2,5,NB,True,10
131,0.8681818181818182,0.7830932253839743,0.5857142857142857,0.5234042553191489,0.6648648648648648,clean2,5,NB,False,10
132,0.8409090909090909,0.7275892857142856,0.518348623853211,0.4788135593220339,0.565,clean2,0,NB,True,20
133,0.8401515151515152,0.7291964285714285,0.5193621867881549,0.4769874476987448,0.57,clean2,0,NB,False,20
134,0.8378787878787879,0.7413667321128677,0.5046296296296297,0.4308300395256917,0.6089385474860335,clean2,1,NB,True,20
135,0.8628787878787879,0.7793785711837602,0.568019093078759,0.49583333333333335,0.664804469273743,clean2,1,NB,False,20
136,0.8159090909090909,0.7274859064853854,0.5070993914807302,0.44014084507042256,0.5980861244019139,clean2,2,NB,True,20
137,0.8174242424242424,0.7322705954806007,0.5131313131313131,0.44405594405594406,0.6076555023923444,clean2,2,NB,False,20
138,0.8083333333333333,0.7073660003855137,0.469601677148847,0.4028776978417266,0.5628140703517588,clean2,3,NB,True,20
139,0.8075757575757576,0.7048534375714433,0.46638655462184875,0.4007220216606498,0.5577889447236181,clean2,3,NB,False,20
140,0.8068181818181818,0.6736703790708286,0.4444444444444444,0.4163265306122449,0.4766355140186916,clean2,4,NB,True,20
141,0.8075757575757576,0.6778911967010867,0.45021645021645024,0.41935483870967744,0.48598130841121495,clean2,4,NB,False,20
142,0.8227272727272728,0.7091558518871295,0.4657534246575342,0.4031620553359684,0.5513513513513514,clean2,5,NB,True,20
143,0.8227272727272728,0.7114180259554709,0.4681818181818182,0.403921568627451,0.5567567567567567,clean2,5,NB,False,20
144,1.0,1.0,1.0,1.0,1.0,clean2,0,DT,True,1
145,1.0,1.0,1.0,1.0,1.0,clean2,0,DT,False,1
146,1.0,1.0,1.0,1.0,1.0,clean2,1,DT,True,1
147,1.0,1.0,1.0,1.0,1.0,clean2,1,DT,False,1
148,1.0,1.0,1.0,1.0,1.0,clean2,2,DT,True,1
149,1.0,1.0,1.0,1.0,1.0,clean2,2,DT,False,1
150,1.0,1.0,1.0,1.0,1.0,clean2,3,DT,True,1
151,1.0,1.0,1.0,1.0,1.0,clean2,3,DT,False,1
152,1.0,1.0,1.0,1.0,1.0,clean2,4,DT,True,1
153,1.0,1.0,1.0,1.0,1.0,clean2,4,DT,False,1
154,1.0,1.0,1.0,1.0,1.0,clean2,5,DT,True,1
155,1.0,1.0,1.0,1.0,1.0,clean2,5,DT,False,1
156,1.0,1.0,1.0,1.0,1.0,clean2,0,DT,True,5
157,1.0,1.0,1.0,1.0,1.0,clean2,0,DT,False,5
158,1.0,1.0,1.0,1.0,1.0,clean2,1,DT,True,5
159,1.0,1.0,1.0,1.0,1.0,clean2,1,DT,False,5
160,1.0,1.0,1.0,1.0,1.0,clean2,2,DT,True,5
161,1.0,1.0,1.0,1.0,1.0,clean2,2,DT,False,5
162,1.0,1.0,1.0,1.0,1.0,clean2,3,DT,True,5
163,1.0,1.0,1.0,1.0,1.0,clean2,3,DT,False,5
164,1.0,1.0,1.0,1.0,1.0,clean2,4,DT,True,5
165,1.0,1.0,1.0,1.0,1.0,clean2,4,DT,False,5
166,1.0,1.0,1.0,1.0,1.0,clean2,5,DT,True,5
167,1.0,1.0,1.0,1.0,1.0,clean2,5,DT,False,5
168,1.0,1.0,1.0,1.0,1.0,clean2,0,DT,True,10
169,1.0,1.0,1.0,1.0,1.0,clean2,0,DT,False,10
170,1.0,1.0,1.0,1.0,1.0,clean2,1,DT,True,10
171,1.0,1.0,1.0,1.0,1.0,clean2,1,DT,False,10
172,1.0,1.0,1.0,1.0,1.0,clean2,2,DT,True,10
173,1.0,1.0,1.0,1.0,1.0,clean2,2,DT,False,10
174,1.0,1.0,1.0,1.0,1.0,clean2,3,DT,True,10
175,1.0,1.0,1.0,1.0,1.0,clean2,3,DT,False,10
176,1.0,1.0,1.0,1.0,1.0,clean2,4,DT,True,10
177,1.0,1.0,1.0,1.0,1.0,clean2,4,DT,False,10
178,1.0,1.0,1.0,1.0,1.0,clean2,5,DT,True,10
179,1.0,1.0,1.0,1.0,1.0,clean2,5,DT,False,10
180,1.0,1.0,1.0,1.0,1.0,clean2,0,DT,True,20
181,1.0,1.0,1.0,1.0,1.0,clean2,0,DT,False,20
182,1.0,1.0,1.0,1.0,1.0,clean2,1,DT,True,20
183,1.0,1.0,1.0,1.0,1.0,clean2,1,DT,False,20
184,1.0,1.0,1.0,1.0,1.0,clean2,2,DT,True,20
185,1.0,1.0,1.0,1.0,1.0,clean2,2,DT,False,20
186,1.0,1.0,1.0,1.0,1.0,clean2,3,DT,True,20
187,1.0,1.0,1.0,1.0,1.0,clean2,3,DT,False,20
188,1.0,1.0,1.0,1.0,1.0,clean2,4,DT,True,20
189,1.0,1.0,1.0,1.0,1.0,clean2,4,DT,False,20
190,1.0,1.0,1.0,1.0,1.0,clean2,5,DT,True,20
191,1.0,1.0,1.0,1.0,1.0,clean2,5,DT,False,20
192,1.0,1.0,1.0,1.0,1.0,clean2,0,RF,True,1
193,1.0,1.0,1.0,1.0,1.0,clean2,0,RF,False,1
194,1.0,1.0,1.0,1.0,1.0,clean2,1,RF,True,1
195,1.0,1.0,1.0,1.0,1.0,clean2,1,RF,False,1
196,1.0,1.0,1.0,1.0,1.0,clean2,2,RF,True,1
197,1.0,1.0,1.0,1.0,1.0,clean2,2,RF,False,1
198,1.0,1.0,1.0,1.0,1.0,clean2,3,RF,True,1
199,1.0,1.0,1.0,1.0,1.0,clean2,3,RF,False,1
200,1.0,1.0,1.0,1.0,1.0,clean2,4,RF,True,1
201,1.0,1.0,1.0,1.0,1.0,clean2,4,RF,False,1
202,1.0,1.0,1.0,1.0,1.0,clean2,5,RF,True,1
203,1.0,1.0,1.0,1.0,1.0,clean2,5,RF,False,1
204,1.0,1.0,1.0,1.0,1.0,clean2,0,RF,True,5
205,1.0,1.0,1.0,1.0,1.0,clean2,0,RF,False,5
206,1.0,1.0,1.0,1.0,1.0,clean2,1,RF,True,5
207,1.0,1.0,1.0,1.0,1.0,clean2,1,RF,False,5
208,1.0,1.0,1.0,1.0,1.0,clean2,2,RF,True,5
209,1.0,1.0,1.0,1.0,1.0,clean2,2,RF,False,5
210,1.0,1.0,1.0,1.0,1.0,clean2,3,RF,True,5
211,1.0,1.0,1.0,1.0,1.0,clean2,3,RF,False,5
212,1.0,1.0,1.0,1.0,1.0,clean2,4,RF,True,5
213,1.0,1.0,1.0,1.0,1.0,clean2,4,RF,False,5
214,1.0,1.0,1.0,1.0,1.0,clean2,5,RF,True,5
215,1.0,1.0,1.0,1.0,1.0,clean2,5,RF,False,5
216,1.0,1.0,1.0,1.0,1.0,clean2,0,RF,True,10
217,1.0,1.0,1.0,1.0,1.0,clean2,0,RF,False,10
218,1.0,1.0,1.0,1.0,1.0,clean2,1,RF,True,10
219,1.0,1.0,1.0,1.0,1.0,clean2,1,RF,False,10
220,1.0,1.0,1.0,1.0,1.0,clean2,2,RF,True,10
221,1.0,1.0,1.0,1.0,1.0,clean2,2,RF,False,10
222,1.0,1.0,1.0,1.0,1.0,clean2,3,RF,True,10
223,1.0,1.0,1.0,1.0,1.0,clean2,3,RF,False,10
224,1.0,1.0,1.0,1.0,1.0,clean2,4,RF,True,10
225,1.0,1.0,1.0,1.0,1.0,clean2,4,RF,False,10
226,1.0,1.0,1.0,1.0,1.0,clean2,5,RF,True,10
227,1.0,1.0,1.0,1.0,1.0,clean2,5,RF,False,10
228,1.0,1.0,1.0,1.0,1.0,clean2,0,RF,True,20
229,1.0,1.0,1.0,1.0,1.0,clean2,0,RF,False,20
230,1.0,1.0,1.0,1.0,1.0,clean2,1,RF,True,20
231,1.0,1.0,1.0,1.0,1.0,clean2,1,RF,False,20
232,1.0,1.0,1.0,1.0,1.0,clean2,2,RF,True,20
233,1.0,1.0,1.0,1.0,1.0,clean2,2,RF,False,20
234,1.0,1.0,1.0,1.0,1.0,clean2,3,RF,True,20
235,1.0,1.0,1.0,1.0,1.0,clean2,3,RF,False,20
236,1.0,1.0,1.0,1.0,1.0,clean2,4,RF,True,20
237,1.0,1.0,1.0,1.0,1.0,clean2,4,RF,False,20
238,1.0,1.0,1.0,1.0,1.0,clean2,5,RF,True,20
239,1.0,1.0,1.0,1.0,1.0,clean2,5,RF,False,20
240,0.9440203562340967,0.5,0.0,0.0,0.0,coil2000,0,KNN,True,1
241,0.9440203562340967,0.5,0.0,0.0,0.0,coil2000,0,KNN,False,1
242,0.9379134860050891,0.5,0.0,0.0,0.0,coil2000,1,KNN,True,1
243,0.9379134860050891,0.5,0.0,0.0,0.0,coil2000,1,KNN,False,1
244,0.9409669211195929,0.5,0.0,0.0,0.0,coil2000,2,KNN,True,1
245,0.9409669211195929,0.5,0.0,0.0,0.0,coil2000,2,KNN,False,1
246,0.9389312977099237,0.5,0.0,0.0,0.0,coil2000,3,KNN,True,1
247,0.9389312977099237,0.5,0.0,0.0,0.0,coil2000,3,KNN,False,1
248,0.9389312977099237,0.5,0.0,0.0,0.0,coil2000,4,KNN,True,1
249,0.9389312977099237,0.5,0.0,0.0,0.0,coil2000,4,KNN,False,1
250,0.6234096692111959,0.6495249723188865,0.16666666666666666,0.09499358151476252,0.6788990825688074,coil2000,5,KNN,True,1
251,0.6234096692111959,0.6495249723188865,0.16666666666666666,0.09499358151476252,0.6788990825688074,coil2000,5,KNN,False,1
252,0.9318066157760814,0.5448419505023279,0.1518987341772152,0.25,0.10909090909090909,coil2000,0,KNN,True,5
253,0.9318066157760814,0.5448419505023279,0.1518987341772152,0.25,0.10909090909090909,coil2000,0,KNN,False,5
254,0.932824427480916,0.49728703201302227,0.0,0.0,0.0,coil2000,1,KNN,True,5
255,0.932824427480916,0.49728703201302227,0.0,0.0,0.0,coil2000,1,KNN,False,5
256,0.9256997455470738,0.5201670054642771,0.0875,0.1590909090909091,0.0603448275862069,coil2000,2,KNN,True,5
257,0.9256997455470738,0.5201670054642771,0.0875,0.1590909090909091,0.0603448275862069,coil2000,2,KNN,False,5
258,0.9374045801526718,0.4991869918699187,0.0,0.0,0.0,coil2000,3,KNN,True,5
259,0.9374045801526718,0.4991869918699187,0.0,0.0,0.0,coil2000,3,KNN,False,5
260,0.9318066157760814,0.5117886178861789,0.056338028169014086,0.18181818181818182,0.03333333333333333,coil2000,4,KNN,True,5
261,0.9389312977099237,0.5,0.0,0.0,0.0,coil2000,4,KNN,False,5
262,0.9379134860050891,0.5051333636507435,0.031746031746031744,0.11764705882352941,0.01834862385321101,coil2000,5,KNN,True,5
263,0.9195928753180661,0.5213416442581462,0.09195402298850575,0.12307692307692308,0.07339449541284404,coil2000,5,KNN,False,5
264,0.9394402035623409,0.5104018622886547,0.048,0.2,0.02727272727272727,coil2000,0,KNN,True,10
265,0.9399491094147583,0.5320509679000245,0.11940298507462686,0.3333333333333333,0.07272727272727272,coil2000,0,KNN,False,10
266,0.9323155216284987,0.5161510544995241,0.06993006993006994,0.23809523809523808,0.040983606557377046,coil2000,1,KNN,True,10
267,0.9318066157760814,0.5197068215578663,0.0821917808219178,0.25,0.04918032786885246,coil2000,1,KNN,False,10
268,0.9333333333333333,0.5080635385390053,0.043795620437956206,0.14285714285714285,0.02586206896551724,coil2000,2,KNN,True,10
269,0.9333333333333333,0.5080635385390053,0.043795620437956206,0.14285714285714285,0.02586206896551724,coil2000,2,KNN,False,10
270,0.9353689567430026,0.5058943089430894,0.030534351145038167,0.18181818181818182,0.016666666666666666,coil2000,3,KNN,True,10
271,0.9374045801526718,0.5108739837398374,0.046511627906976744,0.3333333333333333,0.025,coil2000,3,KNN,False,10
272,0.9368956743002544,0.5417682926829268,0.1506849315068493,0.4230769230769231,0.09166666666666666,coil2000,4,KNN,True,10
273,0.9374045801526718,0.5225609756097561,0.08888888888888889,0.4,0.05,coil2000,4,KNN,False,10
274,0.9363867684478372,0.5129606928187282,0.06015037593984962,0.16666666666666666,0.03669724770642202,coil2000,5,KNN,True,10
275,0.9384223918575063,0.5226737978487821,0.09022556390977443,0.25,0.05504587155963303,coil2000,5,KNN,False,10
276,0.9399491094147583,0.5234991423670668,0.09230769230769231,0.3,0.05454545454545454,coil2000,0,KNN,True,20
277,0.9374045801526718,0.5093236951727518,0.046511627906976744,0.15789473684210525,0.02727272727272727,coil2000,0,KNN,False,20
278,0.9318066157760814,0.5043985661297066,0.028985507246376812,0.125,0.01639344262295082,coil2000,1,KNN,True,20
279,0.932824427480916,0.5049411597271021,0.029411764705882353,0.14285714285714285,0.01639344262295082,coil2000,1,KNN,False,20
280,0.9363867684478372,0.5177658939594562,0.07407407407407407,0.2631578947368421,0.04310344827586207,coil2000,2,KNN,True,20
281,0.9363867684478372,0.5177658939594562,0.07407407407407407,0.2631578947368421,0.04310344827586207,coil2000,2,KNN,False,20
282,0.9389312977099237,0.527269647696477,0.1044776119402985,0.5,0.058333333333333334,coil2000,3,KNN,True,20
283,0.9358778625954198,0.5139566395663957,0.05970149253731343,0.2857142857142857,0.03333333333333333,coil2000,3,KNN,False,20
284,0.934351145038168,0.5209349593495934,0.0851063829787234,0.2857142857142857,0.05,coil2000,4,KNN,True,20
285,0.934351145038168,0.5209349593495934,0.0851063829787234,0.2857142857142857,0.05,coil2000,4,KNN,False,20
286,0.9384223918575063,0.5226737978487821,0.09022556390977443,0.25,0.05504587155963303,coil2000,5,KNN,True,20
287,0.9389312977099237,0.514307675577349,0.0625,0.21052631578947367,0.03669724770642202,coil2000,5,KNN,False,20
288,0.9440203562340967,0.5,0.0,0.0,0.0,coil2000,0,LR,True,1
289,0.9440203562340967,0.5,0.0,0.0,0.0,coil2000,0,LR,False,1
290,0.9379134860050891,0.5,0.0,0.0,0.0,coil2000,1,LR,True,1
291,0.9379134860050891,0.5,0.0,0.0,0.0,coil2000,1,LR,False,1
292,0.9409669211195929,0.5,0.0,0.0,0.0,coil2000,2,LR,True,1
293,0.9409669211195929,0.5,0.0,0.0,0.0,coil2000,2,LR,False,1
294,0.9389312977099237,0.5,0.0,0.0,0.0,coil2000,3,LR,True,1
295,0.9389312977099237,0.5,0.0,0.0,0.0,coil2000,3,LR,False,1
296,0.9389312977099237,0.5,0.0,0.0,0.0,coil2000,4,LR,True,1
297,0.9389312977099237,0.5,0.0,0.0,0.0,coil2000,4,LR,False,1
298,0.944529262086514,0.5,0.0,0.0,0.0,coil2000,5,LR,True,1
299,0.944529262086514,0.5,0.0,0.0,0.0,coil2000,5,LR,False,1
300,0.9440203562340967,0.5,0.0,0.0,0.0,coil2000,0,LR,True,5
301,0.9440203562340967,0.5,0.0,0.0,0.0,coil2000,0,LR,False,5
302,0.9379134860050891,0.5,0.0,0.0,0.0,coil2000,1,LR,True,5
303,0.9379134860050891,0.5,0.0,0.0,0.0,coil2000,1,LR,False,5
304,0.9409669211195929,0.5,0.0,0.0,0.0,coil2000,2,LR,True,5
305,0.9409669211195929,0.5,0.0,0.0,0.0,coil2000,2,LR,False,5
306,0.9389312977099237,0.5,0.0,0.0,0.0,coil2000,3,LR,True,5
307,0.9389312977099237,0.5,0.0,0.0,0.0,coil2000,3,LR,False,5
308,0.9389312977099237,0.5,0.0,0.0,0.0,coil2000,4,LR,True,5
309,0.9389312977099237,0.5,0.0,0.0,0.0,coil2000,4,LR,False,5
310,0.944529262086514,0.5,0.0,0.0,0.0,coil2000,5,LR,True,5
311,0.944529262086514,0.5,0.0,0.0,0.0,coil2000,5,LR,False,5
312,0.9440203562340967,0.5,0.0,0.0,0.0,coil2000,0,LR,True,10
313,0.9435114503816794,0.5040063709875031,0.017699115044247787,0.3333333333333333,0.00909090909090909,coil2000,0,LR,False,10
314,0.9379134860050891,0.5,0.0,0.0,0.0,coil2000,1,LR,True,10
315,0.9374045801526718,0.49972870320130225,0.0,0.0,0.0,coil2000,1,LR,False,10
316,0.9409669211195929,0.5,0.0,0.0,0.0,coil2000,2,LR,True,10
317,0.9409669211195929,0.5,0.0,0.0,0.0,coil2000,2,LR,False,10
318,0.9389312977099237,0.5,0.0,0.0,0.0,coil2000,3,LR,True,10
319,0.9384223918575063,0.4997289972899729,0.0,0.0,0.0,coil2000,3,LR,False,10
320,0.9389312977099237,0.5,0.0,0.0,0.0,coil2000,4,LR,True,10
321,0.9389312977099237,0.5,0.0,0.0,0.0,coil2000,4,LR,False,10
322,0.944529262086514,0.5,0.0,0.0,0.0,coil2000,5,LR,True,10
323,0.944529262086514,0.5,0.0,0.0,0.0,coil2000,5,LR,False,10
324,0.9435114503816794,0.5040063709875031,0.017699115044247787,0.3333333333333333,0.00909090909090909,coil2000,0,LR,True,20
325,0.9435114503816794,0.5040063709875031,0.017699115044247787,0.3333333333333333,0.00909090909090909,coil2000,0,LR,False,20
326,0.9374045801526718,0.49972870320130225,0.0,0.0,0.0,coil2000,1,LR,True,20
327,0.9374045801526718,0.49972870320130225,0.0,0.0,0.0,coil2000,1,LR,False,20
328,0.9409669211195929,0.5040399283862665,0.01694915254237288,0.5,0.008620689655172414,coil2000,2,LR,True,20
329,0.9409669211195929,0.5040399283862665,0.01694915254237288,0.5,0.008620689655172414,coil2000,2,LR,False,20
330,0.9384223918575063,0.4997289972899729,0.0,0.0,0.0,coil2000,3,LR,True,20
331,0.9384223918575063,0.4997289972899729,0.0,0.0,0.0,coil2000,3,LR,False,20
332,0.9384223918575063,0.4997289972899729,0.0,0.0,0.0,coil2000,4,LR,True,20
333,0.9384223918575063,0.4997289972899729,0.0,0.0,0.0,coil2000,4,LR,False,20
334,0.9450381679389313,0.5045871559633027,0.01818181818181818,1.0,0.009174311926605505,coil2000,5,LR,True,20
335,0.944529262086514,0.5,0.0,0.0,0.0,coil2000,5,LR,False,20
336,0.9440203562340967,0.5,0.0,0.0,0.0,coil2000,0,NB,True,1
337,0.9440203562340967,0.5,0.0,0.0,0.0,coil2000,0,NB,False,1
338,0.9379134860050891,0.5,0.0,0.0,0.0,coil2000,1,NB,True,1
339,0.9379134860050891,0.5,0.0,0.0,0.0,coil2000,1,NB,False,1
340,0.9409669211195929,0.5,0.0,0.0,0.0,coil2000,2,NB,True,1
341,0.9409669211195929,0.5,0.0,0.0,0.0,coil2000,2,NB,False,1
342,0.9389312977099237,0.5,0.0,0.0,0.0,coil2000,3,NB,True,1
343,0.9389312977099237,0.5,0.0,0.0,0.0,coil2000,3,NB,False,1
344,0.9389312977099237,0.5,0.0,0.0,0.0,coil2000,4,NB,True,1
345,0.9389312977099237,0.5,0.0,0.0,0.0,coil2000,4,NB,False,1
346,0.944529262086514,0.5,0.0,0.0,0.0,coil2000,5,NB,True,1
347,0.944529262086514,0.5,0.0,0.0,0.0,coil2000,5,NB,False,1
348,0.9419847328244275,0.5160254839500122,0.06557377049180328,0.3333333333333333,0.03636363636363636,coil2000,0,NB,True,5
349,0.9419847328244275,0.5160254839500122,0.06557377049180328,0.3333333333333333,0.03636363636363636,coil2000,0,NB,False,5
350,0.9363867684478372,0.5106673011750265,0.04580152671755725,0.3333333333333333,0.02459016393442623,coil2000,1,NB,True,5
351,0.9363867684478372,0.5106673011750265,0.04580152671755725,0.3333333333333333,0.02459016393442623,coil2000,1,NB,False,5
352,0.9358778625954198,0.5094156207456034,0.045454545454545456,0.1875,0.02586206896551724,coil2000,2,NB,True,5
353,0.9358778625954198,0.5094156207456034,0.045454545454545456,0.1875,0.02586206896551724,coil2000,2,NB,False,5
354,0.9302798982188295,0.49928861788617884,0.014388489208633094,0.05263157894736842,0.008333333333333333,coil2000,3,NB,True,5
355,0.9302798982188295,0.49928861788617884,0.014388489208633094,0.05263157894736842,0.008333333333333333,coil2000,3,NB,False,5
356,0.9358778625954198,0.510060975609756,0.045454545454545456,0.25,0.025,coil2000,4,NB,True,5
357,0.9297709923664123,0.5223915989159892,0.09210526315789473,0.21875,0.058333333333333334,coil2000,4,NB,False,5
358,0.9374045801526718,0.5091817265105979,0.046511627906976744,0.15,0.027522935779816515,coil2000,5,NB,True,5
359,0.9363867684478372,0.5086429334071496,0.04580152671755725,0.13636363636363635,0.027522935779816515,coil2000,5,NB,False,5
360,0.9007633587786259,0.5711590296495956,0.18410041841004185,0.17054263565891473,0.2,coil2000,0,NB,True,10
361,0.9318066157760814,0.5277382994364126,0.10666666666666667,0.2,0.07272727272727272,coil2000,0,NB,False,10
362,0.9027989821882951,0.5807841811728917,0.2139917695473251,0.21487603305785125,0.21311475409836064,coil2000,1,NB,True,10
363,0.9358778625954198,0.5180501320904085,0.07352941176470588,0.35714285714285715,0.040983606557377046,coil2000,1,NB,False,10
364,0.9048346055979644,0.5817986423229705,0.2109704641350211,0.2066115702479339,0.21551724137931033,coil2000,2,NB,True,10
365,0.9048346055979644,0.5817986423229705,0.2109704641350211,0.2066115702479339,0.21551724137931033,coil2000,2,NB,False,10
366,0.8951653944020356,0.5818766937669377,0.2076923076923077,0.19285714285714287,0.225,coil2000,3,NB,True,10
367,0.9231552162849873,0.5344512195121951,0.12716763005780346,0.20754716981132076,0.09166666666666666,coil2000,3,NB,False,10
368,0.8926208651399491,0.5844173441734417,0.20973782771535582,0.19047619047619047,0.23333333333333334,coil2000,4,NB,True,10
369,0.9282442748091603,0.5410569105691057,0.14545454545454545,0.26666666666666666,0.1,coil2000,4,NB,False,10
370,0.9089058524173028,0.6020395049035115,0.23829787234042554,0.2222222222222222,0.25688073394495414,coil2000,5,NB,True,10
371,0.905852417302799,0.6176941632394812,0.2570281124497992,0.22857142857142856,0.29357798165137616,coil2000,5,NB,False,10
372,0.9236641221374046,0.540529282038716,0.13793103448275862,0.1875,0.10909090909090909,coil2000,0,NB,True,20
373,0.9206106870229007,0.5560156824307768,0.1702127659574468,0.20512820512820512,0.14545454545454545,coil2000,0,NB,False,20
374,0.9190839694656489,0.5626762317319409,0.19289340101522842,0.25333333333333335,0.1557377049180328,coil2000,1,NB,True,20
375,0.9017811704834605,0.587895715289576,0.2248995983935743,0.2204724409448819,0.22950819672131148,coil2000,1,NB,False,20
376,0.9221374045801527,0.562713302623972,0.19047619047619047,0.2465753424657534,0.15517241379310345,coil2000,2,NB,True,20
377,0.9221374045801527,0.562713302623972,0.19047619047619047,0.2465753424657534,0.15517241379310345,coil2000,2,NB,False,20
378,0.917557251908397,0.558739837398374,0.18181818181818182,0.23076923076923078,0.15,coil2000,3,NB,True,20
379,0.9083969465648855,0.5460704607046071,0.1509433962264151,0.17391304347826086,0.13333333333333333,coil2000,3,NB,False,20
380,0.917557251908397,0.5626355013550135,0.19,0.2375,0.15833333333333333,coil2000,4,NB,True,20
381,0.917557251908397,0.5626355013550135,0.19,0.2375,0.15833333333333333,coil2000,4,NB,False,20
382,0.9201017811704835,0.5906951913951282,0.23414634146341465,0.25,0.22018348623853212,coil2000,5,NB,True,20
383,0.8417302798982188,0.6226100324264473,0.20865139949109415,0.1443661971830986,0.3761467889908257,coil2000,5,NB,False,20
384,0.9440203562340967,0.5,0.0,0.0,0.0,coil2000,0,DT,True,1
385,0.9440203562340967,0.5,0.0,0.0,0.0,coil2000,0,DT,False,1
386,0.9379134860050891,0.5,0.0,0.0,0.0,coil2000,1,DT,True,1
387,0.9379134860050891,0.5,0.0,0.0,0.0,coil2000,1,DT,False,1
388,0.9409669211195929,0.5,0.0,0.0,0.0,coil2000,2,DT,True,1
389,0.9409669211195929,0.5,0.0,0.0,0.0,coil2000,2,DT,False,1
390,0.9389312977099237,0.5,0.0,0.0,0.0,coil2000,3,DT,True,1
391,0.9389312977099237,0.5,0.0,0.0,0.0,coil2000,3,DT,False,1
392,0.9389312977099237,0.5,0.0,0.0,0.0,coil2000,4,DT,True,1
393,0.9389312977099237,0.5,0.0,0.0,0.0,coil2000,4,DT,False,1
394,0.944529262086514,0.5,0.0,0.0,0.0,coil2000,5,DT,True,1
395,0.944529262086514,0.5,0.0,0.0,0.0,coil2000,5,DT,False,1
396,0.9419847328244275,0.5074736584170546,0.03389830508474576,0.25,0.01818181818181818,coil2000,0,DT,True,5
397,0.9419847328244275,0.5074736584170546,0.03389830508474576,0.25,0.01818181818181818,coil2000,0,DT,False,5
398,0.9363867684478372,0.4991861096039067,0.0,0.0,0.0,coil2000,1,DT,True,5
399,0.9363867684478372,0.4991861096039067,0.0,0.0,0.0,coil2000,1,DT,False,5
400,0.9389312977099237,0.5029582626209881,0.01639344262295082,0.16666666666666666,0.008620689655172414,coil2000,2,DT,True,5
401,0.9389312977099237,0.5029582626209881,0.01639344262295082,0.16666666666666666,0.008620689655172414,coil2000,2,DT,False,5
402,0.9374045801526718,0.5030826558265583,0.016,0.2,0.008333333333333333,coil2000,3,DT,True,5
403,0.9374045801526718,0.5030826558265583,0.016,0.2,0.008333333333333333,coil2000,3,DT,False,5
404,0.9368956743002544,0.4989159891598916,0.0,0.0,0.0,coil2000,4,DT,True,5
405,0.9389312977099237,0.5,0.0,0.0,0.0,coil2000,4,DT,False,5
406,0.9414758269720102,0.5027013801012338,0.017094017094017096,0.125,0.009174311926605505,coil2000,5,DT,True,5
407,0.9435114503816794,0.4994612068965517,0.0,0.0,0.0,coil2000,5,DT,False,5
408,0.9043256997455471,0.5388385199705954,0.12962962962962962,0.1320754716981132,0.12727272727272726,coil2000,0,DT,True,10
409,0.9150127226463104,0.5359470717961284,0.1256544502617801,0.14814814814814814,0.10909090909090909,coil2000,0,DT,False,10
410,0.9068702290076336,0.5446839169920745,0.14883720930232558,0.17204301075268819,0.13114754098360656,coil2000,1,DT,True,10
411,0.9150127226463104,0.5222352187719594,0.0972972972972973,0.14285714285714285,0.07377049180327869,coil2000,1,DT,False,10
412,0.9094147582697201,0.547873034818448,0.1523809523809524,0.1702127659574468,0.13793103448275862,coil2000,2,DT,True,10
413,0.9094147582697201,0.547873034818448,0.1523809523809524,0.1702127659574468,0.13793103448275862,coil2000,2,DT,False,10
414,0.9073791348600508,0.5299457994579946,0.11650485436893204,0.13953488372093023,0.1,coil2000,3,DT,True,10
415,0.9165394402035624,0.5231368563685637,0.0989010989010989,0.14516129032258066,0.075,coil2000,3,DT,False,10
416,0.9053435114503817,0.548340108401084,0.15454545454545454,0.17,0.14166666666666666,coil2000,4,DT,True,10
417,0.9170483460559796,0.5428861788617886,0.14659685863874344,0.19718309859154928,0.11666666666666667,coil2000,4,DT,False,10
418,0.9083969465648855,0.5370037171781082,0.1262135922330097,0.13402061855670103,0.11926605504587157,coil2000,5,DT,True,10
419,0.9048346055979644,0.5135291442581462,0.07881773399014778,0.0851063829787234,0.07339449541284404,coil2000,5,DT,False,10
420,0.910941475826972,0.54234256309728,0.13793103448275862,0.15053763440860216,0.12727272727272726,coil2000,0,DT,True,20
421,0.899236641221374,0.5233153638814017,0.1,0.1,0.1,coil2000,0,DT,False,20
422,0.8961832061068702,0.554294939647581,0.16393442622950818,0.16393442622950818,0.16393442622950818,coil2000,1,DT,True,20
423,0.8921119592875318,0.5368163098298391,0.13114754098360656,0.13114754098360656,0.13114754098360656,coil2000,1,DT,False,20
424,0.9038167938931297,0.5489383823501987,0.15246636771300448,0.1588785046728972,0.14655172413793102,coil2000,2,DT,True,20
425,0.9038167938931297,0.5489383823501987,0.15246636771300448,0.1588785046728972,0.14655172413793102,coil2000,2,DT,False,20
426,0.8982188295165394,0.5367547425474255,0.13043478260869565,0.13636363636363635,0.125,coil2000,3,DT,True,20
427,0.9012722646310433,0.5422764227642276,0.1415929203539823,0.1509433962264151,0.13333333333333333,coil2000,3,DT,False,20
428,0.8951653944020356,0.542920054200542,0.14166666666666666,0.14166666666666666,0.14166666666666666,coil2000,4,DT,True,20
429,0.8951653944020356,0.542920054200542,0.14166666666666666,0.14166666666666666,0.14166666666666666,coil2000,4,DT,False,20
430,0.8921119592875318,0.5283830275229358,0.1092436974789916,0.10077519379844961,0.11926605504587157,coil2000,5,DT,True,20
431,0.8982188295165394,0.5229802673204682,0.0990990990990991,0.09734513274336283,0.10091743119266056,coil2000,5,DT,False,20
432,0.9440203562340967,0.5,0.0,0.0,0.0,coil2000,0,RF,True,1
433,0.9440203562340967,0.5,0.0,0.0,0.0,coil2000,0,RF,False,1
434,0.9379134860050891,0.5,0.0,0.0,0.0,coil2000,1,RF,True,1
435,0.9379134860050891,0.5,0.0,0.0,0.0,coil2000,1,RF,False,1
436,0.9409669211195929,0.5,0.0,0.0,0.0,coil2000,2,RF,True,1
437,0.9409669211195929,0.5,0.0,0.0,0.0,coil2000,2,RF,False,1
438,0.9389312977099237,0.5,0.0,0.0,0.0,coil2000,3,RF,True,1
439,0.9389312977099237,0.5,0.0,0.0,0.0,coil2000,3,RF,False,1
440,0.9389312977099237,0.5,0.0,0.0,0.0,coil2000,4,RF,True,1
441,0.9389312977099237,0.5,0.0,0.0,0.0,coil2000,4,RF,False,1
442,0.944529262086514,0.5,0.0,0.0,0.0,coil2000,5,RF,True,1
443,0.944529262086514,0.5,0.0,0.0,0.0,coil2000,5,RF,False,1
444,0.9424936386768448,0.5120191129625092,0.05042016806722689,0.3333333333333333,0.02727272727272727,coil2000,0,RF,True,5
445,0.9424936386768448,0.5120191129625092,0.05042016806722689,0.3333333333333333,0.02727272727272727,coil2000,0,RF,False,5
446,0.9363867684478372,0.4991861096039067,0.0,0.0,0.0,coil2000,1,RF,True,5
447,0.9363867684478372,0.4991861096039067,0.0,0.0,0.0,coil2000,1,RF,False,5
448,0.9384223918575063,0.5026878461796684,0.016260162601626018,0.14285714285714285,0.008620689655172414,coil2000,2,RF,True,5
449,0.9384223918575063,0.5026878461796684,0.016260162601626018,0.14285714285714285,0.008620689655172414,coil2000,2,RF,False,5
450,0.9363867684478372,0.5025406504065041,0.015748031496062992,0.14285714285714285,0.008333333333333333,coil2000,3,RF,True,5
451,0.9363867684478372,0.5025406504065041,0.015748031496062992,0.14285714285714285,0.008333333333333333,coil2000,3,RF,False,5
452,0.9363867684478372,0.5064363143631436,0.031007751937984496,0.2222222222222222,0.016666666666666666,coil2000,4,RF,True,5
453,0.9389312977099237,0.5,0.0,0.0,0.0,coil2000,4,RF,False,5
454,0.9394402035623409,0.5016237938943372,0.01652892561983471,0.08333333333333333,0.009174311926605505,coil2000,5,RF,True,5
455,0.9430025445292621,0.49919181034482757,0.0,0.0,0.0,coil2000,5,RF,False,5
456,0.926208651399491,0.5290492526341584,0.11042944785276074,0.16981132075471697,0.08181818181818182,coil2000,0,RF,True,10
457,0.9282442748091603,0.5515069835824553,0.16568047337278108,0.23728813559322035,0.12727272727272726,coil2000,0,RF,False,10
458,0.917557251908397,0.5235917027654484,0.1,0.15517241379310345,0.07377049180327869,coil2000,1,RF,True,10
459,0.926208651399491,0.5167225567721907,0.07643312101910828,0.17142857142857143,0.04918032786885246,coil2000,1,RF,False,10
460,0.927735368956743,0.5212486712295555,0.08974358974358974,0.175,0.0603448275862069,coil2000,2,RF,True,10
461,0.927735368956743,0.5212486712295555,0.08974358974358974,0.175,0.0603448275862069,coil2000,2,RF,False,10
462,0.9272264631043257,0.5210365853658536,0.08917197452229299,0.1891891891891892,0.058333333333333334,coil2000,3,RF,True,10
463,0.9282442748091603,0.5176829268292683,0.0784313725490196,0.18181818181818182,0.05,coil2000,3,RF,False,10
464,0.9267175572519084,0.5402439024390244,0.14285714285714285,0.25,0.1,coil2000,4,RF,True,10
465,0.9272264631043257,0.5366192411924119,0.13333333333333333,0.24444444444444444,0.09166666666666666,coil2000,4,RF,False,10
466,0.9236641221374046,0.5191790572603606,0.08536585365853659,0.12727272727272726,0.06422018348623854,coil2000,5,RF,True,10
467,0.9246819338422392,0.506764572129073,0.05128205128205128,0.0851063829787234,0.03669724770642202,coil2000,5,RF,False,10
468,0.9307888040712469,0.53147512864494,0.11688311688311688,0.20454545454545456,0.08181818181818182,coil2000,0,RF,True,20
469,0.932824427480916,0.5282773829943641,0.10810810810810811,0.21052631578947367,0.07272727272727272,coil2000,0,RF,False,20
470,0.9267175572519084,0.5323021089990483,0.12195121951219512,0.23809523809523808,0.08196721311475409,coil2000,1,RF,True,20
471,0.9241730279898219,0.5156373695773997,0.07453416149068323,0.15384615384615385,0.04918032786885246,coil2000,1,RF,False,20
472,0.9287531806615776,0.5177495757259283,0.07894736842105263,0.16666666666666666,0.05172413793103448,coil2000,2,RF,True,20
473,0.9287531806615776,0.5177495757259283,0.07894736842105263,0.16666666666666666,0.05172413793103448,coil2000,2,RF,False,20
474,0.9272264631043257,0.5288279132791328,0.11180124223602485,0.21951219512195122,0.075,coil2000,3,RF,True,20
475,0.927735368956743,0.5213075880758807,0.08974358974358974,0.19444444444444445,0.058333333333333334,coil2000,3,RF,False,20
476,0.9287531806615776,0.5374322493224932,0.13580246913580246,0.2619047619047619,0.09166666666666666,coil2000,4,RF,True,20
477,0.9287531806615776,0.5374322493224932,0.13580246913580246,0.2619047619047619,0.09166666666666666,coil2000,4,RF,False,20
478,0.9256997455470738,0.5159388840556786,0.0759493670886076,0.12244897959183673,0.05504587155963303,coil2000,5,RF,True,20
479,0.9241730279898219,0.5108129349889275,0.06289308176100629,0.1,0.045871559633027525,coil2000,5,RF,False,20
480,0.661190053285968,0.3333333333333333,0.2653479461819478,0.220396684428656,0.3333333333333333,connect_4,0,KNN,True,1
481,0.661190053285968,0.3333333333333333,0.2653479461819478,0.220396684428656,0.3333333333333333,connect_4,0,KNN,False,1
482,0.4348727057430432,0.3954380297927352,0.30455835435038864,0.3537133175932667,0.3954380297927352,connect_4,1,KNN,True,1
483,0.4348727057430432,0.3954380297927352,0.30455835435038864,0.3537133175932667,0.3954380297927352,connect_4,1,KNN,False,1
484,0.6526050917702783,0.3333333333333333,0.26326317360800117,0.21753503059009274,0.3333333333333333,connect_4,2,KNN,True,1
485,0.6526050917702783,0.3333333333333333,0.26326317360800117,0.21753503059009274,0.3333333333333333,connect_4,2,KNN,False,1
486,0.465660153937241,0.2702714213895601,0.25809034297880035,0.2472059562806593,0.2702714213895601,connect_4,3,KNN,True,1
487,0.465660153937241,0.2702714213895601,0.25809034297880035,0.2472059562806593,0.2702714213895601,connect_4,3,KNN,False,1
488,0.6602279455298994,0.3333333333333333,0.265115380614868,0.2200759818432998,0.3333333333333333,connect_4,4,KNN,True,1
489,0.6602279455298994,0.3333333333333333,0.265115380614868,0.2200759818432998,0.3333333333333333,connect_4,4,KNN,False,1
490,0.5897720544701006,0.39402311793203637,0.36969773594640465,0.35075952755822026,0.39402311793203637,connect_4,5,KNN,True,1
491,0.5897720544701006,0.39402311793203637,0.36969773594640465,0.35075952755822026,0.39402311793203637,connect_4,5,KNN,False,1
492,0.6485346358792184,0.4128837739381728,0.39525406231482435,0.380385221773218,0.4128837739381728,connect_4,0,KNN,True,5
493,0.6485346358792184,0.4128837739381728,0.39525406231482435,0.380385221773218,0.4128837739381728,connect_4,0,KNN,False,5
494,0.6197454114860864,0.4180722622950946,0.41052125495354735,0.4315865221873662,0.4180722622950946,connect_4,1,KNN,True,5
495,0.6197454114860864,0.4180722622950946,0.41052125495354735,0.4315865221873662,0.4180722622950946,connect_4,1,KNN,False,5
496,0.5788928359976317,0.3544461082797268,0.35003680104993884,0.3559195829527216,0.3544461082797268,connect_4,2,KNN,True,5
497,0.5788928359976317,0.3544461082797268,0.35003680104993884,0.3559195829527216,0.3544461082797268,connect_4,2,KNN,False,5
498,0.6551953818827708,0.382707988927843,0.36496411788240585,0.37980439008801015,0.382707988927843,connect_4,3,KNN,True,5
499,0.6551953818827708,0.382707988927843,0.36496411788240585,0.37980439008801015,0.382707988927843,connect_4,3,KNN,False,5
500,0.5981349911190054,0.39959793060828436,0.39449036225181167,0.41719245471913946,0.39959793060828436,connect_4,4,KNN,True,5
501,0.5981349911190054,0.39959793060828436,0.39449036225181167,0.41719245471913946,0.39959793060828436,connect_4,4,KNN,False,5
502,0.6181912374185908,0.4025281892590106,0.381707305051326,0.36294444031175366,0.4025281892590106,connect_4,5,KNN,True,5
503,0.6181912374185908,0.4025281892590106,0.381707305051326,0.36294444031175366,0.4025281892590106,connect_4,5,KNN,False,5
504,0.6210775606867969,0.41891952757170925,0.41343604864627786,0.4159156138586111,0.41891952757170925,connect_4,0,KNN,True,10
505,0.6210775606867969,0.41891952757170925,0.41343604864627786,0.4159156138586111,0.41891952757170925,connect_4,0,KNN,False,10
506,0.6321788040260509,0.42205329113601425,0.42700585390655377,0.442586852616955,0.42205329113601425,connect_4,1,KNN,True,10
507,0.6321788040260509,0.42205329113601425,0.42700585390655377,0.442586852616955,0.42205329113601425,connect_4,1,KNN,False,10
508,0.6007252812314979,0.4022200377381912,0.4000321973707934,0.4080969395596123,0.4022200377381912,connect_4,2,KNN,True,10
509,0.6007252812314979,0.4022200377381912,0.4000321973707934,0.4080969395596123,0.4022200377381912,connect_4,2,KNN,False,10
510,0.6289964476021315,0.41149064668843033,0.41427974657573446,0.4302138530802136,0.41149064668843033,connect_4,3,KNN,True,10
511,0.6289964476021315,0.41149064668843033,0.41427974657573446,0.4302138530802136,0.41149064668843033,connect_4,3,KNN,False,10
512,0.6016873889875666,0.41940901053482,0.4138370985476856,0.42150125441544056,0.41940901053482,connect_4,4,KNN,True,10
513,0.6049437537004144,0.41037744868754117,0.41214173882601157,0.416481897901048,0.41037744868754117,connect_4,4,KNN,False,10
514,0.6316607460035524,0.4161336988280846,0.420874052731689,0.44091899593596157,0.4161336988280846,connect_4,5,KNN,True,10
515,0.6316607460035524,0.4161336988280846,0.420874052731689,0.44091899593596157,0.4161336988280846,connect_4,5,KNN,False,10
516,0.658303730017762,0.45301310446156684,0.45680844894407824,0.4711903144705826,0.45301310446156684,connect_4,0,KNN,True,20
517,0.6423919478981646,0.43196081869149155,0.4357969035478934,0.44853703211394064,0.43196081869149155,connect_4,0,KNN,False,20
518,0.6506068679692125,0.4524586950024963,0.4568194868582465,0.4685103181376972,0.4524586950024963,connect_4,1,KNN,True,20
519,0.6452782711663706,0.44296434124751194,0.4451681649426769,0.4536382754301827,0.44296434124751194,connect_4,1,KNN,False,20
520,0.6527531083481349,0.4553335420226552,0.46057358516859875,0.4730198721905901,0.4553335420226552,connect_4,2,KNN,True,20
521,0.6552693901716993,0.4469677827676983,0.450133696957107,0.464152432983359,0.4469677827676983,connect_4,2,KNN,False,20
522,0.6417258732978094,0.4385526694951481,0.440703268284204,0.44902859473213397,0.4385526694951481,connect_4,3,KNN,True,20
523,0.6291444641799881,0.4352060335032471,0.43793046498085325,0.443018192349723,0.4352060335032471,connect_4,3,KNN,False,20
524,0.6505328596802842,0.453277038842092,0.4567317758640208,0.46571007372705003,0.453277038842092,connect_4,4,KNN,True,20
525,0.6397276494967437,0.44327293377332566,0.44443882834645626,0.4506716385587229,0.44327293377332566,connect_4,4,KNN,False,20
526,0.6542332741267022,0.4518196952739484,0.45542248512242717,0.4677364059992543,0.4518196952739484,connect_4,5,KNN,True,20
527,0.653789224393132,0.44798405607475145,0.44910800217984953,0.4614058976959761,0.44798405607475145,connect_4,5,KNN,False,20
528,0.661190053285968,0.3333333333333333,0.2653479461819478,0.220396684428656,0.3333333333333333,connect_4,0,LR,True,1
529,0.661190053285968,0.3333333333333333,0.2653479461819478,0.220396684428656,0.3333333333333333,connect_4,0,LR,False,1
530,0.6577856719952635,0.3333333333333333,0.26452380952380955,0.21926189066508783,0.3333333333333333,connect_4,1,LR,True,1
531,0.6577856719952635,0.3333333333333333,0.26452380952380955,0.21926189066508783,0.3333333333333333,connect_4,1,LR,False,1
532,0.6526050917702783,0.3333333333333333,0.26326317360800117,0.21753503059009274,0.3333333333333333,connect_4,2,LR,True,1
533,0.6526050917702783,0.3333333333333333,0.26326317360800117,0.21753503059009274,0.3333333333333333,connect_4,2,LR,False,1
534,0.6552693901716993,0.3333333333333333,0.26391248621419416,0.2184231300572331,0.3333333333333333,connect_4,3,LR,True,1
535,0.6552693901716993,0.3333333333333333,0.26391248621419416,0.2184231300572331,0.3333333333333333,connect_4,3,LR,False,1
536,0.6602279455298994,0.3333333333333333,0.265115380614868,0.2200759818432998,0.3333333333333333,connect_4,4,LR,True,1
537,0.6602279455298994,0.3333333333333333,0.265115380614868,0.2200759818432998,0.3333333333333333,connect_4,4,LR,False,1
538,0.6561574896388396,0.3333333333333333,0.2641284594989126,0.21871916321294652,0.3333333333333333,connect_4,5,LR,True,1
539,0.6561574896388396,0.3333333333333333,0.2641284594989126,0.21871916321294652,0.3333333333333333,connect_4,5,LR,False,1
540,0.661190053285968,0.3333333333333333,0.2653479461819478,0.220396684428656,0.3333333333333333,connect_4,0,LR,True,5
541,0.661190053285968,0.3333333333333333,0.2653479461819478,0.220396684428656,0.3333333333333333,connect_4,0,LR,False,5
542,0.6577856719952635,0.3333333333333333,0.26452380952380955,0.21926189066508783,0.3333333333333333,connect_4,1,LR,True,5
543,0.6577856719952635,0.3333333333333333,0.26452380952380955,0.21926189066508783,0.3333333333333333,connect_4,1,LR,False,5
544,0.6526050917702783,0.3333333333333333,0.26326317360800117,0.21753503059009274,0.3333333333333333,connect_4,2,LR,True,5
545,0.6526050917702783,0.3333333333333333,0.26326317360800117,0.21753503059009274,0.3333333333333333,connect_4,2,LR,False,5
546,0.6552693901716993,0.3333333333333333,0.26391248621419416,0.2184231300572331,0.3333333333333333,connect_4,3,LR,True,5
547,0.6552693901716993,0.3333333333333333,0.26391248621419416,0.2184231300572331,0.3333333333333333,connect_4,3,LR,False,5
548,0.6602279455298994,0.3333333333333333,0.265115380614868,0.2200759818432998,0.3333333333333333,connect_4,4,LR,True,5
549,0.6602279455298994,0.3333333333333333,0.265115380614868,0.2200759818432998,0.3333333333333333,connect_4,4,LR,False,5
550,0.6561574896388396,0.3333333333333333,0.2641284594989126,0.21871916321294652,0.3333333333333333,connect_4,5,LR,True,5
551,0.6561574896388396,0.3333333333333333,0.2641284594989126,0.21871916321294652,0.3333333333333333,connect_4,5,LR,False,5
552,0.661190053285968,0.3333333333333333,0.2653479461819478,0.220396684428656,0.3333333333333333,connect_4,0,LR,True,10
553,0.661190053285968,0.3333333333333333,0.2653479461819478,0.220396684428656,0.3333333333333333,connect_4,0,LR,False,10
554,0.6577856719952635,0.3333333333333333,0.26452380952380955,0.21926189066508783,0.3333333333333333,connect_4,1,LR,True,10
555,0.6577856719952635,0.3333333333333333,0.26452380952380955,0.21926189066508783,0.3333333333333333,connect_4,1,LR,False,10
556,0.6526050917702783,0.3333333333333333,0.26326317360800117,0.21753503059009274,0.3333333333333333,connect_4,2,LR,True,10
557,0.6526050917702783,0.3333333333333333,0.26326317360800117,0.21753503059009274,0.3333333333333333,connect_4,2,LR,False,10
558,0.6552693901716993,0.3333333333333333,0.26391248621419416,0.2184231300572331,0.3333333333333333,connect_4,3,LR,True,10
559,0.6552693901716993,0.3333333333333333,0.26391248621419416,0.2184231300572331,0.3333333333333333,connect_4,3,LR,False,10
560,0.6602279455298994,0.3333333333333333,0.265115380614868,0.2200759818432998,0.3333333333333333,connect_4,4,LR,True,10
561,0.6602279455298994,0.3333333333333333,0.265115380614868,0.2200759818432998,0.3333333333333333,connect_4,4,LR,False,10
562,0.6561574896388396,0.3333333333333333,0.2641284594989126,0.21871916321294652,0.3333333333333333,connect_4,5,LR,True,10
563,0.6561574896388396,0.3333333333333333,0.2641284594989126,0.21871916321294652,0.3333333333333333,connect_4,5,LR,False,10
564,0.6606719952634695,0.33434614784514044,0.26913803553898297,0.3487846230045339,0.33434614784514044,connect_4,0,LR,True,20
565,0.6616341030195382,0.33521338299041453,0.27051913143693923,0.39405338483632946,0.33521338299041453,connect_4,0,LR,False,20
566,0.6580817051509769,0.3350565510000834,0.2694569885442168,0.3798453156551225,0.3350565510000834,connect_4,1,LR,True,20
567,0.6583777383066903,0.3358987751742935,0.2716183441017161,0.3864087301587302,0.3358987751742935,connect_4,1,LR,False,20
568,0.6517910005920663,0.33491729148656185,0.26937261467013185,0.3452007161948258,0.33491729148656185,connect_4,2,LR,True,20
569,0.6533451746595619,0.3357111222871969,0.26973171030774556,0.4007386976855738,0.3357111222871969,connect_4,2,LR,False,20
570,0.6548253404381291,0.3357468616906027,0.2719487683275312,0.3554234284151492,0.3357468616906027,connect_4,3,LR,True,20
571,0.6560094730609828,0.33671751643024184,0.2733640827648484,0.38081492139967854,0.33671751643024184,connect_4,3,LR,False,20
572,0.6599319123741859,0.3343879098949063,0.26873995840759596,0.3609828139567502,0.3343879098949063,connect_4,4,LR,True,20
573,0.6614860864416815,0.3361865008802573,0.2722551257806699,0.40296884295062463,0.3361865008802573,connect_4,4,LR,False,20
574,0.6562314979277679,0.33561888549690116,0.2710734370638874,0.36731773095409465,0.33561888549690116,connect_4,5,LR,True,20
575,0.6570455891059799,0.3359700072223792,0.27105987142853843,0.40435885361158613,0.3359700072223792,connect_4,5,LR,False,20
576,0.661190053285968,0.3333333333333333,0.2653479461819478,0.220396684428656,0.3333333333333333,connect_4,0,NB,True,1
577,0.661190053285968,0.3333333333333333,0.2653479461819478,0.220396684428656,0.3333333333333333,connect_4,0,NB,False,1
578,0.6577856719952635,0.3333333333333333,0.26452380952380955,0.21926189066508783,0.3333333333333333,connect_4,1,NB,True,1
579,0.6577856719952635,0.3333333333333333,0.26452380952380955,0.21926189066508783,0.3333333333333333,connect_4,1,NB,False,1
580,0.6526050917702783,0.3333333333333333,0.26326317360800117,0.21753503059009274,0.3333333333333333,connect_4,2,NB,True,1
581,0.6526050917702783,0.3333333333333333,0.26326317360800117,0.21753503059009274,0.3333333333333333,connect_4,2,NB,False,1
582,0.6552693901716993,0.3333333333333333,0.26391248621419416,0.2184231300572331,0.3333333333333333,connect_4,3,NB,True,1
583,0.6552693901716993,0.3333333333333333,0.26391248621419416,0.2184231300572331,0.3333333333333333,connect_4,3,NB,False,1
584,0.6602279455298994,0.3333333333333333,0.265115380614868,0.2200759818432998,0.3333333333333333,connect_4,4,NB,True,1
585,0.6602279455298994,0.3333333333333333,0.265115380614868,0.2200759818432998,0.3333333333333333,connect_4,4,NB,False,1
586,0.6561574896388396,0.3333333333333333,0.2641284594989126,0.21871916321294652,0.3333333333333333,connect_4,5,NB,True,1
587,0.6561574896388396,0.3333333333333333,0.2641284594989126,0.21871916321294652,0.3333333333333333,connect_4,5,NB,False,1
588,0.661190053285968,0.3333333333333333,0.2653479461819478,0.220396684428656,0.3333333333333333,connect_4,0,NB,True,5
589,0.661190053285968,0.3333333333333333,0.2653479461819478,0.220396684428656,0.3333333333333333,connect_4,0,NB,False,5
590,0.6577856719952635,0.3333333333333333,0.26452380952380955,0.21926189066508783,0.3333333333333333,connect_4,1,NB,True,5
591,0.6577856719952635,0.3333333333333333,0.26452380952380955,0.21926189066508783,0.3333333333333333,connect_4,1,NB,False,5
592,0.6526050917702783,0.3333333333333333,0.26326317360800117,0.21753503059009274,0.3333333333333333,connect_4,2,NB,True,5
593,0.6526050917702783,0.3333333333333333,0.26326317360800117,0.21753503059009274,0.3333333333333333,connect_4,2,NB,False,5
594,0.6552693901716993,0.3333333333333333,0.26391248621419416,0.2184231300572331,0.3333333333333333,connect_4,3,NB,True,5
595,0.6552693901716993,0.3333333333333333,0.26391248621419416,0.2184231300572331,0.3333333333333333,connect_4,3,NB,False,5
596,0.6602279455298994,0.3333333333333333,0.265115380614868,0.2200759818432998,0.3333333333333333,connect_4,4,NB,True,5
597,0.6602279455298994,0.3333333333333333,0.265115380614868,0.2200759818432998,0.3333333333333333,connect_4,4,NB,False,5
598,0.6561574896388396,0.3333333333333333,0.2641284594989126,0.21871916321294652,0.3333333333333333,connect_4,5,NB,True,5
599,0.6561574896388396,0.3333333333333333,0.2641284594989126,0.21871916321294652,0.3333333333333333,connect_4,5,NB,False,5
600,0.6674807578448786,0.3431931809702125,0.2868188874966327,0.45725458840656713,0.3431931809702125,connect_4,0,NB,True,10
601,0.6674807578448786,0.3431931809702125,0.2868188874966327,0.45725458840656713,0.3431931809702125,connect_4,0,NB,False,10
602,0.6627442273534636,0.3418242547364107,0.2836918172716029,0.4393329257418122,0.3418242547364107,connect_4,1,NB,True,10
603,0.6627442273534636,0.3418242547364107,0.2836918172716029,0.4393329257418122,0.3418242547364107,connect_4,1,NB,False,10
604,0.6580817051509769,0.34301221809145327,0.28558995344200505,0.4372575794841798,0.34301221809145327,connect_4,2,NB,True,10
605,0.6580817051509769,0.34301221809145327,0.28558995344200505,0.4372575794841798,0.34301221809145327,connect_4,2,NB,False,10
606,0.6593398460627591,0.34068279046952693,0.2809689880957427,0.4306557252087438,0.34068279046952693,connect_4,3,NB,True,10
607,0.6593398460627591,0.34068279046952693,0.2809689880957427,0.4306557252087438,0.34068279046952693,connect_4,3,NB,False,10
608,0.6661486086441681,0.3434833843158634,0.28778245791564533,0.44889674086726045,0.3434833843158634,connect_4,4,NB,True,10
609,0.6651865008880995,0.3514892658792325,0.3089151413774606,0.3901654635003333,0.3514892658792325,connect_4,4,NB,False,10
610,0.6607460035523979,0.34203354249437196,0.284278060670515,0.43822424954500433,0.34203354249437196,connect_4,5,NB,True,10
611,0.6607460035523979,0.34203354249437196,0.284278060670515,0.43822424954500433,0.34203354249437196,connect_4,5,NB,False,10
612,0.6748075784487862,0.378927759800829,0.356772696710357,0.39391639419303354,0.378927759800829,connect_4,0,NB,True,20
613,0.6591918294849023,0.39417811425198934,0.37799451758759783,0.37552190184807,0.39417811425198934,connect_4,0,NB,False,20
614,0.6671107164002368,0.37518638878048693,0.35148327703151766,0.3840239240350228,0.37518638878048693,connect_4,1,NB,True,20
615,0.6543812907045589,0.39541726091861973,0.37879418702333084,0.37398212868530784,0.39541726091861973,connect_4,1,NB,False,20
616,0.6630402605091771,0.37748248805966717,0.3550752743915706,0.3857260413293549,0.37748248805966717,connect_4,2,NB,True,20
617,0.6586737714624038,0.37448758194426635,0.35163055105955615,0.37833700223217037,0.37448758194426635,connect_4,2,NB,False,20
618,0.6619301361752516,0.37422587756767056,0.35067665417925203,0.3786983569544787,0.37422587756767056,connect_4,3,NB,True,20
619,0.6422439313203079,0.3884573600222227,0.3712803954078176,0.36384725557965875,0.3884573600222227,connect_4,3,NB,False,20
620,0.6674067495559503,0.3761839863917708,0.3540893206230282,0.3820104891640989,0.3761839863917708,connect_4,4,NB,True,20
621,0.6662226169330965,0.3761256432180003,0.35452300414606497,0.4917853380669516,0.3761256432180003,connect_4,4,NB,False,20
622,0.6679988158673772,0.37725184817892865,0.3539272035000384,0.3900697019840016,0.37725184817892865,connect_4,5,NB,True,20
623,0.6608200118413262,0.37516603754066474,0.3524830841004252,0.375266960792832,0.37516603754066474,connect_4,5,NB,False,20
624,0.661190053285968,0.3333333333333333,0.2653479461819478,0.220396684428656,0.3333333333333333,connect_4,0,DT,True,1
625,0.661190053285968,0.3333333333333333,0.2653479461819478,0.220396684428656,0.3333333333333333,connect_4,0,DT,False,1
626,0.6577856719952635,0.3333333333333333,0.26452380952380955,0.21926189066508783,0.3333333333333333,connect_4,1,DT,True,1
627,0.6577856719952635,0.3333333333333333,0.26452380952380955,0.21926189066508783,0.3333333333333333,connect_4,1,DT,False,1
628,0.6526050917702783,0.3333333333333333,0.26326317360800117,0.21753503059009274,0.3333333333333333,connect_4,2,DT,True,1
629,0.6526050917702783,0.3333333333333333,0.26326317360800117,0.21753503059009274,0.3333333333333333,connect_4,2,DT,False,1
630,0.6552693901716993,0.3333333333333333,0.26391248621419416,0.2184231300572331,0.3333333333333333,connect_4,3,DT,True,1
631,0.6552693901716993,0.3333333333333333,0.26391248621419416,0.2184231300572331,0.3333333333333333,connect_4,3,DT,False,1
632,0.6602279455298994,0.3333333333333333,0.265115380614868,0.2200759818432998,0.3333333333333333,connect_4,4,DT,True,1
633,0.6602279455298994,0.3333333333333333,0.265115380614868,0.2200759818432998,0.3333333333333333,connect_4,4,DT,False,1
634,0.6561574896388396,0.3333333333333333,0.2641284594989126,0.21871916321294652,0.3333333333333333,connect_4,5,DT,True,1
635,0.6561574896388396,0.3333333333333333,0.2641284594989126,0.21871916321294652,0.3333333333333333,connect_4,5,DT,False,1
636,0.6758436944937833,0.3760740378940513,0.3525869263113434,0.41168884530780564,0.3760740378940513,connect_4,0,DT,True,5
637,0.6758436944937833,0.3760740378940513,0.3525869263113434,0.41168884530780564,0.3760740378940513,connect_4,0,DT,False,5
638,0.6747335701598579,0.37867170642945586,0.35563245080853845,0.41507548232360175,0.37867170642945586,connect_4,1,DT,True,5
639,0.6747335701598579,0.37867170642945586,0.35563245080853845,0.41507548232360175,0.37867170642945586,connect_4,1,DT,False,5
640,0.6699230313795145,0.3784688981584659,0.3553466093430224,0.4148760219583183,0.3784688981584659,connect_4,2,DT,True,5
641,0.6699230313795145,0.3784688981584659,0.3553466093430224,0.4148760219583183,0.3784688981584659,connect_4,2,DT,False,5
642,0.6689609236234458,0.37424227436717633,0.3491397716456701,0.4084408959156785,0.37424227436717633,connect_4,3,DT,True,5
643,0.6689609236234458,0.37424227436717633,0.3491397716456701,0.4084408959156785,0.37424227436717633,connect_4,3,DT,False,5
644,0.6750296033155714,0.3781314728557592,0.35583761702815275,0.41040483648586945,0.3781314728557592,connect_4,4,DT,True,5
645,0.6750296033155714,0.3781314728557592,0.35583761702815275,0.41040483648586945,0.3781314728557592,connect_4,4,DT,False,5
646,0.6711811722912966,0.3750594756287356,0.34987619678683696,0.41055168588214785,0.3750594756287356,connect_4,5,DT,True,5
647,0.6711811722912966,0.3750594756287356,0.34987619678683696,0.41055168588214785,0.3750594756287356,connect_4,5,DT,False,5
648,0.6835405565423327,0.39677100080726674,0.3815489871798861,0.41407971169172786,0.39677100080726674,connect_4,0,DT,True,10
649,0.6835405565423327,0.39677100080726674,0.3815489871798861,0.41407971169172786,0.39677100080726674,connect_4,0,DT,False,10
650,0.6795441089402013,0.3925623656068529,0.3754202972013732,0.4143312817897913,0.3925623656068529,connect_4,1,DT,True,10
651,0.6795441089402013,0.3925623656068529,0.3754202972013732,0.4143312817897913,0.3925623656068529,connect_4,1,DT,False,10
652,0.6788040260509177,0.39594479013611816,0.37985555133067833,0.4211791268441716,0.39594479013611816,connect_4,2,DT,True,10
653,0.6788040260509177,0.39594479013611816,0.37985555133067833,0.4211791268441716,0.39594479013611816,connect_4,2,DT,False,10
654,0.6772498519834221,0.3900599738107544,0.3717750239525355,0.41533670503932996,0.3900599738107544,connect_4,3,DT,True,10
655,0.6772498519834221,0.3900599738107544,0.3717750239525355,0.41533670503932996,0.3900599738107544,connect_4,3,DT,False,10
656,0.6813943161634103,0.3991844669705939,0.38487198527569677,0.4589968540984362,0.3991844669705939,connect_4,4,DT,True,10
657,0.6828744819419775,0.39461205464096055,0.37958938621457733,0.5447446806778833,0.39461205464096055,connect_4,4,DT,False,10
658,0.6786560094730609,0.39087460074047375,0.3730030216100551,0.46480299420873994,0.39087460074047375,connect_4,5,DT,True,10
659,0.6786560094730609,0.39087460074047375,0.3730030216100551,0.46480299420873994,0.39087460074047375,connect_4,5,DT,False,10
660,0.69449378330373,0.4488832883105436,0.44787961121638004,0.498671338117223,0.4488832883105436,connect_4,0,DT,True,20
661,0.6945677915926584,0.43786704752510336,0.4372382594380085,0.5170432707848867,0.43786704752510336,connect_4,0,DT,False,20
662,0.6915334517465956,0.4471791311746247,0.44516002911358954,0.5009936459801054,0.4471791311746247,connect_4,1,DT,True,20
663,0.6933836589698046,0.4415477106388817,0.4398342743947811,0.5224123188123825,0.4415477106388817,connect_4,1,DT,False,20
664,0.6876110124333925,0.44467850558081873,0.4438567010851642,0.5031816626346699,0.44467850558081873,connect_4,2,DT,True,20
665,0.6978241563055062,0.45037587549044183,0.4512478195077388,0.5206332738734133,0.45037587549044183,connect_4,2,DT,False,20
666,0.6864268798105387,0.44223797880835575,0.43974872251109076,0.48588292053076504,0.44223797880835575,connect_4,3,DT,True,20
667,0.6882030787448195,0.43366668049098056,0.43102495429792526,0.4990876329224812,0.43366668049098056,connect_4,3,DT,False,20
668,0.6913114268798105,0.44957447322410143,0.4482058280954256,0.5061948965249928,0.44957447322410143,connect_4,4,DT,True,20
669,0.6925695677915926,0.44430944278680834,0.442555236519288,0.5110582914112659,0.44430944278680834,connect_4,4,DT,False,20
670,0.6893872113676732,0.44466351976925805,0.44428825753944795,0.4930830319681743,0.44466351976925805,connect_4,5,DT,True,20
671,0.6899792776791001,0.4447244002094224,0.4429644782853394,0.5026716420209488,0.4447244002094224,connect_4,5,DT,False,20
672,0.661190053285968,0.3333333333333333,0.2653479461819478,0.220396684428656,0.3333333333333333,connect_4,0,RF,True,1
673,0.661190053285968,0.3333333333333333,0.2653479461819478,0.220396684428656,0.3333333333333333,connect_4,0,RF,False,1
674,0.6577856719952635,0.3333333333333333,0.26452380952380955,0.21926189066508783,0.3333333333333333,connect_4,1,RF,True,1
675,0.6577856719952635,0.3333333333333333,0.26452380952380955,0.21926189066508783,0.3333333333333333,connect_4,1,RF,False,1
676,0.6526050917702783,0.3333333333333333,0.26326317360800117,0.21753503059009274,0.3333333333333333,connect_4,2,RF,True,1
677,0.6526050917702783,0.3333333333333333,0.26326317360800117,0.21753503059009274,0.3333333333333333,connect_4,2,RF,False,1
678,0.6552693901716993,0.3333333333333333,0.26391248621419416,0.2184231300572331,0.3333333333333333,connect_4,3,RF,True,1
679,0.6552693901716993,0.3333333333333333,0.26391248621419416,0.2184231300572331,0.3333333333333333,connect_4,3,RF,False,1
680,0.6602279455298994,0.3333333333333333,0.265115380614868,0.2200759818432998,0.3333333333333333,connect_4,4,RF,True,1
681,0.6602279455298994,0.3333333333333333,0.265115380614868,0.2200759818432998,0.3333333333333333,connect_4,4,RF,False,1
682,0.6561574896388396,0.3333333333333333,0.2641284594989126,0.21871916321294652,0.3333333333333333,connect_4,5,RF,True,1
683,0.6561574896388396,0.3333333333333333,0.2641284594989126,0.21871916321294652,0.3333333333333333,connect_4,5,RF,False,1
684,0.6758436944937833,0.3760740378940513,0.3525869263113434,0.41168884530780564,0.3760740378940513,connect_4,0,RF,True,5
685,0.6758436944937833,0.3760740378940513,0.3525869263113434,0.41168884530780564,0.3760740378940513,connect_4,0,RF,False,5
686,0.6747335701598579,0.37867170642945586,0.35563245080853845,0.41507548232360175,0.37867170642945586,connect_4,1,RF,True,5
687,0.6747335701598579,0.37867170642945586,0.35563245080853845,0.41507548232360175,0.37867170642945586,connect_4,1,RF,False,5
688,0.6699230313795145,0.3784688981584659,0.3553466093430224,0.4148760219583183,0.3784688981584659,connect_4,2,RF,True,5
689,0.6699230313795145,0.3784688981584659,0.3553466093430224,0.4148760219583183,0.3784688981584659,connect_4,2,RF,False,5
690,0.6689609236234458,0.37424227436717633,0.3491397716456701,0.4084408959156785,0.37424227436717633,connect_4,3,RF,True,5
691,0.6689609236234458,0.37424227436717633,0.3491397716456701,0.4084408959156785,0.37424227436717633,connect_4,3,RF,False,5
692,0.6750296033155714,0.3781314728557592,0.35583761702815275,0.41040483648586945,0.3781314728557592,connect_4,4,RF,True,5
693,0.6750296033155714,0.3781314728557592,0.35583761702815275,0.41040483648586945,0.3781314728557592,connect_4,4,RF,False,5
694,0.6711811722912966,0.3750594756287356,0.34987619678683696,0.41055168588214785,0.3750594756287356,connect_4,5,RF,True,5
695,0.6711811722912966,0.3750594756287356,0.34987619678683696,0.41055168588214785,0.3750594756287356,connect_4,5,RF,False,5
696,0.6838365896980462,0.396856543948552,0.3815143544981933,0.4140803153086794,0.396856543948552,connect_4,0,RF,True,10
697,0.6838365896980462,0.396856543948552,0.3815143544981933,0.4140803153086794,0.396856543948552,connect_4,0,RF,False,10
698,0.6795441089402013,0.39174430022092294,0.3742747852741786,0.4147270992589506,0.39174430022092294,connect_4,1,RF,True,10
699,0.6795441089402013,0.39174430022092294,0.3742747852741786,0.4147270992589506,0.39174430022092294,connect_4,1,RF,False,10
700,0.6791000592066312,0.3954490102042046,0.3791374542612822,0.422335542060397,0.3954490102042046,connect_4,2,RF,True,10
701,0.6791000592066312,0.3954490102042046,0.3791374542612822,0.422335542060397,0.3954490102042046,connect_4,2,RF,False,10
702,0.6772498519834221,0.3900599738107544,0.3717750239525355,0.41533670503932996,0.3900599738107544,connect_4,3,RF,True,10
703,0.6772498519834221,0.3900599738107544,0.3717750239525355,0.41533670503932996,0.3900599738107544,connect_4,3,RF,False,10
704,0.6814683244523386,0.39899918660791656,0.3843289289420014,0.41129601270020916,0.39899918660791656,connect_4,4,RF,True,10
705,0.6830224985198342,0.3946867846786992,0.37963128429223786,0.5680713148047395,0.3946867846786992,connect_4,4,RF,False,10
706,0.6790260509177027,0.39003474162053725,0.37149810709547665,0.41875814247161197,0.39003474162053725,connect_4,5,RF,True,10
707,0.6790260509177027,0.39003474162053725,0.37149810709547665,0.41875814247161197,0.39003474162053725,connect_4,5,RF,False,10
708,0.6986382474837182,0.44519940208690584,0.4417329344845813,0.5034398173876151,0.44519940208690584,connect_4,0,RF,True,20
709,0.6967140319715808,0.4348353523919884,0.4324792663268808,0.535573045736676,0.4348353523919884,connect_4,0,RF,False,20
710,0.6960479573712256,0.4414538993751775,0.43631286618174697,0.5171058496776233,0.4414538993751775,connect_4,1,RF,True,20
711,0.6941977501480165,0.4375155991424502,0.43383709293293676,0.5376322394317467,0.4375155991424502,connect_4,1,RF,False,20
712,0.6918294849023091,0.441675228745555,0.4380851090632582,0.5189429197605849,0.441675228745555,connect_4,2,RF,True,20
713,0.7017465956187093,0.4487352833802743,0.4475023856752747,0.5323695878795016,0.4487352833802743,connect_4,2,RF,False,20
714,0.6902753108348135,0.43831237697087627,0.43274706063159796,0.49092150657537914,0.43831237697087627,connect_4,3,RF,True,20
715,0.6914594434576673,0.43148755031054825,0.42636647362598534,0.5094757787566534,0.43148755031054825,connect_4,3,RF,False,20
716,0.6947898164594435,0.442666140727147,0.43888394189126173,0.5197124867463142,0.442666140727147,connect_4,4,RF,True,20
717,0.6944197750148017,0.43984180370569576,0.434233570292291,0.5077091591697777,0.43984180370569576,connect_4,4,RF,False,20
718,0.6962699822380106,0.4400441754710462,0.43492944508416254,0.4941748942762305,0.4400441754710462,connect_4,5,RF,True,20
719,0.6935316755476614,0.44098236513952244,0.4361228578969561,0.5157331656724584,0.44098236513952244,connect_4,5,RF,False,20
720,0.4406571617411009,0.27309629416627407,0.25885697230314614,0.25855658016810884,0.27309629416627407,sleep,0,KNN,True,1
721,0.4406571617411009,0.27309629416627407,0.25885697230314614,0.25855658016810884,0.27309629416627407,sleep,0,KNN,False,1
722,0.4334340477764139,0.2616757119302624,0.24475492069875315,0.23789888473181545,0.2616757119302624,sleep,1,KNN,True,1
723,0.4334340477764139,0.2616757119302624,0.24475492069875315,0.23789888473181545,0.2616757119302624,sleep,1,KNN,False,1
724,0.5373430270984798,0.3137415387637956,0.26097410276532723,0.23317976282590105,0.3137415387637956,sleep,2,KNN,True,1
725,0.5373430270984798,0.3137415387637956,0.26097410276532723,0.23317976282590105,0.3137415387637956,sleep,2,KNN,False,1
726,0.5364932489849873,0.29301774423197635,0.2514678999757263,0.2452803828797509,0.29301774423197635,sleep,3,KNN,True,1
727,0.5364932489849873,0.29301774423197635,0.2514678999757263,0.2452803828797509,0.29301774423197635,sleep,3,KNN,False,1
728,0.41266169389103957,0.38206276018778923,0.2907056856358251,0.2837669909080291,0.38206276018778923,sleep,4,KNN,True,1
729,0.41266169389103957,0.38206276018778923,0.2907056856358251,0.2837669909080291,0.38206276018778923,sleep,4,KNN,False,1
730,0.5181758096497026,0.28811226395349426,0.2557066707868195,0.2719401614717172,0.28811226395349426,sleep,5,KNN,True,1
731,0.5181758096497026,0.28811226395349426,0.2557066707868195,0.2719401614717172,0.28811226395349426,sleep,5,KNN,False,1
732,0.4406571617411009,0.27309629416627407,0.25885697230314614,0.25855658016810884,0.27309629416627407,sleep,0,KNN,True,5
733,0.4406571617411009,0.27309629416627407,0.25885697230314614,0.25855658016810884,0.27309629416627407,sleep,0,KNN,False,5
734,0.4334340477764139,0.2616757119302624,0.24475492069875315,0.23789888473181545,0.2616757119302624,sleep,1,KNN,True,5
735,0.4334340477764139,0.2616757119302624,0.24475492069875315,0.23789888473181545,0.2616757119302624,sleep,1,KNN,False,5
736,0.5373430270984798,0.3137415387637956,0.26097410276532723,0.23317976282590105,0.3137415387637956,sleep,2,KNN,True,5
737,0.5373430270984798,0.3137415387637956,0.26097410276532723,0.23317976282590105,0.3137415387637956,sleep,2,KNN,False,5
738,0.5364932489849873,0.29301774423197635,0.2514678999757263,0.2452803828797509,0.29301774423197635,sleep,3,KNN,True,5
739,0.5364932489849873,0.29301774423197635,0.2514678999757263,0.2452803828797509,0.29301774423197635,sleep,3,KNN,False,5
740,0.41266169389103957,0.38206276018778923,0.2907056856358251,0.2837669909080291,0.38206276018778923,sleep,4,KNN,True,5
741,0.41266169389103957,0.38206276018778923,0.2907056856358251,0.2837669909080291,0.38206276018778923,sleep,4,KNN,False,5
742,0.5181758096497026,0.28811226395349426,0.2557066707868195,0.2719401614717172,0.28811226395349426,sleep,5,KNN,True,5
743,0.5181758096497026,0.28811226395349426,0.2557066707868195,0.2719401614717172,0.28811226395349426,sleep,5,KNN,False,5
744,0.5608063450099141,0.42241170974528786,0.40781837366788826,0.40271127444844845,0.42241170974528786,sleep,0,KNN,True,10
745,0.5608063450099141,0.42241170974528786,0.40781837366788826,0.40271127444844845,0.42241170974528786,sleep,0,KNN,False,10
746,0.5668020016995562,0.4428617165790774,0.4537964937571249,0.46895713036235886,0.4428617165790774,sleep,1,KNN,True,10
747,0.5668020016995562,0.4428617165790774,0.4537964937571249,0.46895713036235886,0.4428617165790774,sleep,1,KNN,False,10
748,0.5508922670191673,0.4022975774866103,0.3693055956963572,0.41180885742190476,0.4022975774866103,sleep,2,KNN,True,10
749,0.5508922670191673,0.4022975774866103,0.3693055956963572,0.41180885742190476,0.4022975774866103,sleep,2,KNN,False,10
750,0.6034840902653196,0.4095210962674722,0.40589411539301257,0.4402390658516264,0.4095210962674722,sleep,3,KNN,True,10
751,0.6034840902653196,0.4095210962674722,0.40589411539301257,0.4402390658516264,0.4095210962674722,sleep,3,KNN,False,10
752,0.5815314890000944,0.45009029001167355,0.44255154031158844,0.4456991955087696,0.45009029001167355,sleep,4,KNN,True,10
753,0.5815314890000944,0.45009029001167355,0.44255154031158844,0.4456991955087696,0.45009029001167355,sleep,4,KNN,False,10
754,0.6089132282126334,0.4340545405629159,0.41673648287528986,0.4089778768379578,0.4340545405629159,sleep,5,KNN,True,10
755,0.6089132282126334,0.4340545405629159,0.41673648287528986,0.4089778768379578,0.4340545405629159,sleep,5,KNN,False,10
756,0.6043810782740062,0.44348522476704344,0.44031787958489055,0.47647869137994636,0.44348522476704344,sleep,0,KNN,True,20
757,0.6043810782740062,0.44348522476704344,0.44031787958489055,0.47647869137994636,0.44348522476704344,sleep,0,KNN,False,20
758,0.5904069492965726,0.44788631106582333,0.45451600021406807,0.4832806946524918,0.44788631106582333,sleep,1,KNN,True,20
759,0.5904069492965726,0.44788631106582333,0.45451600021406807,0.4832806946524918,0.44788631106582333,sleep,1,KNN,False,20
760,0.5805872910962138,0.4424088717509709,0.44238670243681105,0.4632646485152808,0.4424088717509709,sleep,2,KNN,True,20
761,0.5805872910962138,0.4424088717509709,0.44238670243681105,0.4632646485152808,0.4424088717509709,sleep,2,KNN,False,20
762,0.5889434425455575,0.4415520313144706,0.446150824680834,0.47670849148635897,0.4415520313144706,sleep,3,KNN,True,20
763,0.5889434425455575,0.4415520313144706,0.446150824680834,0.47670849148635897,0.4415520313144706,sleep,3,KNN,False,20
764,0.5980077424228118,0.4255120972712003,0.4266414414393254,0.45762384201538275,0.4255120972712003,sleep,4,KNN,True,20
765,0.5980077424228118,0.4255120972712003,0.4266414414393254,0.45762384201538275,0.4255120972712003,sleep,4,KNN,False,20
766,0.5854027004060051,0.44331129060286434,0.4409285000969475,0.46594810141719856,0.44331129060286434,sleep,5,KNN,True,20
767,0.5854027004060051,0.44331129060286434,0.4409285000969475,0.46594810141719856,0.44331129060286434,sleep,5,KNN,False,20
768,0.5322443584175243,0.29449946686609624,0.2519557511696088,0.24482820352564455,0.29449946686609624,sleep,0,LR,True,1
769,0.5322443584175243,0.29449946686609624,0.2519557511696088,0.24482820352564455,0.29449946686609624,sleep,0,LR,False,1
770,0.5389953734302709,0.29349217907439035,0.25256436522463027,0.2464858671059802,0.29349217907439035,sleep,1,LR,True,1
771,0.5389953734302709,0.29349217907439035,0.25256436522463027,0.2464858671059802,0.29349217907439035,sleep,1,LR,False,1
772,0.534793692758002,0.2913747006809847,0.2504928181062368,0.24643010613969224,0.2913747006809847,sleep,2,LR,True,1
773,0.534793692758002,0.2913747006809847,0.2504928181062368,0.24643010613969224,0.2913747006809847,sleep,2,LR,False,1
774,0.5364932489849873,0.29301774423197635,0.2514678999757263,0.2452803828797509,0.29301774423197635,sleep,3,LR,True,1
775,0.5364932489849873,0.29301774423197635,0.2514678999757263,0.2452803828797509,0.29301774423197635,sleep,3,LR,False,1
776,0.537531866679256,0.28942863920231876,0.2484227959406204,0.24227513698358374,0.28942863920231876,sleep,4,LR,True,1
777,0.537531866679256,0.28942863920231876,0.2484227959406204,0.24227513698358374,0.28942863920231876,sleep,4,LR,False,1
778,0.5328580870550468,0.2910889987453156,0.24927980035693587,0.24407882907966982,0.2910889987453156,sleep,5,LR,True,1
779,0.5328580870550468,0.2910889987453156,0.24927980035693587,0.24407882907966982,0.2910889987453156,sleep,5,LR,False,1
780,0.5322443584175243,0.29449946686609624,0.2519557511696088,0.24482820352564455,0.29449946686609624,sleep,0,LR,True,5
781,0.5322443584175243,0.29449946686609624,0.2519557511696088,0.24482820352564455,0.29449946686609624,sleep,0,LR,False,5
782,0.5389953734302709,0.29349217907439035,0.25256436522463027,0.2464858671059802,0.29349217907439035,sleep,1,LR,True,5
783,0.5389953734302709,0.29349217907439035,0.25256436522463027,0.2464858671059802,0.29349217907439035,sleep,1,LR,False,5
784,0.534793692758002,0.2913747006809847,0.2504928181062368,0.24643010613969224,0.2913747006809847,sleep,2,LR,True,5
785,0.534793692758002,0.2913747006809847,0.2504928181062368,0.24643010613969224,0.2913747006809847,sleep,2,LR,False,5
786,0.5364932489849873,0.29301774423197635,0.2514678999757263,0.2452803828797509,0.29301774423197635,sleep,3,LR,True,5
787,0.5364932489849873,0.29301774423197635,0.2514678999757263,0.2452803828797509,0.29301774423197635,sleep,3,LR,False,5
788,0.537531866679256,0.28942863920231876,0.2484227959406204,0.24227513698358374,0.28942863920231876,sleep,4,LR,True,5
789,0.537531866679256,0.28942863920231876,0.2484227959406204,0.24227513698358374,0.28942863920231876,sleep,4,LR,False,5
790,0.5328580870550468,0.2910889987453156,0.24927980035693587,0.24407882907966982,0.2910889987453156,sleep,5,LR,True,5
791,0.5328580870550468,0.2910889987453156,0.24927980035693587,0.24407882907966982,0.2910889987453156,sleep,5,LR,False,5
792,0.6244452837314701,0.42116163902358367,0.398599331733831,0.38739230414365805,0.42116163902358367,sleep,0,LR,True,10
793,0.6244452837314701,0.42116163902358367,0.398599331733831,0.38739230414365805,0.42116163902358367,sleep,0,LR,False,10
794,0.6292606930412614,0.4206248192964077,0.3987927108678452,0.3882760316966996,0.4206248192964077,sleep,1,LR,True,10
795,0.6292606930412614,0.4206248192964077,0.3987927108678452,0.3882760316966996,0.4206248192964077,sleep,1,LR,False,10
796,0.6253894816353508,0.4187191444371082,0.397832624024881,0.38887817773119393,0.4187191444371082,sleep,2,LR,True,10
797,0.6253894816353508,0.4187191444371082,0.397832624024881,0.38887817773119393,0.4187191444371082,sleep,2,LR,False,10
798,0.6260504201680672,0.4185360316679582,0.39761362337971207,0.38826218360200343,0.4185360316679582,sleep,3,LR,True,10
799,0.6260504201680672,0.4185360316679582,0.39761362337971207,0.38826218360200343,0.4185360316679582,sleep,3,LR,False,10
800,0.6302048909451421,0.4183411085870447,0.39807563319092387,0.3897895061911426,0.4183411085870447,sleep,4,LR,True,10
801,0.6302048909451421,0.4183411085870447,0.39807563319092387,0.3897895061911426,0.4183411085870447,sleep,4,LR,False,10
802,0.6225568879237088,0.4167015705127799,0.39605672268751146,0.38778789953930926,0.4167015705127799,sleep,5,LR,True,10
803,0.6225568879237088,0.4167015705127799,0.39605672268751146,0.38778789953930926,0.4167015705127799,sleep,5,LR,False,10
804,0.6264753092248135,0.42812899248387415,0.4019408943900996,0.38591615959378345,0.42812899248387415,sleep,0,LR,True,20
805,0.6264753092248135,0.42812899248387415,0.4019408943900996,0.38591615959378345,0.42812899248387415,sleep,0,LR,False,20
806,0.6328958549712019,0.427260584931967,0.40218450027040653,0.38766662828641385,0.427260584931967,sleep,1,LR,True,20
807,0.6328958549712019,0.427260584931967,0.40218450027040653,0.38766662828641385,0.427260584931967,sleep,1,LR,False,20
808,0.6288830138797092,0.424856934836814,0.4010532555777521,0.3885688192035139,0.424856934836814,sleep,2,LR,True,20
809,0.6288830138797092,0.424856934836814,0.4010532555777521,0.3885688192035139,0.424856934836814,sleep,2,LR,False,20
810,0.6294967425172316,0.42538958012786454,0.40108892895941234,0.3873815581675558,0.42538958012786454,sleep,3,LR,True,20
811,0.6294967425172316,0.42538958012786454,0.40108892895941234,0.3873815581675558,0.42538958012786454,sleep,3,LR,False,20
812,0.6350203002549334,0.42607711534474896,0.4021116745844,0.38895589757072735,0.42607711534474896,sleep,4,LR,True,20
813,0.6350203002549334,0.42607711534474896,0.4021116745844,0.38895589757072735,0.42607711534474896,sleep,4,LR,False,20
814,0.627230667547918,0.42350447058692,0.39993941649905834,0.38786837541204416,0.42350447058692,sleep,5,LR,True,20
815,0.627230667547918,0.42350447058692,0.39993941649905834,0.38786837541204416,0.42350447058692,sleep,5,LR,False,20
816,0.5343215938060617,0.31576504984721143,0.26111343538581855,0.23175795529838866,0.31576504984721143,sleep,0,NB,True,1
817,0.5343215938060617,0.31576504984721143,0.26111343538581855,0.23175795529838866,0.31576504984721143,sleep,0,NB,False,1
818,0.5402700406005099,0.3130163541170871,0.26064011297473116,0.23281208087633926,0.3130163541170871,sleep,1,NB,True,1
819,0.5402700406005099,0.3130163541170871,0.26064011297473116,0.23281208087633926,0.3130163541170871,sleep,1,NB,False,1
820,0.5373430270984798,0.3137415387637956,0.26097410276532723,0.23317976282590105,0.3137415387637956,sleep,2,NB,True,1
821,0.5373430270984798,0.3137415387637956,0.26097410276532723,0.23317976282590105,0.3137415387637956,sleep,2,NB,False,1
822,0.5395146822774054,0.31545539446086013,0.2617582185808695,0.2327622673183633,0.31545539446086013,sleep,3,NB,True,1
823,0.5395146822774054,0.31545539446086013,0.2617582185808695,0.2327622673183633,0.31545539446086013,sleep,3,NB,False,1
824,0.5408837692380323,0.3125242407634642,0.2597827884274193,0.23125126240877739,0.3125242407634642,sleep,4,NB,True,1
825,0.5408837692380323,0.3125242407634642,0.2597827884274193,0.23125126240877739,0.3125242407634642,sleep,4,NB,False,1
826,0.5355490510811066,0.313310635350531,0.25960359559208407,0.23118404146459204,0.313310635350531,sleep,5,NB,True,1
827,0.5355490510811066,0.313310635350531,0.25960359559208407,0.23118404146459204,0.313310635350531,sleep,5,NB,False,1
828,0.5343215938060617,0.31576504984721143,0.26111343538581855,0.23175795529838866,0.31576504984721143,sleep,0,NB,True,5
829,0.5343215938060617,0.31576504984721143,0.26111343538581855,0.23175795529838866,0.31576504984721143,sleep,0,NB,False,5
830,0.5402700406005099,0.3130163541170871,0.26064011297473116,0.23281208087633926,0.3130163541170871,sleep,1,NB,True,5
831,0.5402700406005099,0.3130163541170871,0.26064011297473116,0.23281208087633926,0.3130163541170871,sleep,1,NB,False,5
832,0.5373430270984798,0.3137415387637956,0.26097410276532723,0.23317976282590105,0.3137415387637956,sleep,2,NB,True,5
833,0.5373430270984798,0.3137415387637956,0.26097410276532723,0.23317976282590105,0.3137415387637956,sleep,2,NB,False,5
834,0.5395146822774054,0.31545539446086013,0.2617582185808695,0.2327622673183633,0.31545539446086013,sleep,3,NB,True,5
835,0.5395146822774054,0.31545539446086013,0.2617582185808695,0.2327622673183633,0.31545539446086013,sleep,3,NB,False,5
836,0.5408837692380323,0.3125242407634642,0.2597827884274193,0.23125126240877739,0.3125242407634642,sleep,4,NB,True,5
837,0.5408837692380323,0.3125242407634642,0.2597827884274193,0.23125126240877739,0.3125242407634642,sleep,4,NB,False,5
838,0.5355490510811066,0.313310635350531,0.25960359559208407,0.23118404146459204,0.313310635350531,sleep,5,NB,True,5
839,0.5355490510811066,0.313310635350531,0.25960359559208407,0.23118404146459204,0.313310635350531,sleep,5,NB,False,5
840,0.6268057784911717,0.4357745155262405,0.40357033381327306,0.3801822167416698,0.4357745155262405,sleep,0,NB,True,10
841,0.6268057784911717,0.4357745155262405,0.40357033381327306,0.3801822167416698,0.4357745155262405,sleep,0,NB,False,10
842,0.6297800018883958,0.4353694659276705,0.40282251408938646,0.37834504903986127,0.4353694659276705,sleep,1,NB,True,10
843,0.6297800018883958,0.4353694659276705,0.40282251408938646,0.37834504903986127,0.4353694659276705,sleep,1,NB,False,10
844,0.6254839014257388,0.43281792373484906,0.4014272307989032,0.3783655827134408,0.43281792373484906,sleep,2,NB,True,10
845,0.6254839014257388,0.43281792373484906,0.4014272307989032,0.3783655827134408,0.43281792373484906,sleep,2,NB,False,10
846,0.6281748654517987,0.4348601825055745,0.4027415057078866,0.37920373543865116,0.4348601825055745,sleep,3,NB,True,10
847,0.6281748654517987,0.4348601825055745,0.4027415057078866,0.37920373543865116,0.4348601825055745,sleep,3,NB,False,10
848,0.6310074591634407,0.4330771441075176,0.40186936699062026,0.37880383125250827,0.4330771441075176,sleep,4,NB,True,10
849,0.6310074591634407,0.4330771441075176,0.40186936699062026,0.37880383125250827,0.4330771441075176,sleep,4,NB,False,10
850,0.6229817769804551,0.4304531646150579,0.39900351120064315,0.3761386380184929,0.4304531646150579,sleep,5,NB,True,10
851,0.6229817769804551,0.4304531646150579,0.39900351120064315,0.3761386380184929,0.4304531646150579,sleep,5,NB,False,10
852,0.6121707109810216,0.45139124576975787,0.39939817698740543,0.35866374798691397,0.45139124576975787,sleep,0,NB,True,20
853,0.6121707109810216,0.45139124576975787,0.39939817698740543,0.35866374798691397,0.45139124576975787,sleep,0,NB,False,20
854,0.6173165895571712,0.45127439794530416,0.39926682712286177,0.35842934485763456,0.45127439794530416,sleep,1,NB,True,20
855,0.6173165895571712,0.45127439794530416,0.39926682712286177,0.35842934485763456,0.45127439794530416,sleep,1,NB,False,20
856,0.6144839958455293,0.4505229981210498,0.39974868377344863,0.35972834155538014,0.4505229981210498,sleep,2,NB,True,20
857,0.6144839958455293,0.4505229981210498,0.39974868377344863,0.35972834155538014,0.4505229981210498,sleep,2,NB,False,20
858,0.612831649513738,0.45087469135115993,0.3986719893840752,0.35786891631824835,0.45087469135115993,sleep,3,NB,True,20
859,0.612831649513738,0.45087469135115993,0.3986719893840752,0.35786891631824835,0.45087469135115993,sleep,3,NB,False,20
860,0.615617033330186,0.44747842763805606,0.3973027410641857,0.35790261530873446,0.44747842763805606,sleep,4,NB,True,20
861,0.615617033330186,0.44747842763805606,0.3973027410641857,0.35790261530873446,0.44747842763805606,sleep,4,NB,False,20
862,0.6081106599943348,0.44383373687604283,0.39400965722562187,0.35473109083931503,0.44383373687604283,sleep,5,NB,True,20
863,0.6081106599943348,0.44383373687604283,0.39400965722562187,0.35473109083931503,0.44383373687604283,sleep,5,NB,False,20
864,0.5343215938060617,0.31576504984721143,0.26111343538581855,0.23175795529838866,0.31576504984721143,sleep,0,DT,True,1
865,0.5343215938060617,0.31576504984721143,0.26111343538581855,0.23175795529838866,0.31576504984721143,sleep,0,DT,False,1
866,0.5402700406005099,0.3130163541170871,0.26064011297473116,0.23281208087633926,0.3130163541170871,sleep,1,DT,True,1
867,0.5402700406005099,0.3130163541170871,0.26064011297473116,0.23281208087633926,0.3130163541170871,sleep,1,DT,False,1
868,0.5373430270984798,0.3137415387637956,0.26097410276532723,0.23317976282590105,0.3137415387637956,sleep,2,DT,True,1
869,0.5373430270984798,0.3137415387637956,0.26097410276532723,0.23317976282590105,0.3137415387637956,sleep,2,DT,False,1
870,0.5395146822774054,0.31545539446086013,0.2617582185808695,0.2327622673183633,0.31545539446086013,sleep,3,DT,True,1
871,0.5395146822774054,0.31545539446086013,0.2617582185808695,0.2327622673183633,0.31545539446086013,sleep,3,DT,False,1
872,0.5408837692380323,0.3125242407634642,0.2597827884274193,0.23125126240877739,0.3125242407634642,sleep,4,DT,True,1
873,0.5408837692380323,0.3125242407634642,0.2597827884274193,0.23125126240877739,0.3125242407634642,sleep,4,DT,False,1
874,0.5355490510811066,0.313310635350531,0.25960359559208407,0.23118404146459204,0.313310635350531,sleep,5,DT,True,1
875,0.5355490510811066,0.313310635350531,0.25960359559208407,0.23118404146459204,0.313310635350531,sleep,5,DT,False,1
876,0.5343215938060617,0.31576504984721143,0.26111343538581855,0.23175795529838866,0.31576504984721143,sleep,0,DT,True,5
877,0.5343215938060617,0.31576504984721143,0.26111343538581855,0.23175795529838866,0.31576504984721143,sleep,0,DT,False,5
878,0.5402700406005099,0.3130163541170871,0.26064011297473116,0.23281208087633926,0.3130163541170871,sleep,1,DT,True,5
879,0.5402700406005099,0.3130163541170871,0.26064011297473116,0.23281208087633926,0.3130163541170871,sleep,1,DT,False,5
880,0.5373430270984798,0.3137415387637956,0.26097410276532723,0.23317976282590105,0.3137415387637956,sleep,2,DT,True,5
881,0.5373430270984798,0.3137415387637956,0.26097410276532723,0.23317976282590105,0.3137415387637956,sleep,2,DT,False,5
882,0.5395146822774054,0.31545539446086013,0.2617582185808695,0.2327622673183633,0.31545539446086013,sleep,3,DT,True,5
883,0.5395146822774054,0.31545539446086013,0.2617582185808695,0.2327622673183633,0.31545539446086013,sleep,3,DT,False,5
884,0.5408837692380323,0.3125242407634642,0.2597827884274193,0.23125126240877739,0.3125242407634642,sleep,4,DT,True,5
885,0.5408837692380323,0.3125242407634642,0.2597827884274193,0.23125126240877739,0.3125242407634642,sleep,4,DT,False,5
886,0.5355490510811066,0.313310635350531,0.25960359559208407,0.23118404146459204,0.313310635350531,sleep,5,DT,True,5
887,0.5355490510811066,0.313310635350531,0.25960359559208407,0.23118404146459204,0.313310635350531,sleep,5,DT,False,5
888,0.6340761023510528,0.43477299622024085,0.4073422119720579,0.38925392961910615,0.43477299622024085,sleep,0,DT,True,10
889,0.6340761023510528,0.43477299622024085,0.4073422119720579,0.38925392961910615,0.43477299622024085,sleep,0,DT,False,10
890,0.6381833632329337,0.4345625862251419,0.4073227581667432,0.3887642380167821,0.4345625862251419,sleep,1,DT,True,10
891,0.6381833632329337,0.4345625862251419,0.4073227581667432,0.3887642380167821,0.4345625862251419,sleep,1,DT,False,10
892,0.6327542252856199,0.4312534263600975,0.4050162876921418,0.38778883261579333,0.4312534263600975,sleep,2,DT,True,10
893,0.6327542252856199,0.4312534263600975,0.4050162876921418,0.38778883261579333,0.4312534263600975,sleep,2,DT,False,10
894,0.6351147200453215,0.43232048123710776,0.4056934007474757,0.388003030978386,0.43232048123710776,sleep,3,DT,True,10
895,0.6351147200453215,0.43232048123710776,0.4056934007474757,0.388003030978386,0.43232048123710776,sleep,3,DT,False,10
896,0.6376640543857993,0.4367948959474317,0.4064803858898153,0.3839928995443508,0.4367948959474317,sleep,4,DT,True,10
897,0.6376640543857993,0.4367948959474317,0.4064803858898153,0.3839928995443508,0.4367948959474317,sleep,4,DT,False,10
898,0.6302048909451421,0.4314281444398607,0.4039673973950232,0.38531034553281146,0.4314281444398607,sleep,5,DT,True,10
899,0.6302048909451421,0.4314281444398607,0.4039673973950232,0.38531034553281146,0.4314281444398607,sleep,5,DT,False,10
900,0.6384666226040978,0.44226357016963547,0.4189223206502902,0.47658170393125515,0.44226357016963547,sleep,0,DT,True,20
901,0.6384666226040978,0.44226357016963547,0.4189223206502902,0.47658170393125515,0.44226357016963547,sleep,0,DT,False,20
902,0.6435652912850534,0.44192499158526094,0.41933793809521014,0.5081747342285352,0.44192499158526094,sleep,1,DT,True,20
903,0.6435652912850534,0.44192499158526094,0.41933793809521014,0.5081747342285352,0.44192499158526094,sleep,1,DT,False,20
904,0.6385138324992918,0.44085855447041933,0.4198029297317868,0.4842033540730372,0.44085855447041933,sleep,2,DT,True,20
905,0.6385138324992918,0.44085855447041933,0.4198029297317868,0.4842033540730372,0.44085855447041933,sleep,2,DT,False,20
906,0.6418657350580682,0.44330488045314675,0.42189575245521205,0.4997296333117478,0.44330488045314675,sleep,3,DT,True,20
907,0.6418657350580682,0.44330488045314675,0.42189575245521205,0.4997296333117478,0.44330488045314675,sleep,3,DT,False,20
908,0.6460674157303371,0.4442086631848053,0.420314447532766,0.4975804459283492,0.4442086631848053,sleep,4,DT,True,20
909,0.6460674157303371,0.4442086631848053,0.420314447532766,0.4975804459283492,0.4442086631848053,sleep,4,DT,False,20
910,0.6373807950146351,0.44220770136694165,0.41625003931515414,0.4835488811751569,0.44220770136694165,sleep,5,DT,True,20
911,0.6373807950146351,0.44220770136694165,0.41625003931515414,0.4835488811751569,0.44220770136694165,sleep,5,DT,False,20
912,0.5343215938060617,0.31576504984721143,0.26111343538581855,0.23175795529838866,0.31576504984721143,sleep,0,RF,True,1
913,0.5343215938060617,0.31576504984721143,0.26111343538581855,0.23175795529838866,0.31576504984721143,sleep,0,RF,False,1
914,0.5402700406005099,0.3130163541170871,0.26064011297473116,0.23281208087633926,0.3130163541170871,sleep,1,RF,True,1
915,0.5402700406005099,0.3130163541170871,0.26064011297473116,0.23281208087633926,0.3130163541170871,sleep,1,RF,False,1
916,0.5373430270984798,0.3137415387637956,0.26097410276532723,0.23317976282590105,0.3137415387637956,sleep,2,RF,True,1
917,0.5373430270984798,0.3137415387637956,0.26097410276532723,0.23317976282590105,0.3137415387637956,sleep,2,RF,False,1
918,0.5395146822774054,0.31545539446086013,0.2617582185808695,0.2327622673183633,0.31545539446086013,sleep,3,RF,True,1
919,0.5395146822774054,0.31545539446086013,0.2617582185808695,0.2327622673183633,0.31545539446086013,sleep,3,RF,False,1
920,0.5408837692380323,0.3125242407634642,0.2597827884274193,0.23125126240877739,0.3125242407634642,sleep,4,RF,True,1
921,0.5408837692380323,0.3125242407634642,0.2597827884274193,0.23125126240877739,0.3125242407634642,sleep,4,RF,False,1
922,0.5355490510811066,0.313310635350531,0.25960359559208407,0.23118404146459204,0.313310635350531,sleep,5,RF,True,1
923,0.5355490510811066,0.313310635350531,0.25960359559208407,0.23118404146459204,0.313310635350531,sleep,5,RF,False,1
924,0.5343215938060617,0.31576504984721143,0.26111343538581855,0.23175795529838866,0.31576504984721143,sleep,0,RF,True,5
925,0.5343215938060617,0.31576504984721143,0.26111343538581855,0.23175795529838866,0.31576504984721143,sleep,0,RF,False,5
926,0.5402700406005099,0.3130163541170871,0.26064011297473116,0.23281208087633926,0.3130163541170871,sleep,1,RF,True,5
927,0.5402700406005099,0.3130163541170871,0.26064011297473116,0.23281208087633926,0.3130163541170871,sleep,1,RF,False,5
928,0.5373430270984798,0.3137415387637956,0.26097410276532723,0.23317976282590105,0.3137415387637956,sleep,2,RF,True,5
929,0.5373430270984798,0.3137415387637956,0.26097410276532723,0.23317976282590105,0.3137415387637956,sleep,2,RF,False,5
930,0.5395146822774054,0.31545539446086013,0.2617582185808695,0.2327622673183633,0.31545539446086013,sleep,3,RF,True,5
931,0.5395146822774054,0.31545539446086013,0.2617582185808695,0.2327622673183633,0.31545539446086013,sleep,3,RF,False,5
932,0.5408837692380323,0.3125242407634642,0.2597827884274193,0.23125126240877739,0.3125242407634642,sleep,4,RF,True,5
933,0.5408837692380323,0.3125242407634642,0.2597827884274193,0.23125126240877739,0.3125242407634642,sleep,4,RF,False,5
934,0.5355490510811066,0.313310635350531,0.25960359559208407,0.23118404146459204,0.313310635350531,sleep,5,RF,True,5
935,0.5355490510811066,0.313310635350531,0.25960359559208407,0.23118404146459204,0.313310635350531,sleep,5,RF,False,5
936,0.6340761023510528,0.43477299622024085,0.4073422119720579,0.38925392961910615,0.43477299622024085,sleep,0,RF,True,10
937,0.6340761023510528,0.43477299622024085,0.4073422119720579,0.38925392961910615,0.43477299622024085,sleep,0,RF,False,10
938,0.6381833632329337,0.4345625862251419,0.4073227581667432,0.3887642380167821,0.4345625862251419,sleep,1,RF,True,10
939,0.6381833632329337,0.4345625862251419,0.4073227581667432,0.3887642380167821,0.4345625862251419,sleep,1,RF,False,10
940,0.6328014351808139,0.4313000138280686,0.40507970512128166,0.38787473195990396,0.4313000138280686,sleep,2,RF,True,10
941,0.6328014351808139,0.4313000138280686,0.40507970512128166,0.38787473195990396,0.4313000138280686,sleep,2,RF,False,10
942,0.6351147200453215,0.43232048123710776,0.4056934007474757,0.388003030978386,0.43232048123710776,sleep,3,RF,True,10
943,0.6351147200453215,0.43232048123710776,0.4056934007474757,0.388003030978386,0.43232048123710776,sleep,3,RF,False,10
944,0.6375696345954112,0.4367010212701259,0.4064165683354958,0.38395828970659535,0.4367010212701259,sleep,4,RF,True,10
945,0.6375696345954112,0.4367010212701259,0.4064165683354958,0.38395828970659535,0.4367010212701259,sleep,4,RF,False,10
946,0.6302048909451421,0.4314281444398607,0.4039673973950232,0.38531034553281146,0.4314281444398607,sleep,5,RF,True,10
947,0.6302048909451421,0.4314281444398607,0.4039673973950232,0.38531034553281146,0.4314281444398607,sleep,5,RF,False,10
948,0.6388443017656501,0.44250153386719876,0.4190689404948902,0.4773450673143251,0.44250153386719876,sleep,0,RF,True,20
949,0.6388443017656501,0.44250153386719876,0.4190689404948902,0.4773450673143251,0.44250153386719876,sleep,0,RF,False,20
950,0.6440373902369937,0.44664595094310816,0.4209046486568039,0.5219652493581202,0.44664595094310816,sleep,1,RF,True,20
951,0.6440373902369937,0.44664595094310816,0.4209046486568039,0.5219652493581202,0.44664595094310816,sleep,1,RF,False,20
952,0.6377584741761874,0.4406359861377342,0.41950264834635576,0.4865448745307958,0.4406359861377342,sleep,2,RF,True,20
953,0.6377584741761874,0.4406359861377342,0.41950264834635576,0.4865448745307958,0.4406359861377342,sleep,2,RF,False,20
954,0.6422906241148144,0.44141934204392735,0.4191206837282008,0.5076849680837637,0.44141934204392735,sleep,3,RF,True,20
955,0.6422906241148144,0.44141934204392735,0.4191206837282008,0.5076849680837637,0.44141934204392735,sleep,3,RF,False,20
956,0.6461146256255311,0.444911423310526,0.42105575550748,0.5026940401193831,0.444911423310526,sleep,4,RF,True,20
957,0.6461146256255311,0.444911423310526,0.42105575550748,0.5026940401193831,0.444911423310526,sleep,4,RF,False,20
958,0.6375224247002171,0.4428436507548,0.416564001397761,0.4806733378762772,0.4428436507548,sleep,5,RF,True,20
959,0.6375224247002171,0.4428436507548,0.416564001397761,0.4806733378762772,0.4428436507548,sleep,5,RF,False,20
960,0.4213132613647618,0.125,0.07410633405337608,0.05266415767059523,0.125,fars,0,KNN,True,1
961,0.4213132613647618,0.125,0.07410633405337608,0.05266415767059523,0.125,fars,0,KNN,False,1
962,0.4189363177181341,0.125,0.07381168423256788,0.052367039714766764,0.125,fars,1,KNN,True,1
963,0.4189363177181341,0.125,0.07381168423256788,0.052367039714766764,0.125,fars,1,KNN,False,1
964,0.41764880657621073,0.125,0.07365166969400587,0.05220610082202634,0.125,fars,2,KNN,True,1
965,0.41764880657621073,0.125,0.07365166969400587,0.05220610082202634,0.125,fars,2,KNN,False,1
966,0.3894226007725067,0.2093430104755192,0.14933171035592793,0.13896560257675672,0.2093430104755192,fars,3,KNN,True,1
967,0.3894226007725067,0.2093430104755192,0.14933171035592793,0.13896560257675672,0.2093430104755192,fars,3,KNN,False,1
968,0.35842329404773693,0.25032506489589734,0.1353622732616011,0.1329336842286294,0.25032506489589734,fars,4,KNN,True,1
969,0.35842329404773693,0.25032506489589734,0.1353622732616011,0.1329336842286294,0.25032506489589734,fars,4,KNN,False,1
970,0.38308408438149943,0.18319315287111135,0.131668611868773,0.12174027593007722,0.18319315287111135,fars,5,KNN,True,1
971,0.38308408438149943,0.18319315287111135,0.131668611868773,0.12174027593007722,0.18319315287111135,fars,5,KNN,False,1
972,0.764781618302466,0.3801850568701549,0.32625744645457855,0.3343589843517546,0.3801850568701549,fars,0,KNN,True,5
973,0.764781618302466,0.3801850568701549,0.32625744645457855,0.3343589843517546,0.3801850568701549,fars,0,KNN,False,5
974,0.7470535802713677,0.3687758494230171,0.30690670226584016,0.2772353459301591,0.3687758494230171,fars,1,KNN,True,5
975,0.7470535802713677,0.3687758494230171,0.30690670226584016,0.2772353459301591,0.3687758494230171,fars,1,KNN,False,5
976,0.7648806576210756,0.40623467266619606,0.3424073943663978,0.3084824979261709,0.40623467266619606,fars,2,KNN,True,5
977,0.7648806576210756,0.40623467266619606,0.3424073943663978,0.3084824979261709,0.40623467266619606,fars,2,KNN,False,5
978,0.7422501733188076,0.42053786324831915,0.34878447975039334,0.31522730983300434,0.42053786324831915,fars,3,KNN,True,5
979,0.7422501733188076,0.42053786324831915,0.34878447975039334,0.31522730983300434,0.42053786324831915,fars,3,KNN,False,5
980,0.7453699118550065,0.37147488335549506,0.31585201348836534,0.32297040309130626,0.37147488335549506,fars,4,KNN,True,5
981,0.7453699118550065,0.37147488335549506,0.31585201348836534,0.32297040309130626,0.37147488335549506,fars,4,KNN,False,5
982,0.7493810042586907,0.37061344550471925,0.3162945515040534,0.32138296265285204,0.37061344550471925,fars,5,KNN,True,5
983,0.7493810042586907,0.37061344550471925,0.3162945515040534,0.32138296265285204,0.37061344550471925,fars,5,KNN,False,5
984,0.7623551549965336,0.3813485259584205,0.3272473465466106,0.37603550624758336,0.3813485259584205,fars,0,KNN,True,10
985,0.7623551549965336,0.3813485259584205,0.3272473465466106,0.37603550624758336,0.3813485259584205,fars,0,KNN,False,10
986,0.7524512231355849,0.3960048892238546,0.3803636440370582,0.45235664170879153,0.3960048892238546,fars,1,KNN,True,10
987,0.7524512231355849,0.3960048892238546,0.3803636440370582,0.45235664170879153,0.3960048892238546,fars,1,KNN,False,10
988,0.7643854610280282,0.3945136354026079,0.33614380015599654,0.3742118920413505,0.3945136354026079,fars,2,KNN,True,10
989,0.7643854610280282,0.3945136354026079,0.33614380015599654,0.3742118920413505,0.3945136354026079,fars,2,KNN,False,10
990,0.7447756759433495,0.42796431780578537,0.3782835123965032,0.4582533237624293,0.42796431780578537,fars,3,KNN,True,10
991,0.7447756759433495,0.42796431780578537,0.3782835123965032,0.4582533237624293,0.42796431780578537,fars,3,KNN,False,10
992,0.7454689511736159,0.391553968417709,0.3639588618358055,0.4504868880723301,0.391553968417709,fars,4,KNN,True,10
993,0.7454689511736159,0.391553968417709,0.3639588618358055,0.4504868880723301,0.391553968417709,fars,4,KNN,False,10
994,0.7567594334950976,0.40115285285257196,0.3884056887338389,0.4419817718016257,0.40115285285257196,fars,5,KNN,True,10
995,0.7567594334950976,0.40115285285257196,0.3884056887338389,0.4419817718016257,0.40115285285257196,fars,5,KNN,False,10
996,0.7574031890660592,0.42961189078320516,0.43079578192882917,0.47744922667141143,0.42961189078320516,fars,0,KNN,True,20
997,0.7574031890660592,0.42961189078320516,0.43079578192882917,0.47744922667141143,0.42961189078320516,fars,0,KNN,False,20
998,0.7564623155392691,0.42842825197310813,0.43463441424759264,0.46793481148147065,0.42842825197310813,fars,1,KNN,True,20
999,0.7564623155392691,0.42842825197310813,0.43463441424759264,0.46793481148147065,0.42842825197310813,fars,1,KNN,False,20
1000,0.7563137565613549,0.4732527384961658,0.42242189794097956,0.4234133698580683,0.4732527384961658,fars,2,KNN,True,20
1001,0.7563137565613549,0.4732527384961658,0.42242189794097956,0.4234133698580683,0.4732527384961658,fars,2,KNN,False,20
1002,0.7550262454194315,0.46299775470186516,0.40696287747291204,0.46184997644163994,0.40512303536413197,fars,3,KNN,True,20
1003,0.7550262454194315,0.46299775470186516,0.40696287747291204,0.46184997644163994,0.40512303536413197,fars,3,KNN,False,20
1004,0.7575022283846687,0.4270083032437558,0.4311032246173533,0.46703836892656136,0.4270083032437558,fars,4,KNN,True,20
1005,0.7575022283846687,0.4270083032437558,0.4311032246173533,0.46703836892656136,0.4270083032437558,fars,4,KNN,False,20
1006,0.7584431019114588,0.45210156373958815,0.46123852876136384,0.49545830638042015,0.45210156373958815,fars,5,KNN,True,20
1007,0.7584431019114588,0.45210156373958815,0.46123852876136384,0.49545830638042015,0.45210156373958815,fars,5,KNN,False,20
1008,0.4213132613647618,0.125,0.07410633405337608,0.05266415767059523,0.125,fars,0,LR,True,1
1009,0.4213132613647618,0.125,0.07410633405337608,0.05266415767059523,0.125,fars,0,LR,False,1
1010,0.4189363177181341,0.125,0.07381168423256788,0.052367039714766764,0.125,fars,1,LR,True,1
1011,0.4189363177181341,0.125,0.07381168423256788,0.052367039714766764,0.125,fars,1,LR,False,1
1012,0.41764880657621073,0.125,0.07365166969400587,0.05220610082202634,0.125,fars,2,LR,True,1
1013,0.41764880657621073,0.125,0.07365166969400587,0.05220610082202634,0.125,fars,2,LR,False,1
1014,0.41215212439338417,0.14285714285714285,0.08338885577024231,0.058878874913340595,0.14285714285714285,fars,3,LR,True,1
1015,0.41215212439338417,0.14285714285714285,0.08338885577024231,0.058878874913340595,0.14285714285714285,fars,3,LR,False,1
1016,0.41438050906209767,0.125,0.07324417057629018,0.05179756363276221,0.125,fars,4,LR,True,1
1017,0.41438050906209767,0.125,0.07324417057629018,0.05179756363276221,0.125,fars,4,LR,False,1
1018,0.4181440031692582,0.125,0.07371324813185279,0.052268000396157276,0.125,fars,5,LR,True,1
1019,0.4181440031692582,0.125,0.07371324813185279,0.052268000396157276,0.125,fars,5,LR,False,1
1020,0.7166980291175596,0.3602285090917988,0.29637528285764253,0.2666975487126106,0.3602285090917988,fars,0,LR,True,5
1021,0.7166980291175596,0.3602285090917988,0.29637528285764253,0.2666975487126106,0.3602285090917988,fars,0,LR,False,5
1022,0.7186292958304447,0.36068292957670234,0.29726797008094713,0.2673288047090249,0.36068292957670234,fars,1,LR,True,5
1023,0.7186292958304447,0.36068292957670234,0.29726797008094713,0.2673288047090249,0.36068292957670234,fars,1,LR,False,5
1024,0.7188273744676636,0.36022338377286955,0.2968058024556435,0.26742936956910757,0.36022338377286955,fars,2,LR,True,5
1025,0.7188273744676636,0.36022338377286955,0.2968058024556435,0.26742936956910757,0.36022338377286955,fars,2,LR,False,5
1026,0.7200158462909775,0.41200307210512266,0.34065218108974105,0.3071962840694415,0.41200307210512266,fars,3,LR,True,5
1027,0.7200158462909775,0.41200307210512266,0.34065218108974105,0.3071962840694415,0.41200307210512266,fars,3,LR,False,5
1028,0.724175497672576,0.360656087840448,0.2994679470543296,0.2706615770376277,0.360656087840448,fars,4,LR,True,5
1029,0.724175497672576,0.360656087840448,0.2994679470543296,0.2706615770376277,0.360656087840448,fars,4,LR,False,5
1030,0.7242250173318807,0.36115542852946614,0.2988627075762441,0.26970918973191255,0.36115542852946614,fars,5,LR,True,5
1031,0.7242250173318807,0.36115542852946614,0.2988627075762441,0.26970918973191255,0.36115542852946614,fars,5,LR,False,5
1032,0.6779241358819451,0.3341532050116206,0.28874194858556507,0.3024196754416804,0.3341532050116206,fars,0,LR,True,10
1033,0.6779241358819451,0.3341532050116206,0.28874194858556507,0.3024196754416804,0.3341532050116206,fars,0,LR,False,10
1034,0.6775774982668119,0.33354913467592784,0.2889946711556203,0.29955059744527823,0.33354913467592784,fars,1,LR,True,10
1035,0.6775774982668119,0.33354913467592784,0.2889946711556203,0.29955059744527823,0.33354913467592784,fars,1,LR,False,10
1036,0.6748043973457463,0.3304902057326825,0.2871743983961646,0.30956790848644394,0.3304902057326825,fars,2,LR,True,10
1037,0.6748043973457463,0.3304902057326825,0.2871743983961646,0.30956790848644394,0.3304902057326825,fars,2,LR,False,10
1038,0.6772803803109835,0.37924892164081514,0.3281148336366996,0.34162194435616744,0.37924892164081514,fars,3,LR,True,10
1039,0.6772803803109835,0.37924892164081514,0.3281148336366996,0.34162194435616744,0.37924892164081514,fars,3,LR,False,10
1040,0.6822818659007626,0.33289360193096174,0.288678067979936,0.30023328129436244,0.33289360193096174,fars,4,LR,True,10
1041,0.6822818659007626,0.33289360193096174,0.288678067979936,0.30023328129436244,0.33289360193096174,fars,4,LR,False,10
1042,0.6806477171437061,0.33165337243784565,0.2874125028691601,0.2950000519175451,0.33165337243784565,fars,5,LR,True,10
1043,0.6806477171437061,0.33165337243784565,0.2874125028691601,0.2950000519175451,0.33165337243784565,fars,5,LR,False,10
1044,0.6755471922353175,0.3633489172419292,0.3615021384975061,0.4355464352637862,0.3633489172419292,fars,0,LR,True,20
1045,0.6755471922353175,0.3633489172419292,0.3615021384975061,0.4355464352637862,0.3633489172419292,fars,0,LR,False,20
1046,0.6759433495097553,0.36438718420100646,0.36302863627869564,0.4383411984554403,0.36438718420100646,fars,1,LR,True,20
1047,0.6759433495097553,0.36438718420100646,0.36302863627869564,0.4383411984554403,0.36438718420100646,fars,1,LR,False,20
1048,0.670595226304843,0.35173162973943145,0.348507606946317,0.430580876450102,0.35173162973943145,fars,2,LR,True,20
1049,0.670595226304843,0.35173162973943145,0.348507606946317,0.430580876450102,0.35173162973943145,fars,2,LR,False,20
1050,0.670991383579281,0.4146001005740053,0.4140513738629619,0.49913515891022264,0.4146001005740053,fars,3,LR,True,20
1051,0.670991383579281,0.4146001005740053,0.4140513738629619,0.49913515891022264,0.4146001005740053,fars,3,LR,False,20
1052,0.6761909478062791,0.3657825884553544,0.36591624890819774,0.44184427644394647,0.3657825884553544,fars,4,LR,True,20
1053,0.6761909478062791,0.3657825884553544,0.36591624890819774,0.44184427644394647,0.3657825884553544,fars,4,LR,False,20
1054,0.6753491135980985,0.359314031560911,0.35844355759601254,0.43297575453642995,0.359314031560911,fars,5,LR,True,20
1055,0.6753491135980985,0.359314031560911,0.35844355759601254,0.43297575453642995,0.359314031560911,fars,5,LR,False,20
1056,0.3434683569377043,0.24949449404713497,0.13098257103682542,0.12059008681243671,0.24949449404713497,fars,0,NB,True,1
1057,0.3434683569377043,0.24949449404713497,0.13098257103682542,0.12059008681243671,0.24949449404713497,fars,0,NB,False,1
1058,0.34906407843914034,0.25044104765350683,0.13315572716312946,0.12695251051984613,0.25044104765350683,fars,1,NB,True,1
1059,0.34906407843914034,0.25044104765350683,0.13315572716312946,0.12695251051984613,0.25044104765350683,fars,1,NB,False,1
1060,0.35124294344854906,0.2502073771330783,0.1333171695303237,0.1290106941071946,0.2502073771330783,fars,2,NB,True,1
1061,0.35124294344854906,0.2502073771330783,0.1333171695303237,0.1290106941071946,0.2502073771330783,fars,2,NB,False,1
1062,0.3562444290383282,0.28591529468969895,0.15391135166128397,0.14775007575911614,0.28591529468969895,fars,3,NB,True,1
1063,0.3562444290383282,0.28591529468969895,0.15391135166128397,0.14775007575911614,0.28591529468969895,fars,3,NB,False,1
1064,0.35842329404773693,0.25032506489589734,0.1353622732616011,0.1329336842286294,0.25032506489589734,fars,4,NB,True,1
1065,0.35842329404773693,0.25032506489589734,0.1353622732616011,0.1329336842286294,0.25032506489589734,fars,4,NB,False,1
1066,0.3540655640289195,0.25049993350341215,0.13391776620999057,0.1300769112100511,0.25049993350341215,fars,5,NB,True,1
1067,0.3540655640289195,0.25049993350341215,0.13391776620999057,0.1300769112100511,0.25049993350341215,fars,5,NB,False,1
1068,0.7498762008517381,0.37227241969667546,0.31936266979916106,0.3287666835194122,0.37227241969667546,fars,0,NB,True,5
1069,0.7498762008517381,0.37227241969667546,0.31936266979916106,0.3287666835194122,0.37227241969667546,fars,0,NB,False,5
1070,0.7663167277409132,0.3804943801257891,0.3270865270847094,0.33226124088909254,0.3804943801257891,fars,1,NB,True,5
1071,0.7663167277409132,0.3804943801257891,0.3270865270847094,0.33226124088909254,0.3804943801257891,fars,1,NB,False,5
1072,0.7503713974447855,0.37326012889237853,0.3194723412745562,0.33276448187892127,0.37326012889237853,fars,2,NB,True,5
1073,0.7503713974447855,0.37326012889237853,0.3194723412745562,0.33276448187892127,0.37326012889237853,fars,2,NB,False,5
1074,0.743141527186293,0.42379759289651936,0.36060950418428755,0.3702434561357909,0.42379759289651936,fars,3,NB,True,5
1075,0.743141527186293,0.42379759289651936,0.36060950418428755,0.3702434561357909,0.42379759289651936,fars,3,NB,False,5
1076,0.7453699118550065,0.37147488335549506,0.31585201348836534,0.32297040309130626,0.37147488335549506,fars,4,NB,True,5
1077,0.7453699118550065,0.37147488335549506,0.31585201348836534,0.32297040309130626,0.37147488335549506,fars,4,NB,False,5
1078,0.7494305239179955,0.37062824891542506,0.3163090977773744,0.321390152332071,0.37062824891542506,fars,5,NB,True,5
1079,0.7494305239179955,0.37062824891542506,0.3163090977773744,0.321390152332071,0.37062824891542506,fars,5,NB,False,5
1080,0.7498762008517381,0.37227241969667546,0.31936266979916106,0.3287666835194122,0.37227241969667546,fars,0,NB,True,10
1081,0.7498762008517381,0.37227241969667546,0.31936266979916106,0.3287666835194122,0.37227241969667546,fars,0,NB,False,10
1082,0.7663167277409132,0.3804943801257891,0.3270865270847094,0.33226124088909254,0.3804943801257891,fars,1,NB,True,10
1083,0.7663167277409132,0.3804943801257891,0.3270865270847094,0.33226124088909254,0.3804943801257891,fars,1,NB,False,10
1084,0.7503713974447855,0.37326012889237853,0.3194723412745562,0.33276448187892127,0.37326012889237853,fars,2,NB,True,10
1085,0.7503713974447855,0.37326012889237853,0.3194723412745562,0.33276448187892127,0.37326012889237853,fars,2,NB,False,10
1086,0.743141527186293,0.42379759289651936,0.36060950418428755,0.3702434561357909,0.42379759289651936,fars,3,NB,True,10
1087,0.743141527186293,0.42379759289651936,0.36060950418428755,0.3702434561357909,0.42379759289651936,fars,3,NB,False,10
1088,0.7453699118550065,0.37147488335549506,0.31585201348836534,0.32297040309130626,0.37147488335549506,fars,4,NB,True,10
1089,0.7453699118550065,0.37147488335549506,0.31585201348836534,0.32297040309130626,0.37147488335549506,fars,4,NB,False,10
1090,0.7494305239179955,0.37062824891542506,0.3163090977773744,0.321390152332071,0.37062824891542506,fars,5,NB,True,10
1091,0.7494305239179955,0.37062824891542506,0.3163090977773744,0.321390152332071,0.37062824891542506,fars,5,NB,False,10
1092,0.757452708725364,0.4438813584019936,0.41319721313803914,0.5008653683898332,0.4438813584019936,fars,0,NB,True,20
1093,0.757452708725364,0.4438813584019936,0.41319721313803914,0.5008653683898332,0.4438813584019936,fars,0,NB,False,20
1094,0.7418540160443696,0.39284349239039185,0.362062104997745,0.4318758226132882,0.39284349239039185,fars,1,NB,True,20
1095,0.7418540160443696,0.39284349239039185,0.362062104997745,0.4318758226132882,0.39284349239039185,fars,1,NB,False,20
1096,0.7566603941764881,0.5696403488391626,0.4187339508023843,0.5075504965417246,0.5696403488391626,fars,2,NB,True,20
1097,0.7566603941764881,0.5696403488391626,0.4187339508023843,0.5075504965417246,0.5696403488391626,fars,2,NB,False,20
1098,0.7521045855204517,0.51391422614814,0.41713040293338444,0.5061766302618271,0.4496749478796225,fars,3,NB,True,20
1099,0.7521045855204517,0.51391422614814,0.41713040293338444,0.5061766302618271,0.4496749478796225,fars,3,NB,False,20
1100,0.7536396949588987,0.44296172863581806,0.40902135207657264,0.4991634893703881,0.44296172863581806,fars,4,NB,True,20
1101,0.7536396949588987,0.44296172863581806,0.40902135207657264,0.4991634893703881,0.44296172863581806,fars,4,NB,False,20
1102,0.738882836486085,0.46248170442060055,0.4051158182506448,0.5006878877963029,0.46248170442060055,fars,5,NB,True,20
1103,0.738882836486085,0.46248170442060055,0.4051158182506448,0.5006878877963029,0.46248170442060055,fars,5,NB,False,20
1104,0.4213132613647618,0.125,0.07410633405337608,0.05266415767059523,0.125,fars,0,DT,True,1
1105,0.4213132613647618,0.125,0.07410633405337608,0.05266415767059523,0.125,fars,0,DT,False,1
1106,0.4189363177181341,0.125,0.07381168423256788,0.052367039714766764,0.125,fars,1,DT,True,1
1107,0.4189363177181341,0.125,0.07381168423256788,0.052367039714766764,0.125,fars,1,DT,False,1
1108,0.41764880657621073,0.125,0.07365166969400587,0.05220610082202634,0.125,fars,2,DT,True,1
1109,0.41764880657621073,0.125,0.07365166969400587,0.05220610082202634,0.125,fars,2,DT,False,1
1110,0.41215212439338417,0.14285714285714285,0.08338885577024231,0.058878874913340595,0.14285714285714285,fars,3,DT,True,1
1111,0.41215212439338417,0.14285714285714285,0.08338885577024231,0.058878874913340595,0.14285714285714285,fars,3,DT,False,1
1112,0.41438050906209767,0.125,0.07324417057629018,0.05179756363276221,0.125,fars,4,DT,True,1
1113,0.41438050906209767,0.125,0.07324417057629018,0.05179756363276221,0.125,fars,4,DT,False,1
1114,0.4181440031692582,0.125,0.07371324813185279,0.052268000396157276,0.125,fars,5,DT,True,1
1115,0.4181440031692582,0.125,0.07371324813185279,0.052268000396157276,0.125,fars,5,DT,False,1
1116,0.764781618302466,0.3801850568701549,0.32625744645457855,0.3343589843517546,0.3801850568701549,fars,0,DT,True,5
1117,0.764781618302466,0.3801850568701549,0.32625744645457855,0.3343589843517546,0.3801850568701549,fars,0,DT,False,5
1118,0.7663167277409132,0.3804943801257891,0.3270865270847094,0.33226124088909254,0.3804943801257891,fars,1,DT,True,5
1119,0.7663167277409132,0.3804943801257891,0.3270865270847094,0.33226124088909254,0.3804943801257891,fars,1,DT,False,5
1120,0.767703278201446,0.380588372435802,0.3272363900912909,0.33932665377032667,0.380588372435802,fars,2,DT,True,5
1121,0.767703278201446,0.380588372435802,0.3272363900912909,0.33932665377032667,0.380588372435802,fars,2,DT,False,5
1122,0.76691096365257,0.4335784927719996,0.3723486393090075,0.38039166222894305,0.4335784927719996,fars,3,DT,True,5
1123,0.76691096365257,0.4335784927719996,0.3723486393090075,0.38039166222894305,0.4335784927719996,fars,3,DT,False,5
1124,0.7705258987818164,0.3790130869931145,0.32638281589200885,0.3323045203924969,0.3790130869931145,fars,4,DT,True,5
1125,0.7705258987818164,0.3790130869931145,0.32638281589200885,0.3323045203924969,0.3790130869931145,fars,4,DT,False,5
1126,0.7698326235515499,0.3792196043746012,0.32539941822916507,0.3290893599864289,0.3792196043746012,fars,5,DT,True,5
1127,0.7698326235515499,0.3792196043746012,0.32539941822916507,0.3290893599864289,0.3792196043746012,fars,5,DT,False,5
1128,0.7665643260374368,0.40974504841571435,0.36865223460255026,0.461427989244885,0.40974504841571435,fars,0,DT,True,10
1129,0.7665643260374368,0.40974504841571435,0.36865223460255026,0.461427989244885,0.40974504841571435,fars,0,DT,False,10
1130,0.7690403090026741,0.41456687431281986,0.3761011766465969,0.47473610600856886,0.41456687431281986,fars,1,DT,True,10
1131,0.7690403090026741,0.41456687431281986,0.3761011766465969,0.47473610600856886,0.41456687431281986,fars,1,DT,False,10
1132,0.7700307021887689,0.4180886954169686,0.37795676981912313,0.4784757229518035,0.4180886954169686,fars,2,DT,True,10
1133,0.7700307021887689,0.4180886954169686,0.37795676981912313,0.4784757229518035,0.4180886954169686,fars,2,DT,False,10
1134,0.7689412696840646,0.4663472246159089,0.42011317841567386,0.5289191100262831,0.4663472246159089,fars,3,DT,True,10
1135,0.7689412696840646,0.4663472246159089,0.42011317841567386,0.5289191100262831,0.4663472246159089,fars,3,DT,False,10
1136,0.7717143706051303,0.40950160563881877,0.3695642413091029,0.4479138054276193,0.40950160563881877,fars,4,DT,True,10
1137,0.7717143706051303,0.40950160563881877,0.3695642413091029,0.4479138054276193,0.40950160563881877,fars,4,DT,False,10
1138,0.7718134099237397,0.40717641501057245,0.3671869356989124,0.45813617980555355,0.40717641501057245,fars,5,DT,True,10
1139,0.7718134099237397,0.40717641501057245,0.3671869356989124,0.45813617980555355,0.40717641501057245,fars,5,DT,False,10
1140,0.7656729721699514,0.4373564306338245,0.4376517081981698,0.5085557684730593,0.4373564306338245,fars,0,DT,True,20
1141,0.7656729721699514,0.4373564306338245,0.4376517081981698,0.5085557684730593,0.4373564306338245,fars,0,DT,False,20
1142,0.7681984747944934,0.4379563330528408,0.4331870348721508,0.4794140028834655,0.4379563330528408,fars,1,DT,True,20
1143,0.7681984747944934,0.4379563330528408,0.4331870348721508,0.4794140028834655,0.4379563330528408,fars,1,DT,False,20
1144,0.7678518371793602,0.4344868815300414,0.4328476232638014,0.4967735883831181,0.4344868815300414,fars,2,DT,True,20
1145,0.7678518371793602,0.4344868815300414,0.4328476232638014,0.4967735883831181,0.4344868815300414,fars,2,DT,False,20
1146,0.7672576012677033,0.49735234873440487,0.4327323535637222,0.4781072426448839,0.4351833051426043,fars,3,DT,True,20
1147,0.7672576012677033,0.49735234873440487,0.4327323535637222,0.4781072426448839,0.4351833051426043,fars,3,DT,False,20
1148,0.7693869466178073,0.4377672947665956,0.43896339945214546,0.49675194906223863,0.4377672947665956,fars,4,DT,True,20
1149,0.7693869466178073,0.4377672947665956,0.43896339945214546,0.49675194906223863,0.4377672947665956,fars,4,DT,False,20
1150,0.7686936713875409,0.43589545525110673,0.4361018653016085,0.5108023659921872,0.43589545525110673,fars,5,DT,True,20
1151,0.7686936713875409,0.43589545525110673,0.4361018653016085,0.5108023659921872,0.43589545525110673,fars,5,DT,False,20
1152,0.4213132613647618,0.125,0.07410633405337608,0.05266415767059523,0.125,fars,0,RF,True,1
1153,0.4213132613647618,0.125,0.07410633405337608,0.05266415767059523,0.125,fars,0,RF,False,1
1154,0.4189363177181341,0.125,0.07381168423256788,0.052367039714766764,0.125,fars,1,RF,True,1
1155,0.4189363177181341,0.125,0.07381168423256788,0.052367039714766764,0.125,fars,1,RF,False,1
1156,0.41764880657621073,0.125,0.07365166969400587,0.05220610082202634,0.125,fars,2,RF,True,1
1157,0.41764880657621073,0.125,0.07365166969400587,0.05220610082202634,0.125,fars,2,RF,False,1
1158,0.41215212439338417,0.14285714285714285,0.08338885577024231,0.058878874913340595,0.14285714285714285,fars,3,RF,True,1
1159,0.41215212439338417,0.14285714285714285,0.08338885577024231,0.058878874913340595,0.14285714285714285,fars,3,RF,False,1
1160,0.41438050906209767,0.125,0.07324417057629018,0.05179756363276221,0.125,fars,4,RF,True,1
1161,0.41438050906209767,0.125,0.07324417057629018,0.05179756363276221,0.125,fars,4,RF,False,1
1162,0.4181440031692582,0.125,0.07371324813185279,0.052268000396157276,0.125,fars,5,RF,True,1
1163,0.4181440031692582,0.125,0.07371324813185279,0.052268000396157276,0.125,fars,5,RF,False,1
1164,0.764781618302466,0.3801850568701549,0.32625744645457855,0.3343589843517546,0.3801850568701549,fars,0,RF,True,5
1165,0.764781618302466,0.3801850568701549,0.32625744645457855,0.3343589843517546,0.3801850568701549,fars,0,RF,False,5
1166,0.7663167277409132,0.3804943801257891,0.3270865270847094,0.33226124088909254,0.3804943801257891,fars,1,RF,True,5
1167,0.7663167277409132,0.3804943801257891,0.3270865270847094,0.33226124088909254,0.3804943801257891,fars,1,RF,False,5
1168,0.767703278201446,0.380588372435802,0.3272363900912909,0.33932665377032667,0.380588372435802,fars,2,RF,True,5
1169,0.767703278201446,0.380588372435802,0.3272363900912909,0.33932665377032667,0.380588372435802,fars,2,RF,False,5
1170,0.76691096365257,0.4335784927719996,0.3723486393090075,0.38039166222894305,0.4335784927719996,fars,3,RF,True,5
1171,0.76691096365257,0.4335784927719996,0.3723486393090075,0.38039166222894305,0.4335784927719996,fars,3,RF,False,5
1172,0.7705258987818164,0.3790130869931145,0.32638281589200885,0.3323045203924969,0.3790130869931145,fars,4,RF,True,5
1173,0.7705258987818164,0.3790130869931145,0.32638281589200885,0.3323045203924969,0.3790130869931145,fars,4,RF,False,5
1174,0.7698326235515499,0.3792196043746012,0.32539941822916507,0.3290893599864289,0.3792196043746012,fars,5,RF,True,5
1175,0.7698326235515499,0.3792196043746012,0.32539941822916507,0.3290893599864289,0.3792196043746012,fars,5,RF,False,5
1176,0.7665643260374368,0.40974504841571435,0.36865223460255026,0.461427989244885,0.40974504841571435,fars,0,RF,True,10
1177,0.7665643260374368,0.40974504841571435,0.36865223460255026,0.461427989244885,0.40974504841571435,fars,0,RF,False,10
1178,0.7690403090026741,0.41456687431281986,0.3761011766465969,0.47473610600856886,0.41456687431281986,fars,1,RF,True,10
1179,0.7690403090026741,0.41456687431281986,0.3761011766465969,0.47473610600856886,0.41456687431281986,fars,1,RF,False,10
1180,0.7699316628701595,0.4173375567804868,0.3771301010763586,0.4758886746136598,0.4173375567804868,fars,2,RF,True,10
1181,0.7699316628701595,0.4173375567804868,0.3771301010763586,0.4758886746136598,0.4173375567804868,fars,2,RF,False,10
1182,0.7688917500247598,0.4655535738222581,0.4191910713740756,0.527177656110217,0.4655535738222581,fars,3,RF,True,10
1183,0.7688917500247598,0.4655535738222581,0.4191910713740756,0.527177656110217,0.4655535738222581,fars,3,RF,False,10
1184,0.7716648509458255,0.4087663115211717,0.3687333926939661,0.44648814227519756,0.4087663115211717,fars,4,RF,True,10
1185,0.7716648509458255,0.4087663115211717,0.3687333926939661,0.44648814227519756,0.4087663115211717,fars,4,RF,False,10
1186,0.7718134099237397,0.40717641501057245,0.3671869356989124,0.45813617980555355,0.40717641501057245,fars,5,RF,True,10
1187,0.7718134099237397,0.40717641501057245,0.3671869356989124,0.45813617980555355,0.40717641501057245,fars,5,RF,False,10
1188,0.7662176884223036,0.4351170523147804,0.43544762532481607,0.6015410461656858,0.4351170523147804,fars,0,RF,True,20
1189,0.7662176884223036,0.4351170523147804,0.43544762532481607,0.6015410461656858,0.4351170523147804,fars,0,RF,False,20
1190,0.7683470337724077,0.4378259833741536,0.43527117262115633,0.4896513251641203,0.4378259833741536,fars,1,RF,True,20
1191,0.7683470337724077,0.4378259833741536,0.43527117262115633,0.4896513251641203,0.4378259833741536,fars,1,RF,False,20
1192,0.767109042289789,0.4329215233539293,0.4329187241982761,0.49985369159975723,0.4329215233539293,fars,2,RF,True,20
1193,0.767109042289789,0.4329215233539293,0.4329187241982761,0.49985369159975723,0.4329215233539293,fars,2,RF,False,20
1194,0.7674556799049222,0.49755204489204263,0.43273643337833495,0.4755309328302236,0.4353580392805373,fars,3,RF,True,20
1195,0.7674556799049222,0.49755204489204263,0.43273643337833495,0.4755309328302236,0.4353580392805373,fars,3,RF,False,20
1196,0.7719619689016539,0.4404294452553924,0.4425827565838425,0.5112267244418341,0.4404294452553924,fars,4,RF,True,20
1197,0.7719619689016539,0.4404294452553924,0.4425827565838425,0.5112267244418341,0.4404294452553924,fars,4,RF,False,20
1198,0.7701297415073785,0.43760384682309517,0.4394969029379698,0.5203015010501497,0.43760384682309517,fars,5,RF,True,20
1199,0.7701297415073785,0.43760384682309517,0.4394969029379698,0.5203015010501497,0.43760384682309517,fars,5,RF,False,20
1200,0.7708056095813287,0.5177509604278554,0.8691790826760152,0.7713367209374676,0.9954496788008566,adult,0,KNN,True,1
1201,0.7708056095813287,0.5177509604278554,0.8691790826760152,0.7713367209374676,0.9954496788008566,adult,0,KNN,False,1
1202,0.7253557170641827,0.6523238411003771,0.8144408326993569,0.8376724996443307,0.7924629878869448,adult,1,KNN,True,1
1203,0.7253557170641827,0.6523238411003771,0.8144408326993569,0.8376724996443307,0.7924629878869448,adult,1,KNN,False,1
1204,0.7538130821987921,0.5909791590637451,0.848102065306638,0.79314825753101,0.9112377850162866,adult,2,KNN,True,1
1205,0.7538130821987921,0.5909791590637451,0.848102065306638,0.79314825753101,0.9112377850162866,adult,2,KNN,False,1
1206,0.7490019449278329,0.6631384265227659,0.8335821908510928,0.8373329697300246,0.8298648648648649,adult,3,KNN,True,1
1207,0.7490019449278329,0.6631384265227659,0.8335821908510928,0.8373329697300246,0.8298648648648649,adult,3,KNN,False,1
1208,0.7442931722796602,0.6570843456371691,0.8308504875406284,0.8392612859097127,0.8226065969428801,adult,4,KNN,True,1
1209,0.7442931722796602,0.6570843456371691,0.8308504875406284,0.8392612859097127,0.8226065969428801,adult,4,KNN,False,1
1210,0.5399733851980756,0.6021217976241592,0.6154372753722402,0.8469147432878003,0.48333333333333334,adult,5,KNN,True,1
1211,0.5399733851980756,0.6021217976241592,0.6154372753722402,0.8469147432878003,0.48333333333333334,adult,5,KNN,False,1
1212,0.7708056095813287,0.5177509604278554,0.8691790826760152,0.7713367209374676,0.9954496788008566,adult,0,KNN,True,5
1213,0.7708056095813287,0.5177509604278554,0.8691790826760152,0.7713367209374676,0.9954496788008566,adult,0,KNN,False,5
1214,0.7253557170641827,0.6523238411003771,0.8144408326993569,0.8376724996443307,0.7924629878869448,adult,1,KNN,True,5
1215,0.7253557170641827,0.6523238411003771,0.8144408326993569,0.8376724996443307,0.7924629878869448,adult,1,KNN,False,5
1216,0.7538130821987921,0.5909791590637451,0.848102065306638,0.79314825753101,0.9112377850162866,adult,2,KNN,True,5
1217,0.7538130821987921,0.5909791590637451,0.848102065306638,0.79314825753101,0.9112377850162866,adult,2,KNN,False,5
1218,0.7490019449278329,0.6631384265227659,0.8335821908510928,0.8373329697300246,0.8298648648648649,adult,3,KNN,True,5
1219,0.7490019449278329,0.6631384265227659,0.8335821908510928,0.8373329697300246,0.8298648648648649,adult,3,KNN,False,5
1220,0.7442931722796602,0.6570843456371691,0.8308504875406284,0.8392612859097127,0.8226065969428801,adult,4,KNN,True,5
1221,0.7442931722796602,0.6570843456371691,0.8308504875406284,0.8392612859097127,0.8226065969428801,adult,4,KNN,False,5
1222,0.5399733851980756,0.6021217976241592,0.6154372753722402,0.8469147432878003,0.48333333333333334,adult,5,KNN,True,5
1223,0.5399733851980756,0.6021217976241592,0.6154372753722402,0.8469147432878003,0.48333333333333334,adult,5,KNN,False,5
1224,0.7861603029992834,0.586132066171405,0.8733248438542235,0.7984255460694091,0.9637312633832976,adult,0,KNN,True,10
1225,0.7861603029992834,0.586132066171405,0.8733248438542235,0.7984255460694091,0.9637312633832976,adult,0,KNN,False,10
1226,0.8134916572832429,0.686389715727868,0.8835485108014828,0.8412852969814996,0.9302826379542396,adult,1,KNN,True,10
1227,0.8134916572832429,0.686389715727868,0.8835485108014828,0.8412852969814996,0.9302826379542396,adult,1,KNN,False,10
1228,0.7825775412017607,0.6948409740150796,0.857507044143298,0.8478376227115946,0.867399565689468,adult,2,KNN,True,10
1229,0.7825775412017607,0.6948409740150796,0.857507044143298,0.8478376227115946,0.867399565689468,adult,2,KNN,False,10
1230,0.8125703756781656,0.7411143657376245,0.8767252406921161,0.873607943110157,0.8798648648648648,adult,3,KNN,True,10
1231,0.8125703756781656,0.7411143657376245,0.8767252406921161,0.873607943110157,0.8798648648648648,adult,3,KNN,False,10
1232,0.8162555020984748,0.6806232600529212,0.8862988534870463,0.8399567775243126,0.9380530973451328,adult,4,KNN,True,10
1233,0.8162555020984748,0.6806232600529212,0.8862988534870463,0.8399567775243126,0.9380530973451328,adult,4,KNN,False,10
1234,0.8093970723717883,0.7232560354021524,0.8764760514793685,0.8653392716793293,0.8879032258064516,adult,5,KNN,True,10
1235,0.8093970723717883,0.7232560354021524,0.8764760514793685,0.8653392716793293,0.8879032258064516,adult,5,KNN,False,10
1236,0.8090899785034292,0.698511505790534,0.879076703624457,0.8525971575902402,0.9072537473233405,adult,0,KNN,True,20
1237,0.8090899785034292,0.698511505790534,0.879076703624457,0.8525971575902402,0.9072537473233405,adult,0,KNN,False,20
1238,0.8060190398198382,0.709892731188686,0.8752057951926243,0.8568665377176016,0.8943472409152086,adult,1,KNN,True,20
1239,0.7998771624526564,0.6994102862285421,0.8714914875435483,0.8517281254015161,0.8921938088829071,adult,1,KNN,False,20
1240,0.8001842563210154,0.7045476719571695,0.8707798225870516,0.8499612302920652,0.8926438653637351,adult,2,KNN,True,20
1241,0.7984440577336472,0.6816342753946623,0.8721345541918306,0.8361349769642635,0.9113735070575462,adult,2,KNN,False,20
1242,0.8021291841539564,0.7111202696998391,0.8717574470908247,0.8562491854554933,0.8878378378378379,adult,3,KNN,True,20
1243,0.8021291841539564,0.7111202696998391,0.8717574470908247,0.8562491854554933,0.8878378378378379,adult,3,KNN,False,20
1244,0.7994677039615109,0.7051651951055726,0.870667458902753,0.8575887631681623,0.8841512469831054,adult,4,KNN,True,20
1245,0.7994677039615109,0.7051651951055726,0.870667458902753,0.8575887631681623,0.8841512469831054,adult,4,KNN,False,20
1246,0.8033575596273927,0.7163413793819859,0.8724011956160744,0.8623768877216021,0.8826612903225807,adult,5,KNN,True,20
1247,0.8033575596273927,0.7163413793819859,0.8724011956160744,0.8623768877216021,0.8826612903225807,adult,5,KNN,False,20
1248,0.7829869996929061,0.5866205536222183,0.8709363204675514,0.7988608443153897,0.9573072805139187,adult,0,LR,True,1
1249,0.7829869996929061,0.5866205536222183,0.8709363204675514,0.7988608443153897,0.9573072805139187,adult,0,LR,False,1
1250,0.7837035520524107,0.5926922043389722,0.8708987596993951,0.7974711871992839,0.9592193808882907,adult,1,LR,True,1
1251,0.7837035520524107,0.5926922043389722,0.8708987596993951,0.7974711871992839,0.9592193808882907,adult,1,LR,False,1
1252,0.7767427577029379,0.5900356902050856,0.8660895192484804,0.7907837201479987,0.9572475570032574,adult,2,LR,True,1
1253,0.7767427577029379,0.5900356902050856,0.8660895192484804,0.7907837201479987,0.9572475570032574,adult,2,LR,False,1
1254,0.7772545808168697,0.5896652424902742,0.8664539094145084,0.7936811333483247,0.9539189189189189,adult,3,LR,True,1
1255,0.7772545808168697,0.5896652424902742,0.8664539094145084,0.7936811333483247,0.9539189189189189,adult,3,LR,False,1
1256,0.7788924147814515,0.5835860684248348,0.8682444796876906,0.7964413607878246,0.9542772861356932,adult,4,LR,True,1
1257,0.7788924147814515,0.5835860684248348,0.8682444796876906,0.7964413607878246,0.9542772861356932,adult,4,LR,False,1
1258,0.7823728119561879,0.5897422113418006,0.8702075702075702,0.7972035794183445,0.9579301075268817,adult,5,LR,True,1
1259,0.7823728119561879,0.5897422113418006,0.8702075702075702,0.7972035794183445,0.9579301075268817,adult,5,LR,False,1
1260,0.7829869996929061,0.5866205536222183,0.8709363204675514,0.7988608443153897,0.9573072805139187,adult,0,LR,True,5
1261,0.7829869996929061,0.5866205536222183,0.8709363204675514,0.7988608443153897,0.9573072805139187,adult,0,LR,False,5
1262,0.7837035520524107,0.5926922043389722,0.8708987596993951,0.7974711871992839,0.9592193808882907,adult,1,LR,True,5
1263,0.7837035520524107,0.5926922043389722,0.8708987596993951,0.7974711871992839,0.9592193808882907,adult,1,LR,False,5
1264,0.7767427577029379,0.5900356902050856,0.8660895192484804,0.7907837201479987,0.9572475570032574,adult,2,LR,True,5
1265,0.7767427577029379,0.5900356902050856,0.8660895192484804,0.7907837201479987,0.9572475570032574,adult,2,LR,False,5
1266,0.7772545808168697,0.5896652424902742,0.8664539094145084,0.7936811333483247,0.9539189189189189,adult,3,LR,True,5
1267,0.7772545808168697,0.5896652424902742,0.8664539094145084,0.7936811333483247,0.9539189189189189,adult,3,LR,False,5
1268,0.7788924147814515,0.5835860684248348,0.8682444796876906,0.7964413607878246,0.9542772861356932,adult,4,LR,True,5
1269,0.7788924147814515,0.5835860684248348,0.8682444796876906,0.7964413607878246,0.9542772861356932,adult,4,LR,False,5
1270,0.7823728119561879,0.5897422113418006,0.8702075702075702,0.7972035794183445,0.9579301075268817,adult,5,LR,True,5
1271,0.7823728119561879,0.5897422113418006,0.8702075702075702,0.7972035794183445,0.9579301075268817,adult,5,LR,False,5
1272,0.8094994369945747,0.6650092139080953,0.8827716535433071,0.8338688563608235,0.9377676659528907,adult,0,LR,True,10
1273,0.8094994369945747,0.6650092139080953,0.8827716535433071,0.8338688563608235,0.9377676659528907,adult,0,LR,False,10
1274,0.8066332275565564,0.6681126167156825,0.8801928077630494,0.8323137819359482,0.9339165545087483,adult,1,LR,True,10
1275,0.8066332275565564,0.6681126167156825,0.8801928077630494,0.8323137819359482,0.9339165545087483,adult,1,LR,False,10
1276,0.8078616030299929,0.6777697301748593,0.8799488327470419,0.8321035442119269,0.9336319218241043,adult,2,LR,True,10
1277,0.8078616030299929,0.6777697301748593,0.8799488327470419,0.8321035442119269,0.9336319218241043,adult,2,LR,False,10
1278,0.8041764766096837,0.6684195920276546,0.8782071687782518,0.8302636330805345,0.932027027027027,adult,3,LR,True,10
1279,0.8041764766096837,0.6684195920276546,0.8782071687782518,0.8302636330805345,0.932027027027027,adult,3,LR,False,10
1280,0.8039717473641109,0.6607823659601805,0.8789889415481833,0.8312417831958886,0.9325556449450255,adult,4,LR,True,10
1281,0.8039717473641109,0.6607823659601805,0.8789889415481833,0.8312417831958886,0.9325556449450255,adult,4,LR,False,10
1282,0.8108301770907974,0.6719889356731626,0.883008356545961,0.834609861177597,0.9373655913978495,adult,5,LR,True,10
1283,0.8108301770907974,0.6719889356731626,0.883008356545961,0.834609861177597,0.9373655913978495,adult,5,LR,False,10
1284,0.8010031733033064,0.6421178902469379,0.8786668331044813,0.8232748538011696,0.9420503211991434,adult,0,LR,True,20
1285,0.8010031733033064,0.6421178902469379,0.8786668331044813,0.8232748538011696,0.9420503211991434,adult,0,LR,False,20
1286,0.8004913501893746,0.6479630319061706,0.8776291831481132,0.8225255972696246,0.9406460296096905,adult,1,LR,True,20
1287,0.8110349063363701,0.670859819193188,0.8832532253984315,0.8330947267955142,0.9398384925975773,adult,1,LR,False,20
1288,0.7998771624526564,0.6545072210230898,0.8763675456902549,0.82048549437537,0.9404180238870793,adult,2,LR,True,20
1289,0.8111372709591566,0.6762912587091607,0.8826261212545328,0.8306789606035205,0.9415038002171553,adult,2,LR,False,20
1290,0.7964991299007064,0.6441241029970451,0.8749685534591195,0.8183529411764706,0.94,adult,3,LR,True,20
1291,0.7964991299007064,0.6441241029970451,0.8749685534591195,0.8183529411764706,0.94,adult,3,LR,False,20
1292,0.7969085883918517,0.6421209022944471,0.8755644756648269,0.8225312279047844,0.9359077500670421,adult,4,LR,True,20
1293,0.7969085883918517,0.6421209022944471,0.8755644756648269,0.8225312279047844,0.9359077500670421,adult,4,LR,False,20
1294,0.8043812058552564,0.6504998915035758,0.8803156510302499,0.8242054649935499,0.9446236559139785,adult,5,LR,True,20
1295,0.8043812058552564,0.6504998915035758,0.8803156510302499,0.8242054649935499,0.9446236559139785,adult,5,LR,False,20
1296,0.7829869996929061,0.5866205536222183,0.8709363204675514,0.7988608443153897,0.9573072805139187,adult,0,NB,True,1
1297,0.7829869996929061,0.5866205536222183,0.8709363204675514,0.7988608443153897,0.9573072805139187,adult,0,NB,False,1
1298,0.777356945439656,0.5447248568224333,0.8713246169319055,0.7773672543016996,0.9911170928667564,adult,1,NB,True,1
1299,0.777356945439656,0.5447248568224333,0.8713246169319055,0.7773672543016996,0.9911170928667564,adult,1,NB,False,1
1300,0.7685535878800287,0.5379988081784599,0.8659830478335605,0.7687046195938125,0.9914495114006515,adult,2,NB,True,1
1301,0.7685535878800287,0.5379988081784599,0.8659830478335605,0.7687046195938125,0.9914495114006515,adult,2,NB,False,1
1302,0.7735694543965606,0.5447591924976898,0.8687240356083086,0.7744973544973545,0.989054054054054,adult,3,NB,True,1
1303,0.7735694543965606,0.5447591924976898,0.8687240356083086,0.7744973544973545,0.989054054054054,adult,3,NB,False,1
1304,0.7788924147814515,0.5835860684248348,0.8682444796876906,0.7964413607878246,0.9542772861356932,adult,4,NB,True,1
1305,0.7788924147814515,0.5835860684248348,0.8682444796876906,0.7964413607878246,0.9542772861356932,adult,4,NB,False,1
1306,0.7761285699662197,0.54198863557667,0.8706758914316126,0.7773202407348749,0.989516129032258,adult,5,NB,True,1
1307,0.7761285699662197,0.54198863557667,0.8706758914316126,0.7773202407348749,0.989516129032258,adult,5,NB,False,1
1308,0.7829869996929061,0.5866205536222183,0.8709363204675514,0.7988608443153897,0.9573072805139187,adult,0,NB,True,5
1309,0.7829869996929061,0.5866205536222183,0.8709363204675514,0.7988608443153897,0.9573072805139187,adult,0,NB,False,5
1310,0.777356945439656,0.5447248568224333,0.8713246169319055,0.7773672543016996,0.9911170928667564,adult,1,NB,True,5
1311,0.777356945439656,0.5447248568224333,0.8713246169319055,0.7773672543016996,0.9911170928667564,adult,1,NB,False,5
1312,0.7685535878800287,0.5379988081784599,0.8659830478335605,0.7687046195938125,0.9914495114006515,adult,2,NB,True,5
1313,0.7685535878800287,0.5379988081784599,0.8659830478335605,0.7687046195938125,0.9914495114006515,adult,2,NB,False,5
1314,0.7735694543965606,0.5447591924976898,0.8687240356083086,0.7744973544973545,0.989054054054054,adult,3,NB,True,5
1315,0.7735694543965606,0.5447591924976898,0.8687240356083086,0.7744973544973545,0.989054054054054,adult,3,NB,False,5
1316,0.7788924147814515,0.5835860684248348,0.8682444796876906,0.7964413607878246,0.9542772861356932,adult,4,NB,True,5
1317,0.7788924147814515,0.5835860684248348,0.8682444796876906,0.7964413607878246,0.9542772861356932,adult,4,NB,False,5
1318,0.7761285699662197,0.54198863557667,0.8706758914316126,0.7773202407348749,0.989516129032258,adult,5,NB,True,5
1319,0.7761285699662197,0.54198863557667,0.8706758914316126,0.7773202407348749,0.989516129032258,adult,5,NB,False,5
1320,0.8094994369945747,0.6650092139080953,0.8827716535433071,0.8338688563608235,0.9377676659528907,adult,0,NB,True,10
1321,0.8094994369945747,0.6650092139080953,0.8827716535433071,0.8338688563608235,0.9377676659528907,adult,0,NB,False,10
1322,0.8066332275565564,0.6681126167156825,0.8801928077630494,0.8323137819359482,0.9339165545087483,adult,1,NB,True,10
1323,0.8066332275565564,0.6681126167156825,0.8801928077630494,0.8323137819359482,0.9339165545087483,adult,1,NB,False,10
1324,0.8078616030299929,0.6777697301748593,0.8799488327470419,0.8321035442119269,0.9336319218241043,adult,2,NB,True,10
1325,0.8078616030299929,0.6777697301748593,0.8799488327470419,0.8321035442119269,0.9336319218241043,adult,2,NB,False,10
1326,0.8041764766096837,0.6684195920276546,0.8782071687782518,0.8302636330805345,0.932027027027027,adult,3,NB,True,10
1327,0.8041764766096837,0.6684195920276546,0.8782071687782518,0.8302636330805345,0.932027027027027,adult,3,NB,False,10
1328,0.8039717473641109,0.6607823659601805,0.8789889415481833,0.8312417831958886,0.9325556449450255,adult,4,NB,True,10
1329,0.8039717473641109,0.6607823659601805,0.8789889415481833,0.8312417831958886,0.9325556449450255,adult,4,NB,False,10
1330,0.8108301770907974,0.6719889356731626,0.883008356545961,0.834609861177597,0.9373655913978495,adult,5,NB,True,10
1331,0.8108301770907974,0.6719889356731626,0.883008356545961,0.834609861177597,0.9373655913978495,adult,5,NB,False,10
1332,0.8025386426451019,0.6532224731728099,0.8787021316732692,0.8287273158581425,0.9350910064239829,adult,0,NB,True,20
1333,0.8025386426451019,0.6532224731728099,0.8787021316732692,0.8287273158581425,0.9350910064239829,adult,0,NB,False,20
1334,0.8031528303818201,0.6617233843361756,0.8782063461903857,0.8294054312716832,0.9331090174966352,adult,1,NB,True,20
1335,0.8044835704780428,0.6715329968691686,0.8781887755102041,0.8345454545454546,0.9266487213997309,adult,1,NB,False,20
1336,0.80202681953117,0.6681458447235837,0.8765006385696041,0.8276652194886638,0.9314603691639523,adult,2,NB,True,20
1337,0.8058143105742656,0.6793606061716051,0.8781866050215116,0.8333942717854966,0.9280673181324647,adult,2,NB,False,20
1338,0.8010031733033064,0.660441827433174,0.8766340906206371,0.8263938741325676,0.9333783783783783,adult,3,NB,True,20
1339,0.8010031733033064,0.660441827433174,0.8766340906206371,0.8263938741325676,0.9333783783783783,adult,3,NB,False,20
1340,0.7971133176374245,0.6504672814233093,0.8748421318514776,0.8268083074719503,0.9288012872083669,adult,4,NB,True,20
1341,0.7971133176374245,0.6504672814233093,0.8748421318514776,0.8268083074719503,0.9288012872083669,adult,4,NB,False,20
1342,0.8111372709591566,0.6686510258683177,0.8835741780778696,0.8327584156060426,0.940994623655914,adult,5,NB,True,20
1343,0.8111372709591566,0.6686510258683177,0.8835741780778696,0.8327584156060426,0.940994623655914,adult,5,NB,False,20
1344,0.7829869996929061,0.5866205536222183,0.8709363204675514,0.7988608443153897,0.9573072805139187,adult,0,DT,True,1
1345,0.7829869996929061,0.5866205536222183,0.8709363204675514,0.7988608443153897,0.9573072805139187,adult,0,DT,False,1
1346,0.7837035520524107,0.5926922043389722,0.8708987596993951,0.7974711871992839,0.9592193808882907,adult,1,DT,True,1
1347,0.7837035520524107,0.5926922043389722,0.8708987596993951,0.7974711871992839,0.9592193808882907,adult,1,DT,False,1
1348,0.7767427577029379,0.5900356902050856,0.8660895192484804,0.7907837201479987,0.9572475570032574,adult,2,DT,True,1
1349,0.7767427577029379,0.5900356902050856,0.8660895192484804,0.7907837201479987,0.9572475570032574,adult,2,DT,False,1
1350,0.7772545808168697,0.5896652424902742,0.8664539094145084,0.7936811333483247,0.9539189189189189,adult,3,DT,True,1
1351,0.7772545808168697,0.5896652424902742,0.8664539094145084,0.7936811333483247,0.9539189189189189,adult,3,DT,False,1
1352,0.7788924147814515,0.5835860684248348,0.8682444796876906,0.7964413607878246,0.9542772861356932,adult,4,DT,True,1
1353,0.7788924147814515,0.5835860684248348,0.8682444796876906,0.7964413607878246,0.9542772861356932,adult,4,DT,False,1
1354,0.7823728119561879,0.5897422113418006,0.8702075702075702,0.7972035794183445,0.9579301075268817,adult,5,DT,True,1
1355,0.7823728119561879,0.5897422113418006,0.8702075702075702,0.7972035794183445,0.9579301075268817,adult,5,DT,False,1
1356,0.7829869996929061,0.5866205536222183,0.8709363204675514,0.7988608443153897,0.9573072805139187,adult,0,DT,True,5
1357,0.7829869996929061,0.5866205536222183,0.8709363204675514,0.7988608443153897,0.9573072805139187,adult,0,DT,False,5
1358,0.7837035520524107,0.5926922043389722,0.8708987596993951,0.7974711871992839,0.9592193808882907,adult,1,DT,True,5
1359,0.7837035520524107,0.5926922043389722,0.8708987596993951,0.7974711871992839,0.9592193808882907,adult,1,DT,False,5
1360,0.7767427577029379,0.5900356902050856,0.8660895192484804,0.7907837201479987,0.9572475570032574,adult,2,DT,True,5
1361,0.7767427577029379,0.5900356902050856,0.8660895192484804,0.7907837201479987,0.9572475570032574,adult,2,DT,False,5
1362,0.7772545808168697,0.5896652424902742,0.8664539094145084,0.7936811333483247,0.9539189189189189,adult,3,DT,True,5
1363,0.7772545808168697,0.5896652424902742,0.8664539094145084,0.7936811333483247,0.9539189189189189,adult,3,DT,False,5
1364,0.7788924147814515,0.5835860684248348,0.8682444796876906,0.7964413607878246,0.9542772861356932,adult,4,DT,True,5
1365,0.7788924147814515,0.5835860684248348,0.8682444796876906,0.7964413607878246,0.9542772861356932,adult,4,DT,False,5
1366,0.7823728119561879,0.5897422113418006,0.8702075702075702,0.7972035794183445,0.9579301075268817,adult,5,DT,True,5
1367,0.7823728119561879,0.5897422113418006,0.8702075702075702,0.7972035794183445,0.9579301075268817,adult,5,DT,False,5
1368,0.8246494011669567,0.6940592141877637,0.8913691419874438,0.8470531517415933,0.9405781584582441,adult,0,DT,True,10
1369,0.8246494011669567,0.6940592141877637,0.8913691419874438,0.8470531517415933,0.9405781584582441,adult,0,DT,False,10
1370,0.8226021087112294,0.6975054621241894,0.8893712097031599,0.8459016393442623,0.9375504710632571,adult,1,DT,True,10
1371,0.8226021087112294,0.6975054621241894,0.8893712097031599,0.8459016393442623,0.9375504710632571,adult,1,DT,False,10
1372,0.8206571808782884,0.696360116871318,0.8878073770491803,0.8404461687681862,0.9408251900108577,adult,2,DT,True,10
1373,0.8206571808782884,0.696360116871318,0.8878073770491803,0.8404461687681862,0.9408251900108577,adult,2,DT,False,10
1374,0.8186098884225612,0.6871301039325522,0.8872773536895674,0.8382211538461538,0.9424324324324325,adult,3,DT,True,10
1375,0.8186098884225612,0.6871301039325522,0.8872773536895674,0.8382211538461538,0.9424324324324325,adult,3,DT,False,10
1376,0.8176886068174839,0.690520716676884,0.8864230597538423,0.8451903198346102,0.9318852239206221,adult,4,DT,True,10
1377,0.8176886068174839,0.690520716676884,0.8864230597538423,0.8451903198346102,0.9318852239206221,adult,4,DT,False,10
1378,0.8234210256935203,0.7003123600511549,0.8897552246437017,0.8481783843060802,0.9356182795698925,adult,5,DT,True,10
1379,0.8234210256935203,0.7003123600511549,0.8897552246437017,0.8481783843060802,0.9356182795698925,adult,5,DT,False,10
1380,0.8172791483263384,0.7180361464399612,0.8834476003917727,0.8625525946704067,0.9053800856531049,adult,0,DT,True,20
1381,0.8172791483263384,0.7180361464399612,0.8834476003917727,0.8625525946704067,0.9053800856531049,adult,0,DT,False,20
1382,0.8156413143617566,0.7245673312898439,0.8812396966699637,0.8638655462184874,0.8993270524899057,adult,1,DT,True,20
1383,0.8190193469137066,0.7175603336714853,0.8846254241712347,0.8586268051684824,0.9122476446837147,adult,1,DT,False,20
1384,0.8115467294503019,0.7294880526165128,0.8770124924844679,0.8635705828180502,0.8908794788273615,adult,2,DT,True,20
1385,0.8189169822909202,0.7121931302601476,0.8848082307742398,0.8504193265740393,0.9220955483170467,adult,2,DT,False,20
1386,0.8193264407820657,0.7250544761730917,0.8839197632357777,0.8609865470852018,0.9081081081081082,adult,3,DT,True,20
1387,0.8193264407820657,0.7250544761730917,0.8839197632357777,0.8609865470852018,0.9081081081081082,adult,3,DT,False,20
1388,0.8106254478452247,0.7106810108336092,0.8789267015706806,0.8584760930708258,0.9003754357736659,adult,4,DT,True,20
1389,0.8106254478452247,0.7106810108336092,0.8789267015706806,0.8584760930708258,0.9003754357736659,adult,4,DT,False,20
1390,0.8155389497389702,0.7207991685018722,0.8816187097621863,0.8622462092007196,0.9018817204301075,adult,5,DT,True,20
1391,0.8155389497389702,0.7207991685018722,0.8816187097621863,0.8622462092007196,0.9018817204301075,adult,5,DT,False,20
1392,0.7829869996929061,0.5866205536222183,0.8709363204675514,0.7988608443153897,0.9573072805139187,adult,0,RF,True,1
1393,0.7829869996929061,0.5866205536222183,0.8709363204675514,0.7988608443153897,0.9573072805139187,adult,0,RF,False,1
1394,0.7837035520524107,0.5926922043389722,0.8708987596993951,0.7974711871992839,0.9592193808882907,adult,1,RF,True,1
1395,0.7837035520524107,0.5926922043389722,0.8708987596993951,0.7974711871992839,0.9592193808882907,adult,1,RF,False,1
1396,0.7767427577029379,0.5900356902050856,0.8660895192484804,0.7907837201479987,0.9572475570032574,adult,2,RF,True,1
1397,0.7767427577029379,0.5900356902050856,0.8660895192484804,0.7907837201479987,0.9572475570032574,adult,2,RF,False,1
1398,0.7772545808168697,0.5896652424902742,0.8664539094145084,0.7936811333483247,0.9539189189189189,adult,3,RF,True,1
1399,0.7772545808168697,0.5896652424902742,0.8664539094145084,0.7936811333483247,0.9539189189189189,adult,3,RF,False,1
1400,0.7788924147814515,0.5835860684248348,0.8682444796876906,0.7964413607878246,0.9542772861356932,adult,4,RF,True,1
1401,0.7788924147814515,0.5835860684248348,0.8682444796876906,0.7964413607878246,0.9542772861356932,adult,4,RF,False,1
1402,0.7823728119561879,0.5897422113418006,0.8702075702075702,0.7972035794183445,0.9579301075268817,adult,5,RF,True,1
1403,0.7823728119561879,0.5897422113418006,0.8702075702075702,0.7972035794183445,0.9579301075268817,adult,5,RF,False,1
1404,0.7829869996929061,0.5866205536222183,0.8709363204675514,0.7988608443153897,0.9573072805139187,adult,0,RF,True,5
1405,0.7829869996929061,0.5866205536222183,0.8709363204675514,0.7988608443153897,0.9573072805139187,adult,0,RF,False,5
1406,0.7837035520524107,0.5926922043389722,0.8708987596993951,0.7974711871992839,0.9592193808882907,adult,1,RF,True,5
1407,0.7837035520524107,0.5926922043389722,0.8708987596993951,0.7974711871992839,0.9592193808882907,adult,1,RF,False,5
1408,0.7767427577029379,0.5900356902050856,0.8660895192484804,0.7907837201479987,0.9572475570032574,adult,2,RF,True,5
1409,0.7767427577029379,0.5900356902050856,0.8660895192484804,0.7907837201479987,0.9572475570032574,adult,2,RF,False,5
1410,0.7772545808168697,0.5896652424902742,0.8664539094145084,0.7936811333483247,0.9539189189189189,adult,3,RF,True,5
1411,0.7772545808168697,0.5896652424902742,0.8664539094145084,0.7936811333483247,0.9539189189189189,adult,3,RF,False,5
1412,0.7788924147814515,0.5835860684248348,0.8682444796876906,0.7964413607878246,0.9542772861356932,adult,4,RF,True,5
1413,0.7788924147814515,0.5835860684248348,0.8682444796876906,0.7964413607878246,0.9542772861356932,adult,4,RF,False,5
1414,0.7823728119561879,0.5897422113418006,0.8702075702075702,0.7972035794183445,0.9579301075268817,adult,5,RF,True,5
1415,0.7823728119561879,0.5897422113418006,0.8702075702075702,0.7972035794183445,0.9579301075268817,adult,5,RF,False,5
1416,0.8246494011669567,0.6940592141877637,0.8913691419874438,0.8470531517415933,0.9405781584582441,adult,0,RF,True,10
1417,0.8246494011669567,0.6940592141877637,0.8913691419874438,0.8470531517415933,0.9405781584582441,adult,0,RF,False,10
1418,0.8226021087112294,0.6975054621241894,0.8893712097031599,0.8459016393442623,0.9375504710632571,adult,1,RF,True,10
1419,0.8226021087112294,0.6975054621241894,0.8893712097031599,0.8459016393442623,0.9375504710632571,adult,1,RF,False,10
1420,0.8206571808782884,0.696360116871318,0.8878073770491803,0.8404461687681862,0.9408251900108577,adult,2,RF,True,10
1421,0.8206571808782884,0.696360116871318,0.8878073770491803,0.8404461687681862,0.9408251900108577,adult,2,RF,False,10
1422,0.8186098884225612,0.6871301039325522,0.8872773536895674,0.8382211538461538,0.9424324324324325,adult,3,RF,True,10
1423,0.8186098884225612,0.6871301039325522,0.8872773536895674,0.8382211538461538,0.9424324324324325,adult,3,RF,False,10
1424,0.8175862421946976,0.6874673855111776,0.8866412213740458,0.8435003631082062,0.9344328238133548,adult,4,RF,True,10
1425,0.8175862421946976,0.6874673855111776,0.8866412213740458,0.8435003631082062,0.9344328238133548,adult,4,RF,False,10
1426,0.8234210256935203,0.7003123600511549,0.8897552246437017,0.8481783843060802,0.9356182795698925,adult,5,RF,True,10
1427,0.8234210256935203,0.7003123600511549,0.8897552246437017,0.8481783843060802,0.9356182795698925,adult,5,RF,False,10
1428,0.8205548162555021,0.7165592642950166,0.8861318609938291,0.8609112709832134,0.9128747323340471,adult,0,RF,True,20
1429,0.8205548162555021,0.7165592642950166,0.8861318609938291,0.8609112709832134,0.9128747323340471,adult,0,RF,False,20
1430,0.8159484082301157,0.7184709274591929,0.8821292775665399,0.8599182004089979,0.9055181695827725,adult,1,RF,True,20
1431,0.8199406285187839,0.7145041910330823,0.8856529935643243,0.8565321262416699,0.9168236877523553,adult,1,RF,False,20
1432,0.8157436789845429,0.7256722339271413,0.8808262711864406,0.859875904860393,0.9028230184581976,adult,2,RF,True,20
1433,0.8211690039922203,0.7124226028242847,0.8865363382477106,0.8500435919790759,0.9263029315960912,adult,2,RF,False,20
1434,0.8207595455010749,0.7216956635825357,0.885398259048367,0.8584845792613276,0.914054054054054,adult,3,RF,True,20
1435,0.8207595455010749,0.7216956635825357,0.885398259048367,0.8584845792613276,0.914054054054054,adult,3,RF,False,20
1436,0.8135940219060293,0.7060553958651936,0.8817302071832175,0.855019523869505,0.9101635827299545,adult,4,RF,True,20
1437,0.8135940219060293,0.7060553958651936,0.8817302071832175,0.855019523869505,0.9101635827299545,adult,4,RF,False,20
1438,0.8186098884225612,0.7186858543747143,0.8842435327933107,0.8601931875953228,0.9096774193548387,adult,5,RF,True,20
1439,0.8186098884225612,0.7186858543747143,0.8842435327933107,0.8601931875953228,0.9096774193548387,adult,5,RF,False,20
1440,0.7571428571428571,0.7312925170068028,0.8210526315789474,0.8478260869565217,0.7959183673469388,spectf,0,KNN,True,1
1441,0.7571428571428571,0.7312925170068028,0.8210526315789474,0.8478260869565217,0.7959183673469388,spectf,0,KNN,False,1
1442,0.8428571428571429,0.7963374028856827,0.8952380952380953,0.9038461538461539,0.8867924528301887,spectf,1,KNN,True,1
1443,0.8428571428571429,0.7963374028856827,0.8952380952380953,0.9038461538461539,0.8867924528301887,spectf,1,KNN,False,1
1444,0.7428571428571429,0.5939393939393939,0.8392857142857143,0.8245614035087719,0.8545454545454545,spectf,2,KNN,True,1
1445,0.7428571428571429,0.5939393939393939,0.8392857142857143,0.8245614035087719,0.8545454545454545,spectf,2,KNN,False,1
1446,0.6857142857142857,0.6126526082130965,0.7843137254901961,0.8163265306122449,0.7547169811320755,spectf,3,KNN,True,1
1447,0.6857142857142857,0.6126526082130965,0.7843137254901961,0.8163265306122449,0.7547169811320755,spectf,3,KNN,False,1
1448,0.6142857142857143,0.49715909090909094,0.7428571428571429,0.6842105263157895,0.8125,spectf,4,KNN,True,1
1449,0.6142857142857143,0.49715909090909094,0.7428571428571429,0.6842105263157895,0.8125,spectf,4,KNN,False,1
1450,0.6428571428571429,0.5977777777777777,0.7311827956989247,0.7083333333333334,0.7555555555555555,spectf,5,KNN,True,1
1451,0.6428571428571429,0.5977777777777777,0.7311827956989247,0.7083333333333334,0.7555555555555555,spectf,5,KNN,False,1
1452,0.7857142857142857,0.7517006802721089,0.845360824742268,0.8541666666666666,0.8367346938775511,spectf,0,KNN,True,5
1453,0.7571428571428571,0.6768707482993197,0.8349514563106796,0.7962962962962963,0.8775510204081632,spectf,0,KNN,False,5
1454,0.8,0.7280799112097669,0.8679245283018868,0.8679245283018868,0.8679245283018868,spectf,1,KNN,True,5
1455,0.8,0.7280799112097669,0.8679245283018868,0.8679245283018868,0.8679245283018868,spectf,1,KNN,False,5
1456,0.7857142857142857,0.7181818181818181,0.8598130841121495,0.8846153846153846,0.8363636363636363,spectf,2,KNN,True,5
1457,0.7857142857142857,0.7424242424242424,0.8571428571428571,0.9,0.8181818181818182,spectf,2,KNN,False,5
1458,0.6857142857142857,0.5527192008879024,0.7962962962962963,0.7818181818181819,0.8113207547169812,spectf,3,KNN,True,5
1459,0.7428571428571429,0.6503884572697003,0.8301886792452831,0.8301886792452831,0.8301886792452831,spectf,3,KNN,False,5
1460,0.7857142857142857,0.7083333333333333,0.8543689320388349,0.8,0.9166666666666666,spectf,4,KNN,True,5
1461,0.7857142857142857,0.7083333333333333,0.8543689320388349,0.8,0.9166666666666666,spectf,4,KNN,False,5
1462,0.7285714285714285,0.6733333333333333,0.8041237113402062,0.75,0.8666666666666667,spectf,5,KNN,True,5
1463,0.7285714285714285,0.6733333333333333,0.8041237113402062,0.75,0.8666666666666667,spectf,5,KNN,False,5
1464,0.8,0.7482993197278911,0.86,0.8431372549019608,0.8775510204081632,spectf,0,KNN,True,10
1465,0.8,0.7482993197278911,0.86,0.8431372549019608,0.8775510204081632,spectf,0,KNN,False,10
1466,0.8,0.7880133185349611,0.86,0.9148936170212766,0.8113207547169812,spectf,1,KNN,True,10
1467,0.8,0.7880133185349611,0.86,0.9148936170212766,0.8113207547169812,spectf,1,KNN,False,10
1468,0.8142857142857143,0.8090909090909091,0.8737864077669902,0.9375,0.8181818181818182,spectf,2,KNN,True,10
1469,0.8142857142857143,0.8090909090909091,0.8737864077669902,0.9375,0.8181818181818182,spectf,2,KNN,False,10
1470,0.7714285714285715,0.7491675915649278,0.84,0.8936170212765957,0.7924528301886793,spectf,3,KNN,True,10
1471,0.7714285714285715,0.7491675915649278,0.84,0.8936170212765957,0.7924528301886793,spectf,3,KNN,False,10
1472,0.8,0.7679924242424242,0.8541666666666666,0.8541666666666666,0.8541666666666666,spectf,4,KNN,True,10
1473,0.8285714285714286,0.8011363636363636,0.875,0.875,0.875,spectf,4,KNN,False,10
1474,0.8,0.7822222222222222,0.8444444444444444,0.8444444444444444,0.8444444444444444,spectf,5,KNN,True,10
1475,0.8,0.7822222222222222,0.8444444444444444,0.8444444444444444,0.8444444444444444,spectf,5,KNN,False,10
1476,0.7714285714285715,0.7551020408163265,0.8297872340425532,0.8666666666666667,0.7959183673469388,spectf,0,KNN,True,20
1477,0.8,0.7891156462585034,0.851063829787234,0.8888888888888888,0.8163265306122449,spectf,0,KNN,False,20
1478,0.8285714285714286,0.8268590455049944,0.88,0.9361702127659575,0.8301886792452831,spectf,1,KNN,True,20
1479,0.7714285714285715,0.6892341842397336,0.8490566037735849,0.8490566037735849,0.8490566037735849,spectf,1,KNN,False,20
1480,0.8714285714285714,0.8454545454545455,0.9158878504672897,0.9423076923076923,0.8909090909090909,spectf,2,KNN,True,20
1481,0.8714285714285714,0.8454545454545455,0.9158878504672897,0.9423076923076923,0.8909090909090909,spectf,2,KNN,False,20
1482,0.7857142857142857,0.7386237513873475,0.8543689320388349,0.88,0.8301886792452831,spectf,3,KNN,True,20
1483,0.7571428571428571,0.739733629300777,0.8282828282828283,0.8913043478260869,0.7735849056603774,spectf,3,KNN,False,20
1484,0.7857142857142857,0.7821969696969697,0.8351648351648352,0.8837209302325582,0.7916666666666666,spectf,4,KNN,True,20
1485,0.8714285714285714,0.8693181818181819,0.9032258064516129,0.9333333333333333,0.875,spectf,4,KNN,False,20
1486,0.8857142857142857,0.8844444444444444,0.9090909090909091,0.9302325581395349,0.8888888888888888,spectf,5,KNN,True,20
1487,0.8857142857142857,0.8844444444444444,0.9090909090909091,0.9302325581395349,0.8888888888888888,spectf,5,KNN,False,20
1488,0.7428571428571429,0.5986394557823129,0.8392857142857143,0.746031746031746,0.9591836734693877,spectf,0,LR,True,1
1489,0.7428571428571429,0.5986394557823129,0.8392857142857143,0.746031746031746,0.9591836734693877,spectf,0,LR,False,1
1490,0.7571428571428571,0.5399556048834628,0.8571428571428571,0.7727272727272727,0.9622641509433962,spectf,1,LR,True,1
1491,0.7571428571428571,0.5399556048834628,0.8571428571428571,0.7727272727272727,0.9622641509433962,spectf,1,LR,False,1
1492,0.8,0.5575757575757576,0.8852459016393442,0.8059701492537313,0.9818181818181818,spectf,2,LR,True,1
1493,0.8,0.5575757575757576,0.8852459016393442,0.8059701492537313,0.9818181818181818,spectf,2,LR,False,1
1494,0.8142857142857143,0.6576026637069923,0.8869565217391304,0.8225806451612904,0.9622641509433962,spectf,3,LR,True,1
1495,0.8142857142857143,0.6576026637069923,0.8869565217391304,0.8225806451612904,0.9622641509433962,spectf,3,LR,False,1
1496,0.7285714285714285,0.5681818181818181,0.8347826086956521,0.7164179104477612,1.0,spectf,4,LR,True,1
1497,0.7285714285714285,0.5681818181818181,0.8347826086956521,0.7164179104477612,1.0,spectf,4,LR,False,1
1498,0.6571428571428571,0.52,0.7894736842105263,0.6521739130434783,1.0,spectf,5,LR,True,1
1499,0.6571428571428571,0.52,0.7894736842105263,0.6521739130434783,1.0,spectf,5,LR,False,1
1500,0.6857142857142857,0.4897959183673469,0.8135593220338984,0.6956521739130435,0.9795918367346939,spectf,0,LR,True,5
1501,0.7,0.5136054421768708,0.8205128205128205,0.7058823529411765,0.9795918367346939,spectf,0,LR,False,5
1502,0.7714285714285715,0.5493895671476138,0.8666666666666667,0.7761194029850746,0.9811320754716981,spectf,1,LR,True,5
1503,0.7714285714285715,0.5493895671476138,0.8666666666666667,0.7761194029850746,0.9811320754716981,spectf,1,LR,False,5
1504,0.8142857142857143,0.5666666666666667,0.8943089430894309,0.8088235294117647,1.0,spectf,2,LR,True,5
1505,0.8142857142857143,0.5909090909090909,0.8925619834710744,0.8181818181818182,0.9818181818181818,spectf,2,LR,False,5
1506,0.7714285714285715,0.5294117647058824,0.8688524590163934,0.7681159420289855,1.0,spectf,3,LR,True,5
1507,0.7571428571428571,0.5,0.8617886178861789,0.7571428571428571,1.0,spectf,3,LR,False,5
1508,0.6857142857142857,0.5,0.8135593220338984,0.6857142857142857,1.0,spectf,4,LR,True,5
1509,0.6857142857142857,0.5,0.8135593220338984,0.6857142857142857,1.0,spectf,4,LR,False,5
1510,0.6428571428571429,0.5,0.782608695652174,0.6428571428571429,1.0,spectf,5,LR,True,5
1511,0.6428571428571429,0.5,0.782608695652174,0.6428571428571429,1.0,spectf,5,LR,False,5
1512,0.7,0.5,0.8235294117647058,0.7,1.0,spectf,0,LR,True,10
1513,0.7,0.5,0.8235294117647058,0.7,1.0,spectf,0,LR,False,10
1514,0.7571428571428571,0.5,0.8617886178861789,0.7571428571428571,1.0,spectf,1,LR,True,10
1515,0.7571428571428571,0.5,0.8617886178861789,0.7571428571428571,1.0,spectf,1,LR,False,10
1516,0.7857142857142857,0.5,0.88,0.7857142857142857,1.0,spectf,2,LR,True,10
1517,0.7857142857142857,0.5,0.88,0.7857142857142857,1.0,spectf,2,LR,False,10
1518,0.7571428571428571,0.5,0.8617886178861789,0.7571428571428571,1.0,spectf,3,LR,True,10
1519,0.7571428571428571,0.5,0.8617886178861789,0.7571428571428571,1.0,spectf,3,LR,False,10
1520,0.6857142857142857,0.5,0.8135593220338984,0.6857142857142857,1.0,spectf,4,LR,True,10
1521,0.6857142857142857,0.5,0.8135593220338984,0.6857142857142857,1.0,spectf,4,LR,False,10
1522,0.6428571428571429,0.5,0.782608695652174,0.6428571428571429,1.0,spectf,5,LR,True,10
1523,0.6142857142857143,0.4777777777777778,0.7610619469026548,0.6323529411764706,0.9555555555555556,spectf,5,LR,False,10
1524,0.6857142857142857,0.5170068027210885,0.8070175438596491,0.7076923076923077,0.9387755102040817,spectf,0,LR,True,20
1525,0.6428571428571429,0.48639455782312924,0.7747747747747747,0.6935483870967742,0.8775510204081632,spectf,0,LR,False,20
1526,0.7428571428571429,0.5105438401775805,0.85,0.7611940298507462,0.9622641509433962,spectf,1,LR,True,20
1527,0.7285714285714285,0.5011098779134295,0.8403361344537815,0.7575757575757576,0.9433962264150944,spectf,1,LR,False,20
1528,0.6857142857142857,0.4848484848484848,0.8070175438596491,0.7796610169491526,0.8363636363636363,spectf,2,LR,True,20
1529,0.6857142857142857,0.4848484848484848,0.8070175438596491,0.7796610169491526,0.8363636363636363,spectf,2,LR,False,20
1530,0.7142857142857143,0.5316315205327414,0.8245614035087719,0.7704918032786885,0.8867924528301887,spectf,3,LR,True,20
1531,0.6857142857142857,0.5127635960044395,0.8035714285714286,0.7627118644067796,0.8490566037735849,spectf,3,LR,False,20
1532,0.6571428571428571,0.4791666666666667,0.7931034482758621,0.6764705882352942,0.9583333333333334,spectf,4,LR,True,20
1533,0.6571428571428571,0.4791666666666667,0.7931034482758621,0.6764705882352942,0.9583333333333334,spectf,4,LR,False,20
1534,0.6428571428571429,0.5088888888888888,0.7787610619469026,0.6470588235294118,0.9777777777777777,spectf,5,LR,True,20
1535,0.6428571428571429,0.5088888888888888,0.7787610619469026,0.6470588235294118,0.9777777777777777,spectf,5,LR,False,20
1536,0.7,0.6768707482993197,0.7741935483870968,0.8181818181818182,0.7346938775510204,spectf,0,NB,True,1
1537,0.7,0.6768707482993197,0.7741935483870968,0.8181818181818182,0.7346938775510204,spectf,0,NB,False,1
1538,0.7857142857142857,0.7785793562708102,0.8484848484848485,0.9130434782608695,0.7924528301886793,spectf,1,NB,True,1
1539,0.7857142857142857,0.7785793562708102,0.8484848484848485,0.9130434782608695,0.7924528301886793,spectf,1,NB,False,1
1540,0.7,0.7121212121212122,0.7835051546391752,0.9047619047619048,0.6909090909090909,spectf,2,NB,True,1
1541,0.7,0.7121212121212122,0.7835051546391752,0.9047619047619048,0.6909090909090909,spectf,2,NB,False,1
1542,0.6571428571428571,0.6537180910099889,0.7446808510638298,0.8536585365853658,0.660377358490566,spectf,3,NB,True,1
1543,0.6571428571428571,0.6537180910099889,0.7446808510638298,0.8536585365853658,0.660377358490566,spectf,3,NB,False,1
1544,0.7285714285714285,0.7159090909090908,0.7912087912087912,0.8372093023255814,0.75,spectf,4,NB,True,1
1545,0.7285714285714285,0.7159090909090908,0.7912087912087912,0.8372093023255814,0.75,spectf,4,NB,False,1
1546,0.7285714285714285,0.7177777777777778,0.7816091954022989,0.8095238095238095,0.7555555555555555,spectf,5,NB,True,1
1547,0.7285714285714285,0.7177777777777778,0.7816091954022989,0.8095238095238095,0.7555555555555555,spectf,5,NB,False,1
1548,0.7857142857142857,0.8061224489795917,0.8314606741573034,0.925,0.7551020408163265,spectf,0,NB,True,5
1549,0.7714285714285715,0.782312925170068,0.8222222222222222,0.9024390243902439,0.7551020408163265,spectf,0,NB,False,5
1550,0.7428571428571429,0.7702552719200888,0.8085106382978723,0.926829268292683,0.7169811320754716,spectf,1,NB,True,5
1551,0.7428571428571429,0.7702552719200888,0.8085106382978723,0.926829268292683,0.7169811320754716,spectf,1,NB,False,5
1552,0.7428571428571429,0.7878787878787878,0.8125,0.9512195121951219,0.7090909090909091,spectf,2,NB,True,5
1553,0.7,0.7363636363636363,0.7789473684210526,0.925,0.6727272727272727,spectf,2,NB,False,5
1554,0.8,0.8479467258601554,0.851063829787234,0.975609756097561,0.7547169811320755,spectf,3,NB,True,5
1555,0.7142857142857143,0.7913429522752498,0.7727272727272727,0.9714285714285714,0.6415094339622641,spectf,3,NB,False,5
1556,0.7714285714285715,0.8087121212121212,0.8095238095238095,0.9444444444444444,0.7083333333333334,spectf,4,NB,True,5
1557,0.7714285714285715,0.8087121212121212,0.8095238095238095,0.9444444444444444,0.7083333333333334,spectf,4,NB,False,5
1558,0.7714285714285715,0.7955555555555556,0.8,0.9142857142857143,0.7111111111111111,spectf,5,NB,True,5
1559,0.7714285714285715,0.7955555555555556,0.8,0.9142857142857143,0.7111111111111111,spectf,5,NB,False,5
1560,0.7714285714285715,0.782312925170068,0.8222222222222222,0.9024390243902439,0.7551020408163265,spectf,0,NB,True,10
1561,0.7714285714285715,0.782312925170068,0.8222222222222222,0.9024390243902439,0.7551020408163265,spectf,0,NB,False,10
1562,0.7,0.7419533851276359,0.7692307692307693,0.9210526315789473,0.660377358490566,spectf,1,NB,True,10
1563,0.7,0.7419533851276359,0.7692307692307693,0.9210526315789473,0.660377358490566,spectf,1,NB,False,10
1564,0.7428571428571429,0.8121212121212121,0.8085106382978723,0.9743589743589743,0.6909090909090909,spectf,2,NB,True,10
1565,0.7428571428571429,0.8121212121212121,0.8085106382978723,0.9743589743589743,0.6909090909090909,spectf,2,NB,False,10
1566,0.7285714285714285,0.8007769145394006,0.7865168539325843,0.9722222222222222,0.660377358490566,spectf,3,NB,True,10
1567,0.7285714285714285,0.8007769145394006,0.7865168539325843,0.9722222222222222,0.660377358490566,spectf,3,NB,False,10
1568,0.7714285714285715,0.8210227272727273,0.8048780487804879,0.9705882352941176,0.6875,spectf,4,NB,True,10
1569,0.7428571428571429,0.800189393939394,0.775,0.96875,0.6458333333333334,spectf,4,NB,False,10
1570,0.8,0.8355555555555556,0.8205128205128205,0.9696969696969697,0.7111111111111111,spectf,5,NB,True,10
1571,0.7428571428571429,0.7822222222222223,0.7631578947368421,0.9354838709677419,0.6444444444444445,spectf,5,NB,False,10
1572,0.7571428571428571,0.7857142857142857,0.8045977011494253,0.9210526315789473,0.7142857142857143,spectf,0,NB,True,20
1573,0.7571428571428571,0.7857142857142857,0.8045977011494253,0.9210526315789473,0.7142857142857143,spectf,0,NB,False,20
1574,0.7,0.7619311875693673,0.7640449438202247,0.9444444444444444,0.6415094339622641,spectf,1,NB,True,20
1575,0.7,0.7619311875693673,0.7640449438202247,0.9444444444444444,0.6415094339622641,spectf,1,NB,False,20
1576,0.6428571428571429,0.7484848484848485,0.7126436781609196,0.96875,0.5636363636363636,spectf,2,NB,True,20
1577,0.6428571428571429,0.7484848484848485,0.7126436781609196,0.96875,0.5636363636363636,spectf,2,NB,False,20
1578,0.7,0.8018867924528301,0.7529411764705882,1.0,0.6037735849056604,spectf,3,NB,True,20
1579,0.7,0.7819089900110987,0.7586206896551724,0.9705882352941176,0.6226415094339622,spectf,3,NB,False,20
1580,0.7,0.768939393939394,0.7272727272727273,0.9655172413793104,0.5833333333333334,spectf,4,NB,True,20
1581,0.7142857142857143,0.7793560606060606,0.7435897435897436,0.9666666666666667,0.6041666666666666,spectf,4,NB,False,20
1582,0.7285714285714285,0.78,0.7397260273972602,0.9642857142857143,0.6,spectf,5,NB,True,20
1583,0.7285714285714285,0.78,0.7397260273972602,0.9642857142857143,0.6,spectf,5,NB,False,20
1584,0.7571428571428571,0.6632653061224489,0.8380952380952381,0.7857142857142857,0.8979591836734694,spectf,0,DT,True,1
1585,0.7571428571428571,0.6632653061224489,0.8380952380952381,0.7857142857142857,0.8979591836734694,spectf,0,DT,False,1
1586,0.8714285714285714,0.8152053274139845,0.9158878504672897,0.9074074074074074,0.9245283018867925,spectf,1,DT,True,1
1587,0.8714285714285714,0.8152053274139845,0.9158878504672897,0.9074074074074074,0.9245283018867925,spectf,1,DT,False,1
1588,0.8714285714285714,0.8212121212121212,0.9174311926605505,0.9259259259259259,0.9090909090909091,spectf,2,DT,True,1
1589,0.8714285714285714,0.8212121212121212,0.9174311926605505,0.9259259259259259,0.9090909090909091,spectf,2,DT,False,1
1590,0.7142857142857143,0.6514983351831298,0.803921568627451,0.8367346938775511,0.7735849056603774,spectf,3,DT,True,1
1591,0.7142857142857143,0.6514983351831298,0.803921568627451,0.8367346938775511,0.7735849056603774,spectf,3,DT,False,1
1592,0.7,0.584280303030303,0.8037383177570093,0.7288135593220338,0.8958333333333334,spectf,4,DT,True,1
1593,0.7,0.584280303030303,0.8037383177570093,0.7288135593220338,0.8958333333333334,spectf,4,DT,False,1
1594,0.7,0.6155555555555555,0.7961165048543689,0.7068965517241379,0.9111111111111111,spectf,5,DT,True,1
1595,0.7,0.6155555555555555,0.7961165048543689,0.7068965517241379,0.9111111111111111,spectf,5,DT,False,1
1596,0.9285714285714286,0.9217687074829932,0.9484536082474226,0.9583333333333334,0.9387755102040817,spectf,0,DT,True,5
1597,0.9285714285714286,0.935374149659864,0.9473684210526315,0.9782608695652174,0.9183673469387755,spectf,0,DT,False,5
1598,0.8142857142857143,0.8174250832408435,0.8686868686868687,0.9347826086956522,0.8113207547169812,spectf,1,DT,True,5
1599,0.8142857142857143,0.8174250832408435,0.8686868686868687,0.9347826086956522,0.8113207547169812,spectf,1,DT,False,5
1600,0.9142857142857143,0.896969696969697,0.9444444444444444,0.9622641509433962,0.9272727272727272,spectf,2,DT,True,5
1601,0.8857142857142857,0.9272727272727272,0.9215686274509803,1.0,0.8545454545454545,spectf,2,DT,False,5
1602,0.8571428571428571,0.8257491675915649,0.9038461538461539,0.9215686274509803,0.8867924528301887,spectf,3,DT,True,5
1603,0.8571428571428571,0.8257491675915649,0.9038461538461539,0.9215686274509803,0.8867924528301887,spectf,3,DT,False,5
1604,0.8428571428571429,0.7992424242424242,0.8888888888888888,0.8627450980392157,0.9166666666666666,spectf,4,DT,True,5
1605,0.8428571428571429,0.7992424242424242,0.8888888888888888,0.8627450980392157,0.9166666666666666,spectf,4,DT,False,5
1606,0.9,0.9133333333333333,0.9176470588235294,0.975,0.8666666666666667,spectf,5,DT,True,5
1607,0.9,0.9133333333333333,0.9176470588235294,0.975,0.8666666666666667,spectf,5,DT,False,5
1608,0.9142857142857143,0.8979591836734694,0.9387755102040817,0.9387755102040817,0.9387755102040817,spectf,0,DT,True,10
1609,0.9142857142857143,0.8979591836734694,0.9387755102040817,0.9387755102040817,0.9387755102040817,spectf,0,DT,False,10
1610,0.8285714285714286,0.806881243063263,0.8823529411764706,0.9183673469387755,0.8490566037735849,spectf,1,DT,True,10
1611,0.8285714285714286,0.806881243063263,0.8823529411764706,0.9183673469387755,0.8490566037735849,spectf,1,DT,False,10
1612,0.9285714285714286,0.9303030303030303,0.9532710280373832,0.9807692307692307,0.9272727272727272,spectf,2,DT,True,10
1613,0.9285714285714286,0.9303030303030303,0.9532710280373832,0.9807692307692307,0.9272727272727272,spectf,2,DT,False,10
1614,0.8571428571428571,0.8257491675915649,0.9038461538461539,0.9215686274509803,0.8867924528301887,spectf,3,DT,True,10
1615,0.8571428571428571,0.8257491675915649,0.9038461538461539,0.9215686274509803,0.8867924528301887,spectf,3,DT,False,10
1616,0.9142857142857143,0.9005681818181819,0.9375,0.9375,0.9375,spectf,4,DT,True,10
1617,0.8142857142857143,0.7784090909090908,0.865979381443299,0.8571428571428571,0.875,spectf,4,DT,False,10
1618,0.8857142857142857,0.9022222222222223,0.9047619047619048,0.9743589743589743,0.8444444444444444,spectf,5,DT,True,10
1619,0.8857142857142857,0.8844444444444444,0.9090909090909091,0.9302325581395349,0.8888888888888888,spectf,5,DT,False,10
1620,0.9285714285714286,0.9217687074829932,0.9484536082474226,0.9583333333333334,0.9387755102040817,spectf,0,DT,True,20
1621,0.8714285714285714,0.8809523809523809,0.9032258064516129,0.9545454545454546,0.8571428571428571,spectf,0,DT,False,20
1622,0.7571428571428571,0.7197558268590456,0.8316831683168316,0.875,0.7924528301886793,spectf,1,DT,True,20
1623,0.8285714285714286,0.8268590455049944,0.88,0.9361702127659575,0.8301886792452831,spectf,1,DT,False,20
1624,0.9142857142857143,0.896969696969697,0.9444444444444444,0.9622641509433962,0.9272727272727272,spectf,2,DT,True,20
1625,0.9142857142857143,0.896969696969697,0.9444444444444444,0.9622641509433962,0.9272727272727272,spectf,2,DT,False,20
1626,0.8428571428571429,0.7963374028856827,0.8952380952380953,0.9038461538461539,0.8867924528301887,spectf,3,DT,True,20
1627,0.8142857142857143,0.7774694783573808,0.8737864077669902,0.9,0.8490566037735849,spectf,3,DT,False,20
1628,0.8428571428571429,0.8361742424242424,0.8817204301075269,0.9111111111111111,0.8541666666666666,spectf,4,DT,True,20
1629,0.8142857142857143,0.790719696969697,0.8631578947368421,0.8723404255319149,0.8541666666666666,spectf,4,DT,False,20
1630,0.8857142857142857,0.8666666666666667,0.9130434782608695,0.8936170212765957,0.9333333333333333,spectf,5,DT,True,20
1631,0.8857142857142857,0.8666666666666667,0.9130434782608695,0.8936170212765957,0.9333333333333333,spectf,5,DT,False,20
1632,0.7571428571428571,0.6632653061224489,0.8380952380952381,0.7857142857142857,0.8979591836734694,spectf,0,RF,True,1
1633,0.7571428571428571,0.6632653061224489,0.8380952380952381,0.7857142857142857,0.8979591836734694,spectf,0,RF,False,1
1634,0.8714285714285714,0.8152053274139845,0.9158878504672897,0.9074074074074074,0.9245283018867925,spectf,1,RF,True,1
1635,0.8714285714285714,0.8152053274139845,0.9158878504672897,0.9074074074074074,0.9245283018867925,spectf,1,RF,False,1
1636,0.8571428571428571,0.7878787878787878,0.9090909090909091,0.9090909090909091,0.9090909090909091,spectf,2,RF,True,1
1637,0.8571428571428571,0.7878787878787878,0.9090909090909091,0.9090909090909091,0.9090909090909091,spectf,2,RF,False,1
1638,0.7142857142857143,0.6514983351831298,0.803921568627451,0.8367346938775511,0.7735849056603774,spectf,3,RF,True,1
1639,0.7142857142857143,0.6514983351831298,0.803921568627451,0.8367346938775511,0.7735849056603774,spectf,3,RF,False,1
1640,0.7,0.5719696969696969,0.8073394495412844,0.7213114754098361,0.9166666666666666,spectf,4,RF,True,1
1641,0.7,0.5719696969696969,0.8073394495412844,0.7213114754098361,0.9166666666666666,spectf,4,RF,False,1
1642,0.6857142857142857,0.5955555555555556,0.7884615384615384,0.6949152542372882,0.9111111111111111,spectf,5,RF,True,1
1643,0.6857142857142857,0.5955555555555556,0.7884615384615384,0.6949152542372882,0.9111111111111111,spectf,5,RF,False,1
1644,0.8857142857142857,0.8775510204081632,0.9166666666666666,0.9361702127659575,0.8979591836734694,spectf,0,RF,True,5
1645,0.9142857142857143,0.9115646258503401,0.9375,0.9574468085106383,0.9183673469387755,spectf,0,RF,False,5
1646,0.8142857142857143,0.7774694783573808,0.8737864077669902,0.9,0.8490566037735849,spectf,1,RF,True,5
1647,0.8142857142857143,0.7774694783573808,0.8737864077669902,0.9,0.8490566037735849,spectf,1,RF,False,5
1648,0.9,0.9121212121212121,0.9333333333333333,0.98,0.8909090909090909,spectf,2,RF,True,5
1649,0.9142857142857143,0.9212121212121211,0.9433962264150944,0.9803921568627451,0.9090909090909091,spectf,2,RF,False,5
1650,0.8714285714285714,0.8351831298557159,0.9142857142857143,0.9230769230769231,0.9056603773584906,spectf,3,RF,True,5
1651,0.8428571428571429,0.816315205327414,0.8932038834951457,0.92,0.8679245283018868,spectf,3,RF,False,5
1652,0.8142857142857143,0.7414772727272727,0.8737864077669902,0.8181818181818182,0.9375,spectf,4,RF,True,5
1653,0.8142857142857143,0.7414772727272727,0.8737864077669902,0.8181818181818182,0.9375,spectf,4,RF,False,5
1654,0.8857142857142857,0.8844444444444444,0.9090909090909091,0.9302325581395349,0.8888888888888888,spectf,5,RF,True,5
1655,0.8857142857142857,0.8844444444444444,0.9090909090909091,0.9302325581395349,0.8888888888888888,spectf,5,RF,False,5
1656,0.9285714285714286,0.935374149659864,0.9473684210526315,0.9782608695652174,0.9183673469387755,spectf,0,RF,True,10
1657,0.9285714285714286,0.935374149659864,0.9473684210526315,0.9782608695652174,0.9183673469387755,spectf,0,RF,False,10
1658,0.8,0.7480577136514983,0.8653846153846154,0.8823529411764706,0.8490566037735849,spectf,1,RF,True,10
1659,0.8,0.7480577136514983,0.8653846153846154,0.8823529411764706,0.8490566037735849,spectf,1,RF,False,10
1660,0.9,0.8878787878787879,0.9345794392523364,0.9615384615384616,0.9090909090909091,spectf,2,RF,True,10
1661,0.9,0.8878787878787879,0.9345794392523364,0.9615384615384616,0.9090909090909091,spectf,2,RF,False,10
1662,0.8714285714285714,0.8551609322974473,0.912621359223301,0.94,0.8867924528301887,spectf,3,RF,True,10
1663,0.8714285714285714,0.8551609322974473,0.912621359223301,0.94,0.8867924528301887,spectf,3,RF,False,10
1664,0.8714285714285714,0.8446969696969697,0.9072164948453608,0.8979591836734694,0.9166666666666666,spectf,4,RF,True,10
1665,0.8428571428571429,0.7992424242424242,0.8888888888888888,0.8627450980392157,0.9166666666666666,spectf,4,RF,False,10
1666,0.9428571428571428,0.9288888888888889,0.9565217391304348,0.9361702127659575,0.9777777777777777,spectf,5,RF,True,10
1667,0.9428571428571428,0.9288888888888889,0.9565217391304348,0.9361702127659575,0.9777777777777777,spectf,5,RF,False,10
1668,0.9285714285714286,0.9217687074829932,0.9484536082474226,0.9583333333333334,0.9387755102040817,spectf,0,RF,True,20
1669,0.9571428571428572,0.9421768707482994,0.9696969696969697,0.96,0.9795918367346939,spectf,0,RF,False,20
1670,0.8285714285714286,0.7869034406215316,0.8846153846153846,0.9019607843137255,0.8679245283018868,spectf,1,RF,True,20
1671,0.8285714285714286,0.806881243063263,0.8823529411764706,0.9183673469387755,0.8490566037735849,spectf,1,RF,False,20
1672,0.9,0.8878787878787879,0.9345794392523364,0.9615384615384616,0.9090909090909091,spectf,2,RF,True,20
1673,0.9,0.8878787878787879,0.9345794392523364,0.9615384615384616,0.9090909090909091,spectf,2,RF,False,20
1674,0.8428571428571429,0.7963374028856827,0.8952380952380953,0.9038461538461539,0.8867924528301887,spectf,3,RF,True,20
1675,0.8428571428571429,0.816315205327414,0.8932038834951457,0.92,0.8679245283018868,spectf,3,RF,False,20
1676,0.8285714285714286,0.8011363636363636,0.875,0.875,0.875,spectf,4,RF,True,20
1677,0.8142857142857143,0.7784090909090908,0.865979381443299,0.8571428571428571,0.875,spectf,4,RF,False,20
1678,0.9571428571428572,0.94,0.967741935483871,0.9375,1.0,spectf,5,RF,True,20
1679,0.9571428571428572,0.94,0.967741935483871,0.9375,1.0,spectf,5,RF,False,20
1680,0.9458620689655173,0.4233724841463727,0.41122527571320694,0.4615051089293435,0.4233724841463727,shuttle,0,KNN,True,1
1681,0.9458620689655173,0.4233724841463727,0.41122527571320694,0.4615051089293435,0.4233724841463727,shuttle,0,KNN,False,1
1682,0.9103448275862069,0.37396143275251525,0.3930818978006209,0.5316177880357286,0.37396143275251525,shuttle,1,KNN,True,1
1683,0.9103448275862069,0.37396143275251525,0.3930818978006209,0.5316177880357286,0.37396143275251525,shuttle,1,KNN,False,1
1684,0.8787068965517242,0.3510515109281282,0.3652895741522863,0.4400738631340033,0.3510515109281282,shuttle,2,KNN,True,1
1685,0.8787068965517242,0.3510515109281282,0.3652895741522863,0.4400738631340033,0.3510515109281282,shuttle,2,KNN,False,1
1686,0.9486206896551724,0.4313530830213774,0.42654943637306125,0.5359521232483516,0.4313530830213774,shuttle,3,KNN,True,1
1687,0.9486206896551724,0.4313530830213774,0.42654943637306125,0.5359521232483516,0.4313530830213774,shuttle,3,KNN,False,1
1688,0.9460344827586207,0.4299497937350657,0.4244057533286668,0.49951776605198006,0.4299497937350657,shuttle,4,KNN,True,1
1689,0.9460344827586207,0.4299497937350657,0.4244057533286668,0.49951776605198006,0.4299497937350657,shuttle,4,KNN,False,1
1690,0.9456034482758621,0.4278447779082803,0.4195344789008634,0.4763984279275526,0.4278447779082803,shuttle,5,KNN,True,1
1691,0.9456034482758621,0.4278447779082803,0.4195344789008634,0.4763984279275526,0.4278447779082803,shuttle,5,KNN,False,1
1692,0.9458620689655173,0.4233724841463727,0.41122527571320694,0.4615051089293435,0.4233724841463727,shuttle,0,KNN,True,5
1693,0.9458620689655173,0.4233724841463727,0.41122527571320694,0.4615051089293435,0.4233724841463727,shuttle,0,KNN,False,5
1694,0.9103448275862069,0.37396143275251525,0.3930818978006209,0.5316177880357286,0.37396143275251525,shuttle,1,KNN,True,5
1695,0.9103448275862069,0.37396143275251525,0.3930818978006209,0.5316177880357286,0.37396143275251525,shuttle,1,KNN,False,5
1696,0.8787068965517242,0.3510515109281282,0.3652895741522863,0.4400738631340033,0.3510515109281282,shuttle,2,KNN,True,5
1697,0.8787068965517242,0.3510515109281282,0.3652895741522863,0.4400738631340033,0.3510515109281282,shuttle,2,KNN,False,5
1698,0.9486206896551724,0.4313530830213774,0.42654943637306125,0.5359521232483516,0.4313530830213774,shuttle,3,KNN,True,5
1699,0.9486206896551724,0.4313530830213774,0.42654943637306125,0.5359521232483516,0.4313530830213774,shuttle,3,KNN,False,5
1700,0.9460344827586207,0.4299497937350657,0.4244057533286668,0.49951776605198006,0.4299497937350657,shuttle,4,KNN,True,5
1701,0.9460344827586207,0.4299497937350657,0.4244057533286668,0.49951776605198006,0.4299497937350657,shuttle,4,KNN,False,5
1702,0.9456034482758621,0.4278447779082803,0.4195344789008634,0.4763984279275526,0.4278447779082803,shuttle,5,KNN,True,5
1703,0.9456034482758621,0.4278447779082803,0.4195344789008634,0.4763984279275526,0.4278447779082803,shuttle,5,KNN,False,5
1704,0.9458620689655173,0.4233724841463727,0.41122527571320694,0.4615051089293435,0.4233724841463727,shuttle,0,KNN,True,10
1705,0.9458620689655173,0.4233724841463727,0.41122527571320694,0.4615051089293435,0.4233724841463727,shuttle,0,KNN,False,10
1706,0.9103448275862069,0.37396143275251525,0.3930818978006209,0.5316177880357286,0.37396143275251525,shuttle,1,KNN,True,10
1707,0.9103448275862069,0.37396143275251525,0.3930818978006209,0.5316177880357286,0.37396143275251525,shuttle,1,KNN,False,10
1708,0.8787068965517242,0.3510515109281282,0.3652895741522863,0.4400738631340033,0.3510515109281282,shuttle,2,KNN,True,10
1709,0.8787068965517242,0.3510515109281282,0.3652895741522863,0.4400738631340033,0.3510515109281282,shuttle,2,KNN,False,10
1710,0.9486206896551724,0.4313530830213774,0.42654943637306125,0.5359521232483516,0.4313530830213774,shuttle,3,KNN,True,10
1711,0.9486206896551724,0.4313530830213774,0.42654943637306125,0.5359521232483516,0.4313530830213774,shuttle,3,KNN,False,10
1712,0.9460344827586207,0.4299497937350657,0.4244057533286668,0.49951776605198006,0.4299497937350657,shuttle,4,KNN,True,10
1713,0.9460344827586207,0.4299497937350657,0.4244057533286668,0.49951776605198006,0.4299497937350657,shuttle,4,KNN,False,10
1714,0.9456034482758621,0.4278447779082803,0.4195344789008634,0.4763984279275526,0.4278447779082803,shuttle,5,KNN,True,10
1715,0.9456034482758621,0.4278447779082803,0.4195344789008634,0.4763984279275526,0.4278447779082803,shuttle,5,KNN,False,10
1716,0.9980172413793104,0.6506749918612967,0.6737345887848302,0.7706039001155384,0.6506749918612967,shuttle,0,KNN,True,20
1717,0.9980172413793104,0.6506749918612967,0.6737345887848302,0.7706039001155384,0.6506749918612967,shuttle,0,KNN,False,20
1718,0.9985344827586207,0.6556390977443609,0.663467030599815,0.6780135372019667,0.6556390977443609,shuttle,1,KNN,True,20
1719,0.9985344827586207,0.6556390977443609,0.663467030599815,0.6780135372019667,0.6556390977443609,shuttle,1,KNN,False,20
1720,0.9975,0.574399860176304,0.6183024767921791,0.7054916375195497,0.574399860176304,shuttle,2,KNN,True,20
1721,0.9975,0.574399860176304,0.6183024767921791,0.7054916375195497,0.574399860176304,shuttle,2,KNN,False,20
1722,0.9980172413793104,0.7116420068953678,0.7526503682337838,0.8345705568159182,0.7116420068953678,shuttle,3,KNN,True,20
1723,0.9980172413793104,0.7116420068953678,0.7526503682337838,0.8345705568159182,0.7116420068953678,shuttle,3,KNN,False,20
1724,0.9976724137931035,0.655969720020398,0.7220072340190323,0.850203087862457,0.655969720020398,shuttle,4,KNN,True,20
1725,0.9976724137931035,0.655969720020398,0.7220072340190323,0.850203087862457,0.655969720020398,shuttle,4,KNN,False,20
1726,0.9968965517241379,0.6168008668311101,0.6822041884136308,0.8490343041622577,0.6168008668311101,shuttle,5,KNN,True,20
1727,0.9968965517241379,0.6168008668311101,0.6822041884136308,0.8490343041622577,0.6168008668311101,shuttle,5,KNN,False,20
1728,0.8605172413793103,0.34023957194012144,0.343648216654643,0.34943594616245205,0.34023957194012144,shuttle,0,LR,True,1
1729,0.8605172413793103,0.34023957194012144,0.343648216654643,0.34943594616245205,0.34023957194012144,shuttle,0,LR,False,1
1730,0.8569827586206896,0.33792608151101516,0.3412613909466525,0.3470423369617909,0.33792608151101516,shuttle,1,LR,True,1
1731,0.8569827586206896,0.33792608151101516,0.3412613909466525,0.3470423369617909,0.33792608151101516,shuttle,1,LR,False,1
1732,0.8587931034482759,0.3398473483466397,0.34356427435481784,0.35038100341870393,0.3398473483466397,shuttle,2,LR,True,1
1733,0.8587931034482759,0.3398473483466397,0.34356427435481784,0.35038100341870393,0.3398473483466397,shuttle,2,LR,False,1
1734,0.8585344827586207,0.34028728968325883,0.3440338603241793,0.3504602988370333,0.34028728968325883,shuttle,3,LR,True,1
1735,0.8585344827586207,0.34028728968325883,0.3440338603241793,0.3504602988370333,0.34028728968325883,shuttle,3,LR,False,1
1736,0.8612068965517241,0.3431450929714566,0.3468329871217922,0.3526751754003584,0.3431450929714566,shuttle,4,LR,True,1
1737,0.8612068965517241,0.3431450929714566,0.3468329871217922,0.3526751754003584,0.3431450929714566,shuttle,4,LR,False,1
1738,0.8656896551724138,0.34509991074029794,0.34811508342228586,0.35285646094259693,0.34509991074029794,shuttle,5,LR,True,1
1739,0.8656896551724138,0.34509991074029794,0.34811508342228586,0.35285646094259693,0.34509991074029794,shuttle,5,LR,False,1
1740,0.8605172413793103,0.34023957194012144,0.343648216654643,0.34943594616245205,0.34023957194012144,shuttle,0,LR,True,5
1741,0.8605172413793103,0.34023957194012144,0.343648216654643,0.34943594616245205,0.34023957194012144,shuttle,0,LR,False,5
1742,0.8569827586206896,0.33792608151101516,0.3412613909466525,0.3470423369617909,0.33792608151101516,shuttle,1,LR,True,5
1743,0.8569827586206896,0.33792608151101516,0.3412613909466525,0.3470423369617909,0.33792608151101516,shuttle,1,LR,False,5
1744,0.8587931034482759,0.3398473483466397,0.34356427435481784,0.35038100341870393,0.3398473483466397,shuttle,2,LR,True,5
1745,0.8587931034482759,0.3398473483466397,0.34356427435481784,0.35038100341870393,0.3398473483466397,shuttle,2,LR,False,5
1746,0.8585344827586207,0.34028728968325883,0.3440338603241793,0.3504602988370333,0.34028728968325883,shuttle,3,LR,True,5
1747,0.8585344827586207,0.34028728968325883,0.3440338603241793,0.3504602988370333,0.34028728968325883,shuttle,3,LR,False,5
1748,0.8612068965517241,0.3431450929714566,0.3468329871217922,0.3526751754003584,0.3431450929714566,shuttle,4,LR,True,5
1749,0.8612068965517241,0.3431450929714566,0.3468329871217922,0.3526751754003584,0.3431450929714566,shuttle,4,LR,False,5
1750,0.8656896551724138,0.34509991074029794,0.34811508342228586,0.35285646094259693,0.34509991074029794,shuttle,5,LR,True,5
1751,0.8656896551724138,0.34509991074029794,0.34811508342228586,0.35285646094259693,0.34509991074029794,shuttle,5,LR,False,5
1752,0.8605172413793103,0.34023957194012144,0.343648216654643,0.34943594616245205,0.34023957194012144,shuttle,0,LR,True,10
1753,0.8605172413793103,0.34023957194012144,0.343648216654643,0.34943594616245205,0.34023957194012144,shuttle,0,LR,False,10
1754,0.8569827586206896,0.33792608151101516,0.3412613909466525,0.3470423369617909,0.33792608151101516,shuttle,1,LR,True,10
1755,0.8569827586206896,0.33792608151101516,0.3412613909466525,0.3470423369617909,0.33792608151101516,shuttle,1,LR,False,10
1756,0.8587931034482759,0.3398473483466397,0.34356427435481784,0.35038100341870393,0.3398473483466397,shuttle,2,LR,True,10
1757,0.8587931034482759,0.3398473483466397,0.34356427435481784,0.35038100341870393,0.3398473483466397,shuttle,2,LR,False,10
1758,0.8585344827586207,0.34028728968325883,0.3440338603241793,0.3504602988370333,0.34028728968325883,shuttle,3,LR,True,10
1759,0.8585344827586207,0.34028728968325883,0.3440338603241793,0.3504602988370333,0.34028728968325883,shuttle,3,LR,False,10
1760,0.8612068965517241,0.3431450929714566,0.3468329871217922,0.3526751754003584,0.3431450929714566,shuttle,4,LR,True,10
1761,0.8612068965517241,0.3431450929714566,0.3468329871217922,0.3526751754003584,0.3431450929714566,shuttle,4,LR,False,10
1762,0.8656896551724138,0.34509991074029794,0.34811508342228586,0.35285646094259693,0.34509991074029794,shuttle,5,LR,True,10
1763,0.8656896551724138,0.34509991074029794,0.34811508342228586,0.35285646094259693,0.34509991074029794,shuttle,5,LR,False,10
1764,0.9506896551724138,0.394182466523069,0.3996526598788955,0.40665860213010535,0.394182466523069,shuttle,0,LR,True,20
1765,0.9506896551724138,0.394182466523069,0.3996526598788955,0.40665860213010535,0.394182466523069,shuttle,0,LR,False,20
1766,0.9524137931034483,0.39636316137598726,0.4009301220854721,0.40651755649279203,0.39636316137598726,shuttle,1,LR,True,20
1767,0.9524137931034483,0.39636316137598726,0.4009301220854721,0.40651755649279203,0.39636316137598726,shuttle,1,LR,False,20
1768,0.9492241379310344,0.394282193886993,0.3993935270281055,0.40616083858977853,0.394282193886993,shuttle,2,LR,True,20
1769,0.9492241379310344,0.394282193886993,0.3993935270281055,0.40616083858977853,0.394282193886993,shuttle,2,LR,False,20
1770,0.9477586206896552,0.39362054348148,0.39863275089025035,0.40504852900395083,0.39362054348148,shuttle,3,LR,True,20
1771,0.9477586206896552,0.39362054348148,0.39863275089025035,0.40504852900395083,0.39362054348148,shuttle,3,LR,False,20
1772,0.9476724137931034,0.39319704674833883,0.39875299630558825,0.40590367999632676,0.39319704674833883,shuttle,4,LR,True,20
1773,0.9476724137931034,0.39319704674833883,0.39875299630558825,0.40590367999632676,0.39319704674833883,shuttle,4,LR,False,20
1774,0.9475862068965517,0.3936284682328147,0.39801101918069065,0.4035920552734255,0.3936284682328147,shuttle,5,LR,True,20
1775,0.9475862068965517,0.3936284682328147,0.39801101918069065,0.4035920552734255,0.3936284682328147,shuttle,5,LR,False,20
1776,0.7162068965517241,0.5195340033839486,0.37316920857881497,0.38484591261233186,0.5195340033839486,shuttle,0,NB,True,1
1777,0.7162068965517241,0.5195340033839486,0.37316920857881497,0.38484591261233186,0.5195340033839486,shuttle,0,NB,False,1
1778,0.7156896551724138,0.5197468215791677,0.37306924301230904,0.38446427606783856,0.5197468215791677,shuttle,1,NB,True,1
1779,0.7156896551724138,0.5197468215791677,0.37306924301230904,0.38446427606783856,0.5197468215791677,shuttle,1,NB,False,1
1780,0.7105172413793104,0.5185776039088138,0.37266805037384104,0.38538893578312056,0.5185776039088138,shuttle,2,NB,True,1
1781,0.7105172413793104,0.5185776039088138,0.37266805037384104,0.38538893578312056,0.5185776039088138,shuttle,2,NB,False,1
1782,0.721551724137931,0.5205099806205494,0.37531998047769555,0.38727565462310704,0.5205099806205494,shuttle,3,NB,True,1
1783,0.721551724137931,0.5205099806205494,0.37531998047769555,0.38727565462310704,0.5205099806205494,shuttle,3,NB,False,1
1784,0.7207758620689655,0.5201558840632956,0.37515622502079093,0.38698347455926724,0.5201558840632956,shuttle,4,NB,True,1
1785,0.7207758620689655,0.5201558840632956,0.37515622502079093,0.38698347455926724,0.5201558840632956,shuttle,4,NB,False,1
1786,0.7184482758620689,0.5199300032120473,0.3735116656250188,0.38431691162649434,0.5199300032120473,shuttle,5,NB,True,1
1787,0.7184482758620689,0.5199300032120473,0.3735116656250188,0.38431691162649434,0.5199300032120473,shuttle,5,NB,False,1
1788,0.7162068965517241,0.5195340033839486,0.37316920857881497,0.38484591261233186,0.5195340033839486,shuttle,0,NB,True,5
1789,0.7162068965517241,0.5195340033839486,0.37316920857881497,0.38484591261233186,0.5195340033839486,shuttle,0,NB,False,5
1790,0.7156896551724138,0.5197468215791677,0.37306924301230904,0.38446427606783856,0.5197468215791677,shuttle,1,NB,True,5
1791,0.7156896551724138,0.5197468215791677,0.37306924301230904,0.38446427606783856,0.5197468215791677,shuttle,1,NB,False,5
1792,0.7105172413793104,0.5185776039088138,0.37266805037384104,0.38538893578312056,0.5185776039088138,shuttle,2,NB,True,5
1793,0.7105172413793104,0.5185776039088138,0.37266805037384104,0.38538893578312056,0.5185776039088138,shuttle,2,NB,False,5
1794,0.721551724137931,0.5205099806205494,0.37531998047769555,0.38727565462310704,0.5205099806205494,shuttle,3,NB,True,5
1795,0.721551724137931,0.5205099806205494,0.37531998047769555,0.38727565462310704,0.5205099806205494,shuttle,3,NB,False,5
1796,0.7207758620689655,0.5201558840632956,0.37515622502079093,0.38698347455926724,0.5201558840632956,shuttle,4,NB,True,5
1797,0.7207758620689655,0.5201558840632956,0.37515622502079093,0.38698347455926724,0.5201558840632956,shuttle,4,NB,False,5
1798,0.7184482758620689,0.5199300032120473,0.3735116656250188,0.38431691162649434,0.5199300032120473,shuttle,5,NB,True,5
1799,0.7184482758620689,0.5199300032120473,0.3735116656250188,0.38431691162649434,0.5199300032120473,shuttle,5,NB,False,5
1800,0.7162068965517241,0.5195340033839486,0.37316920857881497,0.38484591261233186,0.5195340033839486,shuttle,0,NB,True,10
1801,0.7162068965517241,0.5195340033839486,0.37316920857881497,0.38484591261233186,0.5195340033839486,shuttle,0,NB,False,10
1802,0.7156896551724138,0.5197468215791677,0.37306924301230904,0.38446427606783856,0.5197468215791677,shuttle,1,NB,True,10
1803,0.7156896551724138,0.5197468215791677,0.37306924301230904,0.38446427606783856,0.5197468215791677,shuttle,1,NB,False,10
1804,0.7105172413793104,0.5185776039088138,0.37266805037384104,0.38538893578312056,0.5185776039088138,shuttle,2,NB,True,10
1805,0.7105172413793104,0.5185776039088138,0.37266805037384104,0.38538893578312056,0.5185776039088138,shuttle,2,NB,False,10
1806,0.721551724137931,0.5205099806205494,0.37531998047769555,0.38727565462310704,0.5205099806205494,shuttle,3,NB,True,10
1807,0.721551724137931,0.5205099806205494,0.37531998047769555,0.38727565462310704,0.5205099806205494,shuttle,3,NB,False,10
1808,0.7207758620689655,0.5201558840632956,0.37515622502079093,0.38698347455926724,0.5201558840632956,shuttle,4,NB,True,10
1809,0.7207758620689655,0.5201558840632956,0.37515622502079093,0.38698347455926724,0.5201558840632956,shuttle,4,NB,False,10
1810,0.7184482758620689,0.5199300032120473,0.3735116656250188,0.38431691162649434,0.5199300032120473,shuttle,5,NB,True,10
1811,0.7184482758620689,0.5199300032120473,0.3735116656250188,0.38431691162649434,0.5199300032120473,shuttle,5,NB,False,10
1812,0.7778448275862069,0.5563031055501545,0.39733812425558274,0.3993137034488313,0.5563031055501545,shuttle,0,NB,True,20
1813,0.7778448275862069,0.5563031055501545,0.39733812425558274,0.3993137034488313,0.5563031055501545,shuttle,0,NB,False,20
1814,0.7773275862068966,0.6094379258181261,0.4739365364963927,0.5537363004067163,0.6094379258181261,shuttle,1,NB,True,20
1815,0.7773275862068966,0.6094379258181261,0.4739365364963927,0.5537363004067163,0.6094379258181261,shuttle,1,NB,False,20
1816,0.7657758620689655,0.5894105556691615,0.43848851908729775,0.45429999343838706,0.5894105556691615,shuttle,2,NB,True,20
1817,0.7657758620689655,0.5894105556691615,0.43848851908729775,0.45429999343838706,0.5894105556691615,shuttle,2,NB,False,20
1818,0.7818103448275862,0.5914496216346014,0.4538229499815921,0.48007224999081155,0.5914496216346014,shuttle,3,NB,True,20
1819,0.7818103448275862,0.5914496216346014,0.4538229499815921,0.48007224999081155,0.5914496216346014,shuttle,3,NB,False,20
1820,0.7702586206896552,0.587131810760876,0.44813796321835453,0.5054157181250241,0.587131810760876,shuttle,4,NB,True,20
1821,0.7702586206896552,0.587131810760876,0.44813796321835453,0.5054157181250241,0.587131810760876,shuttle,4,NB,False,20
1822,0.776551724137931,0.5940722331324529,0.44779850246123587,0.45973250529246246,0.5940722331324529,shuttle,5,NB,True,20
1823,0.776551724137931,0.5940722331324529,0.44779850246123587,0.45973250529246246,0.5940722331324529,shuttle,5,NB,False,20
1824,0.9461206896551724,0.43379138855023947,0.42967751366909607,0.5333688741475068,0.43379138855023947,shuttle,0,DT,True,1
1825,0.9461206896551724,0.43379138855023947,0.42967751366909607,0.5333688741475068,0.43379138855023947,shuttle,0,DT,False,1
1826,0.9475,0.42655070574084497,0.41730286372297154,0.5345023191284227,0.42655070574084497,shuttle,1,DT,True,1
1827,0.9475,0.42655070574084497,0.41730286372297154,0.5345023191284227,0.42655070574084497,shuttle,1,DT,False,1
1828,0.9450862068965518,0.4262838611189298,0.4159286322032415,0.4479692353259576,0.4262838611189298,shuttle,2,DT,True,1
1829,0.9450862068965518,0.4262838611189298,0.4159286322032415,0.4479692353259576,0.4262838611189298,shuttle,2,DT,False,1
1830,0.9487068965517241,0.43543471567443864,0.4334037597873797,0.5361627931531517,0.43543471567443864,shuttle,3,DT,True,1
1831,0.9487068965517241,0.43543471567443864,0.4334037597873797,0.5361627931531517,0.43543471567443864,shuttle,3,DT,False,1
1832,0.9462068965517242,0.43038867896657756,0.4245252084299428,0.49932417148237,0.43038867896657756,shuttle,4,DT,True,1
1833,0.9462068965517242,0.43038867896657756,0.4245252084299428,0.49932417148237,0.43038867896657756,shuttle,4,DT,False,1
1834,0.9456034482758621,0.4278447779082803,0.4195344789008634,0.4763984279275526,0.4278447779082803,shuttle,5,DT,True,1
1835,0.9456034482758621,0.4278447779082803,0.4195344789008634,0.4763984279275526,0.4278447779082803,shuttle,5,DT,False,1
1836,0.9461206896551724,0.43379138855023947,0.42967751366909607,0.5333688741475068,0.43379138855023947,shuttle,0,DT,True,5
1837,0.9461206896551724,0.43379138855023947,0.42967751366909607,0.5333688741475068,0.43379138855023947,shuttle,0,DT,False,5
1838,0.9475,0.42655070574084497,0.41730286372297154,0.5345023191284227,0.42655070574084497,shuttle,1,DT,True,5
1839,0.9475,0.42655070574084497,0.41730286372297154,0.5345023191284227,0.42655070574084497,shuttle,1,DT,False,5
1840,0.9450862068965518,0.4262838611189298,0.4159286322032415,0.4479692353259576,0.4262838611189298,shuttle,2,DT,True,5
1841,0.9450862068965518,0.4262838611189298,0.4159286322032415,0.4479692353259576,0.4262838611189298,shuttle,2,DT,False,5
1842,0.9487068965517241,0.43543471567443864,0.4334037597873797,0.5361627931531517,0.43543471567443864,shuttle,3,DT,True,5
1843,0.9487068965517241,0.43543471567443864,0.4334037597873797,0.5361627931531517,0.43543471567443864,shuttle,3,DT,False,5
1844,0.9462068965517242,0.43038867896657756,0.4245252084299428,0.49932417148237,0.43038867896657756,shuttle,4,DT,True,5
1845,0.9462068965517242,0.43038867896657756,0.4245252084299428,0.49932417148237,0.43038867896657756,shuttle,4,DT,False,5
1846,0.9456034482758621,0.4278447779082803,0.4195344789008634,0.4763984279275526,0.4278447779082803,shuttle,5,DT,True,5
1847,0.9456034482758621,0.4278447779082803,0.4195344789008634,0.4763984279275526,0.4278447779082803,shuttle,5,DT,False,5
1848,0.9461206896551724,0.43379138855023947,0.42967751366909607,0.5333688741475068,0.43379138855023947,shuttle,0,DT,True,10
1849,0.9461206896551724,0.43379138855023947,0.42967751366909607,0.5333688741475068,0.43379138855023947,shuttle,0,DT,False,10
1850,0.9475,0.42655070574084497,0.41730286372297154,0.5345023191284227,0.42655070574084497,shuttle,1,DT,True,10
1851,0.9475,0.42655070574084497,0.41730286372297154,0.5345023191284227,0.42655070574084497,shuttle,1,DT,False,10
1852,0.9450862068965518,0.4262838611189298,0.4159286322032415,0.4479692353259576,0.4262838611189298,shuttle,2,DT,True,10
1853,0.9450862068965518,0.4262838611189298,0.4159286322032415,0.4479692353259576,0.4262838611189298,shuttle,2,DT,False,10
1854,0.9487068965517241,0.43543471567443864,0.4334037597873797,0.5361627931531517,0.43543471567443864,shuttle,3,DT,True,10
1855,0.9487068965517241,0.43543471567443864,0.4334037597873797,0.5361627931531517,0.43543471567443864,shuttle,3,DT,False,10
1856,0.9462068965517242,0.43038867896657756,0.4245252084299428,0.49932417148237,0.43038867896657756,shuttle,4,DT,True,10
1857,0.9462068965517242,0.43038867896657756,0.4245252084299428,0.49932417148237,0.43038867896657756,shuttle,4,DT,False,10
1858,0.9456034482758621,0.4278447779082803,0.4195344789008634,0.4763984279275526,0.4278447779082803,shuttle,5,DT,True,10
1859,0.9456034482758621,0.4278447779082803,0.4195344789008634,0.4763984279275526,0.4278447779082803,shuttle,5,DT,False,10
1860,0.9983620689655173,0.656222354412617,0.6870333884582187,0.7841965551379885,0.656222354412617,shuttle,0,DT,True,20
1861,0.9983620689655173,0.656222354412617,0.6870333884582187,0.7841965551379885,0.656222354412617,shuttle,0,DT,False,20
1862,0.9987068965517242,0.6834855751047639,0.6772730314892137,0.6776139051876192,0.6834855751047639,shuttle,1,DT,True,20
1863,0.9987068965517242,0.6834855751047639,0.6772730314892137,0.6776139051876192,0.6834855751047639,shuttle,1,DT,False,20
1864,0.998448275862069,0.718595111979475,0.7611410900073045,0.8377481529880532,0.718595111979475,shuttle,2,DT,True,20
1865,0.998448275862069,0.718595111979475,0.7611410900073045,0.8377481529880532,0.718595111979475,shuttle,2,DT,False,20
1866,0.9981896551724138,0.7080711558450913,0.7495240945187064,0.8345399208695058,0.7080711558450913,shuttle,3,DT,True,20
1867,0.9981896551724138,0.7080711558450913,0.7495240945187064,0.8345399208695058,0.7080711558450913,shuttle,3,DT,False,20
1868,0.9981034482758621,0.7564778283672293,0.7842969107009228,0.8268158334921233,0.7564778283672293,shuttle,4,DT,True,20
1869,0.9981034482758621,0.7564778283672293,0.7842969107009228,0.8268158334921233,0.7564778283672293,shuttle,4,DT,False,20
1870,0.9975,0.7261478678801513,0.745122591893951,0.8081994724858051,0.7261478678801513,shuttle,5,DT,True,20
1871,0.9975,0.7261478678801513,0.745122591893951,0.8081994724858051,0.7261478678801513,shuttle,5,DT,False,20
1872,0.9462068965517242,0.438893429366566,0.4377420297981284,0.5333688741475068,0.438893429366566,shuttle,0,RF,True,1
1873,0.9462068965517242,0.438893429366566,0.4377420297981284,0.5333688741475068,0.438893429366566,shuttle,0,RF,False,1
1874,0.9476724137931034,0.4340695027333262,0.4302280337909988,0.5345023191284227,0.4340695027333262,shuttle,1,RF,True,1
1875,0.9476724137931034,0.4340695027333262,0.4302280337909988,0.5345023191284227,0.4340695027333262,shuttle,1,RF,False,1
1876,0.9450862068965518,0.4262838611189298,0.4159286322032415,0.4479692353259576,0.4262838611189298,shuttle,2,RF,True,1
1877,0.9450862068965518,0.4262838611189298,0.4159286322032415,0.4479692353259576,0.4262838611189298,shuttle,2,RF,False,1
1878,0.9487931034482758,0.43951634832749986,0.43981401619763616,0.5361627931531517,0.43951634832749986,shuttle,3,RF,True,1
1879,0.9487931034482758,0.43951634832749986,0.43981401619763616,0.5361627931531517,0.43951634832749986,shuttle,3,RF,False,1
1880,0.9462068965517242,0.43038867896657756,0.4245252084299428,0.49932417148237,0.43038867896657756,shuttle,4,RF,True,1
1881,0.9462068965517242,0.43038867896657756,0.4245252084299428,0.49932417148237,0.43038867896657756,shuttle,4,RF,False,1
1882,0.9456034482758621,0.4278447779082803,0.4195344789008634,0.4763984279275526,0.4278447779082803,shuttle,5,RF,True,1
1883,0.9456034482758621,0.4278447779082803,0.4195344789008634,0.4763984279275526,0.4278447779082803,shuttle,5,RF,False,1
1884,0.9462068965517242,0.438893429366566,0.4377420297981284,0.5333688741475068,0.438893429366566,shuttle,0,RF,True,5
1885,0.9462068965517242,0.438893429366566,0.4377420297981284,0.5333688741475068,0.438893429366566,shuttle,0,RF,False,5
1886,0.9476724137931034,0.4340695027333262,0.4302280337909988,0.5345023191284227,0.4340695027333262,shuttle,1,RF,True,5
1887,0.9476724137931034,0.4340695027333262,0.4302280337909988,0.5345023191284227,0.4340695027333262,shuttle,1,RF,False,5
1888,0.9450862068965518,0.4262838611189298,0.4159286322032415,0.4479692353259576,0.4262838611189298,shuttle,2,RF,True,5
1889,0.9450862068965518,0.4262838611189298,0.4159286322032415,0.4479692353259576,0.4262838611189298,shuttle,2,RF,False,5
1890,0.9487931034482758,0.43951634832749986,0.43981401619763616,0.5361627931531517,0.43951634832749986,shuttle,3,RF,True,5
1891,0.9487931034482758,0.43951634832749986,0.43981401619763616,0.5361627931531517,0.43951634832749986,shuttle,3,RF,False,5
1892,0.9462068965517242,0.43038867896657756,0.4245252084299428,0.49932417148237,0.43038867896657756,shuttle,4,RF,True,5
1893,0.9462068965517242,0.43038867896657756,0.4245252084299428,0.49932417148237,0.43038867896657756,shuttle,4,RF,False,5
1894,0.9456034482758621,0.4278447779082803,0.4195344789008634,0.4763984279275526,0.4278447779082803,shuttle,5,RF,True,5
1895,0.9456034482758621,0.4278447779082803,0.4195344789008634,0.4763984279275526,0.4278447779082803,shuttle,5,RF,False,5
1896,0.9462068965517242,0.438893429366566,0.4377420297981284,0.5333688741475068,0.438893429366566,shuttle,0,RF,True,10
1897,0.9462068965517242,0.438893429366566,0.4377420297981284,0.5333688741475068,0.438893429366566,shuttle,0,RF,False,10
1898,0.9476724137931034,0.4340695027333262,0.4302280337909988,0.5345023191284227,0.4340695027333262,shuttle,1,RF,True,10
1899,0.9476724137931034,0.4340695027333262,0.4302280337909988,0.5345023191284227,0.4340695027333262,shuttle,1,RF,False,10
1900,0.9450862068965518,0.4262838611189298,0.4159286322032415,0.4479692353259576,0.4262838611189298,shuttle,2,RF,True,10
1901,0.9450862068965518,0.4262838611189298,0.4159286322032415,0.4479692353259576,0.4262838611189298,shuttle,2,RF,False,10
1902,0.9487931034482758,0.43951634832749986,0.43981401619763616,0.5361627931531517,0.43951634832749986,shuttle,3,RF,True,10
1903,0.9487931034482758,0.43951634832749986,0.43981401619763616,0.5361627931531517,0.43951634832749986,shuttle,3,RF,False,10
1904,0.9462068965517242,0.43038867896657756,0.4245252084299428,0.49932417148237,0.43038867896657756,shuttle,4,RF,True,10
1905,0.9462068965517242,0.43038867896657756,0.4245252084299428,0.49932417148237,0.43038867896657756,shuttle,4,RF,False,10
1906,0.9456034482758621,0.4278447779082803,0.4195344789008634,0.4763984279275526,0.4278447779082803,shuttle,5,RF,True,10
1907,0.9456034482758621,0.4278447779082803,0.4195344789008634,0.4763984279275526,0.4278447779082803,shuttle,5,RF,False,10
1908,0.998448275862069,0.6512804673438881,0.6972976400087739,0.770866140260868,0.6512804673438881,shuttle,0,RF,True,20
1909,0.998448275862069,0.6512804673438881,0.6972976400087739,0.770866140260868,0.6512804673438881,shuttle,0,RF,False,20
1910,0.9987068965517242,0.6799409993797371,0.6749736308230851,0.6773956388470428,0.6799409993797371,shuttle,1,RF,True,20
1911,0.9987068965517242,0.6799409993797371,0.6749736308230851,0.6773956388470428,0.6799409993797371,shuttle,1,RF,False,20
1912,0.9983620689655173,0.7109512109512109,0.7612529599370337,0.8500379976782255,0.7109512109512109,shuttle,2,RF,True,20
1913,0.9983620689655173,0.7109512109512109,0.7612529599370337,0.8500379976782255,0.7109512109512109,shuttle,2,RF,False,20
1914,0.9982758620689656,0.7121527884981527,0.7529303335685681,0.8346183275965358,0.7121527884981527,shuttle,3,RF,True,20
1915,0.9982758620689656,0.7121527884981527,0.7529303335685681,0.8346183275965358,0.7121527884981527,shuttle,3,RF,False,20
1916,0.9979310344827587,0.6721407368872807,0.7197977962923228,0.8400001751768462,0.6721407368872807,shuttle,4,RF,True,20
1917,0.9979310344827587,0.6721407368872807,0.7197977962923228,0.8400001751768462,0.6721407368872807,shuttle,4,RF,False,20
1918,0.9973275862068965,0.6468204461455305,0.6966376205515993,0.8264993353872433,0.6468204461455305,shuttle,5,RF,True,20
1919,0.9973275862068965,0.6468204461455305,0.6966376205515993,0.8264993353872433,0.6468204461455305,shuttle,5,RF,False,20
1920,0.7055730809674028,0.6605625670213644,0.5491143317230274,0.5998240985048373,0.5063103192279139,magic,0,KNN,True,1
1921,0.7055730809674028,0.6605625670213644,0.5491143317230274,0.5998240985048373,0.5063103192279139,magic,0,KNN,False,1
1922,0.6953207150368034,0.6518630440682021,0.5362144857943177,0.5611390284757118,0.5134099616858238,magic,1,KNN,True,1
1923,0.6953207150368034,0.6518630440682021,0.5362144857943177,0.5611390284757118,0.5134099616858238,magic,1,KNN,False,1
1924,0.6911146161934806,0.655934902084687,0.5547555892383479,0.5917542441390461,0.5221112696148359,magic,2,KNN,True,1
1925,0.6911146161934806,0.655934902084687,0.5547555892383479,0.5917542441390461,0.5221112696148359,magic,2,KNN,False,1
1926,0.7039957939011566,0.663754256544148,0.5528196981731534,0.5686274509803921,0.5378670788253478,magic,3,KNN,True,1
1927,0.7039957939011566,0.663754256544148,0.5528196981731534,0.5686274509803921,0.5378670788253478,magic,3,KNN,False,1
1928,0.6942691903259727,0.6545840309685367,0.546588693957115,0.5822259136212624,0.5150624540778839,magic,4,KNN,True,1
1929,0.6942691903259727,0.6545840309685367,0.546588693957115,0.5822259136212624,0.5150624540778839,magic,4,KNN,False,1
1930,0.6903259726603576,0.6560825013137153,0.5547996976568406,0.5816164817749604,0.5303468208092486,magic,5,KNN,True,1
1931,0.6903259726603576,0.6560825013137153,0.5547996976568406,0.5816164817749604,0.5303468208092486,magic,5,KNN,False,1
1932,0.7055730809674028,0.6605625670213644,0.5491143317230274,0.5998240985048373,0.5063103192279139,magic,0,KNN,True,5
1933,0.7055730809674028,0.6605625670213644,0.5491143317230274,0.5998240985048373,0.5063103192279139,magic,0,KNN,False,5
1934,0.6953207150368034,0.6518630440682021,0.5362144857943177,0.5611390284757118,0.5134099616858238,magic,1,KNN,True,5
1935,0.6953207150368034,0.6518630440682021,0.5362144857943177,0.5611390284757118,0.5134099616858238,magic,1,KNN,False,5
1936,0.6911146161934806,0.655934902084687,0.5547555892383479,0.5917542441390461,0.5221112696148359,magic,2,KNN,True,5
1937,0.6911146161934806,0.655934902084687,0.5547555892383479,0.5917542441390461,0.5221112696148359,magic,2,KNN,False,5
1938,0.7039957939011566,0.663754256544148,0.5528196981731534,0.5686274509803921,0.5378670788253478,magic,3,KNN,True,5
1939,0.7039957939011566,0.663754256544148,0.5528196981731534,0.5686274509803921,0.5378670788253478,magic,3,KNN,False,5
1940,0.6942691903259727,0.6545840309685367,0.546588693957115,0.5822259136212624,0.5150624540778839,magic,4,KNN,True,5
1941,0.6942691903259727,0.6545840309685367,0.546588693957115,0.5822259136212624,0.5150624540778839,magic,4,KNN,False,5
1942,0.6903259726603576,0.6560825013137153,0.5547996976568406,0.5816164817749604,0.5303468208092486,magic,5,KNN,True,5
1943,0.6903259726603576,0.6560825013137153,0.5547996976568406,0.5816164817749604,0.5303468208092486,magic,5,KNN,False,5
1944,0.7055730809674028,0.6605625670213644,0.5491143317230274,0.5998240985048373,0.5063103192279139,magic,0,KNN,True,10
1945,0.7055730809674028,0.6605625670213644,0.5491143317230274,0.5998240985048373,0.5063103192279139,magic,0,KNN,False,10
1946,0.6953207150368034,0.6518630440682021,0.5362144857943177,0.5611390284757118,0.5134099616858238,magic,1,KNN,True,10
1947,0.6953207150368034,0.6518630440682021,0.5362144857943177,0.5611390284757118,0.5134099616858238,magic,1,KNN,False,10
1948,0.6911146161934806,0.655934902084687,0.5547555892383479,0.5917542441390461,0.5221112696148359,magic,2,KNN,True,10
1949,0.6911146161934806,0.655934902084687,0.5547555892383479,0.5917542441390461,0.5221112696148359,magic,2,KNN,False,10
1950,0.7039957939011566,0.663754256544148,0.5528196981731534,0.5686274509803921,0.5378670788253478,magic,3,KNN,True,10
1951,0.7039957939011566,0.663754256544148,0.5528196981731534,0.5686274509803921,0.5378670788253478,magic,3,KNN,False,10
1952,0.6942691903259727,0.6545840309685367,0.546588693957115,0.5822259136212624,0.5150624540778839,magic,4,KNN,True,10
1953,0.6942691903259727,0.6545840309685367,0.546588693957115,0.5822259136212624,0.5150624540778839,magic,4,KNN,False,10
1954,0.6903259726603576,0.6560825013137153,0.5547996976568406,0.5816164817749604,0.5303468208092486,magic,5,KNN,True,10
1955,0.6903259726603576,0.6560825013137153,0.5547996976568406,0.5816164817749604,0.5303468208092486,magic,5,KNN,False,10
1956,0.7983701366982124,0.7661048429422594,0.6971969996052112,0.7445193929173693,0.6555308092056422,magic,0,KNN,True,20
1957,0.7983701366982124,0.7661048429422594,0.6971969996052112,0.7445193929173693,0.6555308092056422,magic,0,KNN,False,20
1958,0.795478443743428,0.7572003514049298,0.680623973727422,0.7329796640141468,0.6352490421455939,magic,1,KNN,True,20
1959,0.795478443743428,0.7572003514049298,0.680623973727422,0.7329796640141468,0.6352490421455939,magic,1,KNN,False,20
1960,0.788906414300736,0.7546020850432533,0.6854680767724246,0.7602085143353605,0.6241084165477889,magic,2,KNN,True,20
1961,0.788906414300736,0.7546020850432533,0.6854680767724246,0.7602085143353605,0.6241084165477889,magic,2,KNN,False,20
1962,0.7928496319663512,0.7516764472250104,0.6716666666666666,0.72875226039783,0.6228748068006182,magic,3,KNN,True,20
1963,0.7928496319663512,0.7516764472250104,0.6716666666666666,0.72875226039783,0.6228748068006182,magic,3,KNN,False,20
1964,0.796267087276551,0.7634451985805386,0.6947617172115006,0.7487266553480475,0.6480529022777369,magic,4,KNN,True,20
1965,0.796267087276551,0.7634451985805386,0.6947617172115006,0.7487266553480475,0.6480529022777369,magic,4,KNN,False,20
1966,0.7944269190325972,0.760481058615583,0.6923682140047207,0.7599309153713298,0.6358381502890174,magic,5,KNN,True,20
1967,0.7944269190325972,0.760481058615583,0.6923682140047207,0.7599309153713298,0.6358381502890174,magic,5,KNN,False,20
1968,0.7294952681388013,0.6710317233702534,0.5520243796255986,0.6673684210526316,0.4706755753526355,magic,0,LR,True,1
1969,0.7294952681388013,0.6710317233702534,0.5520243796255986,0.6673684210526316,0.4706755753526355,magic,0,LR,False,1
1970,0.7205573080967402,0.6566088504367265,0.5265033407572383,0.6287234042553191,0.4528735632183908,magic,1,LR,True,1
1971,0.7205573080967402,0.6566088504367265,0.5265033407572383,0.6287234042553191,0.4528735632183908,magic,1,LR,False,1
1972,0.7276550998948476,0.678039341917874,0.5697674418604651,0.6819085487077535,0.4893009985734665,magic,2,LR,True,1
1973,0.7276550998948476,0.678039341917874,0.5697674418604651,0.6819085487077535,0.4893009985734665,magic,2,LR,False,1
1974,0.7342271293375394,0.674869301772816,0.5559947299077734,0.6439471007121058,0.4891808346213292,magic,3,LR,True,1
1975,0.7342271293375394,0.674869301772816,0.5559947299077734,0.6439471007121058,0.4891808346213292,magic,3,LR,False,1
1976,0.7273922187171399,0.6728873119768488,0.5581593523647209,0.6643002028397565,0.48126377663482733,magic,4,LR,True,1
1977,0.7273922187171399,0.6728873119768488,0.5581593523647209,0.6643002028397565,0.48126377663482733,magic,4,LR,False,1
1978,0.7273922187171399,0.6736152247647256,0.5596602972399151,0.678681771369722,0.4761560693641618,magic,5,LR,True,1
1979,0.7273922187171399,0.6736152247647256,0.5596602972399151,0.678681771369722,0.4761560693641618,magic,5,LR,False,1
1980,0.7294952681388013,0.6710317233702534,0.5520243796255986,0.6673684210526316,0.4706755753526355,magic,0,LR,True,5
1981,0.7294952681388013,0.6710317233702534,0.5520243796255986,0.6673684210526316,0.4706755753526355,magic,0,LR,False,5
1982,0.7205573080967402,0.6566088504367265,0.5265033407572383,0.6287234042553191,0.4528735632183908,magic,1,LR,True,5
1983,0.7205573080967402,0.6566088504367265,0.5265033407572383,0.6287234042553191,0.4528735632183908,magic,1,LR,False,5
1984,0.7276550998948476,0.678039341917874,0.5697674418604651,0.6819085487077535,0.4893009985734665,magic,2,LR,True,5
1985,0.7276550998948476,0.678039341917874,0.5697674418604651,0.6819085487077535,0.4893009985734665,magic,2,LR,False,5
1986,0.7342271293375394,0.674869301772816,0.5559947299077734,0.6439471007121058,0.4891808346213292,magic,3,LR,True,5
1987,0.7342271293375394,0.674869301772816,0.5559947299077734,0.6439471007121058,0.4891808346213292,magic,3,LR,False,5
1988,0.7273922187171399,0.6728873119768488,0.5581593523647209,0.6643002028397565,0.48126377663482733,magic,4,LR,True,5
1989,0.7273922187171399,0.6728873119768488,0.5581593523647209,0.6643002028397565,0.48126377663482733,magic,4,LR,False,5
1990,0.7273922187171399,0.6736152247647256,0.5596602972399151,0.678681771369722,0.4761560693641618,magic,5,LR,True,5
1991,0.7273922187171399,0.6736152247647256,0.5596602972399151,0.678681771369722,0.4761560693641618,magic,5,LR,False,5
1992,0.7294952681388013,0.6710317233702534,0.5520243796255986,0.6673684210526316,0.4706755753526355,magic,0,LR,True,10
1993,0.7294952681388013,0.6710317233702534,0.5520243796255986,0.6673684210526316,0.4706755753526355,magic,0,LR,False,10
1994,0.7205573080967402,0.6566088504367265,0.5265033407572383,0.6287234042553191,0.4528735632183908,magic,1,LR,True,10
1995,0.7205573080967402,0.6566088504367265,0.5265033407572383,0.6287234042553191,0.4528735632183908,magic,1,LR,False,10
1996,0.7276550998948476,0.678039341917874,0.5697674418604651,0.6819085487077535,0.4893009985734665,magic,2,LR,True,10
1997,0.7276550998948476,0.678039341917874,0.5697674418604651,0.6819085487077535,0.4893009985734665,magic,2,LR,False,10
1998,0.7342271293375394,0.674869301772816,0.5559947299077734,0.6439471007121058,0.4891808346213292,magic,3,LR,True,10
1999,0.7342271293375394,0.674869301772816,0.5559947299077734,0.6439471007121058,0.4891808346213292,magic,3,LR,False,10
2000,0.7273922187171399,0.6728873119768488,0.5581593523647209,0.6643002028397565,0.48126377663482733,magic,4,LR,True,10
2001,0.7273922187171399,0.6728873119768488,0.5581593523647209,0.6643002028397565,0.48126377663482733,magic,4,LR,False,10
2002,0.7273922187171399,0.6736152247647256,0.5596602972399151,0.678681771369722,0.4761560693641618,magic,5,LR,True,10
2003,0.7273922187171399,0.6736152247647256,0.5596602972399151,0.678681771369722,0.4761560693641618,magic,5,LR,False,10
2004,0.7870662460567823,0.737734013903279,0.6541417591801879,0.7698492462311558,0.5686711210096511,magic,0,LR,True,20
2005,0.7870662460567823,0.737734013903279,0.6541417591801879,0.7698492462311558,0.5686711210096511,magic,0,LR,False,20
2006,0.7852260778128286,0.7327386126864539,0.6436982119494112,0.7469635627530364,0.5655172413793104,magic,1,LR,True,20
2007,0.7852260778128286,0.7327386126864539,0.6436982119494112,0.7469635627530364,0.5655172413793104,magic,1,LR,False,20
2008,0.7810199789695058,0.7384095635947694,0.6598611678236015,0.7717287488061128,0.5763195435092725,magic,2,LR,True,20
2009,0.7810199789695058,0.7384095635947694,0.6598611678236015,0.7717287488061128,0.5763195435092725,magic,2,LR,False,20
2010,0.7944269190325972,0.7425759096535034,0.6576182136602452,0.7585858585858586,0.580370942812983,magic,3,LR,True,20
2011,0.7944269190325972,0.7425759096535034,0.6576182136602452,0.7585858585858586,0.580370942812983,magic,3,LR,False,20
2012,0.7886435331230284,0.7422150828756033,0.6621848739495798,0.7733071638861629,0.5789860396767083,magic,4,LR,True,20
2013,0.7886435331230284,0.7422150828756033,0.6621848739495798,0.7733071638861629,0.5789860396767083,magic,4,LR,False,20
2014,0.78732912723449,0.7411377967802035,0.6616478460895023,0.785501489572989,0.5715317919075145,magic,5,LR,True,20
2015,0.78732912723449,0.7411377967802035,0.6616478460895023,0.785501489572989,0.5715317919075145,magic,5,LR,False,20
2016,0.7292323869610936,0.6691512727147471,0.5478489903424056,0.6702470461868958,0.46325167037861914,magic,0,NB,True,1
2017,0.7292323869610936,0.6691512727147471,0.5478489903424056,0.6702470461868958,0.46325167037861914,magic,0,NB,False,1
2018,0.7208201892744479,0.6553444366252248,0.5233393177737882,0.6316359696641387,0.4467432950191571,magic,1,NB,True,1
2019,0.7208201892744479,0.6553444366252248,0.5233393177737882,0.6316359696641387,0.4467432950191571,magic,1,NB,False,1
2020,0.7250262881177708,0.6743245345949227,0.5634390651085142,0.6790744466800804,0.4814550641940086,magic,2,NB,True,1
2021,0.7250262881177708,0.6743245345949227,0.5634390651085142,0.6790744466800804,0.4814550641940086,magic,2,NB,False,1
2022,0.7350157728706624,0.6735949555718393,0.5527950310559007,0.6489583333333333,0.4814528593508501,magic,3,NB,True,1
2023,0.7350157728706624,0.6735949555718393,0.5527950310559007,0.6489583333333333,0.4814528593508501,magic,3,NB,False,1
2024,0.7266035751840169,0.6703207863761056,0.5528804815133276,0.666321243523316,0.4724467303453343,magic,4,NB,True,1
2025,0.7266035751840169,0.6703207863761056,0.5528804815133276,0.666321243523316,0.4724467303453343,magic,4,NB,False,1
2026,0.7255520504731862,0.669539721970095,0.5515463917525774,0.6800847457627118,0.4638728323699422,magic,5,NB,True,1
2027,0.7255520504731862,0.669539721970095,0.5515463917525774,0.6800847457627118,0.4638728323699422,magic,5,NB,False,1
2028,0.7292323869610936,0.6691512727147471,0.5478489903424056,0.6702470461868958,0.46325167037861914,magic,0,NB,True,5
2029,0.7292323869610936,0.6691512727147471,0.5478489903424056,0.6702470461868958,0.46325167037861914,magic,0,NB,False,5
2030,0.7208201892744479,0.6553444366252248,0.5233393177737882,0.6316359696641387,0.4467432950191571,magic,1,NB,True,5
2031,0.7208201892744479,0.6553444366252248,0.5233393177737882,0.6316359696641387,0.4467432950191571,magic,1,NB,False,5
2032,0.7250262881177708,0.6743245345949227,0.5634390651085142,0.6790744466800804,0.4814550641940086,magic,2,NB,True,5
2033,0.7250262881177708,0.6743245345949227,0.5634390651085142,0.6790744466800804,0.4814550641940086,magic,2,NB,False,5
2034,0.7350157728706624,0.6735949555718393,0.5527950310559007,0.6489583333333333,0.4814528593508501,magic,3,NB,True,5
2035,0.7350157728706624,0.6735949555718393,0.5527950310559007,0.6489583333333333,0.4814528593508501,magic,3,NB,False,5
2036,0.7266035751840169,0.6703207863761056,0.5528804815133276,0.666321243523316,0.4724467303453343,magic,4,NB,True,5
2037,0.7266035751840169,0.6703207863761056,0.5528804815133276,0.666321243523316,0.4724467303453343,magic,4,NB,False,5
2038,0.7255520504731862,0.669539721970095,0.5515463917525774,0.6800847457627118,0.4638728323699422,magic,5,NB,True,5
2039,0.7255520504731862,0.669539721970095,0.5515463917525774,0.6800847457627118,0.4638728323699422,magic,5,NB,False,5
2040,0.7292323869610936,0.6691512727147471,0.5478489903424056,0.6702470461868958,0.46325167037861914,magic,0,NB,True,10
2041,0.7292323869610936,0.6691512727147471,0.5478489903424056,0.6702470461868958,0.46325167037861914,magic,0,NB,False,10
2042,0.7208201892744479,0.6553444366252248,0.5233393177737882,0.6316359696641387,0.4467432950191571,magic,1,NB,True,10
2043,0.7208201892744479,0.6553444366252248,0.5233393177737882,0.6316359696641387,0.4467432950191571,magic,1,NB,False,10
2044,0.7250262881177708,0.6743245345949227,0.5634390651085142,0.6790744466800804,0.4814550641940086,magic,2,NB,True,10
2045,0.7250262881177708,0.6743245345949227,0.5634390651085142,0.6790744466800804,0.4814550641940086,magic,2,NB,False,10
2046,0.7350157728706624,0.6735949555718393,0.5527950310559007,0.6489583333333333,0.4814528593508501,magic,3,NB,True,10
2047,0.7350157728706624,0.6735949555718393,0.5527950310559007,0.6489583333333333,0.4814528593508501,magic,3,NB,False,10
2048,0.7266035751840169,0.6703207863761056,0.5528804815133276,0.666321243523316,0.4724467303453343,magic,4,NB,True,10
2049,0.7266035751840169,0.6703207863761056,0.5528804815133276,0.666321243523316,0.4724467303453343,magic,4,NB,False,10
2050,0.7255520504731862,0.669539721970095,0.5515463917525774,0.6800847457627118,0.4638728323699422,magic,5,NB,True,10
2051,0.7255520504731862,0.669539721970095,0.5515463917525774,0.6800847457627118,0.4638728323699422,magic,5,NB,False,10
2052,0.7631440588853838,0.7076445372659181,0.6074074074074074,0.7352320675105485,0.5174461766889383,magic,0,NB,True,20
2053,0.7631440588853838,0.7076445372659181,0.6074074074074074,0.7352320675105485,0.5174461766889383,magic,0,NB,False,20
2054,0.7636698212407992,0.7046160993132885,0.599910992434357,0.7154989384288747,0.5164750957854406,magic,1,NB,True,20
2055,0.7636698212407992,0.7046160993132885,0.599910992434357,0.7154989384288747,0.5164750957854406,magic,1,NB,False,20
2056,0.7539432176656151,0.7049427426740199,0.6083682008368201,0.7358299595141701,0.5185449358059915,magic,2,NB,True,20
2057,0.7539432176656151,0.7049427426740199,0.6083682008368201,0.7358299595141701,0.5185449358059915,magic,2,NB,False,20
2058,0.7720820189274448,0.7140375130082453,0.6138084632516704,0.7245005257623555,0.5324574961360123,magic,3,NB,True,20
2059,0.7720820189274448,0.7140375130082453,0.6138084632516704,0.7245005257623555,0.5324574961360123,magic,3,NB,False,20
2060,0.7641955835962145,0.7126049234824385,0.617157490396927,0.7362525458248472,0.5312270389419544,magic,4,NB,True,20
2061,0.7641955835962145,0.7126049234824385,0.617157490396927,0.7362525458248472,0.5312270389419544,magic,4,NB,False,20
2062,0.7592008412197687,0.7057295896431471,0.6061908856405847,0.7484076433121019,0.509393063583815,magic,5,NB,True,20
2063,0.7592008412197687,0.7057295896431471,0.6061908856405847,0.7484076433121019,0.509393063583815,magic,5,NB,False,20
2064,0.6537854889589906,0.61929916161542,0.5061867266591676,0.5113636363636364,0.5011135857461024,magic,0,DT,True,1
2065,0.6537854889589906,0.61929916161542,0.5061867266591676,0.5113636363636364,0.5011135857461024,magic,0,DT,False,1
2066,0.655099894847529,0.618321811483214,0.49923664122137407,0.4973384030418251,0.5011494252873563,magic,1,DT,True,1
2067,0.655099894847529,0.618321811483214,0.49923664122137407,0.4973384030418251,0.5011494252873563,magic,1,DT,False,1
2068,0.6495793901156677,0.6202246463657841,0.5168539325842697,0.5254237288135594,0.5085592011412268,magic,2,DT,True,1
2069,0.6495793901156677,0.6202246463657841,0.5168539325842697,0.5254237288135594,0.5085592011412268,magic,2,DT,False,1
2070,0.6540483701366983,0.6184178279155403,0.4992389649923896,0.4917541229385307,0.5069551777434312,magic,3,DT,True,1
2071,0.6540483701366983,0.6184178279155403,0.4992389649923896,0.4917541229385307,0.5069551777434312,magic,3,DT,False,1
2072,0.6543112513144059,0.6208713705550475,0.5102420856610801,0.5173716012084593,0.5033063923585599,magic,4,DT,True,1
2073,0.6543112513144059,0.6208713705550475,0.5102420856610801,0.5173716012084593,0.5033063923585599,magic,4,DT,False,1
2074,0.6608832807570978,0.6301581235369991,0.5260837619397501,0.5351270553064275,0.5173410404624278,magic,5,DT,True,1
2075,0.6608832807570978,0.6301581235369991,0.5260837619397501,0.5351270553064275,0.5173410404624278,magic,5,DT,False,1
2076,0.6537854889589906,0.61929916161542,0.5061867266591676,0.5113636363636364,0.5011135857461024,magic,0,DT,True,5
2077,0.6537854889589906,0.61929916161542,0.5061867266591676,0.5113636363636364,0.5011135857461024,magic,0,DT,False,5
2078,0.655099894847529,0.618321811483214,0.49923664122137407,0.4973384030418251,0.5011494252873563,magic,1,DT,True,5
2079,0.655099894847529,0.618321811483214,0.49923664122137407,0.4973384030418251,0.5011494252873563,magic,1,DT,False,5
2080,0.6495793901156677,0.6202246463657841,0.5168539325842697,0.5254237288135594,0.5085592011412268,magic,2,DT,True,5
2081,0.6495793901156677,0.6202246463657841,0.5168539325842697,0.5254237288135594,0.5085592011412268,magic,2,DT,False,5
2082,0.6540483701366983,0.6184178279155403,0.4992389649923896,0.4917541229385307,0.5069551777434312,magic,3,DT,True,5
2083,0.6540483701366983,0.6184178279155403,0.4992389649923896,0.4917541229385307,0.5069551777434312,magic,3,DT,False,5
2084,0.6543112513144059,0.6208713705550475,0.5102420856610801,0.5173716012084593,0.5033063923585599,magic,4,DT,True,5
2085,0.6543112513144059,0.6208713705550475,0.5102420856610801,0.5173716012084593,0.5033063923585599,magic,4,DT,False,5
2086,0.6608832807570978,0.6301581235369991,0.5260837619397501,0.5351270553064275,0.5173410404624278,magic,5,DT,True,5
2087,0.6608832807570978,0.6301581235369991,0.5260837619397501,0.5351270553064275,0.5173410404624278,magic,5,DT,False,5
2088,0.6537854889589906,0.61929916161542,0.5061867266591676,0.5113636363636364,0.5011135857461024,magic,0,DT,True,10
2089,0.6537854889589906,0.61929916161542,0.5061867266591676,0.5113636363636364,0.5011135857461024,magic,0,DT,False,10
2090,0.655099894847529,0.618321811483214,0.49923664122137407,0.4973384030418251,0.5011494252873563,magic,1,DT,True,10
2091,0.655099894847529,0.618321811483214,0.49923664122137407,0.4973384030418251,0.5011494252873563,magic,1,DT,False,10
2092,0.6495793901156677,0.6202246463657841,0.5168539325842697,0.5254237288135594,0.5085592011412268,magic,2,DT,True,10
2093,0.6495793901156677,0.6202246463657841,0.5168539325842697,0.5254237288135594,0.5085592011412268,magic,2,DT,False,10
2094,0.6540483701366983,0.6184178279155403,0.4992389649923896,0.4917541229385307,0.5069551777434312,magic,3,DT,True,10
2095,0.6540483701366983,0.6184178279155403,0.4992389649923896,0.4917541229385307,0.5069551777434312,magic,3,DT,False,10
2096,0.6543112513144059,0.6208713705550475,0.5102420856610801,0.5173716012084593,0.5033063923585599,magic,4,DT,True,10
2097,0.6543112513144059,0.6208713705550475,0.5102420856610801,0.5173716012084593,0.5033063923585599,magic,4,DT,False,10
2098,0.6608832807570978,0.6301581235369991,0.5260837619397501,0.5351270553064275,0.5173410404624278,magic,5,DT,True,10
2099,0.6608832807570978,0.6301581235369991,0.5260837619397501,0.5351270553064275,0.5173410404624278,magic,5,DT,False,10
2100,0.7570977917981072,0.7366707366707366,0.6602941176470588,0.6540422432629279,0.6666666666666666,magic,0,DT,True,20
2101,0.7570977917981072,0.7366707366707366,0.6602941176470588,0.6540422432629279,0.6666666666666666,magic,0,DT,False,20
2102,0.7497371188222923,0.7245831665999733,0.6385725132877752,0.6328066215199398,0.6444444444444445,magic,1,DT,True,20
2103,0.7497371188222923,0.7245831665999733,0.6385725132877752,0.6328066215199398,0.6444444444444445,magic,1,DT,False,20
2104,0.7463196635120926,0.7272645477318591,0.6554801856479828,0.6561829878484632,0.6547788873038516,magic,2,DT,True,20
2105,0.7463196635120926,0.7272645477318591,0.6554801856479828,0.6561829878484632,0.6547788873038516,magic,2,DT,False,20
2106,0.7494742376445847,0.7214286593964174,0.6324720401079831,0.6312548113933796,0.633693972179289,magic,3,DT,True,20
2107,0.7494742376445847,0.7214286593964174,0.6324720401079831,0.6312548113933796,0.633693972179289,magic,3,DT,False,20
2108,0.7405362776025236,0.7195677914947203,0.6404371584699453,0.6351156069364162,0.6458486407053637,magic,4,DT,True,20
2109,0.7405362776025236,0.7195677914947203,0.6404371584699453,0.6351156069364162,0.6458486407053637,magic,4,DT,False,20
2110,0.7486855941114616,0.7283971480437587,0.6543745480838756,0.6548480463096961,0.6539017341040463,magic,5,DT,True,20
2111,0.7486855941114616,0.7283971480437587,0.6543745480838756,0.6548480463096961,0.6539017341040463,magic,5,DT,False,20
2112,0.6529968454258676,0.6190240510953207,0.506357516828721,0.5101733232856066,0.5025983667409057,magic,0,RF,True,1
2113,0.6529968454258676,0.6190240510953207,0.506357516828721,0.5101733232856066,0.5025983667409057,magic,0,RF,False,1
2114,0.6561514195583596,0.6202205019939011,0.502283105022831,0.4988662131519274,0.5057471264367817,magic,1,RF,True,1
2115,0.6561514195583596,0.6202205019939011,0.502283105022831,0.4988662131519274,0.5057471264367817,magic,1,RF,False,1
2116,0.6490536277602523,0.6201052736604422,0.5171790235081374,0.524578136463683,0.5099857346647646,magic,2,RF,True,1
2117,0.6490536277602523,0.6201052736604422,0.5171790235081374,0.524578136463683,0.5099857346647646,magic,2,RF,False,1
2118,0.6537854889589906,0.619341798185927,0.5013252555850056,0.4914625092798812,0.5115919629057187,magic,3,RF,True,1
2119,0.6537854889589906,0.619341798185927,0.5013252555850056,0.4914625092798812,0.5115919629057187,magic,3,RF,False,1
2120,0.6532597266035752,0.6203781260498363,0.5102116598588934,0.5157657657657657,0.5047759000734754,magic,4,RF,True,1
2121,0.6532597266035752,0.6203781260498363,0.5102116598588934,0.5157657657657657,0.5047759000734754,magic,4,RF,False,1
2122,0.6619348054679285,0.6320671905603592,0.5292825768667643,0.5363501483679525,0.5223988439306358,magic,5,RF,True,1
2123,0.6619348054679285,0.6320671905603592,0.5292825768667643,0.5363501483679525,0.5223988439306358,magic,5,RF,False,1
2124,0.6529968454258676,0.6190240510953207,0.506357516828721,0.5101733232856066,0.5025983667409057,magic,0,RF,True,5
2125,0.6529968454258676,0.6190240510953207,0.506357516828721,0.5101733232856066,0.5025983667409057,magic,0,RF,False,5
2126,0.6561514195583596,0.6202205019939011,0.502283105022831,0.4988662131519274,0.5057471264367817,magic,1,RF,True,5
2127,0.6561514195583596,0.6202205019939011,0.502283105022831,0.4988662131519274,0.5057471264367817,magic,1,RF,False,5
2128,0.6490536277602523,0.6201052736604422,0.5171790235081374,0.524578136463683,0.5099857346647646,magic,2,RF,True,5
2129,0.6490536277602523,0.6201052736604422,0.5171790235081374,0.524578136463683,0.5099857346647646,magic,2,RF,False,5
2130,0.6537854889589906,0.619341798185927,0.5013252555850056,0.4914625092798812,0.5115919629057187,magic,3,RF,True,5
2131,0.6537854889589906,0.619341798185927,0.5013252555850056,0.4914625092798812,0.5115919629057187,magic,3,RF,False,5
2132,0.6532597266035752,0.6203781260498363,0.5102116598588934,0.5157657657657657,0.5047759000734754,magic,4,RF,True,5
2133,0.6532597266035752,0.6203781260498363,0.5102116598588934,0.5157657657657657,0.5047759000734754,magic,4,RF,False,5
2134,0.6619348054679285,0.6320671905603592,0.5292825768667643,0.5363501483679525,0.5223988439306358,magic,5,RF,True,5
2135,0.6619348054679285,0.6320671905603592,0.5292825768667643,0.5363501483679525,0.5223988439306358,magic,5,RF,False,5
2136,0.6529968454258676,0.6190240510953207,0.506357516828721,0.5101733232856066,0.5025983667409057,magic,0,RF,True,10
2137,0.6529968454258676,0.6190240510953207,0.506357516828721,0.5101733232856066,0.5025983667409057,magic,0,RF,False,10
2138,0.6561514195583596,0.6202205019939011,0.502283105022831,0.4988662131519274,0.5057471264367817,magic,1,RF,True,10
2139,0.6561514195583596,0.6202205019939011,0.502283105022831,0.4988662131519274,0.5057471264367817,magic,1,RF,False,10
2140,0.6490536277602523,0.6201052736604422,0.5171790235081374,0.524578136463683,0.5099857346647646,magic,2,RF,True,10
2141,0.6490536277602523,0.6201052736604422,0.5171790235081374,0.524578136463683,0.5099857346647646,magic,2,RF,False,10
2142,0.6537854889589906,0.619341798185927,0.5013252555850056,0.4914625092798812,0.5115919629057187,magic,3,RF,True,10
2143,0.6537854889589906,0.619341798185927,0.5013252555850056,0.4914625092798812,0.5115919629057187,magic,3,RF,False,10
2144,0.6532597266035752,0.6203781260498363,0.5102116598588934,0.5157657657657657,0.5047759000734754,magic,4,RF,True,10
2145,0.6532597266035752,0.6203781260498363,0.5102116598588934,0.5157657657657657,0.5047759000734754,magic,4,RF,False,10
2146,0.6619348054679285,0.6320671905603592,0.5292825768667643,0.5363501483679525,0.5223988439306358,magic,5,RF,True,10
2147,0.6619348054679285,0.6320671905603592,0.5292825768667643,0.5363501483679525,0.5223988439306358,magic,5,RF,False,10
2148,0.8086225026288117,0.7758859963759741,0.7106518282988871,0.7647562018819504,0.6636971046770601,magic,0,RF,True,20
2149,0.8086225026288117,0.7758859963759741,0.7106518282988871,0.7647562018819504,0.6636971046770601,magic,0,RF,False,20
2150,0.8033648790746583,0.7637519375566318,0.6898839137645107,0.7515808491418248,0.6375478927203065,magic,1,RF,True,20
2151,0.8033648790746583,0.7637519375566318,0.6898839137645107,0.7515808491418248,0.6375478927203065,magic,1,RF,False,20
2152,0.7957413249211357,0.7620928707769679,0.6958904109589041,0.7710320901994796,0.6340941512125535,magic,2,RF,True,20
2153,0.7957413249211357,0.7620928707769679,0.6958904109589041,0.7710320901994796,0.6340941512125535,magic,2,RF,False,20
2154,0.8038906414300736,0.765097261648922,0.6907131011608624,0.7450805008944544,0.6437403400309119,magic,3,RF,True,20
2155,0.8038906414300736,0.765097261648922,0.6907131011608624,0.7450805008944544,0.6437403400309119,magic,3,RF,False,20
2156,0.8049421661409043,0.7723144265295767,0.7069510268562401,0.7643040136635354,0.6576047024246877,magic,4,RF,True,20
2157,0.8049421661409043,0.7723144265295767,0.7069510268562401,0.7643040136635354,0.6576047024246877,magic,4,RF,False,20
2158,0.8007360672975815,0.7702341995891655,0.7062015503875969,0.7617056856187291,0.6582369942196532,magic,5,RF,True,20
2159,0.8007360672975815,0.7702341995891655,0.7062015503875969,0.7617056856187291,0.6582369942196532,magic,5,RF,False,20
2160,0.11425,0.11297950299806712,0.07532823498132202,0.11483982621076314,0.11297950299806712,letter,0,KNN,True,1
2161,0.11425,0.11297950299806712,0.07532823498132202,0.11483982621076314,0.11297950299806712,letter,0,KNN,False,1
2162,0.10175,0.09768432606110938,0.07151049624890367,0.07459080549541161,0.09768432606110938,letter,1,KNN,True,1
2163,0.10175,0.09768432606110938,0.07151049624890367,0.07459080549541161,0.09768432606110938,letter,1,KNN,False,1
2164,0.14875,0.14959668785011696,0.09699024112560174,0.12243013802616552,0.14959668785011696,letter,2,KNN,True,1
2165,0.14875,0.14959668785011696,0.09699024112560174,0.12243013802616552,0.14959668785011696,letter,2,KNN,False,1
2166,0.11275,0.11637925007050293,0.07610534389177681,0.05988644748239021,0.11637925007050293,letter,3,KNN,True,1
2167,0.11275,0.11637925007050293,0.07610534389177681,0.05988644748239021,0.11637925007050293,letter,3,KNN,False,1
2168,0.1235,0.12355952658302655,0.08482281009923974,0.101490922225659,0.12355952658302655,letter,4,KNN,True,1
2169,0.1235,0.12355952658302655,0.08482281009923974,0.101490922225659,0.12355952658302655,letter,4,KNN,False,1
2170,0.12,0.12415116223786136,0.08471918733843771,0.11929712513926069,0.12415116223786136,letter,5,KNN,True,1
2171,0.12,0.12415116223786136,0.08471918733843771,0.11929712513926069,0.12415116223786136,letter,5,KNN,False,1
2172,0.11425,0.11297950299806712,0.07532823498132202,0.11483982621076314,0.11297950299806712,letter,0,KNN,True,5
2173,0.11425,0.11297950299806712,0.07532823498132202,0.11483982621076314,0.11297950299806712,letter,0,KNN,False,5
2174,0.10175,0.09768432606110938,0.07151049624890367,0.07459080549541161,0.09768432606110938,letter,1,KNN,True,5
2175,0.10175,0.09768432606110938,0.07151049624890367,0.07459080549541161,0.09768432606110938,letter,1,KNN,False,5
2176,0.14875,0.14959668785011696,0.09699024112560174,0.12243013802616552,0.14959668785011696,letter,2,KNN,True,5
2177,0.14875,0.14959668785011696,0.09699024112560174,0.12243013802616552,0.14959668785011696,letter,2,KNN,False,5
2178,0.11275,0.11637925007050293,0.07610534389177681,0.05988644748239021,0.11637925007050293,letter,3,KNN,True,5
2179,0.11275,0.11637925007050293,0.07610534389177681,0.05988644748239021,0.11637925007050293,letter,3,KNN,False,5
2180,0.1235,0.12355952658302655,0.08482281009923974,0.101490922225659,0.12355952658302655,letter,4,KNN,True,5
2181,0.1235,0.12355952658302655,0.08482281009923974,0.101490922225659,0.12355952658302655,letter,4,KNN,False,5
2182,0.12,0.12415116223786136,0.08471918733843771,0.11929712513926069,0.12415116223786136,letter,5,KNN,True,5
2183,0.12,0.12415116223786136,0.08471918733843771,0.11929712513926069,0.12415116223786136,letter,5,KNN,False,5
2184,0.23675,0.2318495573300795,0.22060311904057256,0.26537151027060696,0.2318495573300795,letter,0,KNN,True,10
2185,0.23675,0.2318495573300795,0.22060311904057256,0.26537151027060696,0.2318495573300795,letter,0,KNN,False,10
2186,0.26,0.254234990697265,0.235051858611292,0.2663266460416647,0.254234990697265,letter,1,KNN,True,10
2187,0.26,0.254234990697265,0.235051858611292,0.2663266460416647,0.254234990697265,letter,1,KNN,False,10
2188,0.247,0.24853614493985868,0.2346574960064608,0.2768896618975288,0.24853614493985868,letter,2,KNN,True,10
2189,0.247,0.24853614493985868,0.2346574960064608,0.2768896618975288,0.24853614493985868,letter,2,KNN,False,10
2190,0.243,0.24474734063981243,0.23109848942152902,0.25746420696107647,0.24474734063981243,letter,3,KNN,True,10
2191,0.243,0.24474734063981243,0.23109848942152902,0.25746420696107647,0.24474734063981243,letter,3,KNN,False,10
2192,0.24675,0.2438655462762026,0.23277501396575032,0.2832178205385646,0.2438655462762026,letter,4,KNN,True,10
2193,0.24675,0.2438655462762026,0.23277501396575032,0.2832178205385646,0.2438655462762026,letter,4,KNN,False,10
2194,0.237,0.23778053590583617,0.22902761534045288,0.2639580865615009,0.23778053590583617,letter,5,KNN,True,10
2195,0.237,0.23778053590583617,0.22902761534045288,0.2639580865615009,0.23778053590583617,letter,5,KNN,False,10
2196,0.457,0.45022216682735217,0.4575081118124699,0.48028796108587446,0.45022216682735217,letter,0,KNN,True,20
2197,0.457,0.45022216682735217,0.4575081118124699,0.48028796108587446,0.45022216682735217,letter,0,KNN,False,20
2198,0.46625,0.4647959589755021,0.4522657471789673,0.4613985744407303,0.4647959589755021,letter,1,KNN,True,20
2199,0.46625,0.4647959589755021,0.4522657471789673,0.4613985744407303,0.4647959589755021,letter,1,KNN,False,20
2200,0.44625,0.4437416850028032,0.4310626752475646,0.45484600157251026,0.4437416850028032,letter,2,KNN,True,20
2201,0.44625,0.4437416850028032,0.4310626752475646,0.45484600157251026,0.4437416850028032,letter,2,KNN,False,20
2202,0.44325,0.44683033746054124,0.44495152435133706,0.4713385327494276,0.44683033746054124,letter,3,KNN,True,20
2203,0.44325,0.44683033746054124,0.44495152435133706,0.4713385327494276,0.44683033746054124,letter,3,KNN,False,20
2204,0.4495,0.4486402326512993,0.443717516877269,0.4628304965968274,0.4486402326512993,letter,4,KNN,True,20
2205,0.4495,0.4486402326512993,0.443717516877269,0.4628304965968274,0.4486402326512993,letter,4,KNN,False,20
2206,0.435,0.4338518961326127,0.4251157336132341,0.46574379384793885,0.4338518961326127,letter,5,KNN,True,20
2207,0.435,0.4338518961326127,0.4251157336132341,0.46574379384793885,0.4338518961326127,letter,5,KNN,False,20
2208,0.127,0.12742118153208967,0.0681117099105441,0.04881831321463197,0.12742118153208967,letter,0,LR,True,1
2209,0.127,0.12742118153208967,0.0681117099105441,0.04881831321463197,0.12742118153208967,letter,0,LR,False,1
2210,0.13425,0.13090598291934308,0.08515240559989751,0.06863436659419093,0.13090598291934308,letter,1,LR,True,1
2211,0.13425,0.13090598291934308,0.08515240559989751,0.06863436659419093,0.13090598291934308,letter,1,LR,False,1
2212,0.1195,0.11721351419827968,0.08082073099101596,0.06650414242827275,0.11721351419827968,letter,2,LR,True,1
2213,0.1195,0.11721351419827968,0.08082073099101596,0.06650414242827275,0.11721351419827968,letter,2,LR,False,1
2214,0.11625,0.11642225823772266,0.07995629699622768,0.06600905524018959,0.11642225823772266,letter,3,LR,True,1
2215,0.11625,0.11642225823772266,0.07995629699622768,0.06600905524018959,0.11642225823772266,letter,3,LR,False,1
2216,0.12225,0.12429932811796054,0.07750840862936861,0.0610865838772717,0.12429932811796054,letter,4,LR,True,1
2217,0.12225,0.12429932811796054,0.07750840862936861,0.0610865838772717,0.12429932811796054,letter,4,LR,False,1
2218,0.1155,0.11356729017246951,0.07626888995648586,0.06235458224927234,0.11356729017246951,letter,5,LR,True,1
2219,0.1155,0.11356729017246951,0.07626888995648586,0.06235458224927234,0.11356729017246951,letter,5,LR,False,1
2220,0.127,0.12742118153208967,0.0681117099105441,0.04881831321463197,0.12742118153208967,letter,0,LR,True,5
2221,0.127,0.12742118153208967,0.0681117099105441,0.04881831321463197,0.12742118153208967,letter,0,LR,False,5
2222,0.13425,0.13090598291934308,0.08515240559989751,0.06863436659419093,0.13090598291934308,letter,1,LR,True,5
2223,0.13425,0.13090598291934308,0.08515240559989751,0.06863436659419093,0.13090598291934308,letter,1,LR,False,5
2224,0.1195,0.11721351419827968,0.08082073099101596,0.06650414242827275,0.11721351419827968,letter,2,LR,True,5
2225,0.1195,0.11721351419827968,0.08082073099101596,0.06650414242827275,0.11721351419827968,letter,2,LR,False,5
2226,0.11625,0.11642225823772266,0.07995629699622768,0.06600905524018959,0.11642225823772266,letter,3,LR,True,5
2227,0.11625,0.11642225823772266,0.07995629699622768,0.06600905524018959,0.11642225823772266,letter,3,LR,False,5
2228,0.12225,0.12429932811796054,0.07750840862936861,0.0610865838772717,0.12429932811796054,letter,4,LR,True,5
2229,0.12225,0.12429932811796054,0.07750840862936861,0.0610865838772717,0.12429932811796054,letter,4,LR,False,5
2230,0.1155,0.11356729017246951,0.07626888995648586,0.06235458224927234,0.11356729017246951,letter,5,LR,True,5
2231,0.1155,0.11356729017246951,0.07626888995648586,0.06235458224927234,0.11356729017246951,letter,5,LR,False,5
2232,0.2135,0.206609628291369,0.15848164359099864,0.14006433608372867,0.206609628291369,letter,0,LR,True,10
2233,0.2135,0.206609628291369,0.15848164359099864,0.14006433608372867,0.206609628291369,letter,0,LR,False,10
2234,0.20975,0.20495583770912043,0.1573456513051719,0.13859789021798247,0.20495583770912043,letter,1,LR,True,10
2235,0.20975,0.20495583770912043,0.1573456513051719,0.13859789021798247,0.20495583770912043,letter,1,LR,False,10
2236,0.20125,0.1995690698505369,0.159792790194889,0.14297412523156464,0.1995690698505369,letter,2,LR,True,10
2237,0.20125,0.1995690698505369,0.159792790194889,0.14297412523156464,0.1995690698505369,letter,2,LR,False,10
2238,0.19825,0.19601508483820773,0.15527832965458221,0.13869527861350758,0.19601508483820773,letter,3,LR,True,10
2239,0.19825,0.19601508483820773,0.15527832965458221,0.13869527861350758,0.19601508483820773,letter,3,LR,False,10
2240,0.21775,0.21785393705116288,0.17223102838554954,0.15914348152904761,0.21785393705116288,letter,4,LR,True,10
2241,0.21775,0.21785393705116288,0.17223102838554954,0.15914348152904761,0.21785393705116288,letter,4,LR,False,10
2242,0.2155,0.2155866802433159,0.1737852826480667,0.15782157152595716,0.2155866802433159,letter,5,LR,True,10
2243,0.2155,0.2155866802433159,0.1737852826480667,0.15782157152595716,0.2155866802433159,letter,5,LR,False,10
2244,0.396,0.38640457526429894,0.35996616869937115,0.3475198974300451,0.38640457526429894,letter,0,LR,True,20
2245,0.396,0.38640457526429894,0.35996616869937115,0.3475198974300451,0.38640457526429894,letter,0,LR,False,20
2246,0.3815,0.3763901997837531,0.3446380467489233,0.3303643381826979,0.3763901997837531,letter,1,LR,True,20
2247,0.3815,0.3763901997837531,0.3446380467489233,0.3303643381826979,0.3763901997837531,letter,1,LR,False,20
2248,0.39,0.38628824868540157,0.3561584280244254,0.3408317225686047,0.38628824868540157,letter,2,LR,True,20
2249,0.39,0.38628824868540157,0.3561584280244254,0.3408317225686047,0.38628824868540157,letter,2,LR,False,20
2250,0.365,0.37075185172134256,0.33951107486395504,0.32724880759562114,0.37075185172134256,letter,3,LR,True,20
2251,0.365,0.37075185172134256,0.33951107486395504,0.32724880759562114,0.37075185172134256,letter,3,LR,False,20
2252,0.378,0.3794830765719349,0.3461089886905253,0.33289662750197285,0.3794830765719349,letter,4,LR,True,20
2253,0.378,0.3794830765719349,0.3461089886905253,0.33289662750197285,0.3794830765719349,letter,4,LR,False,20
2254,0.3815,0.38336203161264465,0.34949458137834755,0.3332054624053881,0.38336203161264465,letter,5,LR,True,20
2255,0.3815,0.38336203161264465,0.34949458137834755,0.3332054624053881,0.38336203161264465,letter,5,LR,False,20
2256,0.15275,0.14581097921679267,0.07869184537251894,0.05961684862239211,0.14581097921679267,letter,0,NB,True,1
2257,0.15275,0.14581097921679267,0.07869184537251894,0.05961684862239211,0.14581097921679267,letter,0,NB,False,1
2258,0.1535,0.152224678056956,0.07544378557292913,0.05406266225009779,0.152224678056956,letter,1,NB,True,1
2259,0.1535,0.152224678056956,0.07544378557292913,0.05406266225009779,0.152224678056956,letter,1,NB,False,1
2260,0.1565,0.15195359690700608,0.08238086720583829,0.062830489786275,0.15195359690700608,letter,2,NB,True,1
2261,0.1565,0.15195359690700608,0.08238086720583829,0.062830489786275,0.15195359690700608,letter,2,NB,False,1
2262,0.14525,0.1485366913050971,0.07849323191106274,0.059695424345430625,0.1485366913050971,letter,3,NB,True,1
2263,0.14525,0.1485366913050971,0.07849323191106274,0.059695424345430625,0.1485366913050971,letter,3,NB,False,1
2264,0.13775,0.1476424701877728,0.07607706164893306,0.057761653301992934,0.1476424701877728,letter,4,NB,True,1
2265,0.13775,0.1476424701877728,0.07607706164893306,0.057761653301992934,0.1476424701877728,letter,4,NB,False,1
2266,0.14525,0.1461726667461189,0.07699080896342671,0.05814436709041547,0.1461726667461189,letter,5,NB,True,1
2267,0.14525,0.1461726667461189,0.07699080896342671,0.05814436709041547,0.1461726667461189,letter,5,NB,False,1
2268,0.15275,0.14581097921679267,0.07869184537251894,0.05961684862239211,0.14581097921679267,letter,0,NB,True,5
2269,0.15275,0.14581097921679267,0.07869184537251894,0.05961684862239211,0.14581097921679267,letter,0,NB,False,5
2270,0.1535,0.152224678056956,0.07544378557292913,0.05406266225009779,0.152224678056956,letter,1,NB,True,5
2271,0.1535,0.152224678056956,0.07544378557292913,0.05406266225009779,0.152224678056956,letter,1,NB,False,5
2272,0.1565,0.15195359690700608,0.08238086720583829,0.062830489786275,0.15195359690700608,letter,2,NB,True,5
2273,0.1565,0.15195359690700608,0.08238086720583829,0.062830489786275,0.15195359690700608,letter,2,NB,False,5
2274,0.14525,0.1485366913050971,0.07849323191106274,0.059695424345430625,0.1485366913050971,letter,3,NB,True,5
2275,0.14525,0.1485366913050971,0.07849323191106274,0.059695424345430625,0.1485366913050971,letter,3,NB,False,5
2276,0.13775,0.1476424701877728,0.07607706164893306,0.057761653301992934,0.1476424701877728,letter,4,NB,True,5
2277,0.13775,0.1476424701877728,0.07607706164893306,0.057761653301992934,0.1476424701877728,letter,4,NB,False,5
2278,0.14525,0.1461726667461189,0.07699080896342671,0.05814436709041547,0.1461726667461189,letter,5,NB,True,5
2279,0.14525,0.1461726667461189,0.07699080896342671,0.05814436709041547,0.1461726667461189,letter,5,NB,False,5
2280,0.234,0.2253692498631321,0.18232339561251262,0.19151735068326264,0.2253692498631321,letter,0,NB,True,10
2281,0.234,0.2253692498631321,0.18232339561251262,0.19151735068326264,0.2253692498631321,letter,0,NB,False,10
2282,0.24375,0.239600054847966,0.1968587041595215,0.21881336478927327,0.239600054847966,letter,1,NB,True,10
2283,0.24375,0.239600054847966,0.1968587041595215,0.21881336478927327,0.239600054847966,letter,1,NB,False,10
2284,0.21625,0.21549860306740437,0.1762271093014666,0.19893352645886647,0.21549860306740437,letter,2,NB,True,10
2285,0.21625,0.21549860306740437,0.1762271093014666,0.19893352645886647,0.21549860306740437,letter,2,NB,False,10
2286,0.21425,0.2140348168076098,0.1730869027821529,0.1881998466346932,0.2140348168076098,letter,3,NB,True,10
2287,0.21425,0.2140348168076098,0.1730869027821529,0.1881998466346932,0.2140348168076098,letter,3,NB,False,10
2288,0.2105,0.217432629165449,0.17098830171150176,0.18344132745168015,0.217432629165449,letter,4,NB,True,10
2289,0.2105,0.217432629165449,0.17098830171150176,0.18344132745168015,0.217432629165449,letter,4,NB,False,10
2290,0.2235,0.22618643425925905,0.17732216003042997,0.1911607978332988,0.22618643425925905,letter,5,NB,True,10
2291,0.2235,0.22618643425925905,0.17732216003042997,0.1911607978332988,0.22618643425925905,letter,5,NB,False,10
2292,0.3745,0.3623626817053719,0.3304107712001171,0.3412138000292178,0.3623626817053719,letter,0,NB,True,20
2293,0.3745,0.3623626817053719,0.3304107712001171,0.3412138000292178,0.3623626817053719,letter,0,NB,False,20
2294,0.36575,0.36185097471443,0.3248618300050495,0.32726994432063655,0.36185097471443,letter,1,NB,True,20
2295,0.36575,0.36185097471443,0.3248618300050495,0.32726994432063655,0.36185097471443,letter,1,NB,False,20
2296,0.3615,0.35720634989511346,0.3235544931503851,0.3278803848741037,0.35720634989511346,letter,2,NB,True,20
2297,0.3615,0.35720634989511346,0.3235544931503851,0.3278803848741037,0.35720634989511346,letter,2,NB,False,20
2298,0.3455,0.3489101253959385,0.3158116545747023,0.32839369657383727,0.3489101253959385,letter,3,NB,True,20
2299,0.3455,0.3489101253959385,0.3158116545747023,0.32839369657383727,0.3489101253959385,letter,3,NB,False,20
2300,0.35675,0.35852483643999616,0.31976650390519024,0.32494171369873054,0.35852483643999616,letter,4,NB,True,20
2301,0.35675,0.35852483643999616,0.31976650390519024,0.32494171369873054,0.35852483643999616,letter,4,NB,False,20
2302,0.35325,0.35256600993267945,0.3174523259558893,0.33166621744624475,0.35256600993267945,letter,5,NB,True,20
2303,0.35325,0.35256600993267945,0.3174523259558893,0.33166621744624475,0.35256600993267945,letter,5,NB,False,20
2304,0.179,0.17197073014751116,0.11347195811691264,0.12317176097588217,0.17197073014751116,letter,0,DT,True,1
2305,0.179,0.17197073014751116,0.11347195811691264,0.12317176097588217,0.17197073014751116,letter,0,DT,False,1
2306,0.16625,0.16674547240073873,0.10408667595491944,0.11051769908722513,0.16674547240073873,letter,1,DT,True,1
2307,0.16625,0.16674547240073873,0.10408667595491944,0.11051769908722513,0.16674547240073873,letter,1,DT,False,1
2308,0.1715,0.16739162018469297,0.10722695115734464,0.11136920640992971,0.16739162018469297,letter,2,DT,True,1
2309,0.1715,0.16739162018469297,0.10722695115734464,0.11136920640992971,0.16739162018469297,letter,2,DT,False,1
2310,0.1645,0.1680236965971738,0.11010341662831954,0.12318186197012837,0.1680236965971738,letter,3,DT,True,1
2311,0.1645,0.1680236965971738,0.11010341662831954,0.12318186197012837,0.1680236965971738,letter,3,DT,False,1
2312,0.15825,0.1673019990262965,0.09571774813067918,0.10736378092894149,0.1673019990262965,letter,4,DT,True,1
2313,0.15825,0.1673019990262965,0.09571774813067918,0.10736378092894149,0.1673019990262965,letter,4,DT,False,1
2314,0.1695,0.17231713651162195,0.10611989450629275,0.12040427331463675,0.17231713651162195,letter,5,DT,True,1
2315,0.1695,0.17231713651162195,0.10611989450629275,0.12040427331463675,0.17231713651162195,letter,5,DT,False,1
2316,0.179,0.17197073014751116,0.11347195811691264,0.12317176097588217,0.17197073014751116,letter,0,DT,True,5
2317,0.179,0.17197073014751116,0.11347195811691264,0.12317176097588217,0.17197073014751116,letter,0,DT,False,5
2318,0.16625,0.16674547240073873,0.10408667595491944,0.11051769908722513,0.16674547240073873,letter,1,DT,True,5
2319,0.16625,0.16674547240073873,0.10408667595491944,0.11051769908722513,0.16674547240073873,letter,1,DT,False,5
2320,0.1715,0.16739162018469297,0.10722695115734464,0.11136920640992971,0.16739162018469297,letter,2,DT,True,5
2321,0.1715,0.16739162018469297,0.10722695115734464,0.11136920640992971,0.16739162018469297,letter,2,DT,False,5
2322,0.1645,0.1680236965971738,0.11010341662831954,0.12318186197012837,0.1680236965971738,letter,3,DT,True,5
2323,0.1645,0.1680236965971738,0.11010341662831954,0.12318186197012837,0.1680236965971738,letter,3,DT,False,5
2324,0.15825,0.1673019990262965,0.09571774813067918,0.10736378092894149,0.1673019990262965,letter,4,DT,True,5
2325,0.15825,0.1673019990262965,0.09571774813067918,0.10736378092894149,0.1673019990262965,letter,4,DT,False,5
2326,0.1695,0.17231713651162195,0.10611989450629275,0.12040427331463675,0.17231713651162195,letter,5,DT,True,5
2327,0.1695,0.17231713651162195,0.10611989450629275,0.12040427331463675,0.17231713651162195,letter,5,DT,False,5
2328,0.31825,0.30917640579699346,0.266142620317307,0.2724197354892508,0.30917640579699346,letter,0,DT,True,10
2329,0.31825,0.30917640579699346,0.266142620317307,0.2724197354892508,0.30917640579699346,letter,0,DT,False,10
2330,0.313,0.3068596599657574,0.2690902408692451,0.28584898459485514,0.3068596599657574,letter,1,DT,True,10
2331,0.313,0.3068596599657574,0.2690902408692451,0.28584898459485514,0.3068596599657574,letter,1,DT,False,10
2332,0.31025,0.30575004926527327,0.26785736049332154,0.32574518496080496,0.30575004926527327,letter,2,DT,True,10
2333,0.31025,0.30575004926527327,0.26785736049332154,0.32574518496080496,0.30575004926527327,letter,2,DT,False,10
2334,0.30075,0.3047631351263464,0.26659237392472246,0.30373439584390804,0.3047631351263464,letter,3,DT,True,10
2335,0.30075,0.3047631351263464,0.26659237392472246,0.30373439584390804,0.3047631351263464,letter,3,DT,False,10
2336,0.29925,0.29901759452168863,0.26018575286519857,0.3157748363087398,0.29901759452168863,letter,4,DT,True,10
2337,0.29925,0.29901759452168863,0.26018575286519857,0.3157748363087398,0.29901759452168863,letter,4,DT,False,10
2338,0.30375,0.30197514115900054,0.26424669986397403,0.2971326335251445,0.30197514115900054,letter,5,DT,True,10
2339,0.30375,0.30197514115900054,0.26424669986397403,0.2971326335251445,0.30197514115900054,letter,5,DT,False,10
2340,0.5045,0.4966377972851196,0.4903615045522996,0.5045029626235564,0.4966377972851196,letter,0,DT,True,20
2341,0.5045,0.4966377972851196,0.4903615045522996,0.5045029626235564,0.4966377972851196,letter,0,DT,False,20
2342,0.50875,0.5053807538495977,0.4966017152545096,0.5100560800886206,0.5053807538495977,letter,1,DT,True,20
2343,0.50875,0.5053807538495977,0.4966017152545096,0.5100560800886206,0.5053807538495977,letter,1,DT,False,20
2344,0.50475,0.5013249183784887,0.4955056155669203,0.5120729483967978,0.5013249183784887,letter,2,DT,True,20
2345,0.50475,0.5013249183784887,0.4955056155669203,0.5120729483967978,0.5013249183784887,letter,2,DT,False,20
2346,0.48075,0.4844395813650762,0.4730024600645542,0.49825795317504995,0.4844395813650762,letter,3,DT,True,20
2347,0.48075,0.4844395813650762,0.4730024600645542,0.49825795317504995,0.4844395813650762,letter,3,DT,False,20
2348,0.491,0.4893913695657818,0.4826838311383094,0.4940051445981679,0.4893913695657818,letter,4,DT,True,20
2349,0.491,0.4893913695657818,0.4826838311383094,0.4940051445981679,0.4893913695657818,letter,4,DT,False,20
2350,0.493,0.4925185875726922,0.48496143450372825,0.5003681187736025,0.4925185875726922,letter,5,DT,True,20
2351,0.493,0.4925185875726922,0.48496143450372825,0.5003681187736025,0.4925185875726922,letter,5,DT,False,20
2352,0.179,0.17197073014751116,0.11347195811691264,0.12317176097588217,0.17197073014751116,letter,0,RF,True,1
2353,0.179,0.17197073014751116,0.11347195811691264,0.12317176097588217,0.17197073014751116,letter,0,RF,False,1
2354,0.16625,0.16674547240073873,0.10408667595491944,0.11051769908722513,0.16674547240073873,letter,1,RF,True,1
2355,0.16625,0.16674547240073873,0.10408667595491944,0.11051769908722513,0.16674547240073873,letter,1,RF,False,1
2356,0.1715,0.16739162018469297,0.10722695115734464,0.11136920640992971,0.16739162018469297,letter,2,RF,True,1
2357,0.1715,0.16739162018469297,0.10722695115734464,0.11136920640992971,0.16739162018469297,letter,2,RF,False,1
2358,0.1645,0.1680236965971738,0.11010341662831954,0.12318186197012837,0.1680236965971738,letter,3,RF,True,1
2359,0.1645,0.1680236965971738,0.11010341662831954,0.12318186197012837,0.1680236965971738,letter,3,RF,False,1
2360,0.15825,0.1673019990262965,0.09571774813067918,0.10736378092894149,0.1673019990262965,letter,4,RF,True,1
2361,0.15825,0.1673019990262965,0.09571774813067918,0.10736378092894149,0.1673019990262965,letter,4,RF,False,1
2362,0.1695,0.17231713651162195,0.10611989450629275,0.12040427331463675,0.17231713651162195,letter,5,RF,True,1
2363,0.1695,0.17231713651162195,0.10611989450629275,0.12040427331463675,0.17231713651162195,letter,5,RF,False,1
2364,0.179,0.17197073014751116,0.11347195811691264,0.12317176097588217,0.17197073014751116,letter,0,RF,True,5
2365,0.179,0.17197073014751116,0.11347195811691264,0.12317176097588217,0.17197073014751116,letter,0,RF,False,5
2366,0.16625,0.16674547240073873,0.10408667595491944,0.11051769908722513,0.16674547240073873,letter,1,RF,True,5
2367,0.16625,0.16674547240073873,0.10408667595491944,0.11051769908722513,0.16674547240073873,letter,1,RF,False,5
2368,0.1715,0.16739162018469297,0.10722695115734464,0.11136920640992971,0.16739162018469297,letter,2,RF,True,5
2369,0.1715,0.16739162018469297,0.10722695115734464,0.11136920640992971,0.16739162018469297,letter,2,RF,False,5
2370,0.1645,0.1680236965971738,0.11010341662831954,0.12318186197012837,0.1680236965971738,letter,3,RF,True,5
2371,0.1645,0.1680236965971738,0.11010341662831954,0.12318186197012837,0.1680236965971738,letter,3,RF,False,5
2372,0.15825,0.1673019990262965,0.09571774813067918,0.10736378092894149,0.1673019990262965,letter,4,RF,True,5
2373,0.15825,0.1673019990262965,0.09571774813067918,0.10736378092894149,0.1673019990262965,letter,4,RF,False,5
2374,0.1695,0.17231713651162195,0.10611989450629275,0.12040427331463675,0.17231713651162195,letter,5,RF,True,5
2375,0.1695,0.17231713651162195,0.10611989450629275,0.12040427331463675,0.17231713651162195,letter,5,RF,False,5
2376,0.32075,0.31071993630246386,0.27014075157933004,0.2894775913201787,0.31071993630246386,letter,0,RF,True,10
2377,0.32075,0.31071993630246386,0.27014075157933004,0.2894775913201787,0.31071993630246386,letter,0,RF,False,10
2378,0.313,0.3054689052505006,0.26712371579412647,0.27465826912813457,0.3054689052505006,letter,1,RF,True,10
2379,0.313,0.3054689052505006,0.26712371579412647,0.27465826912813457,0.3054689052505006,letter,1,RF,False,10
2380,0.31075,0.30653845047192047,0.26878137860198703,0.3610124271280094,0.30653845047192047,letter,2,RF,True,10
2381,0.31075,0.30653845047192047,0.26878137860198703,0.3610124271280094,0.30653845047192047,letter,2,RF,False,10
2382,0.30075,0.30477326657899134,0.26674719825430826,0.3042350961919043,0.30477326657899134,letter,3,RF,True,10
2383,0.30075,0.30477326657899134,0.26674719825430826,0.3042350961919043,0.30477326657899134,letter,3,RF,False,10
2384,0.303,0.3024255300841653,0.25847356794305754,0.3160251534739368,0.3024255300841653,letter,4,RF,True,10
2385,0.303,0.3024255300841653,0.25847356794305754,0.3160251534739368,0.3024255300841653,letter,4,RF,False,10
2386,0.307,0.305014257272186,0.2660233921901391,0.29293778570012774,0.305014257272186,letter,5,RF,True,10
2387,0.307,0.305014257272186,0.2660233921901391,0.29293778570012774,0.305014257272186,letter,5,RF,False,10
2388,0.50425,0.4961125282158764,0.490227616008661,0.5035443233168239,0.4961125282158764,letter,0,RF,True,20
2389,0.50425,0.4961125282158764,0.490227616008661,0.5035443233168239,0.4961125282158764,letter,0,RF,False,20
2390,0.50625,0.502755519896476,0.49497089563074065,0.5047853743771142,0.502755519896476,letter,1,RF,True,20
2391,0.50625,0.502755519896476,0.49497089563074065,0.5047853743771142,0.502755519896476,letter,1,RF,False,20
2392,0.505,0.5014821067425517,0.4934315678654662,0.5073009457013128,0.5014821067425517,letter,2,RF,True,20
2393,0.505,0.5014821067425517,0.4934315678654662,0.5073009457013128,0.5014821067425517,letter,2,RF,False,20
2394,0.48375,0.48748787070738264,0.4763300022891467,0.4991753102927697,0.48748787070738264,letter,3,RF,True,20
2395,0.48375,0.48748787070738264,0.4763300022891467,0.4991753102927697,0.48748787070738264,letter,3,RF,False,20
2396,0.49175,0.490449297843071,0.48165312563772505,0.4928386289654235,0.490449297843071,letter,4,RF,True,20
2397,0.49175,0.490449297843071,0.48165312563772505,0.4928386289654235,0.490449297843071,letter,4,RF,False,20
2398,0.49275,0.4922270100840568,0.48222805976913363,0.49502558518677414,0.4922270100840568,letter,5,RF,True,20
2399,0.49275,0.4922270100840568,0.48222805976913363,0.49502558518677414,0.4922270100840568,letter,5,RF,False,20
2400,0.1632216678545973,0.08256814797654484,0.05307197418739243,0.04331853179842831,0.08256814797654484,krkopt,0,KNN,True,1
2401,0.1632216678545973,0.08256814797654484,0.05307197418739243,0.04331853179842831,0.08256814797654484,krkopt,0,KNN,False,1
2402,0.16642908054169636,0.08204669858277007,0.03746610445589194,0.02807079382429012,0.08204669858277007,krkopt,1,KNN,True,1
2403,0.16642908054169636,0.08204669858277007,0.03746610445589194,0.02807079382429012,0.08204669858277007,krkopt,1,KNN,False,1
2404,0.12099073414112615,0.07003820107136535,0.040633862260586864,0.03079771015108432,0.07003820107136535,krkopt,2,KNN,True,1
2405,0.12099073414112615,0.07003820107136535,0.040633862260586864,0.03079771015108432,0.07003820107136535,krkopt,2,KNN,False,1
2406,0.12366357804704205,0.07052145406415752,0.034332543651586084,0.026377091932673964,0.07052145406415752,krkopt,3,KNN,True,1
2407,0.12366357804704205,0.07052145406415752,0.034332543651586084,0.026377091932673964,0.07052145406415752,krkopt,3,KNN,False,1
2408,0.10620099786172488,0.05873898626766197,0.019756469726737075,0.01206323871172739,0.05873898626766197,krkopt,4,KNN,True,1
2409,0.10620099786172488,0.05873898626766197,0.019756469726737075,0.01206323871172739,0.05873898626766197,krkopt,4,KNN,False,1
2410,0.13453314326443336,0.06556215707331854,0.03820075315066569,0.029296003726108615,0.06556215707331854,krkopt,5,KNN,True,1
2411,0.13453314326443336,0.06556215707331854,0.03820075315066569,0.029296003726108615,0.06556215707331854,krkopt,5,KNN,False,1
2412,0.1632216678545973,0.08256814797654484,0.05307197418739243,0.04331853179842831,0.08256814797654484,krkopt,0,KNN,True,5
2413,0.1632216678545973,0.08256814797654484,0.05307197418739243,0.04331853179842831,0.08256814797654484,krkopt,0,KNN,False,5
2414,0.16642908054169636,0.08204669858277007,0.03746610445589194,0.02807079382429012,0.08204669858277007,krkopt,1,KNN,True,5
2415,0.16642908054169636,0.08204669858277007,0.03746610445589194,0.02807079382429012,0.08204669858277007,krkopt,1,KNN,False,5
2416,0.12099073414112615,0.07003820107136535,0.040633862260586864,0.03079771015108432,0.07003820107136535,krkopt,2,KNN,True,5
2417,0.12099073414112615,0.07003820107136535,0.040633862260586864,0.03079771015108432,0.07003820107136535,krkopt,2,KNN,False,5
2418,0.12366357804704205,0.07052145406415752,0.034332543651586084,0.026377091932673964,0.07052145406415752,krkopt,3,KNN,True,5
2419,0.12366357804704205,0.07052145406415752,0.034332543651586084,0.026377091932673964,0.07052145406415752,krkopt,3,KNN,False,5
2420,0.10620099786172488,0.05873898626766197,0.019756469726737075,0.01206323871172739,0.05873898626766197,krkopt,4,KNN,True,5
2421,0.10620099786172488,0.05873898626766197,0.019756469726737075,0.01206323871172739,0.05873898626766197,krkopt,4,KNN,False,5
2422,0.13453314326443336,0.06556215707331854,0.03820075315066569,0.029296003726108615,0.06556215707331854,krkopt,5,KNN,True,5
2423,0.13453314326443336,0.06556215707331854,0.03820075315066569,0.029296003726108615,0.06556215707331854,krkopt,5,KNN,False,5
2424,0.1632216678545973,0.08256814797654484,0.05307197418739243,0.04331853179842831,0.08256814797654484,krkopt,0,KNN,True,10
2425,0.1632216678545973,0.08256814797654484,0.05307197418739243,0.04331853179842831,0.08256814797654484,krkopt,0,KNN,False,10
2426,0.16642908054169636,0.08204669858277007,0.03746610445589194,0.02807079382429012,0.08204669858277007,krkopt,1,KNN,True,10
2427,0.16642908054169636,0.08204669858277007,0.03746610445589194,0.02807079382429012,0.08204669858277007,krkopt,1,KNN,False,10
2428,0.12099073414112615,0.07003820107136535,0.040633862260586864,0.03079771015108432,0.07003820107136535,krkopt,2,KNN,True,10
2429,0.12099073414112615,0.07003820107136535,0.040633862260586864,0.03079771015108432,0.07003820107136535,krkopt,2,KNN,False,10
2430,0.12366357804704205,0.07052145406415752,0.034332543651586084,0.026377091932673964,0.07052145406415752,krkopt,3,KNN,True,10
2431,0.12366357804704205,0.07052145406415752,0.034332543651586084,0.026377091932673964,0.07052145406415752,krkopt,3,KNN,False,10
2432,0.10620099786172488,0.05873898626766197,0.019756469726737075,0.01206323871172739,0.05873898626766197,krkopt,4,KNN,True,10
2433,0.10620099786172488,0.05873898626766197,0.019756469726737075,0.01206323871172739,0.05873898626766197,krkopt,4,KNN,False,10
2434,0.13453314326443336,0.06556215707331854,0.03820075315066569,0.029296003726108615,0.06556215707331854,krkopt,5,KNN,True,10
2435,0.13453314326443336,0.06556215707331854,0.03820075315066569,0.029296003726108615,0.06556215707331854,krkopt,5,KNN,False,10
2436,0.1632216678545973,0.08256814797654484,0.05307197418739243,0.04331853179842831,0.08256814797654484,krkopt,0,KNN,True,20
2437,0.1632216678545973,0.08256814797654484,0.05307197418739243,0.04331853179842831,0.08256814797654484,krkopt,0,KNN,False,20
2438,0.16642908054169636,0.08204669858277007,0.03746610445589194,0.02807079382429012,0.08204669858277007,krkopt,1,KNN,True,20
2439,0.16642908054169636,0.08204669858277007,0.03746610445589194,0.02807079382429012,0.08204669858277007,krkopt,1,KNN,False,20
2440,0.12099073414112615,0.07003820107136535,0.040633862260586864,0.03079771015108432,0.07003820107136535,krkopt,2,KNN,True,20
2441,0.12099073414112615,0.07003820107136535,0.040633862260586864,0.03079771015108432,0.07003820107136535,krkopt,2,KNN,False,20
2442,0.12366357804704205,0.07052145406415752,0.034332543651586084,0.026377091932673964,0.07052145406415752,krkopt,3,KNN,True,20
2443,0.12366357804704205,0.07052145406415752,0.034332543651586084,0.026377091932673964,0.07052145406415752,krkopt,3,KNN,False,20
2444,0.10620099786172488,0.05873898626766197,0.019756469726737075,0.01206323871172739,0.05873898626766197,krkopt,4,KNN,True,20
2445,0.10620099786172488,0.05873898626766197,0.019756469726737075,0.01206323871172739,0.05873898626766197,krkopt,4,KNN,False,20
2446,0.13453314326443336,0.06556215707331854,0.03820075315066569,0.029296003726108615,0.06556215707331854,krkopt,5,KNN,True,20
2447,0.13453314326443336,0.06556215707331854,0.03820075315066569,0.029296003726108615,0.06556215707331854,krkopt,5,KNN,False,20
2448,0.24554526015680683,0.09855386454361821,0.0671164536024053,0.054533262070806,0.09855386454361821,krkopt,0,LR,True,1
2449,0.24554526015680683,0.09855386454361821,0.0671164536024053,0.054533262070806,0.09855386454361821,krkopt,0,LR,False,1
2450,0.24643620812544548,0.09828813443797554,0.06616670991785102,0.05254107123112142,0.09828813443797554,krkopt,1,LR,True,1
2451,0.24643620812544548,0.09828813443797554,0.06616670991785102,0.05254107123112142,0.09828813443797554,krkopt,1,LR,False,1
2452,0.24607982893799002,0.09816966003927058,0.06643827631774274,0.052685543202414045,0.09816966003927058,krkopt,2,LR,True,1
2453,0.24607982893799002,0.09816966003927058,0.06643827631774274,0.052685543202414045,0.09816966003927058,krkopt,2,LR,False,1
2454,0.24750534568781182,0.09730727867515901,0.06609738321590983,0.052953128926324165,0.09730727867515901,krkopt,3,LR,True,1
2455,0.24750534568781182,0.09730727867515901,0.06609738321590983,0.052953128926324165,0.09730727867515901,krkopt,3,LR,False,1
2456,0.24269422665716323,0.09784793068340773,0.06507770184246525,0.05111950257434332,0.09784793068340773,krkopt,4,LR,True,1
2457,0.24269422665716323,0.09784793068340773,0.06507770184246525,0.05111950257434332,0.09784793068340773,krkopt,4,LR,False,1
2458,0.24411974340698503,0.0970399313164325,0.06538046046359507,0.0522956307148524,0.0970399313164325,krkopt,5,LR,True,1
2459,0.24411974340698503,0.0970399313164325,0.06538046046359507,0.0522956307148524,0.0970399313164325,krkopt,5,LR,False,1
2460,0.24554526015680683,0.09855386454361821,0.0671164536024053,0.054533262070806,0.09855386454361821,krkopt,0,LR,True,5
2461,0.24554526015680683,0.09855386454361821,0.0671164536024053,0.054533262070806,0.09855386454361821,krkopt,0,LR,False,5
2462,0.24643620812544548,0.09828813443797554,0.06616670991785102,0.05254107123112142,0.09828813443797554,krkopt,1,LR,True,5
2463,0.24643620812544548,0.09828813443797554,0.06616670991785102,0.05254107123112142,0.09828813443797554,krkopt,1,LR,False,5
2464,0.24607982893799002,0.09816966003927058,0.06643827631774274,0.052685543202414045,0.09816966003927058,krkopt,2,LR,True,5
2465,0.24607982893799002,0.09816966003927058,0.06643827631774274,0.052685543202414045,0.09816966003927058,krkopt,2,LR,False,5
2466,0.24750534568781182,0.09730727867515901,0.06609738321590983,0.052953128926324165,0.09730727867515901,krkopt,3,LR,True,5
2467,0.24750534568781182,0.09730727867515901,0.06609738321590983,0.052953128926324165,0.09730727867515901,krkopt,3,LR,False,5
2468,0.24269422665716323,0.09784793068340773,0.06507770184246525,0.05111950257434332,0.09784793068340773,krkopt,4,LR,True,5
2469,0.24269422665716323,0.09784793068340773,0.06507770184246525,0.05111950257434332,0.09784793068340773,krkopt,4,LR,False,5
2470,0.24411974340698503,0.0970399313164325,0.06538046046359507,0.0522956307148524,0.0970399313164325,krkopt,5,LR,True,5
2471,0.24411974340698503,0.0970399313164325,0.06538046046359507,0.0522956307148524,0.0970399313164325,krkopt,5,LR,False,5
2472,0.24554526015680683,0.09855386454361821,0.0671164536024053,0.054533262070806,0.09855386454361821,krkopt,0,LR,True,10
2473,0.24554526015680683,0.09855386454361821,0.0671164536024053,0.054533262070806,0.09855386454361821,krkopt,0,LR,False,10
2474,0.24643620812544548,0.09828813443797554,0.06616670991785102,0.05254107123112142,0.09828813443797554,krkopt,1,LR,True,10
2475,0.24643620812544548,0.09828813443797554,0.06616670991785102,0.05254107123112142,0.09828813443797554,krkopt,1,LR,False,10
2476,0.24607982893799002,0.09816966003927058,0.06643827631774274,0.052685543202414045,0.09816966003927058,krkopt,2,LR,True,10
2477,0.24607982893799002,0.09816966003927058,0.06643827631774274,0.052685543202414045,0.09816966003927058,krkopt,2,LR,False,10
2478,0.24750534568781182,0.09730727867515901,0.06609738321590983,0.052953128926324165,0.09730727867515901,krkopt,3,LR,True,10
2479,0.24750534568781182,0.09730727867515901,0.06609738321590983,0.052953128926324165,0.09730727867515901,krkopt,3,LR,False,10
2480,0.24269422665716323,0.09784793068340773,0.06507770184246525,0.05111950257434332,0.09784793068340773,krkopt,4,LR,True,10
2481,0.24269422665716323,0.09784793068340773,0.06507770184246525,0.05111950257434332,0.09784793068340773,krkopt,4,LR,False,10
2482,0.24411974340698503,0.0970399313164325,0.06538046046359507,0.0522956307148524,0.0970399313164325,krkopt,5,LR,True,10
2483,0.24411974340698503,0.0970399313164325,0.06538046046359507,0.0522956307148524,0.0970399313164325,krkopt,5,LR,False,10
2484,0.24554526015680683,0.09855386454361821,0.0671164536024053,0.054533262070806,0.09855386454361821,krkopt,0,LR,True,20
2485,0.24554526015680683,0.09855386454361821,0.0671164536024053,0.054533262070806,0.09855386454361821,krkopt,0,LR,False,20
2486,0.24643620812544548,0.09828813443797554,0.06616670991785102,0.05254107123112142,0.09828813443797554,krkopt,1,LR,True,20
2487,0.24643620812544548,0.09828813443797554,0.06616670991785102,0.05254107123112142,0.09828813443797554,krkopt,1,LR,False,20
2488,0.24607982893799002,0.09816966003927058,0.06643827631774274,0.052685543202414045,0.09816966003927058,krkopt,2,LR,True,20
2489,0.24607982893799002,0.09816966003927058,0.06643827631774274,0.052685543202414045,0.09816966003927058,krkopt,2,LR,False,20
2490,0.24750534568781182,0.09730727867515901,0.06609738321590983,0.052953128926324165,0.09730727867515901,krkopt,3,LR,True,20
2491,0.24750534568781182,0.09730727867515901,0.06609738321590983,0.052953128926324165,0.09730727867515901,krkopt,3,LR,False,20
2492,0.24269422665716323,0.09784793068340773,0.06507770184246525,0.05111950257434332,0.09784793068340773,krkopt,4,LR,True,20
2493,0.24269422665716323,0.09784793068340773,0.06507770184246525,0.05111950257434332,0.09784793068340773,krkopt,4,LR,False,20
2494,0.24411974340698503,0.0970399313164325,0.06538046046359507,0.0522956307148524,0.0970399313164325,krkopt,5,LR,True,20
2495,0.24411974340698503,0.0970399313164325,0.06538046046359507,0.0522956307148524,0.0970399313164325,krkopt,5,LR,False,20
2496,0.14041339985744833,0.11177247035481663,0.04916354868899425,0.041906999444543375,0.11177247035481663,krkopt,0,NB,True,1
2497,0.14041339985744833,0.11177247035481663,0.04916354868899425,0.041906999444543375,0.11177247035481663,krkopt,0,NB,False,1
2498,0.13720598717034926,0.1121617440211561,0.047065903307918704,0.03906439708962734,0.1121617440211561,krkopt,1,NB,True,1
2499,0.13720598717034926,0.1121617440211561,0.047065903307918704,0.03906439708962734,0.1121617440211561,krkopt,1,NB,False,1
2500,0.13774055595153242,0.11184297859063792,0.04755520483822857,0.03939243900021892,0.11184297859063792,krkopt,2,NB,True,1
2501,0.13774055595153242,0.11184297859063792,0.04755520483822857,0.03939243900021892,0.11184297859063792,krkopt,2,NB,False,1
2502,0.13203848895224518,0.11087317014802722,0.046201395663875676,0.03881885330794961,0.11087317014802722,krkopt,3,NB,True,1
2503,0.13203848895224518,0.11087317014802722,0.046201395663875676,0.03881885330794961,0.11087317014802722,krkopt,3,NB,False,1
2504,0.1341767640769779,0.11106081170602326,0.04616403029396233,0.03772016264034992,0.11106081170602326,krkopt,4,NB,True,1
2505,0.1341767640769779,0.11106081170602326,0.04616403029396233,0.03772016264034992,0.11106081170602326,krkopt,4,NB,False,1
2506,0.1407697790449038,0.11111735715856425,0.04751309271877634,0.039767550535139244,0.11111735715856425,krkopt,5,NB,True,1
2507,0.1407697790449038,0.11111735715856425,0.04751309271877634,0.039767550535139244,0.11111735715856425,krkopt,5,NB,False,1
2508,0.14041339985744833,0.11177247035481663,0.04916354868899425,0.041906999444543375,0.11177247035481663,krkopt,0,NB,True,5
2509,0.14041339985744833,0.11177247035481663,0.04916354868899425,0.041906999444543375,0.11177247035481663,krkopt,0,NB,False,5
2510,0.13720598717034926,0.1121617440211561,0.047065903307918704,0.03906439708962734,0.1121617440211561,krkopt,1,NB,True,5
2511,0.13720598717034926,0.1121617440211561,0.047065903307918704,0.03906439708962734,0.1121617440211561,krkopt,1,NB,False,5
2512,0.13774055595153242,0.11184297859063792,0.04755520483822857,0.03939243900021892,0.11184297859063792,krkopt,2,NB,True,5
2513,0.13774055595153242,0.11184297859063792,0.04755520483822857,0.03939243900021892,0.11184297859063792,krkopt,2,NB,False,5
2514,0.13203848895224518,0.11087317014802722,0.046201395663875676,0.03881885330794961,0.11087317014802722,krkopt,3,NB,True,5
2515,0.13203848895224518,0.11087317014802722,0.046201395663875676,0.03881885330794961,0.11087317014802722,krkopt,3,NB,False,5
2516,0.1341767640769779,0.11106081170602326,0.04616403029396233,0.03772016264034992,0.11106081170602326,krkopt,4,NB,True,5
2517,0.1341767640769779,0.11106081170602326,0.04616403029396233,0.03772016264034992,0.11106081170602326,krkopt,4,NB,False,5
2518,0.1407697790449038,0.11111735715856425,0.04751309271877634,0.039767550535139244,0.11111735715856425,krkopt,5,NB,True,5
2519,0.1407697790449038,0.11111735715856425,0.04751309271877634,0.039767550535139244,0.11111735715856425,krkopt,5,NB,False,5
2520,0.14041339985744833,0.11177247035481663,0.04916354868899425,0.041906999444543375,0.11177247035481663,krkopt,0,NB,True,10
2521,0.14041339985744833,0.11177247035481663,0.04916354868899425,0.041906999444543375,0.11177247035481663,krkopt,0,NB,False,10
2522,0.13720598717034926,0.1121617440211561,0.047065903307918704,0.03906439708962734,0.1121617440211561,krkopt,1,NB,True,10
2523,0.13720598717034926,0.1121617440211561,0.047065903307918704,0.03906439708962734,0.1121617440211561,krkopt,1,NB,False,10
2524,0.13774055595153242,0.11184297859063792,0.04755520483822857,0.03939243900021892,0.11184297859063792,krkopt,2,NB,True,10
2525,0.13774055595153242,0.11184297859063792,0.04755520483822857,0.03939243900021892,0.11184297859063792,krkopt,2,NB,False,10
2526,0.13203848895224518,0.11087317014802722,0.046201395663875676,0.03881885330794961,0.11087317014802722,krkopt,3,NB,True,10
2527,0.13203848895224518,0.11087317014802722,0.046201395663875676,0.03881885330794961,0.11087317014802722,krkopt,3,NB,False,10
2528,0.1341767640769779,0.11106081170602326,0.04616403029396233,0.03772016264034992,0.11106081170602326,krkopt,4,NB,True,10
2529,0.1341767640769779,0.11106081170602326,0.04616403029396233,0.03772016264034992,0.11106081170602326,krkopt,4,NB,False,10
2530,0.1407697790449038,0.11111735715856425,0.04751309271877634,0.039767550535139244,0.11111735715856425,krkopt,5,NB,True,10
2531,0.1407697790449038,0.11111735715856425,0.04751309271877634,0.039767550535139244,0.11111735715856425,krkopt,5,NB,False,10
2532,0.14041339985744833,0.11177247035481663,0.04916354868899425,0.041906999444543375,0.11177247035481663,krkopt,0,NB,True,20
2533,0.14041339985744833,0.11177247035481663,0.04916354868899425,0.041906999444543375,0.11177247035481663,krkopt,0,NB,False,20
2534,0.13720598717034926,0.1121617440211561,0.047065903307918704,0.03906439708962734,0.1121617440211561,krkopt,1,NB,True,20
2535,0.13720598717034926,0.1121617440211561,0.047065903307918704,0.03906439708962734,0.1121617440211561,krkopt,1,NB,False,20
2536,0.13774055595153242,0.11184297859063792,0.04755520483822857,0.03939243900021892,0.11184297859063792,krkopt,2,NB,True,20
2537,0.13774055595153242,0.11184297859063792,0.04755520483822857,0.03939243900021892,0.11184297859063792,krkopt,2,NB,False,20
2538,0.13203848895224518,0.11087317014802722,0.046201395663875676,0.03881885330794961,0.11087317014802722,krkopt,3,NB,True,20
2539,0.13203848895224518,0.11087317014802722,0.046201395663875676,0.03881885330794961,0.11087317014802722,krkopt,3,NB,False,20
2540,0.1341767640769779,0.11106081170602326,0.04616403029396233,0.03772016264034992,0.11106081170602326,krkopt,4,NB,True,20
2541,0.1341767640769779,0.11106081170602326,0.04616403029396233,0.03772016264034992,0.11106081170602326,krkopt,4,NB,False,20
2542,0.1407697790449038,0.11111735715856425,0.04751309271877634,0.039767550535139244,0.11111735715856425,krkopt,5,NB,True,20
2543,0.1407697790449038,0.11111735715856425,0.04751309271877634,0.039767550535139244,0.11111735715856425,krkopt,5,NB,False,20
2544,0.24554526015680683,0.09855386454361821,0.0671164536024053,0.054533262070806,0.09855386454361821,krkopt,0,DT,True,1
2545,0.24554526015680683,0.09855386454361821,0.0671164536024053,0.054533262070806,0.09855386454361821,krkopt,0,DT,False,1
2546,0.24643620812544548,0.09828813443797554,0.06616670991785102,0.05254107123112142,0.09828813443797554,krkopt,1,DT,True,1
2547,0.24643620812544548,0.09828813443797554,0.06616670991785102,0.05254107123112142,0.09828813443797554,krkopt,1,DT,False,1
2548,0.24607982893799002,0.09816966003927058,0.06643827631774274,0.052685543202414045,0.09816966003927058,krkopt,2,DT,True,1
2549,0.24607982893799002,0.09816966003927058,0.06643827631774274,0.052685543202414045,0.09816966003927058,krkopt,2,DT,False,1
2550,0.24750534568781182,0.09730727867515901,0.06609738321590983,0.052953128926324165,0.09730727867515901,krkopt,3,DT,True,1
2551,0.24750534568781182,0.09730727867515901,0.06609738321590983,0.052953128926324165,0.09730727867515901,krkopt,3,DT,False,1
2552,0.24269422665716323,0.09784793068340773,0.06507770184246525,0.05111950257434332,0.09784793068340773,krkopt,4,DT,True,1
2553,0.24269422665716323,0.09784793068340773,0.06507770184246525,0.05111950257434332,0.09784793068340773,krkopt,4,DT,False,1
2554,0.24411974340698503,0.0970399313164325,0.06538046046359507,0.0522956307148524,0.0970399313164325,krkopt,5,DT,True,1
2555,0.24411974340698503,0.0970399313164325,0.06538046046359507,0.0522956307148524,0.0970399313164325,krkopt,5,DT,False,1
2556,0.24554526015680683,0.09855386454361821,0.0671164536024053,0.054533262070806,0.09855386454361821,krkopt,0,DT,True,5
2557,0.24554526015680683,0.09855386454361821,0.0671164536024053,0.054533262070806,0.09855386454361821,krkopt,0,DT,False,5
2558,0.24643620812544548,0.09828813443797554,0.06616670991785102,0.05254107123112142,0.09828813443797554,krkopt,1,DT,True,5
2559,0.24643620812544548,0.09828813443797554,0.06616670991785102,0.05254107123112142,0.09828813443797554,krkopt,1,DT,False,5
2560,0.24607982893799002,0.09816966003927058,0.06643827631774274,0.052685543202414045,0.09816966003927058,krkopt,2,DT,True,5
2561,0.24607982893799002,0.09816966003927058,0.06643827631774274,0.052685543202414045,0.09816966003927058,krkopt,2,DT,False,5
2562,0.24750534568781182,0.09730727867515901,0.06609738321590983,0.052953128926324165,0.09730727867515901,krkopt,3,DT,True,5
2563,0.24750534568781182,0.09730727867515901,0.06609738321590983,0.052953128926324165,0.09730727867515901,krkopt,3,DT,False,5
2564,0.24269422665716323,0.09784793068340773,0.06507770184246525,0.05111950257434332,0.09784793068340773,krkopt,4,DT,True,5
2565,0.24269422665716323,0.09784793068340773,0.06507770184246525,0.05111950257434332,0.09784793068340773,krkopt,4,DT,False,5
2566,0.24411974340698503,0.0970399313164325,0.06538046046359507,0.0522956307148524,0.0970399313164325,krkopt,5,DT,True,5
2567,0.24411974340698503,0.0970399313164325,0.06538046046359507,0.0522956307148524,0.0970399313164325,krkopt,5,DT,False,5
2568,0.24554526015680683,0.09855386454361821,0.0671164536024053,0.054533262070806,0.09855386454361821,krkopt,0,DT,True,10
2569,0.24554526015680683,0.09855386454361821,0.0671164536024053,0.054533262070806,0.09855386454361821,krkopt,0,DT,False,10
2570,0.24643620812544548,0.09828813443797554,0.06616670991785102,0.05254107123112142,0.09828813443797554,krkopt,1,DT,True,10
2571,0.24643620812544548,0.09828813443797554,0.06616670991785102,0.05254107123112142,0.09828813443797554,krkopt,1,DT,False,10
2572,0.24607982893799002,0.09816966003927058,0.06643827631774274,0.052685543202414045,0.09816966003927058,krkopt,2,DT,True,10
2573,0.24607982893799002,0.09816966003927058,0.06643827631774274,0.052685543202414045,0.09816966003927058,krkopt,2,DT,False,10
2574,0.24750534568781182,0.09730727867515901,0.06609738321590983,0.052953128926324165,0.09730727867515901,krkopt,3,DT,True,10
2575,0.24750534568781182,0.09730727867515901,0.06609738321590983,0.052953128926324165,0.09730727867515901,krkopt,3,DT,False,10
2576,0.24269422665716323,0.09784793068340773,0.06507770184246525,0.05111950257434332,0.09784793068340773,krkopt,4,DT,True,10
2577,0.24269422665716323,0.09784793068340773,0.06507770184246525,0.05111950257434332,0.09784793068340773,krkopt,4,DT,False,10
2578,0.24411974340698503,0.0970399313164325,0.06538046046359507,0.0522956307148524,0.0970399313164325,krkopt,5,DT,True,10
2579,0.24411974340698503,0.0970399313164325,0.06538046046359507,0.0522956307148524,0.0970399313164325,krkopt,5,DT,False,10
2580,0.24554526015680683,0.09855386454361821,0.0671164536024053,0.054533262070806,0.09855386454361821,krkopt,0,DT,True,20
2581,0.24554526015680683,0.09855386454361821,0.0671164536024053,0.054533262070806,0.09855386454361821,krkopt,0,DT,False,20
2582,0.24643620812544548,0.09828813443797554,0.06616670991785102,0.05254107123112142,0.09828813443797554,krkopt,1,DT,True,20
2583,0.24643620812544548,0.09828813443797554,0.06616670991785102,0.05254107123112142,0.09828813443797554,krkopt,1,DT,False,20
2584,0.24607982893799002,0.09816966003927058,0.06643827631774274,0.052685543202414045,0.09816966003927058,krkopt,2,DT,True,20
2585,0.24607982893799002,0.09816966003927058,0.06643827631774274,0.052685543202414045,0.09816966003927058,krkopt,2,DT,False,20
2586,0.24750534568781182,0.09730727867515901,0.06609738321590983,0.052953128926324165,0.09730727867515901,krkopt,3,DT,True,20
2587,0.24750534568781182,0.09730727867515901,0.06609738321590983,0.052953128926324165,0.09730727867515901,krkopt,3,DT,False,20
2588,0.24269422665716323,0.09784793068340773,0.06507770184246525,0.05111950257434332,0.09784793068340773,krkopt,4,DT,True,20
2589,0.24269422665716323,0.09784793068340773,0.06507770184246525,0.05111950257434332,0.09784793068340773,krkopt,4,DT,False,20
2590,0.24411974340698503,0.0970399313164325,0.06538046046359507,0.0522956307148524,0.0970399313164325,krkopt,5,DT,True,20
2591,0.24411974340698503,0.0970399313164325,0.06538046046359507,0.0522956307148524,0.0970399313164325,krkopt,5,DT,False,20
2592,0.24554526015680683,0.09855386454361821,0.0671164536024053,0.054533262070806,0.09855386454361821,krkopt,0,RF,True,1
2593,0.24554526015680683,0.09855386454361821,0.0671164536024053,0.054533262070806,0.09855386454361821,krkopt,0,RF,False,1
2594,0.24643620812544548,0.09828813443797554,0.06616670991785102,0.05254107123112142,0.09828813443797554,krkopt,1,RF,True,1
2595,0.24643620812544548,0.09828813443797554,0.06616670991785102,0.05254107123112142,0.09828813443797554,krkopt,1,RF,False,1
2596,0.24607982893799002,0.09816966003927058,0.06643827631774274,0.052685543202414045,0.09816966003927058,krkopt,2,RF,True,1
2597,0.24607982893799002,0.09816966003927058,0.06643827631774274,0.052685543202414045,0.09816966003927058,krkopt,2,RF,False,1
2598,0.24750534568781182,0.09730727867515901,0.06609738321590983,0.052953128926324165,0.09730727867515901,krkopt,3,RF,True,1
2599,0.24750534568781182,0.09730727867515901,0.06609738321590983,0.052953128926324165,0.09730727867515901,krkopt,3,RF,False,1
2600,0.24269422665716323,0.09784793068340773,0.06507770184246525,0.05111950257434332,0.09784793068340773,krkopt,4,RF,True,1
2601,0.24269422665716323,0.09784793068340773,0.06507770184246525,0.05111950257434332,0.09784793068340773,krkopt,4,RF,False,1
2602,0.24411974340698503,0.0970399313164325,0.06538046046359507,0.0522956307148524,0.0970399313164325,krkopt,5,RF,True,1
2603,0.24411974340698503,0.0970399313164325,0.06538046046359507,0.0522956307148524,0.0970399313164325,krkopt,5,RF,False,1
2604,0.24554526015680683,0.09855386454361821,0.0671164536024053,0.054533262070806,0.09855386454361821,krkopt,0,RF,True,5
2605,0.24554526015680683,0.09855386454361821,0.0671164536024053,0.054533262070806,0.09855386454361821,krkopt,0,RF,False,5
2606,0.24643620812544548,0.09828813443797554,0.06616670991785102,0.05254107123112142,0.09828813443797554,krkopt,1,RF,True,5
2607,0.24643620812544548,0.09828813443797554,0.06616670991785102,0.05254107123112142,0.09828813443797554,krkopt,1,RF,False,5
2608,0.24607982893799002,0.09816966003927058,0.06643827631774274,0.052685543202414045,0.09816966003927058,krkopt,2,RF,True,5
2609,0.24607982893799002,0.09816966003927058,0.06643827631774274,0.052685543202414045,0.09816966003927058,krkopt,2,RF,False,5
2610,0.24750534568781182,0.09730727867515901,0.06609738321590983,0.052953128926324165,0.09730727867515901,krkopt,3,RF,True,5
2611,0.24750534568781182,0.09730727867515901,0.06609738321590983,0.052953128926324165,0.09730727867515901,krkopt,3,RF,False,5
2612,0.24269422665716323,0.09784793068340773,0.06507770184246525,0.05111950257434332,0.09784793068340773,krkopt,4,RF,True,5
2613,0.24269422665716323,0.09784793068340773,0.06507770184246525,0.05111950257434332,0.09784793068340773,krkopt,4,RF,False,5
2614,0.24411974340698503,0.0970399313164325,0.06538046046359507,0.0522956307148524,0.0970399313164325,krkopt,5,RF,True,5
2615,0.24411974340698503,0.0970399313164325,0.06538046046359507,0.0522956307148524,0.0970399313164325,krkopt,5,RF,False,5
2616,0.24554526015680683,0.09855386454361821,0.0671164536024053,0.054533262070806,0.09855386454361821,krkopt,0,RF,True,10
2617,0.24554526015680683,0.09855386454361821,0.0671164536024053,0.054533262070806,0.09855386454361821,krkopt,0,RF,False,10
2618,0.24643620812544548,0.09828813443797554,0.06616670991785102,0.05254107123112142,0.09828813443797554,krkopt,1,RF,True,10
2619,0.24643620812544548,0.09828813443797554,0.06616670991785102,0.05254107123112142,0.09828813443797554,krkopt,1,RF,False,10
2620,0.24607982893799002,0.09816966003927058,0.06643827631774274,0.052685543202414045,0.09816966003927058,krkopt,2,RF,True,10
2621,0.24607982893799002,0.09816966003927058,0.06643827631774274,0.052685543202414045,0.09816966003927058,krkopt,2,RF,False,10
2622,0.24750534568781182,0.09730727867515901,0.06609738321590983,0.052953128926324165,0.09730727867515901,krkopt,3,RF,True,10
2623,0.24750534568781182,0.09730727867515901,0.06609738321590983,0.052953128926324165,0.09730727867515901,krkopt,3,RF,False,10
2624,0.24269422665716323,0.09784793068340773,0.06507770184246525,0.05111950257434332,0.09784793068340773,krkopt,4,RF,True,10
2625,0.24269422665716323,0.09784793068340773,0.06507770184246525,0.05111950257434332,0.09784793068340773,krkopt,4,RF,False,10
2626,0.24411974340698503,0.0970399313164325,0.06538046046359507,0.0522956307148524,0.0970399313164325,krkopt,5,RF,True,10
2627,0.24411974340698503,0.0970399313164325,0.06538046046359507,0.0522956307148524,0.0970399313164325,krkopt,5,RF,False,10
2628,0.24554526015680683,0.09855386454361821,0.0671164536024053,0.054533262070806,0.09855386454361821,krkopt,0,RF,True,20
2629,0.24554526015680683,0.09855386454361821,0.0671164536024053,0.054533262070806,0.09855386454361821,krkopt,0,RF,False,20
2630,0.24643620812544548,0.09828813443797554,0.06616670991785102,0.05254107123112142,0.09828813443797554,krkopt,1,RF,True,20
2631,0.24643620812544548,0.09828813443797554,0.06616670991785102,0.05254107123112142,0.09828813443797554,krkopt,1,RF,False,20
2632,0.24607982893799002,0.09816966003927058,0.06643827631774274,0.052685543202414045,0.09816966003927058,krkopt,2,RF,True,20
2633,0.24607982893799002,0.09816966003927058,0.06643827631774274,0.052685543202414045,0.09816966003927058,krkopt,2,RF,False,20
2634,0.24750534568781182,0.09730727867515901,0.06609738321590983,0.052953128926324165,0.09730727867515901,krkopt,3,RF,True,20
2635,0.24750534568781182,0.09730727867515901,0.06609738321590983,0.052953128926324165,0.09730727867515901,krkopt,3,RF,False,20
2636,0.24269422665716323,0.09784793068340773,0.06507770184246525,0.05111950257434332,0.09784793068340773,krkopt,4,RF,True,20
2637,0.24269422665716323,0.09784793068340773,0.06507770184246525,0.05111950257434332,0.09784793068340773,krkopt,4,RF,False,20
2638,0.24411974340698503,0.0970399313164325,0.06538046046359507,0.0522956307148524,0.0970399313164325,krkopt,5,RF,True,20
2639,0.24411974340698503,0.0970399313164325,0.06538046046359507,0.0522956307148524,0.0970399313164325,krkopt,5,RF,False,20
2640,0.9801324503311258,0.5,0.9899665551839465,0.9801324503311258,1.0,dis,0,KNN,True,1
2641,0.9801324503311258,0.5,0.9899665551839465,0.9801324503311258,1.0,dis,0,KNN,False,1
2642,0.9880794701986755,0.5,0.9940039973351099,0.9880794701986755,1.0,dis,1,KNN,True,1
2643,0.9880794701986755,0.5,0.9940039973351099,0.9880794701986755,1.0,dis,1,KNN,False,1
2644,0.9933774834437086,0.5,0.9966777408637874,0.9933774834437086,1.0,dis,2,KNN,True,1
2645,0.9933774834437086,0.5,0.9966777408637874,0.9933774834437086,1.0,dis,2,KNN,False,1
2646,0.9841059602649007,0.5,0.9919893190921228,0.9841059602649007,1.0,dis,3,KNN,True,1
2647,0.9841059602649007,0.5,0.9919893190921228,0.9841059602649007,1.0,dis,3,KNN,False,1
2648,0.9894039735099338,0.5,0.9946737683089214,0.9894039735099338,1.0,dis,4,KNN,True,1
2649,0.9894039735099338,0.5,0.9946737683089214,0.9894039735099338,1.0,dis,4,KNN,False,1
2650,0.9841059602649007,0.5,0.9919893190921228,0.9841059602649007,1.0,dis,5,KNN,True,1
2651,0.9841059602649007,0.5,0.9919893190921228,0.9841059602649007,1.0,dis,5,KNN,False,1
2652,0.9801324503311258,0.5,0.9899665551839465,0.9801324503311258,1.0,dis,0,KNN,True,5
2653,0.9801324503311258,0.5,0.9899665551839465,0.9801324503311258,1.0,dis,0,KNN,False,5
2654,0.9867549668874173,0.49932975871313673,0.9933333333333333,0.9880636604774535,0.9986595174262735,dis,1,KNN,True,5
2655,0.9867549668874173,0.49932975871313673,0.9933333333333333,0.9880636604774535,0.9986595174262735,dis,1,KNN,False,5
2656,0.9920529801324504,0.49933333333333335,0.9960106382978723,0.993368700265252,0.9986666666666667,dis,2,KNN,True,5
2657,0.9920529801324504,0.49933333333333335,0.9960106382978723,0.993368700265252,0.9986666666666667,dis,2,KNN,False,5
2658,0.9841059602649007,0.5,0.9919893190921228,0.9841059602649007,1.0,dis,3,KNN,True,5
2659,0.9841059602649007,0.5,0.9919893190921228,0.9841059602649007,1.0,dis,3,KNN,False,5
2660,0.9894039735099338,0.5,0.9946737683089214,0.9894039735099338,1.0,dis,4,KNN,True,5
2661,0.9894039735099338,0.5,0.9946737683089214,0.9894039735099338,1.0,dis,4,KNN,False,5
2662,0.9827814569536424,0.4993270524899058,0.991315965263861,0.9840848806366048,0.9986541049798116,dis,5,KNN,True,5
2663,0.9827814569536424,0.4993270524899058,0.991315965263861,0.9840848806366048,0.9986541049798116,dis,5,KNN,False,5
2664,0.9801324503311258,0.5,0.9899665551839465,0.9801324503311258,1.0,dis,0,KNN,True,10
2665,0.9801324503311258,0.5,0.9899665551839465,0.9801324503311258,1.0,dis,0,KNN,False,10
2666,0.9867549668874173,0.49932975871313673,0.9933333333333333,0.9880636604774535,0.9986595174262735,dis,1,KNN,True,10
2667,0.9880794701986755,0.5,0.9940039973351099,0.9880794701986755,1.0,dis,1,KNN,False,10
2668,0.9920529801324504,0.49933333333333335,0.9960106382978723,0.993368700265252,0.9986666666666667,dis,2,KNN,True,10
2669,0.990728476821192,0.49866666666666665,0.9953426480372588,0.9933598937583001,0.9973333333333333,dis,2,KNN,False,10
2670,0.9841059602649007,0.5,0.9919893190921228,0.9841059602649007,1.0,dis,3,KNN,True,10
2671,0.9841059602649007,0.5,0.9919893190921228,0.9841059602649007,1.0,dis,3,KNN,False,10
2672,0.9894039735099338,0.5,0.9946737683089214,0.9894039735099338,1.0,dis,4,KNN,True,10
2673,0.9894039735099338,0.5,0.9946737683089214,0.9894039735099338,1.0,dis,4,KNN,False,10
2674,0.9827814569536424,0.4993270524899058,0.991315965263861,0.9840848806366048,0.9986541049798116,dis,5,KNN,True,10
2675,0.9801324503311258,0.4979811574697174,0.9899665551839465,0.9840425531914894,0.9959623149394348,dis,5,KNN,False,10
2676,0.9788079470198675,0.531981981981982,0.9892761394101877,0.9813829787234043,0.9972972972972973,dis,0,KNN,True,20
2677,0.9801324503311258,0.5,0.9899665551839465,0.9801324503311258,1.0,dis,0,KNN,False,20
2678,0.9880794701986755,0.5,0.9940039973351099,0.9880794701986755,1.0,dis,1,KNN,True,20
2679,0.9880794701986755,0.5,0.9940039973351099,0.9880794701986755,1.0,dis,1,KNN,False,20
2680,0.990728476821192,0.49866666666666665,0.9953426480372588,0.9933598937583001,0.9973333333333333,dis,2,KNN,True,20
2681,0.990728476821192,0.49866666666666665,0.9953426480372588,0.9933598937583001,0.9973333333333333,dis,2,KNN,False,20
2682,0.9854304635761589,0.5416666666666666,0.9926519706078825,0.9854111405835544,1.0,dis,3,KNN,True,20
2683,0.9854304635761589,0.5416666666666666,0.9926519706078825,0.9854111405835544,1.0,dis,3,KNN,False,20
2684,0.9867549668874173,0.49866131191432395,0.9933333333333333,0.9893758300132802,0.9973226238286479,dis,4,KNN,True,20
2685,0.9867549668874173,0.49866131191432395,0.9933333333333333,0.9893758300132802,0.9973226238286479,dis,4,KNN,False,20
2686,0.9801324503311258,0.4979811574697174,0.9899665551839465,0.9840425531914894,0.9959623149394348,dis,5,KNN,True,20
2687,0.9801324503311258,0.4979811574697174,0.9899665551839465,0.9840425531914894,0.9959623149394348,dis,5,KNN,False,20
2688,0.9801324503311258,0.5,0.9899665551839465,0.9801324503311258,1.0,dis,0,LR,True,1
2689,0.9801324503311258,0.5,0.9899665551839465,0.9801324503311258,1.0,dis,0,LR,False,1
2690,0.9880794701986755,0.5,0.9940039973351099,0.9880794701986755,1.0,dis,1,LR,True,1
2691,0.9880794701986755,0.5,0.9940039973351099,0.9880794701986755,1.0,dis,1,LR,False,1
2692,0.9933774834437086,0.5,0.9966777408637874,0.9933774834437086,1.0,dis,2,LR,True,1
2693,0.9933774834437086,0.5,0.9966777408637874,0.9933774834437086,1.0,dis,2,LR,False,1
2694,0.9841059602649007,0.5,0.9919893190921228,0.9841059602649007,1.0,dis,3,LR,True,1
2695,0.9841059602649007,0.5,0.9919893190921228,0.9841059602649007,1.0,dis,3,LR,False,1
2696,0.9894039735099338,0.5,0.9946737683089214,0.9894039735099338,1.0,dis,4,LR,True,1
2697,0.9894039735099338,0.5,0.9946737683089214,0.9894039735099338,1.0,dis,4,LR,False,1
2698,0.9841059602649007,0.5,0.9919893190921228,0.9841059602649007,1.0,dis,5,LR,True,1
2699,0.9841059602649007,0.5,0.9919893190921228,0.9841059602649007,1.0,dis,5,LR,False,1
2700,0.9801324503311258,0.5,0.9899665551839465,0.9801324503311258,1.0,dis,0,LR,True,5
2701,0.9801324503311258,0.5,0.9899665551839465,0.9801324503311258,1.0,dis,0,LR,False,5
2702,0.9880794701986755,0.5,0.9940039973351099,0.9880794701986755,1.0,dis,1,LR,True,5
2703,0.9880794701986755,0.5,0.9940039973351099,0.9880794701986755,1.0,dis,1,LR,False,5
2704,0.9933774834437086,0.5,0.9966777408637874,0.9933774834437086,1.0,dis,2,LR,True,5
2705,0.9933774834437086,0.5,0.9966777408637874,0.9933774834437086,1.0,dis,2,LR,False,5
2706,0.9841059602649007,0.5,0.9919893190921228,0.9841059602649007,1.0,dis,3,LR,True,5
2707,0.9841059602649007,0.5,0.9919893190921228,0.9841059602649007,1.0,dis,3,LR,False,5
2708,0.9894039735099338,0.5,0.9946737683089214,0.9894039735099338,1.0,dis,4,LR,True,5
2709,0.9894039735099338,0.5,0.9946737683089214,0.9894039735099338,1.0,dis,4,LR,False,5
2710,0.9841059602649007,0.5,0.9919893190921228,0.9841059602649007,1.0,dis,5,LR,True,5
2711,0.9841059602649007,0.5,0.9919893190921228,0.9841059602649007,1.0,dis,5,LR,False,5
2712,0.9801324503311258,0.5,0.9899665551839465,0.9801324503311258,1.0,dis,0,LR,True,10
2713,0.9801324503311258,0.5,0.9899665551839465,0.9801324503311258,1.0,dis,0,LR,False,10
2714,0.9880794701986755,0.5,0.9940039973351099,0.9880794701986755,1.0,dis,1,LR,True,10
2715,0.9880794701986755,0.5,0.9940039973351099,0.9880794701986755,1.0,dis,1,LR,False,10
2716,0.9933774834437086,0.5,0.9966777408637874,0.9933774834437086,1.0,dis,2,LR,True,10
2717,0.9933774834437086,0.5,0.9966777408637874,0.9933774834437086,1.0,dis,2,LR,False,10
2718,0.9841059602649007,0.5,0.9919893190921228,0.9841059602649007,1.0,dis,3,LR,True,10
2719,0.9841059602649007,0.5,0.9919893190921228,0.9841059602649007,1.0,dis,3,LR,False,10
2720,0.9894039735099338,0.5,0.9946737683089214,0.9894039735099338,1.0,dis,4,LR,True,10
2721,0.9894039735099338,0.5,0.9946737683089214,0.9894039735099338,1.0,dis,4,LR,False,10
2722,0.9841059602649007,0.5,0.9919893190921228,0.9841059602649007,1.0,dis,5,LR,True,10
2723,0.9841059602649007,0.5,0.9919893190921228,0.9841059602649007,1.0,dis,5,LR,False,10
2724,0.9801324503311258,0.5,0.9899665551839465,0.9801324503311258,1.0,dis,0,LR,True,20
2725,0.9801324503311258,0.5,0.9899665551839465,0.9801324503311258,1.0,dis,0,LR,False,20
2726,0.9880794701986755,0.5,0.9940039973351099,0.9880794701986755,1.0,dis,1,LR,True,20
2727,0.9880794701986755,0.5,0.9940039973351099,0.9880794701986755,1.0,dis,1,LR,False,20
2728,0.9933774834437086,0.5,0.9966777408637874,0.9933774834437086,1.0,dis,2,LR,True,20
2729,0.9933774834437086,0.5,0.9966777408637874,0.9933774834437086,1.0,dis,2,LR,False,20
2730,0.9841059602649007,0.5,0.9919893190921228,0.9841059602649007,1.0,dis,3,LR,True,20
2731,0.9841059602649007,0.5,0.9919893190921228,0.9841059602649007,1.0,dis,3,LR,False,20
2732,0.9894039735099338,0.5,0.9946737683089214,0.9894039735099338,1.0,dis,4,LR,True,20
2733,0.9894039735099338,0.5,0.9946737683089214,0.9894039735099338,1.0,dis,4,LR,False,20
2734,0.9841059602649007,0.5,0.9919893190921228,0.9841059602649007,1.0,dis,5,LR,True,20
2735,0.9841059602649007,0.5,0.9919893190921228,0.9841059602649007,1.0,dis,5,LR,False,20
2736,0.9801324503311258,0.5,0.9899665551839465,0.9801324503311258,1.0,dis,0,NB,True,1
2737,0.9801324503311258,0.5,0.9899665551839465,0.9801324503311258,1.0,dis,0,NB,False,1
2738,0.9880794701986755,0.5,0.9940039973351099,0.9880794701986755,1.0,dis,1,NB,True,1
2739,0.9880794701986755,0.5,0.9940039973351099,0.9880794701986755,1.0,dis,1,NB,False,1
2740,0.9933774834437086,0.5,0.9966777408637874,0.9933774834437086,1.0,dis,2,NB,True,1
2741,0.9933774834437086,0.5,0.9966777408637874,0.9933774834437086,1.0,dis,2,NB,False,1
2742,0.9841059602649007,0.5,0.9919893190921228,0.9841059602649007,1.0,dis,3,NB,True,1
2743,0.9841059602649007,0.5,0.9919893190921228,0.9841059602649007,1.0,dis,3,NB,False,1
2744,0.9894039735099338,0.5,0.9946737683089214,0.9894039735099338,1.0,dis,4,NB,True,1
2745,0.9894039735099338,0.5,0.9946737683089214,0.9894039735099338,1.0,dis,4,NB,False,1
2746,0.9841059602649007,0.5,0.9919893190921228,0.9841059602649007,1.0,dis,5,NB,True,1
2747,0.9841059602649007,0.5,0.9919893190921228,0.9841059602649007,1.0,dis,5,NB,False,1
2748,0.9801324503311258,0.5,0.9899665551839465,0.9801324503311258,1.0,dis,0,NB,True,5
2749,0.9801324503311258,0.5,0.9899665551839465,0.9801324503311258,1.0,dis,0,NB,False,5
2750,0.9880794701986755,0.5,0.9940039973351099,0.9880794701986755,1.0,dis,1,NB,True,5
2751,0.9880794701986755,0.5,0.9940039973351099,0.9880794701986755,1.0,dis,1,NB,False,5
2752,0.9933774834437086,0.5,0.9966777408637874,0.9933774834437086,1.0,dis,2,NB,True,5
2753,0.9933774834437086,0.5,0.9966777408637874,0.9933774834437086,1.0,dis,2,NB,False,5
2754,0.9841059602649007,0.5,0.9919893190921228,0.9841059602649007,1.0,dis,3,NB,True,5
2755,0.9841059602649007,0.5,0.9919893190921228,0.9841059602649007,1.0,dis,3,NB,False,5
2756,0.9894039735099338,0.5,0.9946737683089214,0.9894039735099338,1.0,dis,4,NB,True,5
2757,0.9894039735099338,0.5,0.9946737683089214,0.9894039735099338,1.0,dis,4,NB,False,5
2758,0.9841059602649007,0.5,0.9919893190921228,0.9841059602649007,1.0,dis,5,NB,True,5
2759,0.9841059602649007,0.5,0.9919893190921228,0.9841059602649007,1.0,dis,5,NB,False,5
2760,0.519205298013245,0.6567567567567567,0.6767586821015138,0.9921671018276762,0.5135135135135135,dis,0,NB,True,10
2761,0.9801324503311258,0.5,0.9899665551839465,0.9801324503311258,1.0,dis,0,NB,False,10
2762,0.5562913907284768,0.7754691689008043,0.7104580812445981,1.0,0.5509383378016086,dis,1,NB,True,10
2763,0.9880794701986755,0.5,0.9940039973351099,0.9880794701986755,1.0,dis,1,NB,False,10
2764,0.5350993377483444,0.6666666666666667,0.6950477845351868,0.9975062344139651,0.5333333333333333,dis,2,NB,True,10
2765,0.9933774834437086,0.5,0.9966777408637874,0.9933774834437086,1.0,dis,2,NB,False,10
2766,0.5483443708609271,0.6065500224315836,0.7042497831743278,0.9902439024390244,0.5464333781965006,dis,3,NB,True,10
2767,0.6264900662251656,0.6462539255271422,0.7673267326732673,0.9914712153518124,0.6258411843876177,dis,3,NB,False,10
2768,0.5390728476821192,0.6434069611780455,0.697391304347826,0.9950372208436724,0.536813922356091,dis,4,NB,True,10
2769,0.5390728476821192,0.6434069611780455,0.697391304347826,0.9950372208436724,0.536813922356091,dis,4,NB,False,10
2770,0.5470198675496689,0.6468707940780619,0.7026086956521739,0.9926289926289926,0.5437415881561238,dis,5,NB,True,10
2771,0.9841059602649007,0.5,0.9919893190921228,0.9841059602649007,1.0,dis,5,NB,False,10
2772,0.5456953642384106,0.6376126126126126,0.7004366812227074,0.9901234567901235,0.5418918918918919,dis,0,NB,True,20
2773,0.552317880794702,0.6736486486486486,0.705574912891986,0.9926470588235294,0.5472972972972973,dis,0,NB,False,20
2774,0.44370860927152317,0.6087280309800417,0.6096654275092936,0.9939393939393939,0.43967828418230565,dis,1,NB,True,20
2775,0.44370860927152317,0.6087280309800417,0.6096654275092936,0.9939393939393939,0.43967828418230565,dis,1,NB,False,20
2776,0.49933774834437084,0.5493333333333333,0.6642984014209592,0.9946808510638298,0.49866666666666665,dis,2,NB,True,20
2777,0.5205298013245033,0.56,0.6830122591943958,0.9948979591836735,0.52,dis,2,NB,False,20
2778,0.29668874172185433,0.6016711529834006,0.445141065830721,0.9953271028037384,0.28667563930013457,dis,3,NB,True,20
2779,0.29668874172185433,0.6016711529834006,0.445141065830721,0.9953271028037384,0.28667563930013457,dis,3,NB,False,20
2780,0.5788079470198676,0.6634872824631861,0.7305084745762712,0.9953810623556582,0.5769745649263721,dis,4,NB,True,20
2781,0.5801324503311258,0.6641566265060241,0.7315834038950042,0.9953917050691244,0.5783132530120482,dis,4,NB,False,20
2782,0.6211920529801325,0.602568416330193,0.7636363636363637,0.9892933618843683,0.6218034993270525,dis,5,NB,True,20
2783,0.6185430463576159,0.642216240466577,0.7611940298507462,0.9913606911447084,0.6177658142664872,dis,5,NB,False,20
2784,0.9774834437086093,0.49864864864864866,0.9886135298057602,0.9800796812749004,0.9972972972972973,dis,0,DT,True,1
2785,0.9774834437086093,0.49864864864864866,0.9886135298057602,0.9800796812749004,0.9972972972972973,dis,0,DT,False,1
2786,0.9867549668874173,0.49932975871313673,0.9933333333333333,0.9880636604774535,0.9986595174262735,dis,1,DT,True,1
2787,0.9867549668874173,0.49932975871313673,0.9933333333333333,0.9880636604774535,0.9986595174262735,dis,1,DT,False,1
2788,0.9920529801324504,0.49933333333333335,0.9960106382978723,0.993368700265252,0.9986666666666667,dis,2,DT,True,1
2789,0.9920529801324504,0.49933333333333335,0.9960106382978723,0.993368700265252,0.9986666666666667,dis,2,DT,False,1
2790,0.9841059602649007,0.5,0.9919893190921228,0.9841059602649007,1.0,dis,3,DT,True,1
2791,0.9841059602649007,0.5,0.9919893190921228,0.9841059602649007,1.0,dis,3,DT,False,1
2792,0.9867549668874173,0.49866131191432395,0.9933333333333333,0.9893758300132802,0.9973226238286479,dis,4,DT,True,1
2793,0.9867549668874173,0.49866131191432395,0.9933333333333333,0.9893758300132802,0.9973226238286479,dis,4,DT,False,1
2794,0.9841059602649007,0.5,0.9919893190921228,0.9841059602649007,1.0,dis,5,DT,True,1
2795,0.9841059602649007,0.5,0.9919893190921228,0.9841059602649007,1.0,dis,5,DT,False,1
2796,0.9735099337748344,0.5292792792792793,0.9865591397849462,0.9812834224598931,0.9918918918918919,dis,0,DT,True,5
2797,0.9735099337748344,0.5292792792792793,0.9865591397849462,0.9812834224598931,0.9918918918918919,dis,0,DT,False,5
2798,0.9721854304635762,0.6017277330950253,0.9858585858585859,0.9905277401894452,0.9812332439678284,dis,1,DT,True,5
2799,0.9721854304635762,0.6017277330950253,0.9858585858585859,0.9905277401894452,0.9812332439678284,dis,1,DT,False,5
2800,0.9801324503311258,0.5926666666666667,0.9899531145344943,0.9946164199192463,0.9853333333333333,dis,2,DT,True,5
2801,0.9801324503311258,0.5926666666666667,0.9899531145344943,0.9946164199192463,0.9853333333333333,dis,2,DT,False,5
2802,0.9788079470198675,0.49730820995962316,0.9892904953145917,0.9840213049267643,0.9946164199192463,dis,3,DT,True,5
2803,0.9788079470198675,0.49730820995962316,0.9892904953145917,0.9840213049267643,0.9946164199192463,dis,3,DT,False,5
2804,0.9827814569536424,0.5584839357429718,0.991304347826087,0.9906417112299465,0.9919678714859438,dis,4,DT,True,5
2805,0.9827814569536424,0.5584839357429718,0.991304347826087,0.9906417112299465,0.9919678714859438,dis,4,DT,False,5
2806,0.9774834437086093,0.6196164199192463,0.9885675857431069,0.9879032258064516,0.9892328398384926,dis,5,DT,True,5
2807,0.9774834437086093,0.6196164199192463,0.9885675857431069,0.9879032258064516,0.9892328398384926,dis,5,DT,False,5
2808,0.9748344370860927,0.5626126126126126,0.9872225958305313,0.9825970548862115,0.9918918918918919,dis,0,DT,True,10
2809,0.9642384105960264,0.5245495495495496,0.9817690749493585,0.9811066126855601,0.9824324324324324,dis,0,DT,False,10
2810,0.9721854304635762,0.6017277330950253,0.9858585858585859,0.9905277401894452,0.9812332439678284,dis,1,DT,True,10
2811,0.9748344370860927,0.5481829014000595,0.9872397582269979,0.9892328398384926,0.985254691689008,dis,1,DT,False,10
2812,0.9801324503311258,0.5926666666666667,0.9899531145344943,0.9946164199192463,0.9853333333333333,dis,2,DT,True,10
2813,0.9814569536423841,0.6926666666666667,0.9906166219839142,0.9959568733153639,0.9853333333333333,dis,2,DT,False,10
2814,0.9788079470198675,0.49730820995962316,0.9892904953145917,0.9840213049267643,0.9946164199192463,dis,3,DT,True,10
2815,0.9814569536423841,0.539647824136384,0.9906291834002677,0.9853528628495339,0.9959623149394348,dis,3,DT,False,10
2816,0.9801324503311258,0.5571452476572958,0.9899531145344943,0.9906166219839142,0.9892904953145917,dis,4,DT,True,10
2817,0.9801324503311258,0.5571452476572958,0.9899531145344943,0.9906166219839142,0.9892904953145917,dis,4,DT,False,10
2818,0.9774834437086093,0.6196164199192463,0.9885675857431069,0.9879032258064516,0.9892328398384926,dis,5,DT,True,10
2819,0.9774834437086093,0.5786227007626739,0.9885829415715245,0.9865951742627346,0.990578734858681,dis,5,DT,False,10
2820,0.9788079470198675,0.49932432432432433,0.9892904953145917,0.980106100795756,0.9986486486486487,dis,0,DT,True,20
2821,0.9642384105960264,0.5245495495495496,0.9817690749493585,0.9811066126855601,0.9824324324324324,dis,0,DT,False,20
2822,0.9814569536423841,0.6064194221030682,0.9906166219839142,0.9906166219839142,0.9906166219839142,dis,1,DT,True,20
2823,0.9814569536423841,0.6064194221030682,0.9906166219839142,0.9906166219839142,0.9906166219839142,dis,1,DT,False,20
2824,0.9814569536423841,0.6926666666666667,0.9906166219839142,0.9959568733153639,0.9853333333333333,dis,2,DT,True,20
2825,0.9801324503311258,0.5926666666666667,0.9899531145344943,0.9946164199192463,0.9853333333333333,dis,2,DT,False,20
2826,0.9708609271523179,0.5342642440556303,0.9851951547779273,0.9851951547779273,0.9851951547779273,dis,3,DT,True,20
2827,0.9708609271523179,0.5342642440556303,0.9851951547779273,0.9851951547779273,0.9851951547779273,dis,3,DT,False,20
2828,0.9814569536423841,0.5578145917001338,0.9906291834002677,0.9906291834002677,0.9906291834002677,dis,4,DT,True,20
2829,0.9814569536423841,0.5578145917001338,0.9906291834002677,0.9906291834002677,0.9906291834002677,dis,4,DT,False,20
2830,0.9841059602649007,0.6639748766262898,0.9919463087248322,0.9892904953145917,0.9946164199192463,dis,5,DT,True,20
2831,0.9708609271523179,0.6162516823687753,0.9851551956815114,0.9878213802435724,0.9825033647375505,dis,5,DT,False,20
2832,0.9801324503311258,0.5,0.9899665551839465,0.9801324503311258,1.0,dis,0,RF,True,1
2833,0.9801324503311258,0.5,0.9899665551839465,0.9801324503311258,1.0,dis,0,RF,False,1
2834,0.9880794701986755,0.5,0.9940039973351099,0.9880794701986755,1.0,dis,1,RF,True,1
2835,0.9880794701986755,0.5,0.9940039973351099,0.9880794701986755,1.0,dis,1,RF,False,1
2836,0.9933774834437086,0.5,0.9966777408637874,0.9933774834437086,1.0,dis,2,RF,True,1
2837,0.9933774834437086,0.5,0.9966777408637874,0.9933774834437086,1.0,dis,2,RF,False,1
2838,0.9841059602649007,0.5,0.9919893190921228,0.9841059602649007,1.0,dis,3,RF,True,1
2839,0.9841059602649007,0.5,0.9919893190921228,0.9841059602649007,1.0,dis,3,RF,False,1
2840,0.9894039735099338,0.5,0.9946737683089214,0.9894039735099338,1.0,dis,4,RF,True,1
2841,0.9894039735099338,0.5,0.9946737683089214,0.9894039735099338,1.0,dis,4,RF,False,1
2842,0.9841059602649007,0.5,0.9919893190921228,0.9841059602649007,1.0,dis,5,RF,True,1
2843,0.9841059602649007,0.5,0.9919893190921228,0.9841059602649007,1.0,dis,5,RF,False,1
2844,0.976158940397351,0.497972972972973,0.9879356568364611,0.9800531914893617,0.995945945945946,dis,0,RF,True,5
2845,0.976158940397351,0.497972972972973,0.9879356568364611,0.9800531914893617,0.995945945945946,dis,0,RF,False,5
2846,0.9894039735099338,0.5555555555555556,0.9946666666666667,0.9893899204244032,1.0,dis,1,RF,True,5
2847,0.9894039735099338,0.5555555555555556,0.9946666666666667,0.9893899204244032,1.0,dis,1,RF,False,5
2848,0.9894039735099338,0.498,0.9946737683089214,0.9933510638297872,0.996,dis,2,RF,True,5
2849,0.9894039735099338,0.498,0.9946737683089214,0.9933510638297872,0.996,dis,2,RF,False,5
2850,0.9827814569536424,0.4993270524899058,0.991315965263861,0.9840848806366048,0.9986541049798116,dis,3,RF,True,5
2851,0.9827814569536424,0.4993270524899058,0.991315965263861,0.9840848806366048,0.9986541049798116,dis,3,RF,False,5
2852,0.9880794701986755,0.499330655957162,0.9940039973351099,0.9893899204244032,0.998661311914324,dis,4,RF,True,5
2853,0.9880794701986755,0.499330655957162,0.9940039973351099,0.9893899204244032,0.998661311914324,dis,4,RF,False,5
2854,0.9814569536423841,0.49865410497981155,0.9906417112299465,0.9840637450199203,0.9973082099596231,dis,5,RF,True,5
2855,0.9814569536423841,0.49865410497981155,0.9906417112299465,0.9840637450199203,0.9973082099596231,dis,5,RF,False,5
2856,0.976158940397351,0.497972972972973,0.9879356568364611,0.9800531914893617,0.995945945945946,dis,0,RF,True,10
2857,0.9774834437086093,0.49864864864864866,0.9886135298057602,0.9800796812749004,0.9972972972972973,dis,0,RF,False,10
2858,0.9880794701986755,0.5548853142686923,0.9939959973315544,0.9893758300132802,0.9986595174262735,dis,1,RF,True,10
2859,0.9880794701986755,0.5,0.9940039973351099,0.9880794701986755,1.0,dis,1,RF,False,10
2860,0.9894039735099338,0.498,0.9946737683089214,0.9933510638297872,0.996,dis,2,RF,True,10
2861,0.9933774834437086,0.5993333333333334,0.9966733200266135,0.9946879150066401,0.9986666666666667,dis,2,RF,False,10
2862,0.9814569536423841,0.49865410497981155,0.9906417112299465,0.9840637450199203,0.9973082099596231,dis,3,RF,True,10
2863,0.9841059602649007,0.5,0.9919893190921228,0.9841059602649007,1.0,dis,3,RF,False,10
2864,0.9880794701986755,0.499330655957162,0.9940039973351099,0.9893899204244032,0.998661311914324,dis,4,RF,True,10
2865,0.9880794701986755,0.499330655957162,0.9940039973351099,0.9893899204244032,0.998661311914324,dis,4,RF,False,10
2866,0.9827814569536424,0.4993270524899058,0.991315965263861,0.9840848806366048,0.9986541049798116,dis,5,RF,True,10
2867,0.9867549668874173,0.5833333333333334,0.9933155080213903,0.9867197875166003,1.0,dis,5,RF,False,10
2868,0.9801324503311258,0.5,0.9899665551839465,0.9801324503311258,1.0,dis,0,RF,True,20
2869,0.9774834437086093,0.49864864864864866,0.9886135298057602,0.9800796812749004,0.9972972972972973,dis,0,RF,False,20
2870,0.9880794701986755,0.5,0.9940039973351099,0.9880794701986755,1.0,dis,1,RF,True,20
2871,0.9880794701986755,0.5,0.9940039973351099,0.9880794701986755,1.0,dis,1,RF,False,20
2872,0.9933774834437086,0.5993333333333334,0.9966733200266135,0.9946879150066401,0.9986666666666667,dis,2,RF,True,20
2873,0.990728476821192,0.49866666666666665,0.9953426480372588,0.9933598937583001,0.9973333333333333,dis,2,RF,False,20
2874,0.9841059602649007,0.5,0.9919893190921228,0.9841059602649007,1.0,dis,3,RF,True,20
2875,0.9841059602649007,0.5,0.9919893190921228,0.9841059602649007,1.0,dis,3,RF,False,20
2876,0.990728476821192,0.624330655957162,0.9953302201467645,0.9920212765957447,0.998661311914324,dis,4,RF,True,20
2877,0.9880794701986755,0.499330655957162,0.9940039973351099,0.9893899204244032,0.998661311914324,dis,4,RF,False,20
2878,0.9867549668874173,0.5833333333333334,0.9933155080213903,0.9867197875166003,1.0,dis,5,RF,True,20
2879,0.9854304635761589,0.5826603858232391,0.9926421404682274,0.9867021276595744,0.9986541049798116,dis,5,RF,False,20
