Unnamed: 0,test_accuracy,test_balanced_accuracy,test_f1,test_precision,test_recall,ds,iteration,alg,leak,perc
0,0.565625,0.5662342229690125,0.5559105431309904,0.58,0.5337423312883436,GAMETES_Epistasis_2_Way_1000atts_0.4H_EDM_1_EDM_1_1,0,LR,True,1
1,0.4625,0.46313156969247,0.4487179487179488,0.4697986577181208,0.4294478527607362,GAMETES_Epistasis_2_Way_1000atts_0.4H_EDM_1_EDM_1_1,0,LR,False,1
2,0.584375,0.5839584310048445,0.5667752442996743,0.5838926174496645,0.5506329113924051,GAMETES_Epistasis_2_Way_1000atts_0.4H_EDM_1_EDM_1_1,1,LR,True,1
3,0.484375,0.4841772151898734,0.4728434504792332,0.4774193548387097,0.4683544303797468,GAMETES_Epistasis_2_Way_1000atts_0.4H_EDM_1_EDM_1_1,1,LR,False,1
4,0.5625,0.5623827392120075,0.5541401273885351,0.5506329113924051,0.5576923076923077,GAMETES_Epistasis_2_Way_1000atts_0.4H_EDM_1_EDM_1_1,2,LR,True,1
5,0.475,0.475140712945591,0.4716981132075472,0.4629629629629629,0.4807692307692308,GAMETES_Epistasis_2_Way_1000atts_0.4H_EDM_1_EDM_1_1,2,LR,False,1
6,0.6125,0.6136077938403519,0.6,0.5740740740740741,0.6283783783783784,GAMETES_Epistasis_2_Way_1000atts_0.4H_EDM_1_EDM_1_1,3,LR,True,1
7,0.475,0.4748585795097423,0.4545454545454545,0.4375,0.4729729729729729,GAMETES_Epistasis_2_Way_1000atts_0.4H_EDM_1_EDM_1_1,3,LR,False,1
8,0.571875,0.5713587487781036,0.5861027190332325,0.5843373493975904,0.5878787878787879,GAMETES_Epistasis_2_Way_1000atts_0.4H_EDM_1_EDM_1_1,4,LR,True,1
9,0.50625,0.5063538611925709,0.5123456790123457,0.5220125786163522,0.503030303030303,GAMETES_Epistasis_2_Way_1000atts_0.4H_EDM_1_EDM_1_1,4,LR,False,1
10,0.571875,0.5723362658846529,0.5705329153605014,0.5548780487804879,0.5870967741935483,GAMETES_Epistasis_2_Way_1000atts_0.4H_EDM_1_EDM_1_1,5,LR,True,1
11,0.453125,0.45366568914956,0.454828660436137,0.4397590361445783,0.4709677419354838,GAMETES_Epistasis_2_Way_1000atts_0.4H_EDM_1_EDM_1_1,5,LR,False,1
12,0.596875,0.5972607557344378,0.5930599369085174,0.6103896103896104,0.5766871165644172,GAMETES_Epistasis_2_Way_1000atts_0.4H_EDM_1_EDM_1_1,0,LR,True,5
13,0.48125,0.4813020202414911,0.484472049689441,0.490566037735849,0.4785276073619632,GAMETES_Epistasis_2_Way_1000atts_0.4H_EDM_1_EDM_1_1,0,LR,False,5
14,0.628125,0.6280278168463822,0.6222222222222221,0.6242038216560509,0.620253164556962,GAMETES_Epistasis_2_Way_1000atts_0.4H_EDM_1_EDM_1_1,1,LR,True,5
15,0.49375,0.4942959837474605,0.5120481927710843,0.4885057471264368,0.5379746835443038,GAMETES_Epistasis_2_Way_1000atts_0.4H_EDM_1_EDM_1_1,1,LR,False,5
16,0.63125,0.631957473420888,0.6358024691358025,0.6130952380952381,0.6602564102564102,GAMETES_Epistasis_2_Way_1000atts_0.4H_EDM_1_EDM_1_1,2,LR,True,5
17,0.50625,0.5065666041275798,0.50625,0.4939024390243902,0.5192307692307693,GAMETES_Epistasis_2_Way_1000atts_0.4H_EDM_1_EDM_1_1,2,LR,False,5
18,0.625,0.6205216844751729,0.5804195804195804,0.6014492753623188,0.5608108108108109,GAMETES_Epistasis_2_Way_1000atts_0.4H_EDM_1_EDM_1_1,3,LR,True,5
19,0.459375,0.4574952859836581,0.4252491694352159,0.4183006535947712,0.4324324324324324,GAMETES_Epistasis_2_Way_1000atts_0.4H_EDM_1_EDM_1_1,3,LR,False,5
20,0.6375,0.6373411534701857,0.6463414634146343,0.6503067484662577,0.6424242424242425,GAMETES_Epistasis_2_Way_1000atts_0.4H_EDM_1_EDM_1_1,4,LR,True,5
21,0.490625,0.490811339198436,0.4953560371517028,0.5063291139240507,0.4848484848484848,GAMETES_Epistasis_2_Way_1000atts_0.4H_EDM_1_EDM_1_1,4,LR,False,5
22,0.584375,0.5852394916911046,0.588235294117647,0.5654761904761905,0.6129032258064516,GAMETES_Epistasis_2_Way_1000atts_0.4H_EDM_1_EDM_1_1,5,LR,True,5
23,0.478125,0.4781036168132942,0.4698412698412699,0.4625,0.4774193548387097,GAMETES_Epistasis_2_Way_1000atts_0.4H_EDM_1_EDM_1_1,5,LR,False,5
24,0.678125,0.6784221015200655,0.677115987460815,0.6923076923076923,0.6625766871165644,GAMETES_Epistasis_2_Way_1000atts_0.4H_EDM_1_EDM_1_1,0,LR,True,10
25,0.503125,0.503243327732406,0.5046728971962617,0.5126582278481012,0.4969325153374233,GAMETES_Epistasis_2_Way_1000atts_0.4H_EDM_1_EDM_1_1,0,LR,False,10
26,0.65625,0.655883731833099,0.6428571428571429,0.66,0.6265822784810127,GAMETES_Epistasis_2_Way_1000atts_0.4H_EDM_1_EDM_1_1,1,LR,True,10
27,0.48125,0.4812470698546648,0.4779874213836478,0.475,0.4810126582278481,GAMETES_Epistasis_2_Way_1000atts_0.4H_EDM_1_EDM_1_1,1,LR,False,10
28,0.675,0.6749530956848031,0.6687898089171974,0.6645569620253164,0.6730769230769231,GAMETES_Epistasis_2_Way_1000atts_0.4H_EDM_1_EDM_1_1,2,LR,True,10
29,0.525,0.5250156347717323,0.5189873417721518,0.5125,0.5256410256410257,GAMETES_Epistasis_2_Way_1000atts_0.4H_EDM_1_EDM_1_1,2,LR,False,10
30,0.64375,0.6426775612822124,0.62,0.6118421052631579,0.6283783783783784,GAMETES_Epistasis_2_Way_1000atts_0.4H_EDM_1_EDM_1_1,3,LR,True,10
31,0.465625,0.4623664362036455,0.4203389830508475,0.4217687074829932,0.4189189189189189,GAMETES_Epistasis_2_Way_1000atts_0.4H_EDM_1_EDM_1_1,3,LR,False,10
32,0.66875,0.6695992179863148,0.6666666666666667,0.6928104575163399,0.6424242424242425,GAMETES_Epistasis_2_Way_1000atts_0.4H_EDM_1_EDM_1_1,4,LR,True,10
33,0.534375,0.5346041055718476,0.5386996904024769,0.5506329113924051,0.5272727272727272,GAMETES_Epistasis_2_Way_1000atts_0.4H_EDM_1_EDM_1_1,4,LR,False,10
34,0.6375,0.6373411534701857,0.6282051282051282,0.6242038216560509,0.632258064516129,GAMETES_Epistasis_2_Way_1000atts_0.4H_EDM_1_EDM_1_1,5,LR,True,10
35,0.471875,0.4726295210166178,0.4767801857585139,0.4583333333333333,0.4967741935483871,GAMETES_Epistasis_2_Way_1000atts_0.4H_EDM_1_EDM_1_1,5,LR,False,10
36,0.7458563535911602,0.7387777744233788,0.6755485893416927,0.8760162601626016,0.5497448979591837,agaricus_lepiota,0,LR,True,1
37,0.7458563535911602,0.7387777744233788,0.6755485893416927,0.8760162601626016,0.5497448979591837,agaricus_lepiota,0,LR,False,1
38,0.7538367096378146,0.7537209267270617,0.6964420893262679,0.9072978303747534,0.5651105651105651,agaricus_lepiota,1,LR,True,1
39,0.7538367096378146,0.7537209267270617,0.6964420893262679,0.9072978303747534,0.5651105651105651,agaricus_lepiota,1,LR,False,1
40,0.761817065684469,0.7553596763968968,0.7001545595054095,0.8899803536345776,0.5770700636942675,agaricus_lepiota,2,LR,True,1
41,0.761817065684469,0.7553596763968968,0.7001545595054095,0.8899803536345776,0.5770700636942675,agaricus_lepiota,2,LR,False,1
42,0.7532228360957642,0.7417251762854462,0.6789137380191693,0.8709016393442623,0.556282722513089,agaricus_lepiota,3,LR,True,1
43,0.7532228360957642,0.7417251762854462,0.6789137380191693,0.8709016393442623,0.556282722513089,agaricus_lepiota,3,LR,False,1
44,0.7642725598526704,0.7606536832834668,0.710843373493976,0.8888888888888888,0.5922208281053952,agaricus_lepiota,4,LR,True,1
45,0.7642725598526704,0.7606536832834668,0.710843373493976,0.8888888888888888,0.5922208281053952,agaricus_lepiota,4,LR,False,1
46,0.7556783302639656,0.7506433385423894,0.6905132192846035,0.9006085192697769,0.5598991172761665,agaricus_lepiota,5,LR,True,1
47,0.7556783302639656,0.7506433385423894,0.6905132192846035,0.9006085192697769,0.5598991172761665,agaricus_lepiota,5,LR,False,1
48,0.7673419275629221,0.7639536287887936,0.7358885017421601,0.8110599078341014,0.673469387755102,agaricus_lepiota,0,LR,True,5
49,0.7673419275629221,0.7639536287887936,0.7358885017421601,0.8110599078341014,0.673469387755102,agaricus_lepiota,0,LR,False,5
50,0.7759361571516268,0.7758814307894062,0.7538772757923129,0.8355754857997011,0.6867321867321867,agaricus_lepiota,1,LR,True,5
51,0.7759361571516268,0.7758814307894062,0.7538772757923129,0.8355754857997011,0.6867321867321867,agaricus_lepiota,1,LR,False,5
52,0.7875997544505832,0.7844711262716213,0.7600554785020803,0.8340943683409436,0.6980891719745222,agaricus_lepiota,2,LR,True,5
53,0.7875997544505832,0.7844711262716213,0.7600554785020803,0.8340943683409436,0.6980891719745222,agaricus_lepiota,2,LR,False,5
54,0.7704112952731738,0.7651696274551343,0.7355021216407356,0.8,0.680628272251309,agaricus_lepiota,3,LR,True,5
55,0.7704112952731738,0.7651696274551343,0.7355021216407356,0.8,0.680628272251309,agaricus_lepiota,3,LR,False,5
56,0.7949662369551872,0.7934464277096805,0.775235531628533,0.8359941944847605,0.7227101631116688,agaricus_lepiota,4,LR,True,5
57,0.7949662369551872,0.7934464277096805,0.775235531628533,0.8359941944847605,0.7227101631116688,agaricus_lepiota,4,LR,False,5
58,0.7753222836095764,0.7731224771776972,0.7493150684931507,0.8200899550224887,0.6897856242118537,agaricus_lepiota,5,LR,True,5
59,0.7753222836095764,0.7731224771776972,0.7493150684931507,0.8200899550224887,0.6897856242118537,agaricus_lepiota,5,LR,False,5
60,0.8004910988336402,0.7985765608018356,0.7828991315965265,0.8218793828892006,0.7474489795918368,agaricus_lepiota,0,LR,True,10
61,0.8004910988336402,0.7985765608018356,0.7828991315965265,0.8218793828892006,0.7474489795918368,agaricus_lepiota,0,LR,False,10
62,0.809085328422345,0.8090698060023214,0.8040327662255828,0.8253557567917206,0.7837837837837838,agaricus_lepiota,1,LR,True,10
63,0.809085328422345,0.8090698060023214,0.8040327662255828,0.8253557567917206,0.7837837837837838,agaricus_lepiota,1,LR,False,10
64,0.7955801104972375,0.7941316750686751,0.7804878048780488,0.8087431693989071,0.7541401273885351,agaricus_lepiota,2,LR,True,10
65,0.7955801104972375,0.7941316750686751,0.7804878048780488,0.8087431693989071,0.7541401273885351,agaricus_lepiota,2,LR,False,10
66,0.7894413750767342,0.7885142087582846,0.7750819672131148,0.7766097240473062,0.7735602094240838,agaricus_lepiota,3,LR,True,10
67,0.7894413750767342,0.7885142087582846,0.7750819672131148,0.7766097240473062,0.7735602094240838,agaricus_lepiota,3,LR,False,10
68,0.809085328422345,0.8086144858121802,0.8012779552715654,0.81640625,0.7867001254705144,agaricus_lepiota,4,LR,True,10
69,0.809085328422345,0.8086144858121802,0.8012779552715654,0.81640625,0.7867001254705144,agaricus_lepiota,4,LR,False,10
70,0.7980356046654389,0.7972623795531475,0.7873303167420815,0.8076923076923077,0.7679697351828499,agaricus_lepiota,5,LR,True,10
71,0.7980356046654389,0.7972623795531475,0.7873303167420815,0.8076923076923077,0.7679697351828499,agaricus_lepiota,5,LR,False,10
72,0.7673846153846153,0.7551672689443714,0.6936790923824959,0.904862579281184,0.5624178712220762,mushroom,0,LR,True,1
73,0.7673846153846153,0.7551672689443714,0.6936790923824959,0.904862579281184,0.5624178712220762,mushroom,0,LR,False,1
74,0.7606153846153846,0.7513858640349678,0.6934594168636721,0.8835341365461847,0.5706874189364461,mushroom,1,LR,True,1
75,0.7606153846153846,0.7513858640349678,0.6934594168636721,0.8835341365461847,0.5706874189364461,mushroom,1,LR,False,1
76,0.7427692307692307,0.7385921042661211,0.6744548286604362,0.885480572597137,0.5446540880503145,mushroom,2,LR,True,1
77,0.7427692307692307,0.7385921042661211,0.6744548286604362,0.885480572597137,0.5446540880503145,mushroom,2,LR,False,1
78,0.7489230769230769,0.7430298398371986,0.6842105263157894,0.8735177865612648,0.5623409669211196,mushroom,3,LR,True,1
79,0.7489230769230769,0.7430298398371986,0.6842105263157894,0.8735177865612648,0.5623409669211196,mushroom,3,LR,False,1
80,0.7575384615384615,0.75540400505404,0.7001522070015221,0.9001956947162426,0.572851805728518,mushroom,4,LR,True,1
81,0.7575384615384615,0.75540400505404,0.7001522070015221,0.9001956947162426,0.572851805728518,mushroom,4,LR,False,1
82,0.7636923076923077,0.7541681482359448,0.7,0.8732943469785575,0.5840938722294654,mushroom,5,LR,True,1
83,0.7636923076923077,0.7541681482359448,0.7,0.8732943469785575,0.5840938722294654,mushroom,5,LR,False,1
84,0.691076923076923,0.6838779688032317,0.6335766423357665,0.7126436781609196,0.5703022339027596,mushroom,0,LR,True,5
85,0.691076923076923,0.6838779688032317,0.6335766423357665,0.7126436781609196,0.5703022339027596,mushroom,0,LR,False,5
86,0.6861538461538461,0.6811100277324682,0.6377840909090909,0.7048665620094191,0.582360570687419,mushroom,1,LR,True,5
87,0.6861538461538461,0.6811100277324682,0.6377840909090909,0.7048665620094191,0.582360570687419,mushroom,1,LR,False,5
88,0.6670769230769231,0.6647078881563993,0.6198172874209417,0.7022292993630573,0.5547169811320755,mushroom,2,LR,True,5
89,0.6670769230769231,0.6647078881563993,0.6198172874209417,0.7022292993630573,0.5547169811320755,mushroom,2,LR,False,5
90,0.6806153846153846,0.6772011391241846,0.6342494714587738,0.7109004739336493,0.5725190839694656,mushroom,3,LR,True,5
91,0.6806153846153846,0.6772011391241846,0.6342494714587738,0.7109004739336493,0.5725190839694656,mushroom,3,LR,False,5
92,0.6947692307692308,0.6934897419348974,0.6541143654114365,0.7432646592709984,0.5840597758405978,mushroom,4,LR,True,5
93,0.6947692307692308,0.6934897419348974,0.6541143654114365,0.7432646592709984,0.5840597758405978,mushroom,4,LR,False,5
94,0.6941538461538461,0.6887321717830193,0.6462633451957296,0.7115987460815048,0.5919165580182529,mushroom,5,LR,True,5
95,0.6941538461538461,0.6887321717830193,0.6462633451957296,0.7115987460815048,0.5919165580182529,mushroom,5,LR,False,5
96,0.8646153846153846,0.8655574718937071,0.858974358974359,0.8385481852315394,0.8804204993429697,mushroom,0,LR,True,10
97,0.8646153846153846,0.8655574718937071,0.858974358974359,0.8385481852315394,0.8804204993429697,mushroom,0,LR,False,10
98,0.7163076923076923,0.7097985523226322,0.6607799852832965,0.7636054421768708,0.582360570687419,mushroom,1,LR,True,10
99,0.7163076923076923,0.7097985523226322,0.6607799852832965,0.7636054421768708,0.582360570687419,mushroom,1,LR,False,10
100,0.6781538461538461,0.6749147533530349,0.6145910095799557,0.7419928825622776,0.5245283018867924,mushroom,2,LR,True,10
101,0.6781538461538461,0.6749147533530349,0.6145910095799557,0.7419928825622776,0.5245283018867924,mushroom,2,LR,False,10
102,0.707076923076923,0.7028268840586303,0.6540697674418604,0.7627118644067796,0.5725190839694656,mushroom,3,LR,True,10
103,0.707076923076923,0.7028268840586303,0.6540697674418604,0.7627118644067796,0.5725190839694656,mushroom,3,LR,False,10
104,0.7058461538461539,0.7041651895416519,0.6531204644412193,0.782608695652174,0.5603985056039851,mushroom,4,LR,True,10
105,0.7058461538461539,0.7041651895416519,0.6531204644412193,0.782608695652174,0.5603985056039851,mushroom,4,LR,False,10
106,0.8726153846153846,0.8750148156927817,0.8718266253869968,0.8301886792452831,0.9178617992177314,mushroom,5,LR,True,10
107,0.8726153846153846,0.8750148156927817,0.8718266253869968,0.8301886792452831,0.9178617992177314,mushroom,5,LR,False,10
108,0.6135135135135135,0.6106494812377166,0.6503667481662592,0.6107921928817451,0.6954248366013072,ring,0,LR,True,1
109,0.5797297297297297,0.5773298596828009,0.6146220570012393,0.5842167255594818,0.6483660130718955,ring,0,LR,False,1
110,0.5851351351351352,0.5859194646562053,0.6108998732572878,0.5697399527186762,0.6584699453551912,ring,1,LR,True,1
111,0.5851351351351352,0.5859194646562053,0.6108998732572878,0.5697399527186762,0.6584699453551912,ring,1,LR,False,1
112,0.5864864864864865,0.5859662066899942,0.6131479140328697,0.5801435406698564,0.6501340482573726,ring,2,LR,True,1
113,0.5864864864864865,0.5859662066899942,0.6131479140328697,0.5801435406698564,0.6501340482573726,ring,2,LR,False,1
114,0.5932432432432433,0.5909264507829304,0.6320293398533007,0.5895096921322691,0.6811594202898551,ring,3,LR,True,1
115,0.5932432432432433,0.5909264507829304,0.6320293398533007,0.5895096921322691,0.6811594202898551,ring,3,LR,False,1
116,0.6108108108108108,0.610245171894261,0.6422360248447205,0.5976878612716763,0.6939597315436241,ring,4,LR,True,1
117,0.6108108108108108,0.610245171894261,0.6422360248447205,0.5976878612716763,0.6939597315436241,ring,4,LR,False,1
118,0.5817567567567568,0.5847011563366407,0.6152889993784959,0.5561797752808989,0.6884561891515995,ring,5,LR,True,1
119,0.5817567567567568,0.5847011563366407,0.6152889993784959,0.5561797752808989,0.6884561891515995,ring,5,LR,False,1
120,0.6135135135135135,0.6106494812377166,0.6503667481662592,0.6107921928817451,0.6954248366013072,ring,0,LR,True,5
121,0.5797297297297297,0.5773298596828009,0.6146220570012393,0.5842167255594818,0.6483660130718955,ring,0,LR,False,5
122,0.5851351351351352,0.5859194646562053,0.6108998732572878,0.5697399527186762,0.6584699453551912,ring,1,LR,True,5
123,0.5851351351351352,0.5859194646562053,0.6108998732572878,0.5697399527186762,0.6584699453551912,ring,1,LR,False,5
124,0.5864864864864865,0.5859662066899942,0.6131479140328697,0.5801435406698564,0.6501340482573726,ring,2,LR,True,5
125,0.5864864864864865,0.5859662066899942,0.6131479140328697,0.5801435406698564,0.6501340482573726,ring,2,LR,False,5
126,0.5932432432432433,0.5909264507829304,0.6320293398533007,0.5895096921322691,0.6811594202898551,ring,3,LR,True,5
127,0.5932432432432433,0.5909264507829304,0.6320293398533007,0.5895096921322691,0.6811594202898551,ring,3,LR,False,5
128,0.6108108108108108,0.610245171894261,0.6422360248447205,0.5976878612716763,0.6939597315436241,ring,4,LR,True,5
129,0.6108108108108108,0.610245171894261,0.6422360248447205,0.5976878612716763,0.6939597315436241,ring,4,LR,False,5
130,0.5817567567567568,0.5847011563366407,0.6152889993784959,0.5561797752808989,0.6884561891515995,ring,5,LR,True,5
131,0.5817567567567568,0.5847011563366407,0.6152889993784959,0.5561797752808989,0.6884561891515995,ring,5,LR,False,5
132,0.6310810810810811,0.6273230037935921,0.6742243436754176,0.6201975850713501,0.738562091503268,ring,0,LR,True,10
133,0.6162162162162163,0.612166918049271,0.6635071090047392,0.6067172264355363,0.7320261437908496,ring,0,LR,False,10
134,0.6202702702702703,0.6214824230735514,0.6564792176039119,0.5940265486725663,0.7336065573770492,ring,1,LR,True,10
135,0.6182432432432432,0.6192433008971099,0.6484131922837586,0.5954285714285714,0.7117486338797814,ring,1,LR,False,10
136,0.6074324324324324,0.6066450679737894,0.6437768240343348,0.5932203389830508,0.7037533512064343,ring,2,LR,True,10
137,0.6074324324324324,0.6066450679737894,0.6437768240343348,0.5932203389830508,0.7037533512064343,ring,2,LR,False,10
138,0.6148648648648649,0.6121109789324226,0.6570397111913356,0.6046511627906976,0.7193675889328063,ring,3,LR,True,10
139,0.6148648648648649,0.6121109789324226,0.6570397111913356,0.6046511627906976,0.7193675889328063,ring,3,LR,False,10
140,0.6358108108108108,0.6351686983518239,0.6687154271665643,0.6167800453514739,0.7302013422818792,ring,4,LR,True,10
141,0.6195945945945946,0.6189152170935488,0.6556574923547401,0.6022471910112359,0.7194630872483222,ring,4,LR,False,10
142,0.6006756756756757,0.6041342644459837,0.6385321100917432,0.5698689956331878,0.7260083449235049,ring,5,LR,True,10
143,0.5945945945945946,0.5982977525728352,0.6359223300970874,0.5640473627556513,0.7287899860917941,ring,5,LR,False,10
144,0.65,0.6513993049204316,0.6471389645776567,0.6805157593123209,0.6168831168831169,twonorm,0,LR,True,1
145,0.65,0.6513993049204316,0.6471389645776567,0.6805157593123209,0.6168831168831169,twonorm,0,LR,False,1
146,0.6918918918918919,0.6918840722657855,0.6951871657754012,0.697986577181208,0.6924101198402131,twonorm,1,LR,True,1
147,0.6722972972972973,0.6721947325833502,0.6777408637873754,0.6763925729442971,0.6790945406125166,twonorm,1,LR,False,1
148,0.6885135135135135,0.6885518934081346,0.6895622895622895,0.6835781041388518,0.6956521739130435,twonorm,2,LR,True,1
149,0.6743243243243243,0.674380551659654,0.676510067114094,0.6684350132625995,0.6847826086956522,twonorm,2,LR,False,1
150,0.6628378378378378,0.6630422067715074,0.66711140760507,0.6784260515603799,0.6561679790026247,twonorm,3,LR,True,1
151,0.6668918918918919,0.6673411123052515,0.668459986550101,0.6855172413793104,0.652230971128609,twonorm,3,LR,False,1
152,0.6675675675675675,0.6675897241056815,0.6643929058663028,0.6598915989159891,0.6689560439560439,twonorm,4,LR,True,1
153,0.6675675675675675,0.6675897241056815,0.6643929058663028,0.6598915989159891,0.6689560439560439,twonorm,4,LR,False,1
154,0.697972972972973,0.6983638923946018,0.6906574394463668,0.7169540229885057,0.6662216288384513,twonorm,5,LR,True,1
155,0.6763513513513514,0.676426754140039,0.6770060687795011,0.6839237057220708,0.6702269692923899,twonorm,5,LR,False,1
156,0.65,0.6513993049204316,0.6471389645776567,0.6805157593123209,0.6168831168831169,twonorm,0,LR,True,5
157,0.65,0.6513993049204316,0.6471389645776567,0.6805157593123209,0.6168831168831169,twonorm,0,LR,False,5
158,0.6918918918918919,0.6918840722657855,0.6951871657754012,0.697986577181208,0.6924101198402131,twonorm,1,LR,True,5
159,0.6722972972972973,0.6721947325833502,0.6777408637873754,0.6763925729442971,0.6790945406125166,twonorm,1,LR,False,5
160,0.6885135135135135,0.6885518934081346,0.6895622895622895,0.6835781041388518,0.6956521739130435,twonorm,2,LR,True,5
161,0.6743243243243243,0.674380551659654,0.676510067114094,0.6684350132625995,0.6847826086956522,twonorm,2,LR,False,5
162,0.6628378378378378,0.6630422067715074,0.66711140760507,0.6784260515603799,0.6561679790026247,twonorm,3,LR,True,5
163,0.6668918918918919,0.6673411123052515,0.668459986550101,0.6855172413793104,0.652230971128609,twonorm,3,LR,False,5
164,0.6675675675675675,0.6675897241056815,0.6643929058663028,0.6598915989159891,0.6689560439560439,twonorm,4,LR,True,5
165,0.6675675675675675,0.6675897241056815,0.6643929058663028,0.6598915989159891,0.6689560439560439,twonorm,4,LR,False,5
166,0.697972972972973,0.6983638923946018,0.6906574394463668,0.7169540229885057,0.6662216288384513,twonorm,5,LR,True,5
167,0.6763513513513514,0.676426754140039,0.6770060687795011,0.6839237057220708,0.6702269692923899,twonorm,5,LR,False,5
168,0.7385135135135135,0.7381653557709895,0.7482108002602472,0.7496740547588006,0.7467532467532467,twonorm,0,LR,True,10
169,0.7385135135135135,0.7381653557709895,0.7482108002602472,0.7496740547588006,0.7467532467532467,twonorm,0,LR,False,10
170,0.7614864864864865,0.7614840021261089,0.7641950567802271,0.7667560321715817,0.7616511318242344,twonorm,1,LR,True,10
171,0.7412162162162163,0.7413900807154248,0.7410412440838405,0.7527472527472527,0.729693741677763,twonorm,1,LR,False,10
172,0.7513513513513513,0.7513148667601683,0.7486338797814207,0.7527472527472527,0.7445652173913043,twonorm,2,LR,True,10
173,0.7405405405405405,0.7405694834034595,0.7408906882591094,0.7359249329758714,0.7459239130434783,twonorm,2,LR,False,10
174,0.7466216216216216,0.7471815848924177,0.7474747474747475,0.7676348547717843,0.7283464566929134,twonorm,3,LR,True,10
175,0.731081081081081,0.7312855043537385,0.7350199733688416,0.745945945945946,0.7244094488188977,twonorm,3,LR,False,10
176,0.7290540540540541,0.7293444587327567,0.730691739422431,0.7148488830486203,0.7472527472527473,twonorm,4,LR,True,10
177,0.7290540540540541,0.7293444587327567,0.730691739422431,0.7148488830486203,0.7472527472527473,twonorm,4,LR,False,10
178,0.7425675675675676,0.7429322087452672,0.7370600414078675,0.7628571428571429,0.7129506008010681,twonorm,5,LR,True,10
179,0.7385135135135135,0.7384994858625911,0.7411371237458194,0.7426273458445041,0.739652870493992,twonorm,5,LR,False,10
180,0.96875,0.9594594594594594,0.9577464788732396,1.0,0.918918918918919,clean1,0,LR,True,1
181,0.96875,0.9594594594594594,0.9577464788732396,1.0,0.918918918918919,clean1,0,LR,False,1
182,0.9375,0.9222222222222224,0.911764705882353,0.96875,0.8611111111111112,clean1,1,LR,True,1
183,0.9375,0.9222222222222224,0.911764705882353,0.96875,0.8611111111111112,clean1,1,LR,False,1
184,0.9166666666666666,0.902439024390244,0.8918918918918919,1.0,0.8048780487804879,clean1,2,LR,True,1
185,0.9270833333333334,0.9146341463414632,0.9066666666666668,1.0,0.8292682926829268,clean1,2,LR,False,1
186,0.9375,0.94,0.9361702127659576,1.0,0.88,clean1,3,LR,True,1
187,0.9375,0.94,0.9361702127659576,1.0,0.88,clean1,3,LR,False,1
188,0.9270833333333334,0.9239130434782608,0.9176470588235294,1.0,0.8478260869565217,clean1,4,LR,True,1
189,0.9375,0.9356521739130436,0.9318181818181818,0.9761904761904762,0.8913043478260869,clean1,4,LR,False,1
190,0.9479166666666666,0.9390243902439024,0.9350649350649352,1.0,0.8780487804878049,clean1,5,LR,True,1
191,0.9479166666666666,0.9390243902439024,0.9350649350649352,1.0,0.8780487804878049,clean1,5,LR,False,1
192,0.8958333333333334,0.869903802107192,0.8484848484848485,0.9655172413793104,0.7567567567567568,clean1,0,LR,True,5
193,0.8645833333333334,0.8293632615666514,0.7936507936507937,0.9615384615384616,0.6756756756756757,clean1,0,LR,False,5
194,0.8958333333333334,0.8888888888888888,0.8611111111111112,0.8611111111111112,0.8611111111111112,clean1,1,LR,True,5
195,0.90625,0.9027777777777776,0.8767123287671232,0.8648648648648649,0.8888888888888888,clean1,1,LR,False,5
196,0.9270833333333334,0.9177383592017738,0.9090909090909092,0.9722222222222222,0.8536585365853658,clean1,2,LR,True,5
197,0.9375,0.9268292682926828,0.9210526315789476,1.0,0.8536585365853658,clean1,2,LR,False,5
198,0.875,0.8782608695652174,0.8695652173913043,0.9523809523809524,0.8,clean1,3,LR,True,5
199,0.8854166666666666,0.8891304347826088,0.8791208791208791,0.975609756097561,0.8,clean1,3,LR,False,5
200,0.875,0.8704347826086957,0.853658536585366,0.9722222222222222,0.7608695652173914,clean1,4,LR,True,5
201,0.8541666666666666,0.8495652173913043,0.8292682926829269,0.9444444444444444,0.7391304347826086,clean1,4,LR,False,5
202,0.875,0.8629711751662972,0.8421052631578947,0.9142857142857144,0.7804878048780488,clean1,5,LR,True,5
203,0.875,0.8629711751662972,0.8421052631578947,0.9142857142857144,0.7804878048780488,clean1,5,LR,False,5
204,0.9583333333333334,0.9560238204306,0.945945945945946,0.945945945945946,0.945945945945946,clean1,0,LR,True,10
205,0.9479166666666666,0.9475492441594136,0.9333333333333332,0.9210526315789472,0.945945945945946,clean1,0,LR,False,10
206,1.0,1.0,1.0,1.0,1.0,clean1,1,LR,True,10
207,0.9895833333333334,0.9916666666666668,0.9863013698630138,0.972972972972973,1.0,clean1,1,LR,False,10
208,0.96875,0.9696230598669624,0.963855421686747,0.9523809523809524,0.975609756097561,clean1,2,LR,True,10
209,0.96875,0.9696230598669624,0.963855421686747,0.9523809523809524,0.975609756097561,clean1,2,LR,False,10
210,0.9791666666666666,0.98,0.979591836734694,1.0,0.96,clean1,3,LR,True,10
211,0.9791666666666666,0.98,0.979591836734694,1.0,0.96,clean1,3,LR,False,10
212,0.9583333333333334,0.9582608695652174,0.9565217391304348,0.9565217391304348,0.9565217391304348,clean1,4,LR,True,10
213,0.9583333333333334,0.9582608695652174,0.9565217391304348,0.9565217391304348,0.9565217391304348,clean1,4,LR,False,10
214,0.9583333333333334,0.9574279379157428,0.951219512195122,0.951219512195122,0.951219512195122,clean1,5,LR,True,10
215,0.9895833333333334,0.9878048780487804,0.9876543209876544,1.0,0.975609756097561,clean1,5,LR,False,10
216,0.6974921630094044,0.638706305654385,0.5278248225130442,0.4556412729026036,0.638706305654385,dna,0,LR,True,1
217,0.6974921630094044,0.638706305654385,0.5278248225130442,0.4556412729026036,0.638706305654385,dna,0,LR,False,1
218,0.700626959247649,0.6371049949031601,0.525061772586525,0.4539099687202503,0.6371049949031601,dna,1,LR,True,1
219,0.700626959247649,0.6371049949031601,0.525061772586525,0.4539099687202503,0.6371049949031601,dna,1,LR,False,1
220,0.677115987460815,0.6334819769602378,0.5112250160254094,0.4361030927835052,0.6334819769602378,dna,2,LR,True,1
221,0.677115987460815,0.6334819769602378,0.5112250160254094,0.4361030927835052,0.6334819769602378,dna,2,LR,False,1
222,0.7335423197492164,0.6418006822612086,0.5451299910199969,0.4797064249618994,0.6418006822612086,dna,3,LR,True,1
223,0.7335423197492164,0.6418006822612086,0.5451299910199969,0.4797064249618994,0.6418006822612086,dna,3,LR,False,1
224,0.7460815047021944,0.6455331412103746,0.548287246033517,0.4819165270798436,0.6455331412103746,dna,4,LR,True,1
225,0.7460815047021944,0.6455331412103746,0.548287246033517,0.4819165270798436,0.6455331412103746,dna,4,LR,False,1
226,0.713166144200627,0.6382758781670368,0.531295864629198,0.4616073381452318,0.6382758781670368,dna,5,LR,True,1
227,0.713166144200627,0.6382758781670368,0.531295864629198,0.4616073381452318,0.6382758781670368,dna,5,LR,False,1
228,0.8730407523510971,0.867911917827494,0.859806320169262,0.8540799297915008,0.867911917827494,dna,0,LR,True,5
229,0.8730407523510971,0.867911917827494,0.859806320169262,0.8540799297915008,0.867911917827494,dna,0,LR,False,5
230,0.8934169278996865,0.8973424470862369,0.8810674804097594,0.8706434681507386,0.8973424470862369,dna,1,LR,True,5
231,0.8934169278996865,0.8973424470862369,0.8810674804097594,0.8706434681507386,0.8973424470862369,dna,1,LR,False,5
232,0.8808777429467085,0.8789414450284015,0.8639393939393939,0.8546884800034857,0.8789414450284015,dna,2,LR,True,5
233,0.8808777429467085,0.8789414450284015,0.8639393939393939,0.8546884800034857,0.8789414450284015,dna,2,LR,False,5
234,0.8934169278996865,0.8917173887098699,0.8802628115473329,0.8721808280440205,0.8917173887098699,dna,3,LR,True,5
235,0.8934169278996865,0.8917173887098699,0.8802628115473329,0.8721808280440205,0.8917173887098699,dna,3,LR,False,5
236,0.8746081504702194,0.8715734815788254,0.8524547394299601,0.8402597402597403,0.8715734815788254,dna,4,LR,True,5
237,0.8746081504702194,0.8715734815788254,0.8524547394299601,0.8402597402597403,0.8715734815788254,dna,4,LR,False,5
238,0.8573667711598746,0.8462201534018825,0.8331709868334073,0.825220807104865,0.8462201534018825,dna,5,LR,True,5
239,0.8573667711598746,0.8462201534018825,0.8331709868334073,0.825220807104865,0.8462201534018825,dna,5,LR,False,5
240,0.9467084639498432,0.9422827594524512,0.94061024721633,0.9390562534005156,0.9422827594524512,dna,0,LR,True,10
241,0.9467084639498432,0.9422827594524512,0.94061024721633,0.9390562534005156,0.9422827594524512,dna,0,LR,False,10
242,0.945141065830721,0.9478119315465128,0.9397068788815538,0.9327875918669624,0.9478119315465128,dna,1,LR,True,10
243,0.945141065830721,0.9478119315465128,0.9397068788815538,0.9327875918669624,0.9478119315465128,dna,1,LR,False,10
244,0.9482758620689656,0.9452227000053088,0.9395208552006796,0.9345796399367828,0.9452227000053088,dna,2,LR,True,10
245,0.9482758620689656,0.9452227000053088,0.9395208552006796,0.9345796399367828,0.9452227000053088,dna,2,LR,False,10
246,0.962382445141066,0.9600650932887774,0.9589735599379844,0.9579883159348178,0.9600650932887774,dna,3,LR,True,10
247,0.962382445141066,0.9600650932887774,0.9589735599379844,0.9579883159348178,0.9600650932887774,dna,3,LR,False,10
248,0.9498432601880876,0.9484428406933512,0.9408673158636116,0.9343840227236074,0.9484428406933512,dna,4,LR,True,10
249,0.9498432601880876,0.9484428406933512,0.9408673158636116,0.9343840227236074,0.9484428406933512,dna,4,LR,False,10
250,0.9435736677115988,0.9426332861188106,0.9359499202667368,0.9300819042410512,0.9426332861188106,dna,5,LR,True,10
251,0.9357366771159876,0.9330084748443724,0.9260130789666654,0.9200270555348734,0.9330084748443724,dna,5,LR,False,10
252,0.7178538390379279,0.576378413577652,0.3267108167770419,0.5481481481481482,0.2327044025157232,phoneme,0,LR,True,1
253,0.7178538390379279,0.576378413577652,0.3267108167770419,0.5481481481481482,0.2327044025157232,phoneme,0,LR,False,1
254,0.7123034227567068,0.5626568426595578,0.2883295194508009,0.5338983050847458,0.1974921630094044,phoneme,1,LR,True,1
255,0.7123034227567068,0.5626568426595578,0.2883295194508009,0.5338983050847458,0.1974921630094044,phoneme,1,LR,False,1
256,0.7012025901942646,0.557655589123867,0.2774049217002237,0.5344827586206896,0.1873111782477341,phoneme,2,LR,True,1
257,0.7012025901942646,0.557655589123867,0.2774049217002237,0.5344827586206896,0.1873111782477341,phoneme,2,LR,False,1
258,0.7113783533765032,0.5701811098677939,0.3187772925764192,0.5104895104895105,0.2317460317460317,phoneme,3,LR,True,1
259,0.7113783533765032,0.5701811098677939,0.3187772925764192,0.5104895104895105,0.2317460317460317,phoneme,3,LR,False,1
260,0.7086031452358927,0.5555712403538491,0.2657342657342657,0.5327102803738317,0.1770186335403726,phoneme,4,LR,True,1
261,0.7086031452358927,0.5555712403538491,0.2657342657342657,0.5327102803738317,0.1770186335403726,phoneme,4,LR,False,1
262,0.7335800185013877,0.5921158897890826,0.3628318584070796,0.5466666666666666,0.271523178807947,phoneme,5,LR,True,1
263,0.7335800185013877,0.5921158897890826,0.3628318584070796,0.5466666666666666,0.271523178807947,phoneme,5,LR,False,1
264,0.7178538390379279,0.576378413577652,0.3267108167770419,0.5481481481481482,0.2327044025157232,phoneme,0,LR,True,5
265,0.7178538390379279,0.576378413577652,0.3267108167770419,0.5481481481481482,0.2327044025157232,phoneme,0,LR,False,5
266,0.7123034227567068,0.5626568426595578,0.2883295194508009,0.5338983050847458,0.1974921630094044,phoneme,1,LR,True,5
267,0.7123034227567068,0.5626568426595578,0.2883295194508009,0.5338983050847458,0.1974921630094044,phoneme,1,LR,False,5
268,0.7012025901942646,0.557655589123867,0.2774049217002237,0.5344827586206896,0.1873111782477341,phoneme,2,LR,True,5
269,0.7012025901942646,0.557655589123867,0.2774049217002237,0.5344827586206896,0.1873111782477341,phoneme,2,LR,False,5
270,0.7113783533765032,0.5701811098677939,0.3187772925764192,0.5104895104895105,0.2317460317460317,phoneme,3,LR,True,5
271,0.7113783533765032,0.5701811098677939,0.3187772925764192,0.5104895104895105,0.2317460317460317,phoneme,3,LR,False,5
272,0.7086031452358927,0.5555712403538491,0.2657342657342657,0.5327102803738317,0.1770186335403726,phoneme,4,LR,True,5
273,0.7086031452358927,0.5555712403538491,0.2657342657342657,0.5327102803738317,0.1770186335403726,phoneme,4,LR,False,5
274,0.7335800185013877,0.5921158897890826,0.3628318584070796,0.5466666666666666,0.271523178807947,phoneme,5,LR,True,5
275,0.7335800185013877,0.5921158897890826,0.3628318584070796,0.5466666666666666,0.271523178807947,phoneme,5,LR,False,5
276,0.7178538390379279,0.576378413577652,0.3267108167770419,0.5481481481481482,0.2327044025157232,phoneme,0,LR,True,10
277,0.7178538390379279,0.576378413577652,0.3267108167770419,0.5481481481481482,0.2327044025157232,phoneme,0,LR,False,10
278,0.7123034227567068,0.5626568426595578,0.2883295194508009,0.5338983050847458,0.1974921630094044,phoneme,1,LR,True,10
279,0.7123034227567068,0.5626568426595578,0.2883295194508009,0.5338983050847458,0.1974921630094044,phoneme,1,LR,False,10
280,0.7012025901942646,0.557655589123867,0.2774049217002237,0.5344827586206896,0.1873111782477341,phoneme,2,LR,True,10
281,0.7012025901942646,0.557655589123867,0.2774049217002237,0.5344827586206896,0.1873111782477341,phoneme,2,LR,False,10
282,0.7113783533765032,0.5701811098677939,0.3187772925764192,0.5104895104895105,0.2317460317460317,phoneme,3,LR,True,10
283,0.7113783533765032,0.5701811098677939,0.3187772925764192,0.5104895104895105,0.2317460317460317,phoneme,3,LR,False,10
284,0.7086031452358927,0.5555712403538491,0.2657342657342657,0.5327102803738317,0.1770186335403726,phoneme,4,LR,True,10
285,0.7086031452358927,0.5555712403538491,0.2657342657342657,0.5327102803738317,0.1770186335403726,phoneme,4,LR,False,10
286,0.7335800185013877,0.5921158897890826,0.3628318584070796,0.5466666666666666,0.271523178807947,phoneme,5,LR,True,10
287,0.7335800185013877,0.5921158897890826,0.3628318584070796,0.5466666666666666,0.271523178807947,phoneme,5,LR,False,10
288,0.4325,0.4286471935070127,0.3623316481119698,0.423676058641812,0.4286471935070127,mfeat_pixel,0,LR,True,1
289,0.4325,0.4286471935070127,0.3623316481119698,0.423676058641812,0.4286471935070127,mfeat_pixel,0,LR,False,1
290,0.4125,0.4141053932517347,0.3279259690155623,0.3787949036481203,0.4141053932517347,mfeat_pixel,1,LR,True,1
291,0.4125,0.4141053932517347,0.3279259690155623,0.3787949036481203,0.4141053932517347,mfeat_pixel,1,LR,False,1
292,0.42,0.4258557083382798,0.347551496961906,0.4199608013097321,0.4258557083382798,mfeat_pixel,2,LR,True,1
293,0.42,0.4258557083382798,0.347551496961906,0.4199608013097321,0.4258557083382798,mfeat_pixel,2,LR,False,1
294,0.445,0.4426422377441502,0.3735162099585905,0.4438166781818009,0.4426422377441502,mfeat_pixel,3,LR,True,1
295,0.445,0.4426422377441502,0.3735162099585905,0.4438166781818009,0.4426422377441502,mfeat_pixel,3,LR,False,1
296,0.4375,0.4306289418880553,0.3553549675223002,0.4295857073594639,0.4306289418880553,mfeat_pixel,4,LR,True,1
297,0.4375,0.4306289418880553,0.3553549675223002,0.4295857073594639,0.4306289418880553,mfeat_pixel,4,LR,False,1
298,0.395,0.4179947858988556,0.3187353669881646,0.4494211461156149,0.4179947858988556,mfeat_pixel,5,LR,True,1
299,0.395,0.4179947858988556,0.3187353669881646,0.4494211461156149,0.4179947858988556,mfeat_pixel,5,LR,False,1
300,0.5825,0.5791749832198929,0.5581071077063932,0.5930845113851357,0.5791749832198929,mfeat_pixel,0,LR,True,5
301,0.5825,0.5791749832198929,0.5581071077063932,0.5930845113851357,0.5791749832198929,mfeat_pixel,0,LR,False,5
302,0.5825,0.5853963042377677,0.5724728742626816,0.6136995470656711,0.5853963042377677,mfeat_pixel,1,LR,True,5
303,0.5725,0.5777068256946305,0.5557182785961666,0.5789097425063536,0.5777068256946305,mfeat_pixel,1,LR,False,5
304,0.5525,0.5637883255016456,0.5385269395084451,0.599256779597319,0.5637883255016456,mfeat_pixel,2,LR,True,5
305,0.5275,0.5328761230333792,0.4910861507467589,0.5374320968886186,0.5328761230333792,mfeat_pixel,2,LR,False,5
306,0.5825,0.5818488540667552,0.5636213845493182,0.6080844714873752,0.5818488540667552,mfeat_pixel,3,LR,True,5
307,0.565,0.5654488906708659,0.5427256492454445,0.5850367589714961,0.5654488906708659,mfeat_pixel,3,LR,False,5
308,0.56,0.553819068960626,0.5293224081376648,0.5588536820176967,0.553819068960626,mfeat_pixel,4,LR,True,5
309,0.5375,0.5373920210988488,0.5012466061894646,0.5367064075427462,0.5373920210988488,mfeat_pixel,4,LR,False,5
310,0.575,0.5712766986389455,0.5484609053230719,0.593719712471277,0.5712766986389455,mfeat_pixel,5,LR,True,5
311,0.545,0.5191889862346539,0.486938823154306,0.5252757247680371,0.5191889862346539,mfeat_pixel,5,LR,False,5
312,0.7575,0.7584994525627641,0.7539673207724211,0.7589972503824325,0.7584994525627641,mfeat_pixel,0,LR,True,10
313,0.7575,0.7584994525627641,0.7539673207724211,0.7589972503824325,0.7584994525627641,mfeat_pixel,0,LR,False,10
314,0.7775,0.7823502784478393,0.7789140061601929,0.7794058815384098,0.7823502784478393,mfeat_pixel,1,LR,True,10
315,0.795,0.7972769439232853,0.7946549838896176,0.798800623788456,0.7972769439232853,mfeat_pixel,1,LR,False,10
316,0.73,0.7396705677063296,0.7330493432143191,0.7372263388559558,0.7396705677063296,mfeat_pixel,2,LR,True,10
317,0.7225,0.7325385721201537,0.7255974293983214,0.7322209754866716,0.7325385721201537,mfeat_pixel,2,LR,False,10
318,0.7375,0.7392601496373883,0.7345948990760524,0.7353532537860533,0.7392601496373883,mfeat_pixel,3,LR,True,10
319,0.7375,0.7392601496373883,0.7345948990760524,0.7353532537860533,0.7392601496373883,mfeat_pixel,3,LR,False,10
320,0.77,0.766574320962592,0.7595895395275154,0.7690469344169776,0.766574320962592,mfeat_pixel,4,LR,True,10
321,0.8025,0.8031616225498934,0.8007299232461389,0.8016746552426184,0.8031616225498934,mfeat_pixel,4,LR,False,10
322,0.775,0.7585384322271044,0.756966060416189,0.7622519058298762,0.7585384322271044,mfeat_pixel,5,LR,True,10
323,0.8,0.7903105210826515,0.7858151736986936,0.7887393923905552,0.7903105210826515,mfeat_pixel,5,LR,False,10
324,0.5452830188679245,0.5077448167925535,0.0436507936507936,0.7333333333333333,0.0224948875255623,banana,0,LR,True,1
325,0.5471698113207547,0.5127265694669776,0.1208791208791208,0.5789473684210527,0.0674846625766871,banana,0,LR,False,1
326,0.5452830188679245,0.5117943432955456,0.0836501901140684,0.6470588235294118,0.0447154471544715,banana,1,LR,True,1
327,0.5452830188679245,0.5117943432955456,0.0836501901140684,0.6470588235294118,0.0447154471544715,banana,1,LR,False,1
328,0.5575471698113208,0.5083857442348009,0.0329896907216494,1.0,0.0167714884696016,banana,2,LR,True,1
329,0.5575471698113208,0.5083857442348009,0.0329896907216494,1.0,0.0167714884696016,banana,2,LR,False,1
330,0.5264150943396226,0.4767760548142805,0.0669144981412639,0.2647058823529412,0.0382978723404255,banana,3,LR,True,1
331,0.5264150943396226,0.4767760548142805,0.0669144981412639,0.2647058823529412,0.0382978723404255,banana,3,LR,False,1
332,0.5641509433962264,0.5090032073136854,0.0571428571428571,0.6666666666666666,0.0298507462686567,banana,4,LR,True,1
333,0.5641509433962264,0.5090032073136854,0.0571428571428571,0.6666666666666666,0.0298507462686567,banana,4,LR,False,1
334,0.5528301886792453,0.5103305785123967,0.0404858299595141,1.0,0.0206611570247933,banana,5,LR,True,1
335,0.5528301886792453,0.5103305785123967,0.0404858299595141,1.0,0.0206611570247933,banana,5,LR,False,1
336,0.5452830188679245,0.5077448167925535,0.0436507936507936,0.7333333333333333,0.0224948875255623,banana,0,LR,True,5
337,0.5471698113207547,0.5127265694669776,0.1208791208791208,0.5789473684210527,0.0674846625766871,banana,0,LR,False,5
338,0.5452830188679245,0.5117943432955456,0.0836501901140684,0.6470588235294118,0.0447154471544715,banana,1,LR,True,5
339,0.5452830188679245,0.5117943432955456,0.0836501901140684,0.6470588235294118,0.0447154471544715,banana,1,LR,False,5
340,0.5575471698113208,0.5083857442348009,0.0329896907216494,1.0,0.0167714884696016,banana,2,LR,True,5
341,0.5575471698113208,0.5083857442348009,0.0329896907216494,1.0,0.0167714884696016,banana,2,LR,False,5
342,0.5264150943396226,0.4767760548142805,0.0669144981412639,0.2647058823529412,0.0382978723404255,banana,3,LR,True,5
343,0.5264150943396226,0.4767760548142805,0.0669144981412639,0.2647058823529412,0.0382978723404255,banana,3,LR,False,5
344,0.5641509433962264,0.5090032073136854,0.0571428571428571,0.6666666666666666,0.0298507462686567,banana,4,LR,True,5
345,0.5641509433962264,0.5090032073136854,0.0571428571428571,0.6666666666666666,0.0298507462686567,banana,4,LR,False,5
346,0.5528301886792453,0.5103305785123967,0.0404858299595141,1.0,0.0206611570247933,banana,5,LR,True,5
347,0.5528301886792453,0.5103305785123967,0.0404858299595141,1.0,0.0206611570247933,banana,5,LR,False,5
348,0.5452830188679245,0.5077448167925535,0.0436507936507936,0.7333333333333333,0.0224948875255623,banana,0,LR,True,10
349,0.5471698113207547,0.5127265694669776,0.1208791208791208,0.5789473684210527,0.0674846625766871,banana,0,LR,False,10
350,0.5452830188679245,0.5117943432955456,0.0836501901140684,0.6470588235294118,0.0447154471544715,banana,1,LR,True,10
351,0.5452830188679245,0.5117943432955456,0.0836501901140684,0.6470588235294118,0.0447154471544715,banana,1,LR,False,10
352,0.5575471698113208,0.5083857442348009,0.0329896907216494,1.0,0.0167714884696016,banana,2,LR,True,10
353,0.5575471698113208,0.5083857442348009,0.0329896907216494,1.0,0.0167714884696016,banana,2,LR,False,10
354,0.5264150943396226,0.4767760548142805,0.0669144981412639,0.2647058823529412,0.0382978723404255,banana,3,LR,True,10
355,0.5264150943396226,0.4767760548142805,0.0669144981412639,0.2647058823529412,0.0382978723404255,banana,3,LR,False,10
356,0.5641509433962264,0.5090032073136854,0.0571428571428571,0.6666666666666666,0.0298507462686567,banana,4,LR,True,10
357,0.5641509433962264,0.5090032073136854,0.0571428571428571,0.6666666666666666,0.0298507462686567,banana,4,LR,False,10
358,0.5528301886792453,0.5103305785123967,0.0404858299595141,1.0,0.0206611570247933,banana,5,LR,True,10
359,0.5528301886792453,0.5103305785123967,0.0404858299595141,1.0,0.0206611570247933,banana,5,LR,False,10
360,0.5975,0.5982929833276037,0.5927864411284858,0.5952586916092791,0.5982929833276037,mfeat_factors,0,LR,True,1
361,0.5975,0.5982929833276037,0.5927864411284858,0.5952586916092791,0.5982929833276037,mfeat_factors,0,LR,False,1
362,0.6075,0.6104845290211144,0.6000328599376278,0.5989012469458936,0.6104845290211144,mfeat_factors,1,LR,True,1
363,0.6075,0.6104845290211144,0.6000328599376278,0.5989012469458936,0.6104845290211144,mfeat_factors,1,LR,False,1
364,0.63,0.6221134494628455,0.619054759811145,0.6216288337656182,0.6221134494628455,mfeat_factors,2,LR,True,1
365,0.57,0.5606250861635089,0.5314086467770883,0.5189448413511376,0.5606250861635089,mfeat_factors,2,LR,False,1
366,0.6075,0.6029249770331292,0.5979323624714421,0.5953485854400489,0.6029249770331292,mfeat_factors,3,LR,True,1
367,0.6075,0.6029249770331292,0.5979323624714421,0.5953485854400489,0.6029249770331292,mfeat_factors,3,LR,False,1
368,0.57,0.5697196711296547,0.5646511890634549,0.5639991065138377,0.5697196711296547,mfeat_factors,4,LR,True,1
369,0.57,0.5697196711296547,0.5646511890634549,0.5639991065138377,0.5697196711296547,mfeat_factors,4,LR,False,1
370,0.5625,0.5631680181950249,0.5459684823790794,0.5433436259782649,0.5631680181950249,mfeat_factors,5,LR,True,1
371,0.5625,0.5631680181950249,0.5459684823790794,0.5433436259782649,0.5631680181950249,mfeat_factors,5,LR,False,1
372,0.8625,0.8618226874111032,0.8619744402142026,0.8638467540905973,0.8618226874111032,mfeat_factors,0,LR,True,5
373,0.8675,0.8679448444078733,0.8672376195794852,0.8683299780690541,0.8679448444078733,mfeat_factors,0,LR,False,5
374,0.8625,0.8632813663301467,0.8614512386193551,0.8618573228939083,0.8632813663301467,mfeat_factors,1,LR,True,5
375,0.87,0.8713125018612823,0.8698643470198476,0.869716724946447,0.8713125018612823,mfeat_factors,1,LR,False,5
376,0.85,0.8441504899653747,0.8444041160638474,0.8460268088403987,0.8441504899653747,mfeat_factors,2,LR,True,5
377,0.85,0.8441504899653747,0.8444041160638474,0.8460268088403987,0.8441504899653747,mfeat_factors,2,LR,False,5
378,0.8725,0.8673905062803534,0.8679293813031078,0.8712186057578352,0.8673905062803534,mfeat_factors,3,LR,True,5
379,0.8725,0.8673905062803534,0.8679293813031078,0.8712186057578352,0.8673905062803534,mfeat_factors,3,LR,False,5
380,0.8875,0.8863185193830183,0.8858056843707672,0.8883833573461233,0.8863185193830183,mfeat_factors,4,LR,True,5
381,0.8875,0.8863185193830183,0.8858056843707672,0.8883833573461233,0.8863185193830183,mfeat_factors,4,LR,False,5
382,0.89,0.88813295139261,0.8866605656338351,0.8867517475458653,0.88813295139261,mfeat_factors,5,LR,True,5
383,0.8925,0.8910934534228796,0.8907932975008208,0.8917372617898348,0.8910934534228796,mfeat_factors,5,LR,False,5
384,0.9225,0.9230396372111274,0.9231460091783548,0.9255071629836138,0.9230396372111274,mfeat_factors,0,LR,True,10
385,0.9275,0.9289272785449928,0.9293282706241368,0.9316823654345974,0.9289272785449928,mfeat_factors,0,LR,False,10
386,0.92,0.9209615384615384,0.9201811572609208,0.920416826028,0.9209615384615384,mfeat_factors,1,LR,True,10
387,0.92,0.9209615384615384,0.9201811572609208,0.920416826028,0.9209615384615384,mfeat_factors,1,LR,False,10
388,0.9225,0.9215228773821984,0.9200850350810564,0.9197584506602692,0.9215228773821984,mfeat_factors,2,LR,True,10
389,0.9225,0.9215228773821984,0.9200850350810564,0.9197584506602692,0.9215228773821984,mfeat_factors,2,LR,False,10
390,0.9425,0.9402462330720214,0.9412318850535936,0.9432961565771568,0.9402462330720214,mfeat_factors,3,LR,True,10
391,0.9425,0.9402462330720214,0.9412318850535936,0.9432961565771568,0.9402462330720214,mfeat_factors,3,LR,False,10
392,0.945,0.9424212985345974,0.9425614654366248,0.944816537390908,0.9424212985345974,mfeat_factors,4,LR,True,10
393,0.945,0.9424212985345974,0.9425614654366248,0.944816537390908,0.9424212985345974,mfeat_factors,4,LR,False,10
394,0.9325,0.9312626876957336,0.9306373280501352,0.9305504520768484,0.9312626876957336,mfeat_factors,5,LR,True,10
395,0.935,0.9360252399409376,0.9315570659054904,0.9299712203064926,0.9360252399409376,mfeat_factors,5,LR,False,10
396,0.7035830618892508,0.6721878730818135,0.5767441860465116,0.7099236641221374,0.4856396866840731,spambase,0,LR,True,1
397,0.7035830618892508,0.6721878730818135,0.5767441860465116,0.7099236641221374,0.4856396866840731,spambase,0,LR,False,1
398,0.7198697068403909,0.6633291614518148,0.532608695652174,0.7538461538461538,0.4117647058823529,spambase,1,LR,True,1
399,0.7198697068403909,0.6633291614518148,0.532608695652174,0.7538461538461538,0.4117647058823529,spambase,1,LR,False,1
400,0.7057546145494028,0.6635443099746242,0.5460636515912898,0.7375565610859729,0.4335106382978723,spambase,2,LR,True,1
401,0.7057546145494028,0.6635443099746242,0.5460636515912898,0.7375565610859729,0.4335106382978723,spambase,2,LR,False,1
402,0.7111834961997828,0.6564617918771147,0.525,0.7277227722772277,0.4106145251396648,spambase,3,LR,True,1
403,0.7111834961997828,0.6564617918771147,0.525,0.7277227722772277,0.4106145251396648,spambase,3,LR,False,1
404,0.7122692725298588,0.6666377541410997,0.5546218487394957,0.6991525423728814,0.4596100278551532,spambase,4,LR,True,1
405,0.7122692725298588,0.6666377541410997,0.5546218487394957,0.6991525423728814,0.4596100278551532,spambase,4,LR,False,1
406,0.7155266015200868,0.6610982658959538,0.5387323943661971,0.6891891891891891,0.4421965317919075,spambase,5,LR,True,1
407,0.7155266015200868,0.6610982658959538,0.5387323943661971,0.6891891891891891,0.4421965317919075,spambase,5,LR,False,1
408,0.7926167209554832,0.7641928814776708,0.7047913446676971,0.8636363636363636,0.5953002610966057,spambase,0,LR,True,5
409,0.7926167209554832,0.7641928814776708,0.7047913446676971,0.8636363636363636,0.5953002610966057,spambase,0,LR,False,5
410,0.8393051031487514,0.8024837594612313,0.7549668874172185,0.9230769230769232,0.6386554621848739,spambase,1,LR,True,5
411,0.8078175895765473,0.7659797961737886,0.700507614213198,0.8846153846153846,0.5798319327731093,spambase,1,LR,False,5
412,0.8099891422366993,0.7792455592426313,0.7244094488188977,0.888030888030888,0.6117021276595744,spambase,2,LR,True,5
413,0.8002171552660152,0.7664527620534843,0.7041800643086817,0.8902439024390244,0.5824468085106383,spambase,2,LR,False,5
414,0.8056460369163952,0.7632222630163629,0.6960950764006791,0.8874458874458875,0.5726256983240223,spambase,3,LR,True,5
415,0.8056460369163952,0.7632222630163629,0.6960950764006791,0.8874458874458875,0.5726256983240223,spambase,3,LR,False,5
416,0.7969598262757872,0.7616897471227907,0.6978998384491116,0.8307692307692308,0.6016713091922006,spambase,4,LR,True,5
417,0.8175895765472313,0.7916736882800186,0.7423312883435583,0.825938566552901,0.6740947075208914,spambase,4,LR,False,5
418,0.8132464712269273,0.7715883387785876,0.7084745762711864,0.8565573770491803,0.6040462427745664,spambase,5,LR,True,5
419,0.8002171552660152,0.760578034682081,0.6933333333333334,0.8188976377952756,0.6011560693641619,spambase,5,LR,False,5
420,0.8382193268186754,0.817142593689033,0.780559646539028,0.8952702702702703,0.6919060052219321,spambase,0,LR,True,10
421,0.8306188925081434,0.8076280974890078,0.7671641791044777,0.8954703832752613,0.6710182767624021,spambase,0,LR,False,10
422,0.8686210640608035,0.8413269563144407,0.8094488188976378,0.9244604316546764,0.7198879551820728,spambase,1,LR,True,10
423,0.8686210640608035,0.8402988855116515,0.8082408874801901,0.9306569343065694,0.7142857142857143,spambase,1,LR,False,10
424,0.8501628664495114,0.8259735506539138,0.7909090909090909,0.9190140845070424,0.6941489361702128,spambase,2,LR,True,10
425,0.8610206297502715,0.8392714229943392,0.808955223880597,0.9217687074829932,0.7207446808510638,spambase,2,LR,False,10
426,0.8403908794788274,0.8099491947567401,0.766295707472178,0.8892988929889298,0.6731843575418994,spambase,3,LR,True,10
427,0.8360477741585234,0.8033455054228643,0.756843800322061,0.8935361216730038,0.6564245810055865,spambase,3,LR,False,10
428,0.8436482084690554,0.8160444691164663,0.775,0.8825622775800712,0.6908077994428969,spambase,4,LR,True,10
429,0.8642779587404995,0.8440160984942356,0.81203007518797,0.8823529411764706,0.7520891364902507,spambase,4,LR,False,10
430,0.8610206297502715,0.8351721538074893,0.7981072555205048,0.8784722222222222,0.7312138728323699,spambase,5,LR,True,10
431,0.8610206297502715,0.8351721538074893,0.7981072555205048,0.8784722222222222,0.7312138728323699,spambase,5,LR,False,10
432,0.51440329218107,0.5,0.6793478260869565,0.51440329218107,1.0,Hill_Valley_with_noise,0,LR,True,1
433,0.51440329218107,0.5,0.6793478260869565,0.51440329218107,1.0,Hill_Valley_with_noise,0,LR,False,1
434,0.51440329218107,0.5,0.6793478260869565,0.51440329218107,1.0,Hill_Valley_with_noise,1,LR,True,1
435,0.51440329218107,0.5,0.6793478260869565,0.51440329218107,1.0,Hill_Valley_with_noise,1,LR,False,1
436,0.48559670781893,0.5,0.6537396121883656,0.48559670781893,1.0,Hill_Valley_with_noise,2,LR,True,1
437,0.48559670781893,0.5,0.6537396121883656,0.48559670781893,1.0,Hill_Valley_with_noise,2,LR,False,1
438,0.4979423868312757,0.5,0.6648351648351648,0.4979423868312757,1.0,Hill_Valley_with_noise,3,LR,True,1
439,0.4979423868312757,0.5,0.6648351648351648,0.4979423868312757,1.0,Hill_Valley_with_noise,3,LR,False,1
440,0.4979423868312757,0.5,0.6648351648351648,0.4979423868312757,1.0,Hill_Valley_with_noise,4,LR,True,1
441,0.4979423868312757,0.5,0.6648351648351648,0.4979423868312757,1.0,Hill_Valley_with_noise,4,LR,False,1
442,0.5020576131687243,0.5,0.6684931506849315,0.5020576131687243,1.0,Hill_Valley_with_noise,5,LR,True,1
443,0.5020576131687243,0.5,0.6684931506849315,0.5020576131687243,1.0,Hill_Valley_with_noise,5,LR,False,1
444,0.4650205761316872,0.4548474576271186,0.608433734939759,0.4879227053140096,0.808,Hill_Valley_with_noise,0,LR,True,5
445,0.5102880658436214,0.496,0.6757493188010898,0.512396694214876,0.992,Hill_Valley_with_noise,0,LR,False,5
446,0.5267489711934157,0.5179322033898305,0.6417445482866044,0.5255102040816326,0.824,Hill_Valley_with_noise,1,LR,True,5
447,0.5432098765432098,0.531322033898305,0.6801152737752161,0.5315315315315315,0.944,Hill_Valley_with_noise,1,LR,False,5
448,0.4938271604938271,0.508,0.6573816155988857,0.4896265560165975,1.0,Hill_Valley_with_noise,2,LR,True,5
449,0.48559670781893,0.4988135593220339,0.6438746438746439,0.4849785407725321,0.9576271186440678,Hill_Valley_with_noise,2,LR,False,5
450,0.4938271604938271,0.4957661563473784,0.6554621848739497,0.4957627118644068,0.9669421487603306,Hill_Valley_with_noise,3,LR,True,5
451,0.4897119341563786,0.4917355371900826,0.6574585635359116,0.4937759336099585,0.9834710743801652,Hill_Valley_with_noise,3,LR,False,5
452,0.51440329218107,0.5155805446416475,0.6217948717948718,0.5078534031413613,0.8016528925619835,Hill_Valley_with_noise,4,LR,True,5
453,0.51440329218107,0.5163257011245089,0.6685393258426966,0.5063829787234042,0.9834710743801652,Hill_Valley_with_noise,4,LR,False,5
454,0.4938271604938271,0.4923452106760601,0.6283987915407855,0.4976076555023923,0.8524590163934426,Hill_Valley_with_noise,5,LR,True,5
455,0.4814814814814814,0.4799146457119631,0.625,0.4906542056074766,0.860655737704918,Hill_Valley_with_noise,5,LR,False,5
456,0.4938271604938271,0.4845084745762712,0.6215384615384615,0.505,0.808,Hill_Valley_with_noise,0,LR,True,10
457,0.522633744855967,0.5108474576271187,0.6647398843930636,0.5203619909502263,0.92,Hill_Valley_with_noise,0,LR,False,10
458,0.5349794238683128,0.5278305084745762,0.6319218241042345,0.532967032967033,0.776,Hill_Valley_with_noise,1,LR,True,10
459,0.5308641975308642,0.5207457627118643,0.6566265060240963,0.5265700483091788,0.872,Hill_Valley_with_noise,1,LR,False,10
460,0.51440329218107,0.5239661016949153,0.6312500000000001,0.5,0.8559322033898306,Hill_Valley_with_noise,2,LR,True,10
461,0.5185185185185185,0.5284406779661017,0.6377708978328174,0.5024390243902439,0.8728813559322034,Hill_Valley_with_noise,2,LR,False,10
462,0.5020576131687243,0.503725782414307,0.6451612903225806,0.5,0.9090909090909092,Hill_Valley_with_noise,3,LR,True,10
463,0.4938271604938271,0.4955290611028315,0.641399416909621,0.4954954954954955,0.9090909090909092,Hill_Valley_with_noise,3,LR,False,10
464,0.4609053497942387,0.4617260533803008,0.549828178694158,0.4705882352941176,0.6611570247933884,Hill_Valley_with_noise,4,LR,True,10
465,0.4938271604938271,0.494953258366075,0.6019417475728155,0.4946808510638298,0.768595041322314,Hill_Valley_with_noise,4,LR,False,10
466,0.4567901234567901,0.4555277062728627,0.5849056603773585,0.4744897959183674,0.7622950819672131,Hill_Valley_with_noise,5,LR,True,10
467,0.48559670781893,0.4839452648692589,0.6334310850439883,0.4931506849315068,0.8852459016393442,Hill_Valley_with_noise,5,LR,False,10
468,0.5102880658436214,0.5,0.0,0.0,0.0,Hill_Valley_without_noise,0,LR,True,1
469,0.5102880658436214,0.5,0.0,0.0,0.0,Hill_Valley_without_noise,0,LR,False,1
470,0.5308641975308642,0.5,0.0,0.0,0.0,Hill_Valley_without_noise,1,LR,True,1
471,0.5308641975308642,0.5,0.0,0.0,0.0,Hill_Valley_without_noise,1,LR,False,1
472,0.4814814814814814,0.5,0.0,0.0,0.0,Hill_Valley_without_noise,2,LR,True,1
473,0.4814814814814814,0.5,0.0,0.0,0.0,Hill_Valley_without_noise,2,LR,False,1
474,0.3909465020576131,0.5,0.0,0.0,0.0,Hill_Valley_without_noise,3,LR,True,1
475,0.3909465020576131,0.5,0.0,0.0,0.0,Hill_Valley_without_noise,3,LR,False,1
476,0.4773662551440329,0.5,0.0,0.0,0.0,Hill_Valley_without_noise,4,LR,True,1
477,0.4773662551440329,0.5,0.0,0.0,0.0,Hill_Valley_without_noise,4,LR,False,1
478,0.4979423868312757,0.5,0.0,0.0,0.0,Hill_Valley_without_noise,5,LR,True,1
479,0.4979423868312757,0.5,0.0,0.0,0.0,Hill_Valley_without_noise,5,LR,False,1
480,0.6707818930041153,0.6655597722960152,0.5505617977528091,0.8305084745762712,0.4117647058823529,Hill_Valley_without_noise,0,LR,True,5
481,0.6707818930041153,0.6655597722960152,0.5505617977528091,0.8305084745762712,0.4117647058823529,Hill_Valley_without_noise,0,LR,False,5
482,0.6460905349794238,0.6258669930640555,0.4415584415584415,0.85,0.2982456140350877,Hill_Valley_without_noise,1,LR,True,5
483,0.5967078189300411,0.5752753977968176,0.3466666666666667,0.7222222222222222,0.2280701754385964,Hill_Valley_without_noise,1,LR,False,5
484,0.5596707818930041,0.5753968253968254,0.2620689655172414,1.0,0.1507936507936507,Hill_Valley_without_noise,2,LR,True,5
485,0.5596707818930041,0.5753968253968254,0.2620689655172414,1.0,0.1507936507936507,Hill_Valley_without_noise,2,LR,False,5
486,0.4732510288065844,0.5675675675675675,0.2380952380952381,1.0,0.1351351351351351,Hill_Valley_without_noise,3,LR,True,5
487,0.4732510288065844,0.5675675675675675,0.2380952380952381,1.0,0.1351351351351351,Hill_Valley_without_noise,3,LR,False,5
488,0.6008230452674898,0.6181102362204725,0.3821656050955413,1.0,0.2362204724409448,Hill_Valley_without_noise,4,LR,True,5
489,0.6008230452674898,0.6181102362204725,0.3821656050955413,1.0,0.2362204724409448,Hill_Valley_without_noise,4,LR,False,5
490,0.6131687242798354,0.6146863568622138,0.3896103896103896,0.9375,0.2459016393442623,Hill_Valley_without_noise,5,LR,True,5
491,0.6131687242798354,0.6146863568622138,0.3896103896103896,0.9375,0.2459016393442623,Hill_Valley_without_noise,5,LR,False,5
492,0.7448559670781894,0.7394957983193278,0.6477272727272727,1.0,0.4789915966386555,Hill_Valley_without_noise,0,LR,True,10
493,0.7407407407407407,0.7352941176470589,0.6399999999999999,1.0,0.4705882352941176,Hill_Valley_without_noise,0,LR,False,10
494,0.7078189300411523,0.6896164830681355,0.5590062111801242,0.9574468085106383,0.3947368421052631,Hill_Valley_without_noise,1,LR,True,10
495,0.7078189300411523,0.6896164830681355,0.5590062111801242,0.9574468085106383,0.3947368421052631,Hill_Valley_without_noise,1,LR,False,10
496,0.6502057613168725,0.6626984126984127,0.4910179640718563,1.0,0.3253968253968254,Hill_Valley_without_noise,2,LR,True,10
497,0.6502057613168725,0.6626984126984127,0.4910179640718563,1.0,0.3253968253968254,Hill_Valley_without_noise,2,LR,False,10
498,0.5596707818930041,0.6385135135135135,0.4338624338624339,1.0,0.277027027027027,Hill_Valley_without_noise,3,LR,True,10
499,0.5596707818930041,0.6385135135135135,0.4338624338624339,1.0,0.277027027027027,Hill_Valley_without_noise,3,LR,False,10
500,0.654320987654321,0.6692913385826772,0.5058823529411764,1.0,0.3385826771653543,Hill_Valley_without_noise,4,LR,True,10
501,0.654320987654321,0.6692913385826772,0.5058823529411764,1.0,0.3385826771653543,Hill_Valley_without_noise,4,LR,False,10
502,0.6831275720164609,0.6844262295081968,0.5389221556886228,1.0,0.3688524590163934,Hill_Valley_without_noise,5,LR,True,10
503,0.6831275720164609,0.6844262295081968,0.5389221556886228,1.0,0.3688524590163934,Hill_Valley_without_noise,5,LR,False,10
504,0.553,0.555987464588619,0.5418277083409647,0.5347606725588377,0.555987464588619,waveform_40,0,LR,True,1
505,0.553,0.555987464588619,0.5418277083409647,0.5347606725588377,0.555987464588619,waveform_40,0,LR,False,1
506,0.546,0.5401415807977249,0.5304340647618369,0.5251103410472595,0.5401415807977249,waveform_40,1,LR,True,1
507,0.546,0.5401415807977249,0.5304340647618369,0.5251103410472595,0.5401415807977249,waveform_40,1,LR,False,1
508,0.534,0.5396634254933851,0.5269050024452939,0.5197781345132584,0.5396634254933851,waveform_40,2,LR,True,1
509,0.534,0.5396634254933851,0.5269050024452939,0.5197781345132584,0.5396634254933851,waveform_40,2,LR,False,1
510,0.558,0.56614042666514,0.5336995538956323,0.5255497080846285,0.56614042666514,waveform_40,3,LR,True,1
511,0.558,0.56614042666514,0.5336995538956323,0.5255497080846285,0.56614042666514,waveform_40,3,LR,False,1
512,0.543,0.5501987061655811,0.5298021125838543,0.5209900324178075,0.5501987061655811,waveform_40,4,LR,True,1
513,0.543,0.5501987061655811,0.5298021125838543,0.5209900324178075,0.5501987061655811,waveform_40,4,LR,False,1
514,0.517,0.5383451763625938,0.5065923988789452,0.4957095092219363,0.5383451763625938,waveform_40,5,LR,True,1
515,0.517,0.5383451763625938,0.5065923988789452,0.4957095092219363,0.5383451763625938,waveform_40,5,LR,False,1
516,0.652,0.6544919809123654,0.6468390687620009,0.6459817383100147,0.6544919809123654,waveform_40,0,LR,True,5
517,0.652,0.6544919809123654,0.6468390687620009,0.6459817383100147,0.6544919809123654,waveform_40,0,LR,False,5
518,0.65,0.6448671903335487,0.6415146765487475,0.6404188545424105,0.6448671903335487,waveform_40,1,LR,True,5
519,0.65,0.6448671903335487,0.6415146765487475,0.6404188545424105,0.6448671903335487,waveform_40,1,LR,False,5
520,0.639,0.6419043118562349,0.6346918431382512,0.6321403411307802,0.6419043118562349,waveform_40,2,LR,True,5
521,0.639,0.6419043118562349,0.6346918431382512,0.6321403411307802,0.6419043118562349,waveform_40,2,LR,False,5
522,0.642,0.649362183932873,0.6323473177874012,0.6356181413118968,0.649362183932873,waveform_40,3,LR,True,5
523,0.642,0.649362183932873,0.6323473177874012,0.6356181413118968,0.649362183932873,waveform_40,3,LR,False,5
524,0.646,0.6516968609885855,0.6405217589428115,0.6396459607776058,0.6516968609885855,waveform_40,4,LR,True,5
525,0.646,0.6516968609885855,0.6405217589428115,0.6396459607776058,0.6516968609885855,waveform_40,4,LR,False,5
526,0.643,0.6591171946813388,0.639136958041362,0.6406060129990847,0.6591171946813388,waveform_40,5,LR,True,5
527,0.643,0.6591171946813388,0.639136958041362,0.6406060129990847,0.6591171946813388,waveform_40,5,LR,False,5
528,0.728,0.729868994977288,0.7258985564339304,0.7253544241916335,0.729868994977288,waveform_40,0,LR,True,10
529,0.728,0.729868994977288,0.7258985564339304,0.7253544241916335,0.729868994977288,waveform_40,0,LR,False,10
530,0.733,0.729286375629838,0.7277966300133114,0.7287245530483343,0.729286375629838,waveform_40,1,LR,True,10
531,0.733,0.729286375629838,0.7277966300133114,0.7287245530483343,0.729286375629838,waveform_40,1,LR,False,10
532,0.71,0.712227751536962,0.7077480926932885,0.7070131660779361,0.712227751536962,waveform_40,2,LR,True,10
533,0.71,0.712227751536962,0.7077480926932885,0.7070131660779361,0.712227751536962,waveform_40,2,LR,False,10
534,0.712,0.7175431839493546,0.709181661512467,0.7101690540914708,0.7175431839493546,waveform_40,3,LR,True,10
535,0.712,0.7175431839493546,0.709181661512467,0.7101690540914708,0.7175431839493546,waveform_40,3,LR,False,10
536,0.732,0.7348596071490462,0.7322635810173574,0.7311311151073691,0.7348596071490462,waveform_40,4,LR,True,10
537,0.732,0.7348596071490462,0.7322635810173574,0.7311311151073691,0.7348596071490462,waveform_40,4,LR,False,10
538,0.708,0.7183320766481867,0.707841856325295,0.7086365164058975,0.7183320766481867,waveform_40,5,LR,True,10
539,0.708,0.7183320766481867,0.707841856325295,0.7086365164058975,0.7183320766481867,waveform_40,5,LR,False,10
540,0.554,0.5477661582348131,0.5376202394540329,0.5322439414397563,0.5477661582348131,waveform_21,0,LR,True,1
541,0.554,0.5477661582348131,0.5376202394540329,0.5322439414397563,0.5477661582348131,waveform_21,0,LR,False,1
542,0.558,0.549925598744577,0.5382320798694006,0.5322083991508525,0.549925598744577,waveform_21,1,LR,True,1
543,0.558,0.549925598744577,0.5382320798694006,0.5322083991508525,0.549925598744577,waveform_21,1,LR,False,1
544,0.569,0.5677756030397365,0.5467418037206819,0.5385211884959572,0.5677756030397365,waveform_21,2,LR,True,1
545,0.569,0.5677756030397365,0.5467418037206819,0.5385211884959572,0.5677756030397365,waveform_21,2,LR,False,1
546,0.551,0.5488004965525494,0.5331461296161747,0.5247273975443539,0.5488004965525494,waveform_21,3,LR,True,1
547,0.551,0.5488004965525494,0.5331461296161747,0.5247273975443539,0.5488004965525494,waveform_21,3,LR,False,1
548,0.546,0.5531317009211114,0.5377135007336238,0.5306126598648989,0.5531317009211114,waveform_21,4,LR,True,1
549,0.546,0.5531317009211114,0.5377135007336238,0.5306126598648989,0.5531317009211114,waveform_21,4,LR,False,1
550,0.557,0.5574500275725772,0.5366464679375564,0.5285931121392435,0.5574500275725772,waveform_21,5,LR,True,1
551,0.557,0.5574500275725772,0.5366464679375564,0.5285931121392435,0.5574500275725772,waveform_21,5,LR,False,1
552,0.554,0.5477661582348131,0.5376202394540329,0.5322439414397563,0.5477661582348131,waveform_21,0,LR,True,5
553,0.554,0.5477661582348131,0.5376202394540329,0.5322439414397563,0.5477661582348131,waveform_21,0,LR,False,5
554,0.558,0.549925598744577,0.5382320798694006,0.5322083991508525,0.549925598744577,waveform_21,1,LR,True,5
555,0.558,0.549925598744577,0.5382320798694006,0.5322083991508525,0.549925598744577,waveform_21,1,LR,False,5
556,0.569,0.5677756030397365,0.5467418037206819,0.5385211884959572,0.5677756030397365,waveform_21,2,LR,True,5
557,0.569,0.5677756030397365,0.5467418037206819,0.5385211884959572,0.5677756030397365,waveform_21,2,LR,False,5
558,0.551,0.5488004965525494,0.5331461296161747,0.5247273975443539,0.5488004965525494,waveform_21,3,LR,True,5
559,0.551,0.5488004965525494,0.5331461296161747,0.5247273975443539,0.5488004965525494,waveform_21,3,LR,False,5
560,0.546,0.5531317009211114,0.5377135007336238,0.5306126598648989,0.5531317009211114,waveform_21,4,LR,True,5
561,0.546,0.5531317009211114,0.5377135007336238,0.5306126598648989,0.5531317009211114,waveform_21,4,LR,False,5
562,0.557,0.5574500275725772,0.5366464679375564,0.5285931121392435,0.5574500275725772,waveform_21,5,LR,True,5
563,0.557,0.5574500275725772,0.5366464679375564,0.5285931121392435,0.5574500275725772,waveform_21,5,LR,False,5
564,0.628,0.6227890591858942,0.6156085477756753,0.6137929363349445,0.6227890591858942,waveform_21,0,LR,True,10
565,0.575,0.5693545313143609,0.559373212835635,0.554828039229114,0.5693545313143609,waveform_21,0,LR,False,10
566,0.632,0.627853479091541,0.6239351056631285,0.6223536805693137,0.627853479091541,waveform_21,1,LR,True,10
567,0.632,0.627853479091541,0.6239351056631285,0.6223536805693137,0.627853479091541,waveform_21,1,LR,False,10
568,0.644,0.6434314989922033,0.634209029142339,0.632359689289156,0.6434314989922033,waveform_21,2,LR,True,10
569,0.644,0.6434314989922033,0.634209029142339,0.632359689289156,0.6434314989922033,waveform_21,2,LR,False,10
570,0.626,0.6255446968472445,0.6180563707766403,0.6155668182444076,0.6255446968472445,waveform_21,3,LR,True,10
571,0.626,0.6255446968472445,0.6180563707766403,0.6155668182444076,0.6255446968472445,waveform_21,3,LR,False,10
572,0.601,0.6063499689383258,0.5982457933716924,0.595076731060869,0.6063499689383258,waveform_21,4,LR,True,10
573,0.601,0.6063499689383258,0.5982457933716924,0.595076731060869,0.6063499689383258,waveform_21,4,LR,False,10
574,0.627,0.6275292315670774,0.6175559572121997,0.6162731644003966,0.6275292315670774,waveform_21,5,LR,True,10
575,0.591,0.5913468459212702,0.5750804730757463,0.5703540760497027,0.5913468459212702,waveform_21,5,LR,False,10
576,0.0972222222222222,0.14,0.0432323232323232,0.0266666666666666,0.14,movement_libras,0,LR,True,1
577,0.0833333333333333,0.1066666666666666,0.0325,0.0202298850574712,0.1066666666666666,movement_libras,0,LR,False,1
578,0.0972222222222222,0.16,0.0525252525252525,0.0459677419354838,0.16,movement_libras,1,LR,True,1
579,0.0833333333333333,0.1466666666666666,0.0395622895622895,0.0348566308243727,0.1466666666666666,movement_libras,1,LR,False,1
580,0.0833333333333333,0.1333333333333333,0.0251407129455909,0.0139588100686498,0.1333333333333333,movement_libras,2,LR,True,1
581,0.0833333333333333,0.1333333333333333,0.0251407129455909,0.0139588100686498,0.1333333333333333,movement_libras,2,LR,False,1
582,0.1666666666666666,0.2,0.0558501683501683,0.0325837742504409,0.2,movement_libras,3,LR,True,1
583,0.1666666666666666,0.2,0.0600668337510442,0.0356692242114237,0.2,movement_libras,3,LR,False,1
584,0.1111111111111111,0.1555555555555555,0.0502164502164502,0.0344444444444444,0.1555555555555555,movement_libras,4,LR,True,1
585,0.125,0.1777777777777777,0.0599567099567099,0.0394444444444444,0.1777777777777777,movement_libras,4,LR,False,1
586,0.0833333333333333,0.1333333333333333,0.0288888888888888,0.0165266106442577,0.1333333333333333,movement_libras,5,LR,True,1
587,0.0833333333333333,0.1333333333333333,0.029090909090909,0.0166427546628407,0.1333333333333333,movement_libras,5,LR,False,1
588,0.0972222222222222,0.1288888888888889,0.0533333333333333,0.038,0.1288888888888889,movement_libras,0,LR,True,5
589,0.0972222222222222,0.1288888888888889,0.0533333333333333,0.038,0.1288888888888889,movement_libras,0,LR,False,5
590,0.1111111111111111,0.1533333333333333,0.0527318295739348,0.0328104575163398,0.1533333333333333,movement_libras,1,LR,True,5
591,0.1111111111111111,0.1533333333333333,0.0527318295739348,0.0328104575163398,0.1533333333333333,movement_libras,1,LR,False,5
592,0.0833333333333333,0.1333333333333333,0.0459859325733689,0.0321428571428571,0.1333333333333333,movement_libras,2,LR,True,5
593,0.0833333333333333,0.1333333333333333,0.0459859325733689,0.0321428571428571,0.1333333333333333,movement_libras,2,LR,False,5
594,0.1666666666666666,0.2,0.0847711675297882,0.0733785220627325,0.2,movement_libras,3,LR,True,5
595,0.1666666666666666,0.2,0.0847711675297882,0.0733785220627325,0.2,movement_libras,3,LR,False,5
596,0.125,0.1833333333333333,0.0667936507936508,0.0417310358486829,0.1833333333333333,movement_libras,4,LR,True,5
597,0.125,0.1833333333333333,0.0667936507936508,0.0417310358486829,0.1833333333333333,movement_libras,4,LR,False,5
598,0.0694444444444444,0.1111111111111111,0.0298989898989899,0.0177777777777777,0.1111111111111111,movement_libras,5,LR,True,5
599,0.0694444444444444,0.1111111111111111,0.0295424836601307,0.0175627240143369,0.1111111111111111,movement_libras,5,LR,False,5
600,0.3333333333333333,0.3206349206349206,0.2718086883876358,0.3541025641025641,0.3206349206349206,movement_libras,0,LR,True,10
601,0.125,0.1622222222222222,0.0951690821256038,0.0892735042735042,0.1622222222222222,movement_libras,0,LR,False,10
602,0.2222222222222222,0.263015873015873,0.1658201058201058,0.1981532356532356,0.263015873015873,movement_libras,1,LR,True,10
603,0.2222222222222222,0.263015873015873,0.1658201058201058,0.1981532356532356,0.263015873015873,movement_libras,1,LR,False,10
604,0.1805555555555555,0.2142857142857142,0.1229603729603729,0.1151771336553945,0.2142857142857142,movement_libras,2,LR,True,10
605,0.1805555555555555,0.2142857142857142,0.1229603729603729,0.1151771336553945,0.2142857142857142,movement_libras,2,LR,False,10
606,0.3194444444444444,0.3484126984126984,0.228968253968254,0.2711363636363636,0.3484126984126984,movement_libras,3,LR,True,10
607,0.3194444444444444,0.3484126984126984,0.228968253968254,0.2711363636363636,0.3484126984126984,movement_libras,3,LR,False,10
608,0.3055555555555556,0.3256349206349205,0.2397840939017409,0.2713634513634514,0.3256349206349205,movement_libras,4,LR,True,10
609,0.1805555555555555,0.23,0.1457796451914099,0.1319763460939931,0.23,movement_libras,4,LR,False,10
610,0.2777777777777778,0.2522222222222222,0.1888407888407888,0.2036691086691086,0.2522222222222222,movement_libras,5,LR,True,10
611,0.0833333333333333,0.0977777777777777,0.0589873089873089,0.1253623188405797,0.0977777777777777,movement_libras,5,LR,False,10
612,0.5470085470085471,0.5354057171839287,0.509413271523056,0.5120511600066348,0.5354057171839287,satimage,0,LR,True,1
613,0.5470085470085471,0.5354057171839287,0.509413271523056,0.5120511600066348,0.5354057171839287,satimage,0,LR,False,1
614,0.554001554001554,0.5315482554511003,0.5150396393717179,0.517815445498567,0.5315482554511003,satimage,1,LR,True,1
615,0.554001554001554,0.5315482554511003,0.5150396393717179,0.517815445498567,0.5315482554511003,satimage,1,LR,False,1
616,0.5501165501165501,0.5290830193470799,0.5109581714915373,0.5155304217198405,0.5290830193470799,satimage,2,LR,True,1
617,0.5470085470085471,0.481217337138123,0.4282087143676195,0.3873523682324123,0.481217337138123,satimage,2,LR,False,1
618,0.5571095571095571,0.5352567545384455,0.5172767619952866,0.524899960544247,0.5352567545384455,satimage,3,LR,True,1
619,0.5571095571095571,0.5352567545384455,0.5172767619952866,0.524899960544247,0.5352567545384455,satimage,3,LR,False,1
620,0.5470085470085471,0.5283700243730921,0.5186410076508924,0.5296588005540471,0.5283700243730921,satimage,4,LR,True,1
621,0.5470085470085471,0.5283700243730921,0.5186410076508924,0.5296588005540471,0.5283700243730921,satimage,4,LR,False,1
622,0.5687645687645687,0.5503193847227635,0.5350791174085457,0.5430109304729799,0.5503193847227635,satimage,5,LR,True,1
623,0.5687645687645687,0.5503193847227635,0.5350791174085457,0.5430109304729799,0.5503193847227635,satimage,5,LR,False,1
624,0.7637917637917638,0.6822720983446682,0.6489203556913062,0.6523224447121411,0.6822720983446682,satimage,0,LR,True,5
625,0.7637917637917638,0.6822720983446682,0.6489203556913062,0.6523224447121411,0.6822720983446682,satimage,0,LR,False,5
626,0.7715617715617715,0.6662628191116903,0.64248642083128,0.728882592633968,0.6662628191116903,satimage,1,LR,True,5
627,0.7715617715617715,0.6662628191116903,0.64248642083128,0.728882592633968,0.6662628191116903,satimage,1,LR,False,5
628,0.7606837606837606,0.6668857766714607,0.6365184317706583,0.6513293465879673,0.6668857766714607,satimage,2,LR,True,5
629,0.7606837606837606,0.6668857766714607,0.6365184317706583,0.6513293465879673,0.6668857766714607,satimage,2,LR,False,5
630,0.7707847707847708,0.6655367070783446,0.6365577197339597,0.6457389684668297,0.6655367070783446,satimage,3,LR,True,5
631,0.7707847707847708,0.6655367070783446,0.6365577197339597,0.6457389684668297,0.6655367070783446,satimage,3,LR,False,5
632,0.7731157731157731,0.6709851526462022,0.6479684454393045,0.6662095820561102,0.6709851526462022,satimage,4,LR,True,5
633,0.7731157731157731,0.6709851526462022,0.6479684454393045,0.6662095820561102,0.6709851526462022,satimage,4,LR,False,5
634,0.7707847707847708,0.6722446898056837,0.6484697798134339,0.6593459263444134,0.6722446898056837,satimage,5,LR,True,5
635,0.7707847707847708,0.6722446898056837,0.6484697798134339,0.6593459263444134,0.6722446898056837,satimage,5,LR,False,5
636,0.7498057498057498,0.6676616221176676,0.6322402559701029,0.6413627934395478,0.6676616221176676,satimage,0,LR,True,10
637,0.7498057498057498,0.6676616221176676,0.6322402559701029,0.6413627934395478,0.6676616221176676,satimage,0,LR,False,10
638,0.7552447552447552,0.651708952831305,0.6303035580171473,0.635423710956878,0.651708952831305,satimage,1,LR,True,10
639,0.7552447552447552,0.651708952831305,0.6303035580171473,0.635423710956878,0.651708952831305,satimage,1,LR,False,10
640,0.7591297591297591,0.6718055942245087,0.6520506623615155,0.7386507674791966,0.6718055942245087,satimage,2,LR,True,10
641,0.7591297591297591,0.6718055942245087,0.6520506623615155,0.7386507674791966,0.6718055942245087,satimage,2,LR,False,10
642,0.7645687645687645,0.6630102209390244,0.6404286278689325,0.7250708660756359,0.6630102209390244,satimage,3,LR,True,10
643,0.7645687645687645,0.6630102209390244,0.6404286278689325,0.7250708660756359,0.6630102209390244,satimage,3,LR,False,10
644,0.7606837606837606,0.6603965963074582,0.6405505045039177,0.6962898728969772,0.6603965963074582,satimage,4,LR,True,10
645,0.7606837606837606,0.6603965963074582,0.6405505045039177,0.6962898728969772,0.6603965963074582,satimage,4,LR,False,10
646,0.7653457653457654,0.6704632765485982,0.6541247573101326,0.698858139037761,0.6704632765485982,satimage,5,LR,True,10
647,0.7653457653457654,0.6704632765485982,0.6541247573101326,0.698858139037761,0.6704632765485982,satimage,5,LR,False,10
648,0.68125,0.6761904761904762,0.5211267605633803,1.0,0.3523809523809524,chess,0,LR,True,1
649,0.68125,0.6761904761904762,0.5211267605633803,1.0,0.3523809523809524,chess,0,LR,False,1
650,0.6359375,0.666189111747851,0.4989247311827957,1.0,0.332378223495702,chess,1,LR,True,1
651,0.6359375,0.666189111747851,0.4989247311827957,1.0,0.332378223495702,chess,1,LR,False,1
652,0.6765625,0.6982507288629738,0.5678496868475992,1.0,0.3965014577259475,chess,2,LR,True,1
653,0.6765625,0.6982507288629738,0.5678496868475992,1.0,0.3965014577259475,chess,2,LR,False,1
654,0.6546875,0.6701492537313433,0.5077951002227172,1.0,0.3402985074626866,chess,3,LR,True,1
655,0.6546875,0.6701492537313433,0.5077951002227172,1.0,0.3402985074626866,chess,3,LR,False,1
656,0.68125,0.6832298136645962,0.5363636363636365,1.0,0.3664596273291925,chess,4,LR,True,1
657,0.68125,0.6832298136645962,0.5363636363636365,1.0,0.3664596273291925,chess,4,LR,False,1
658,0.665625,0.6737804878048781,0.5158371040723981,1.0,0.3475609756097561,chess,5,LR,True,1
659,0.665625,0.6737804878048781,0.5158371040723981,1.0,0.3475609756097561,chess,5,LR,False,1
660,0.7328125,0.7369230769230769,0.7865168539325843,0.6481481481481481,1.0,chess,0,LR,True,5
661,0.7328125,0.7369230769230769,0.7865168539325843,0.6481481481481481,1.0,chess,0,LR,False,5
662,0.7859375,0.7646048109965635,0.8359281437125748,0.7181069958847737,1.0,chess,1,LR,True,5
663,0.778125,0.7588692287241898,0.8268292682926829,0.7197452229299363,0.97134670487106,chess,1,LR,False,5
664,0.7546875,0.7356902356902357,0.8137603795966786,0.686,1.0,chess,2,LR,True,5
665,0.7546875,0.7356902356902357,0.8137603795966786,0.686,1.0,chess,2,LR,False,5
666,0.7421875,0.7295081967213115,0.8023952095808384,0.67,1.0,chess,3,LR,True,5
667,0.7421875,0.7295081967213115,0.8023952095808384,0.67,1.0,chess,3,LR,False,5
668,0.753125,0.7515723270440251,0.8029925187032418,0.6708333333333333,1.0,chess,4,LR,True,5
669,0.753125,0.7515723270440251,0.8029925187032418,0.6708333333333333,1.0,chess,4,LR,False,5
670,0.75,0.7435897435897436,0.8039215686274509,0.6721311475409836,1.0,chess,5,LR,True,5
671,0.75,0.7435897435897436,0.8039215686274509,0.6721311475409836,1.0,chess,5,LR,False,5
672,0.8984375,0.8995604395604395,0.9039881831610044,0.8453038674033149,0.9714285714285714,chess,0,LR,True,10
673,0.8984375,0.8995604395604395,0.9039881831610044,0.8453038674033149,0.9714285714285714,chess,0,LR,False,10
674,0.9109375,0.9049173386898256,0.9224489795918368,0.8782383419689119,0.97134670487106,chess,1,LR,True,10
675,0.9109375,0.9049173386898256,0.9224489795918368,0.8782383419689119,0.97134670487106,chess,1,LR,False,10
676,0.90625,0.9001187776697981,0.9184782608695652,0.8600508905852418,0.9854227405247812,chess,2,LR,True,10
677,0.90625,0.9001187776697981,0.9184782608695652,0.8600508905852418,0.9854227405247812,chess,2,LR,False,10
678,0.91875,0.9157817470026914,0.9265536723163842,0.8793565683646113,0.9791044776119404,chess,3,LR,True,10
679,0.91875,0.9157817470026914,0.9265536723163842,0.8793565683646113,0.9791044776119404,chess,3,LR,False,10
680,0.9015625,0.9010605883042306,0.9093525179856116,0.8471849865951743,0.9813664596273292,chess,4,LR,True,10
681,0.9015625,0.9010605883042306,0.9093525179856116,0.8471849865951743,0.9813664596273292,chess,4,LR,False,10
682,0.9203125,0.918894621638524,0.9261939218523878,0.8815426997245179,0.975609756097561,chess,5,LR,True,10
683,0.9203125,0.918894621638524,0.9261939218523878,0.8815426997245179,0.975609756097561,chess,5,LR,False,10
684,0.6578125,0.6630769230769231,0.4918793503480277,1.0,0.3261538461538461,kr_vs_kp,0,LR,True,1
685,0.6578125,0.6630769230769231,0.4918793503480277,1.0,0.3261538461538461,kr_vs_kp,0,LR,False,1
686,0.65,0.6676557863501483,0.5022222222222222,1.0,0.3353115727002967,kr_vs_kp,1,LR,True,1
687,0.65,0.6676557863501483,0.5022222222222222,1.0,0.3353115727002967,kr_vs_kp,1,LR,False,1
688,0.6546875,0.6651515151515152,0.4965831435079726,1.0,0.3303030303030303,kr_vs_kp,2,LR,True,1
689,0.6546875,0.6651515151515152,0.4965831435079726,1.0,0.3303030303030303,kr_vs_kp,2,LR,False,1
690,0.6375,0.6463414634146342,0.4528301886792452,1.0,0.2926829268292683,kr_vs_kp,3,LR,True,1
691,0.6375,0.6463414634146342,0.4528301886792452,1.0,0.2926829268292683,kr_vs_kp,3,LR,False,1
692,0.646875,0.6780626780626781,0.5252100840336135,1.0,0.3561253561253561,kr_vs_kp,4,LR,True,1
693,0.646875,0.6780626780626781,0.5252100840336135,1.0,0.3561253561253561,kr_vs_kp,4,LR,False,1
694,0.64375,0.6617210682492581,0.4887892376681614,1.0,0.3234421364985163,kr_vs_kp,5,LR,True,1
695,0.64375,0.6617210682492581,0.4887892376681614,1.0,0.3234421364985163,kr_vs_kp,5,LR,False,1
696,0.7484375,0.7444444444444445,0.8014796547472256,0.668724279835391,1.0,kr_vs_kp,0,LR,True,5
697,0.7484375,0.7444444444444445,0.8014796547472256,0.668724279835391,1.0,kr_vs_kp,0,LR,False,5
698,0.7421875,0.7277227722772277,0.8033373063170441,0.6713147410358565,1.0,kr_vs_kp,1,LR,True,5
699,0.7421875,0.7277227722772277,0.8033373063170441,0.6713147410358565,1.0,kr_vs_kp,1,LR,False,5
700,0.759375,0.7516129032258064,0.8108108108108109,0.6818181818181818,1.0,kr_vs_kp,2,LR,True,5
701,0.759375,0.7516129032258064,0.8108108108108109,0.6818181818181818,1.0,kr_vs_kp,2,LR,False,5
702,0.734375,0.7275641025641025,0.7941888619854721,0.6586345381526104,1.0,kr_vs_kp,3,LR,True,5
703,0.734375,0.7275641025641025,0.7941888619854721,0.6586345381526104,1.0,kr_vs_kp,3,LR,False,5
704,0.7609375,0.7352941176470589,0.8210526315789474,0.6964285714285714,1.0,kr_vs_kp,4,LR,True,5
705,0.7609375,0.7352941176470589,0.8210526315789474,0.6964285714285714,1.0,kr_vs_kp,4,LR,False,5
706,0.740625,0.7260726072607261,0.8023809523809524,0.6699801192842942,1.0,kr_vs_kp,5,LR,True,5
707,0.740625,0.7260726072607261,0.8023809523809524,0.6699801192842942,1.0,kr_vs_kp,5,LR,False,5
708,0.9,0.8989010989010989,0.9077809798270894,0.8536585365853658,0.9692307692307692,kr_vs_kp,0,LR,True,10
709,0.9,0.8989010989010989,0.9077809798270894,0.8536585365853658,0.9692307692307692,kr_vs_kp,0,LR,False,10
710,0.8859375,0.8808698377256123,0.9001367989056087,0.8350253807106599,0.9762611275964392,kr_vs_kp,1,LR,True,10
711,0.8859375,0.8808698377256123,0.9001367989056087,0.8350253807106599,0.9762611275964392,kr_vs_kp,1,LR,False,10
712,0.89375,0.8911045943304008,0.9044943820224718,0.8429319371727748,0.9757575757575756,kr_vs_kp,2,LR,True,10
713,0.89375,0.8911045943304008,0.9044943820224718,0.8429319371727748,0.9757575757575756,kr_vs_kp,2,LR,False,10
714,0.890625,0.8885240775484677,0.9011299435028248,0.8394736842105263,0.972560975609756,kr_vs_kp,3,LR,True,10
715,0.890625,0.8885240775484677,0.9011299435028248,0.8394736842105263,0.972560975609756,kr_vs_kp,3,LR,False,10
716,0.9109375,0.90566251638916,0.9220246238030096,0.8868421052631579,0.96011396011396,kr_vs_kp,4,LR,True,10
717,0.9109375,0.90566251638916,0.9220246238030096,0.8868421052631579,0.96011396011396,kr_vs_kp,4,LR,False,10
718,0.8984375,0.8937381868750673,0.9105914718019256,0.8487179487179487,0.9821958456973294,kr_vs_kp,5,LR,True,10
719,0.8984375,0.8937381868750673,0.9105914718019256,0.8487179487179487,0.9821958456973294,kr_vs_kp,5,LR,False,10
720,0.2135231316725978,0.2232212244773555,0.1485976364297632,0.135650691900252,0.2232212244773555,optdigits,0,LR,True,1
721,0.2135231316725978,0.2232212244773555,0.1485976364297632,0.135650691900252,0.2232212244773555,optdigits,0,LR,False,1
722,0.2188612099644128,0.226573594587975,0.1482592466187262,0.1199130436268108,0.226573594587975,optdigits,1,LR,True,1
723,0.2188612099644128,0.226573594587975,0.1482592466187262,0.1199130436268108,0.226573594587975,optdigits,1,LR,False,1
724,0.2455516014234875,0.2441004314142262,0.1798592495196053,0.1723945764777098,0.2441004314142262,optdigits,2,LR,True,1
725,0.2455516014234875,0.2441004314142262,0.1798592495196053,0.1723945764777098,0.2441004314142262,optdigits,2,LR,False,1
726,0.2313167259786477,0.2259846177744487,0.1541690390775949,0.138371069314044,0.2259846177744487,optdigits,3,LR,True,1
727,0.2313167259786477,0.2259846177744487,0.1541690390775949,0.138371069314044,0.2259846177744487,optdigits,3,LR,False,1
728,0.2286476868327402,0.2250084917549041,0.1640850754328209,0.1593464100388081,0.2250084917549041,optdigits,4,LR,True,1
729,0.2286476868327402,0.2250084917549041,0.1640850754328209,0.1593464100388081,0.2250084917549041,optdigits,4,LR,False,1
730,0.2348754448398576,0.2388560708553868,0.1793945654079566,0.2015940286490377,0.2388560708553868,optdigits,5,LR,True,1
731,0.2348754448398576,0.2388560708553868,0.1793945654079566,0.2015940286490377,0.2388560708553868,optdigits,5,LR,False,1
732,0.5427046263345195,0.5394449640464243,0.5306336383596727,0.5413771551117378,0.5394449640464243,optdigits,0,LR,True,5
733,0.5427046263345195,0.5394449640464243,0.5306336383596727,0.5413771551117378,0.5394449640464243,optdigits,0,LR,False,5
734,0.5169039145907474,0.5199161560252141,0.5064349057764489,0.5105177921588643,0.5199161560252141,optdigits,1,LR,True,5
735,0.5169039145907474,0.5199161560252141,0.5064349057764489,0.5105177921588643,0.5199161560252141,optdigits,1,LR,False,5
736,0.5409252669039146,0.5451063493576863,0.5350917394632473,0.5405192619284434,0.5451063493576863,optdigits,2,LR,True,5
737,0.5409252669039146,0.5451063493576863,0.5350917394632473,0.5405192619284434,0.5451063493576863,optdigits,2,LR,False,5
738,0.5569395017793595,0.5540884695970598,0.5490110004815287,0.5579092732888264,0.5540884695970598,optdigits,3,LR,True,5
739,0.5569395017793595,0.5540884695970598,0.5490110004815287,0.5579092732888264,0.5540884695970598,optdigits,3,LR,False,5
740,0.5115658362989324,0.5176916105592558,0.506389182102661,0.5129503101904417,0.5176916105592558,optdigits,4,LR,True,5
741,0.5115658362989324,0.5176916105592558,0.506389182102661,0.5129503101904417,0.5176916105592558,optdigits,4,LR,False,5
742,0.5195729537366548,0.5213994794222242,0.513805358124716,0.520970053243014,0.5213994794222242,optdigits,5,LR,True,5
743,0.548932384341637,0.5494869581866925,0.5383579350100686,0.5391190404448643,0.5494869581866925,optdigits,5,LR,False,5
744,0.8016014234875445,0.7962974668089552,0.7958170360764738,0.7988476946803422,0.7962974668089552,optdigits,0,LR,True,10
745,0.7642348754448398,0.7600516639298475,0.755241622062691,0.7576787118685505,0.7600516639298475,optdigits,0,LR,False,10
746,0.798932384341637,0.8024952220915378,0.7994571809466352,0.7998188811420557,0.8024952220915378,optdigits,1,LR,True,10
747,0.798932384341637,0.8024952220915378,0.7994571809466352,0.7998188811420557,0.8024952220915378,optdigits,1,LR,False,10
748,0.7927046263345195,0.7952020802462588,0.7916038065503697,0.7930399407294504,0.7952020802462588,optdigits,2,LR,True,10
749,0.7927046263345195,0.7952020802462588,0.7916038065503697,0.7930399407294504,0.7952020802462588,optdigits,2,LR,False,10
750,0.7944839857651246,0.7935054082279842,0.7912546852845018,0.792310539328697,0.7935054082279842,optdigits,3,LR,True,10
751,0.7944839857651246,0.7935054082279842,0.7912546852845018,0.792310539328697,0.7935054082279842,optdigits,3,LR,False,10
752,0.7784697508896797,0.7849932824886101,0.7792303989346732,0.7821099415983134,0.7849932824886101,optdigits,4,LR,True,10
753,0.7784697508896797,0.7849932824886101,0.7792303989346732,0.7821099415983134,0.7849932824886101,optdigits,4,LR,False,10
754,0.7784697508896797,0.7794948248283105,0.776652824728486,0.7761948396799948,0.7794948248283105,optdigits,5,LR,True,10
755,0.7357651245551602,0.7381376310162852,0.7318694619815258,0.7300585998091904,0.7381376310162852,optdigits,5,LR,False,10
756,0.64576802507837,0.5823643410852714,0.4794799468274811,0.4245321614274025,0.5823643410852714,splice,0,LR,True,1
757,0.64576802507837,0.5823643410852714,0.4794799468274811,0.4245321614274025,0.5823643410852714,splice,0,LR,False,1
758,0.658307210031348,0.5918813716404078,0.4946594643731207,0.4335538024278162,0.5918813716404078,splice,1,LR,True,1
759,0.658307210031348,0.5918813716404078,0.4946594643731207,0.4335538024278162,0.5918813716404078,splice,1,LR,False,1
760,0.609717868338558,0.564142155939693,0.4621650965783126,0.404732147836156,0.564142155939693,splice,2,LR,True,1
761,0.609717868338558,0.564142155939693,0.4621650965783126,0.404732147836156,0.564142155939693,splice,2,LR,False,1
762,0.6394984326018809,0.584066201936166,0.4824805996909149,0.4213150844805177,0.584066201936166,splice,3,LR,True,1
763,0.6394984326018809,0.584066201936166,0.4824805996909149,0.4213150844805177,0.584066201936166,splice,3,LR,False,1
764,0.6206896551724138,0.5786749482401656,0.4719010736961075,0.4097701149425287,0.5786749482401656,splice,4,LR,True,1
765,0.6206896551724138,0.5786749482401656,0.4719010736961075,0.4097701149425287,0.5786749482401656,splice,4,LR,False,1
766,0.6285266457680251,0.5748050682261209,0.4685140732757447,0.4135757935135313,0.5748050682261209,splice,5,LR,True,1
767,0.6285266457680251,0.5748050682261209,0.4685140732757447,0.4135757935135313,0.5748050682261209,splice,5,LR,False,1
768,0.7664576802507836,0.7970046468451645,0.7551514552552256,0.750422275812245,0.7970046468451645,splice,0,LR,True,5
769,0.7664576802507836,0.7970046468451645,0.7551514552552256,0.750422275812245,0.7970046468451645,splice,0,LR,False,5
770,0.7586206896551724,0.7738758697794842,0.7453915908193194,0.7448596792668957,0.7738758697794842,splice,1,LR,True,5
771,0.7586206896551724,0.7738758697794842,0.7453915908193194,0.7448596792668957,0.7738758697794842,splice,1,LR,False,5
772,0.7147335423197492,0.7390781391957729,0.7075280897568375,0.7147222616671187,0.7390781391957729,splice,2,LR,True,5
773,0.7147335423197492,0.7390781391957729,0.7075280897568375,0.7147222616671187,0.7390781391957729,splice,2,LR,False,5
774,0.7617554858934169,0.7768559145503701,0.7486180288067091,0.7454767094188735,0.7768559145503701,splice,3,LR,True,5
775,0.7617554858934169,0.7768559145503701,0.7486180288067091,0.7454767094188735,0.7768559145503701,splice,3,LR,False,5
776,0.7398119122257053,0.7615326169272967,0.7315723792239218,0.7333679283137192,0.7615326169272967,splice,4,LR,True,5
777,0.7398119122257053,0.7615326169272967,0.7315723792239218,0.7333679283137192,0.7615326169272967,splice,4,LR,False,5
778,0.7304075235109718,0.7605994152046783,0.7195857393732732,0.719033692368879,0.7605994152046783,splice,5,LR,True,5
779,0.7304075235109718,0.7605994152046783,0.7195857393732732,0.719033692368879,0.7605994152046783,splice,5,LR,False,5
780,0.8040752351097179,0.8159731929385224,0.7885848041529023,0.7783369954369719,0.8159731929385224,splice,0,LR,True,10
781,0.8025078369905956,0.7974162155646826,0.7809469432053335,0.7706223513241159,0.7974162155646826,splice,0,LR,False,10
782,0.7931034482758621,0.7956055724730424,0.7796753713676822,0.7708122456162769,0.7956055724730424,splice,1,LR,True,10
783,0.7946708463949843,0.7924978826872113,0.7810094556401573,0.7734833315465424,0.7924978826872113,splice,1,LR,False,10
784,0.780564263322884,0.801111305567432,0.7756821536115132,0.7698921615364722,0.801111305567432,splice,2,LR,True,10
785,0.7711598746081505,0.7908481963191633,0.7668805204859389,0.7632511423720955,0.7908481963191633,splice,2,LR,False,10
786,0.7915360501567398,0.7885395179212491,0.7780815341917579,0.7709095678405141,0.7885395179212491,splice,3,LR,True,10
787,0.780564263322884,0.7716292792878354,0.7641570280311617,0.758385910698877,0.7716292792878354,splice,3,LR,False,10
788,0.8134796238244514,0.8295028194522924,0.8068237626952914,0.7989463335646542,0.8295028194522924,splice,4,LR,True,10
789,0.774294670846395,0.7754164362013545,0.765225603819163,0.7579233243685071,0.7754164362013545,splice,4,LR,False,10
790,0.7601880877742947,0.7763157894736842,0.7476391903147032,0.7387574444927213,0.7763157894736842,splice,5,LR,True,10
791,0.7601880877742947,0.7763157894736842,0.7476391903147032,0.7387574444927213,0.7763157894736842,splice,5,LR,False,10
792,0.4290909090909091,0.4322314479740047,0.3830910881829125,0.3762353698529564,0.4322314479740047,texture,0,LR,True,1
793,0.4290909090909091,0.4322314479740047,0.3830910881829125,0.3762353698529564,0.4322314479740047,texture,0,LR,False,1
794,0.3990909090909091,0.4116774755141683,0.3466527761803624,0.3032126894423909,0.4116774755141683,texture,1,LR,True,1
795,0.3990909090909091,0.4116774755141683,0.3466527761803624,0.3032126894423909,0.4116774755141683,texture,1,LR,False,1
796,0.3981818181818182,0.4143697461288205,0.3664596774596707,0.3699897474653447,0.4143697461288205,texture,2,LR,True,1
797,0.3981818181818182,0.4143697461288205,0.3664596774596707,0.3699897474653447,0.4143697461288205,texture,2,LR,False,1
798,0.4345454545454545,0.4222709229438379,0.4069678217082594,0.414869082380347,0.4222709229438379,texture,3,LR,True,1
799,0.4345454545454545,0.4222709229438379,0.4069678217082594,0.414869082380347,0.4222709229438379,texture,3,LR,False,1
800,0.4145454545454545,0.4112168715408915,0.3843869621969825,0.3909691126910168,0.4112168715408915,texture,4,LR,True,1
801,0.4145454545454545,0.4112168715408915,0.3843869621969825,0.3909691126910168,0.4112168715408915,texture,4,LR,False,1
802,0.41,0.4134380788267923,0.367067290411783,0.3705026801753155,0.4134380788267923,texture,5,LR,True,1
803,0.41,0.4134380788267923,0.367067290411783,0.3705026801753155,0.4134380788267923,texture,5,LR,False,1
804,0.4854545454545454,0.4841076335055276,0.4524092288631209,0.4393226917773722,0.4841076335055276,texture,0,LR,True,5
805,0.6736363636363636,0.6775751068208652,0.6656746325674735,0.6616555005808432,0.6775751068208652,texture,0,LR,False,5
806,0.4681818181818182,0.4764431414819775,0.4443001782109153,0.4779907993730067,0.4764431414819775,texture,1,LR,True,5
807,0.4681818181818182,0.4764431414819775,0.4443001782109153,0.4779907993730067,0.4764431414819775,texture,1,LR,False,5
808,0.4390909090909091,0.45216663959319,0.4191603186722301,0.4235874608670812,0.45216663959319,texture,2,LR,True,5
809,0.4390909090909091,0.45216663959319,0.4191603186722301,0.4235874608670812,0.45216663959319,texture,2,LR,False,5
810,0.4918181818181818,0.4808873667132477,0.4653320472804162,0.465350605761154,0.4808873667132477,texture,3,LR,True,5
811,0.7109090909090909,0.6957947098767018,0.6878736325589346,0.6868467174748625,0.6957947098767018,texture,3,LR,False,5
812,0.4809090909090909,0.4750875586632739,0.4629182977786705,0.4636273251508446,0.4750875586632739,texture,4,LR,True,5
813,0.68,0.6714447200884944,0.6620286744335371,0.6596848609889124,0.6714447200884944,texture,4,LR,False,5
814,0.4572727272727273,0.4558581809075548,0.4360765106386386,0.4368346552192216,0.4558581809075548,texture,5,LR,True,5
815,0.4572727272727273,0.4558581809075548,0.4360765106386386,0.4368346552192216,0.4558581809075548,texture,5,LR,False,5
816,0.8027272727272727,0.8000677809284383,0.7970124982496233,0.7965394361550053,0.8000677809284383,texture,0,LR,True,10
817,0.8027272727272727,0.8000677809284383,0.7970124982496233,0.7965394361550053,0.8000677809284383,texture,0,LR,False,10
818,0.7781818181818182,0.7803487876982724,0.7752567918539782,0.7750449664764504,0.7803487876982724,texture,1,LR,True,10
819,0.7781818181818182,0.7803487876982724,0.7752567918539782,0.7750449664764504,0.7803487876982724,texture,1,LR,False,10
820,0.7963636363636364,0.8011970132063863,0.7945549079171528,0.7938070676043371,0.8011970132063863,texture,2,LR,True,10
821,0.7963636363636364,0.8011970132063863,0.7945549079171528,0.7938070676043371,0.8011970132063863,texture,2,LR,False,10
822,0.8027272727272727,0.7945877527134949,0.7900054809269108,0.7906047118648253,0.7945877527134949,texture,3,LR,True,10
823,0.8027272727272727,0.7945877527134949,0.7900054809269108,0.7906047118648253,0.7945877527134949,texture,3,LR,False,10
824,0.7972727272727272,0.7945880571059424,0.7898404534630431,0.7903262618561353,0.7945880571059424,texture,4,LR,True,10
825,0.7972727272727272,0.7945880571059424,0.7898404534630431,0.7903262618561353,0.7945880571059424,texture,4,LR,False,10
826,0.7909090909090909,0.7922014477683444,0.7866431273533171,0.7881110939110848,0.7922014477683444,texture,5,LR,True,10
827,0.7909090909090909,0.7922014477683444,0.7866431273533171,0.7881110939110848,0.7922014477683444,texture,5,LR,False,10
828,0.7380952380952381,0.7517162471395882,0.717948717948718,0.875,0.6086956521739131,sonar,0,LR,True,1
829,0.7380952380952381,0.7517162471395882,0.717948717948718,0.875,0.6086956521739131,sonar,0,LR,False,1
830,0.7857142857142857,0.7863636363636364,0.7804878048780488,0.7619047619047619,0.8,sonar,1,LR,True,1
831,0.7857142857142857,0.7863636363636364,0.7804878048780488,0.7619047619047619,0.8,sonar,1,LR,False,1
832,0.7142857142857143,0.6944444444444444,0.6250000000000001,0.7142857142857143,0.5555555555555556,sonar,2,LR,True,1
833,0.7142857142857143,0.6944444444444444,0.6250000000000001,0.7142857142857143,0.5555555555555556,sonar,2,LR,False,1
834,0.6190476190476191,0.6190476190476191,0.4666666666666666,0.7777777777777778,0.3333333333333333,sonar,3,LR,True,1
835,0.6190476190476191,0.6190476190476191,0.4666666666666666,0.7777777777777778,0.3333333333333333,sonar,3,LR,False,1
836,0.6904761904761905,0.6647058823529413,0.5806451612903226,0.6428571428571429,0.5294117647058824,sonar,4,LR,True,1
837,0.6904761904761905,0.6647058823529413,0.5806451612903226,0.6428571428571429,0.5294117647058824,sonar,4,LR,False,1
838,0.7857142857142857,0.7818181818181817,0.7567567567567567,0.8235294117647058,0.7,sonar,5,LR,True,1
839,0.7857142857142857,0.7818181818181817,0.7567567567567567,0.8235294117647058,0.7,sonar,5,LR,False,1
840,0.8333333333333334,0.8386727688787186,0.8372093023255814,0.9,0.782608695652174,sonar,0,LR,True,5
841,0.8095238095238095,0.8169336384439359,0.8095238095238095,0.8947368421052632,0.7391304347826086,sonar,0,LR,False,5
842,0.8095238095238095,0.8113636363636363,0.8095238095238095,0.7727272727272727,0.85,sonar,1,LR,True,5
843,0.8095238095238095,0.8113636363636363,0.8095238095238095,0.7727272727272727,0.85,sonar,1,LR,False,5
844,0.7619047619047619,0.75,0.7058823529411765,0.75,0.6666666666666666,sonar,2,LR,True,5
845,0.7380952380952381,0.7222222222222223,0.6666666666666666,0.7333333333333333,0.6111111111111112,sonar,2,LR,False,5
846,0.6190476190476191,0.6190476190476191,0.4666666666666666,0.7777777777777778,0.3333333333333333,sonar,3,LR,True,5
847,0.6428571428571429,0.6428571428571428,0.5161290322580645,0.8,0.3809523809523809,sonar,3,LR,False,5
848,0.6666666666666666,0.6447058823529412,0.5625,0.6,0.5294117647058824,sonar,4,LR,True,5
849,0.6428571428571429,0.6247058823529412,0.5454545454545455,0.5625,0.5294117647058824,sonar,4,LR,False,5
850,0.8095238095238095,0.8045454545454545,0.7777777777777777,0.875,0.7,sonar,5,LR,True,5
851,0.7619047619047619,0.7613636363636364,0.75,0.75,0.75,sonar,5,LR,False,5
852,0.7857142857142857,0.7906178489702517,0.7906976744186046,0.85,0.7391304347826086,sonar,0,LR,True,10
853,0.7857142857142857,0.7906178489702517,0.7906976744186046,0.85,0.7391304347826086,sonar,0,LR,False,10
854,0.8333333333333334,0.8295454545454546,0.8108108108108107,0.8823529411764706,0.75,sonar,1,LR,True,10
855,0.7857142857142857,0.7863636363636364,0.7804878048780488,0.7619047619047619,0.8,sonar,1,LR,False,10
856,0.6904761904761905,0.6736111111111112,0.606060606060606,0.6666666666666666,0.5555555555555556,sonar,2,LR,True,10
857,0.6666666666666666,0.6527777777777778,0.5882352941176471,0.625,0.5555555555555556,sonar,2,LR,False,10
858,0.6190476190476191,0.6190476190476191,0.5,0.7272727272727273,0.3809523809523809,sonar,3,LR,True,10
859,0.6190476190476191,0.6190476190476191,0.4666666666666666,0.7777777777777778,0.3333333333333333,sonar,3,LR,False,10
860,0.6666666666666666,0.6541176470588235,0.5882352941176471,0.5882352941176471,0.5882352941176471,sonar,4,LR,True,10
861,0.5952380952380952,0.5752941176470588,0.4848484848484848,0.5,0.4705882352941176,sonar,4,LR,False,10
862,0.7857142857142857,0.7840909090909092,0.7692307692307692,0.7894736842105263,0.75,sonar,5,LR,True,10
863,0.7380952380952381,0.7386363636363636,0.7317073170731706,0.7142857142857143,0.75,sonar,5,LR,False,10
864,0.6818181818181818,0.675,0.631578947368421,0.6666666666666666,0.6,molecular_biology_promoters,0,LR,True,1
865,0.6818181818181818,0.675,0.631578947368421,0.6666666666666666,0.6,molecular_biology_promoters,0,LR,False,1
866,0.6818181818181818,0.7666666666666666,0.6666666666666666,0.5,1.0,molecular_biology_promoters,1,LR,True,1
867,0.6818181818181818,0.7666666666666666,0.6666666666666666,0.5,1.0,molecular_biology_promoters,1,LR,False,1
868,0.7727272727272727,0.7410714285714286,0.8275862068965518,0.8,0.8571428571428571,molecular_biology_promoters,2,LR,True,1
869,0.7727272727272727,0.7410714285714286,0.8275862068965518,0.8,0.8571428571428571,molecular_biology_promoters,2,LR,False,1
870,0.6818181818181818,0.6916666666666667,0.6956521739130435,0.6153846153846154,0.8,molecular_biology_promoters,3,LR,True,1
871,0.6818181818181818,0.6916666666666667,0.6956521739130435,0.6153846153846154,0.8,molecular_biology_promoters,3,LR,False,1
872,0.8636363636363636,0.8928571428571428,0.88,1.0,0.7857142857142857,molecular_biology_promoters,4,LR,True,1
873,0.6818181818181818,0.6964285714285714,0.7200000000000001,0.8181818181818182,0.6428571428571429,molecular_biology_promoters,4,LR,False,1
874,0.8636363636363636,0.8636363636363636,0.8695652173913043,0.8333333333333334,0.9090909090909092,molecular_biology_promoters,5,LR,True,1
875,0.6818181818181818,0.6818181818181819,0.6956521739130435,0.6666666666666666,0.7272727272727273,molecular_biology_promoters,5,LR,False,1
876,0.8636363636363636,0.85,0.8235294117647058,1.0,0.7,molecular_biology_promoters,0,LR,True,5
877,0.8636363636363636,0.85,0.8235294117647058,1.0,0.7,molecular_biology_promoters,0,LR,False,5
878,0.8181818181818182,0.8285714285714285,0.75,0.6666666666666666,0.8571428571428571,molecular_biology_promoters,1,LR,True,5
879,0.8181818181818182,0.8285714285714285,0.75,0.6666666666666666,0.8571428571428571,molecular_biology_promoters,1,LR,False,5
880,0.7727272727272727,0.6875,0.8484848484848484,0.7368421052631579,1.0,molecular_biology_promoters,2,LR,True,5
881,0.8636363636363636,0.8392857142857143,0.896551724137931,0.8666666666666667,0.9285714285714286,molecular_biology_promoters,2,LR,False,5
882,0.7272727272727273,0.7333333333333334,0.7272727272727272,0.6666666666666666,0.8,molecular_biology_promoters,3,LR,True,5
883,0.7272727272727273,0.7333333333333334,0.7272727272727272,0.6666666666666666,0.8,molecular_biology_promoters,3,LR,False,5
884,0.9090909090909092,0.9285714285714286,0.923076923076923,1.0,0.8571428571428571,molecular_biology_promoters,4,LR,True,5
885,0.8181818181818182,0.8571428571428572,0.8333333333333333,1.0,0.7142857142857143,molecular_biology_promoters,4,LR,False,5
886,0.7272727272727273,0.7272727272727273,0.7000000000000001,0.7777777777777778,0.6363636363636364,molecular_biology_promoters,5,LR,True,5
887,0.7272727272727273,0.7272727272727273,0.7000000000000001,0.7777777777777778,0.6363636363636364,molecular_biology_promoters,5,LR,False,5
888,0.8181818181818182,0.8083333333333333,0.7777777777777777,0.875,0.7,molecular_biology_promoters,0,LR,True,10
889,0.7727272727272727,0.7666666666666666,0.7368421052631577,0.7777777777777778,0.7,molecular_biology_promoters,0,LR,False,10
890,0.8636363636363636,0.9,0.8235294117647058,0.7,1.0,molecular_biology_promoters,1,LR,True,10
891,0.8181818181818182,0.8285714285714285,0.75,0.6666666666666666,0.8571428571428571,molecular_biology_promoters,1,LR,False,10
892,0.9090909090909092,0.9017857142857144,0.9285714285714286,0.9285714285714286,0.9285714285714286,molecular_biology_promoters,2,LR,True,10
893,0.8636363636363636,0.8392857142857143,0.896551724137931,0.8666666666666667,0.9285714285714286,molecular_biology_promoters,2,LR,False,10
894,0.8636363636363636,0.8666666666666667,0.8571428571428572,0.8181818181818182,0.9,molecular_biology_promoters,3,LR,True,10
895,0.8181818181818182,0.8333333333333333,0.8333333333333333,0.7142857142857143,1.0,molecular_biology_promoters,3,LR,False,10
896,0.7727272727272727,0.7946428571428572,0.8,0.9090909090909092,0.7142857142857143,molecular_biology_promoters,4,LR,True,10
897,0.7727272727272727,0.7946428571428572,0.8,0.9090909090909092,0.7142857142857143,molecular_biology_promoters,4,LR,False,10
898,0.8636363636363636,0.8636363636363636,0.8421052631578948,1.0,0.7272727272727273,molecular_biology_promoters,5,LR,True,10
899,0.9090909090909092,0.9090909090909092,0.9,1.0,0.8181818181818182,molecular_biology_promoters,5,LR,False,10
900,0.2925,0.296495499385525,0.2211870357634844,0.2178395904710324,0.296495499385525,mfeat_fourier,0,LR,True,1
901,0.2925,0.296495499385525,0.2211870357634844,0.2178395904710324,0.296495499385525,mfeat_fourier,0,LR,False,1
902,0.2575,0.2551068376068376,0.1884682539682539,0.1684102249752656,0.2551068376068376,mfeat_fourier,1,LR,True,1
903,0.2575,0.2551068376068376,0.1884682539682539,0.1684102249752656,0.2551068376068376,mfeat_fourier,1,LR,False,1
904,0.265,0.2670764518132939,0.2097687690130747,0.191408043526652,0.2670764518132939,mfeat_fourier,2,LR,True,1
905,0.265,0.2670764518132939,0.2097687690130747,0.191408043526652,0.2670764518132939,mfeat_fourier,2,LR,False,1
906,0.2625,0.2705523672883788,0.1773403764111169,0.1518821680407946,0.2705523672883788,mfeat_fourier,3,LR,True,1
907,0.2625,0.2705523672883788,0.1773403764111169,0.1518821680407946,0.2705523672883788,mfeat_fourier,3,LR,False,1
908,0.2375,0.2584427284427284,0.16524884532104,0.1852574608141946,0.2584427284427284,mfeat_fourier,4,LR,True,1
909,0.2375,0.2584427284427284,0.16524884532104,0.1852574608141946,0.2584427284427284,mfeat_fourier,4,LR,False,1
910,0.205,0.2382603686635945,0.152409111946755,0.1205973581393367,0.2382603686635945,mfeat_fourier,5,LR,True,1
911,0.205,0.2382603686635945,0.152409111946755,0.1205973581393367,0.2382603686635945,mfeat_fourier,5,LR,False,1
912,0.6725,0.6656488236218052,0.6596306825238771,0.6677460562538421,0.6656488236218052,mfeat_fourier,0,LR,True,5
913,0.6725,0.6656488236218052,0.6596306825238771,0.6677460562538421,0.6656488236218052,mfeat_fourier,0,LR,False,5
914,0.6425,0.6450748980017272,0.6356781234390579,0.640579375861339,0.6450748980017272,mfeat_fourier,1,LR,True,5
915,0.6425,0.6450748980017272,0.6356781234390579,0.640579375861339,0.6450748980017272,mfeat_fourier,1,LR,False,5
916,0.695,0.6807740802924667,0.6671922550658598,0.6904304701234627,0.6807740802924667,mfeat_fourier,2,LR,True,5
917,0.695,0.6807740802924667,0.6671922550658598,0.6904304701234627,0.6807740802924667,mfeat_fourier,2,LR,False,5
918,0.6625,0.6628319955321891,0.6384796072545041,0.6528241440009694,0.6628319955321891,mfeat_fourier,3,LR,True,5
919,0.6625,0.6628319955321891,0.6384796072545041,0.6528241440009694,0.6628319955321891,mfeat_fourier,3,LR,False,5
920,0.62,0.6200207369232434,0.603798602792023,0.6040942727511943,0.6200207369232434,mfeat_fourier,4,LR,True,5
921,0.62,0.6200207369232434,0.603798602792023,0.6040942727511943,0.6200207369232434,mfeat_fourier,4,LR,False,5
922,0.5875,0.6120384486002453,0.5777917584382286,0.5768525576717682,0.6120384486002453,mfeat_fourier,5,LR,True,5
923,0.6125,0.6339127415782517,0.606648874333197,0.6128976311692801,0.6339127415782517,mfeat_fourier,5,LR,False,5
924,0.7675,0.7666091455774684,0.7616653696413687,0.7670395879433759,0.7666091455774684,mfeat_fourier,0,LR,True,10
925,0.7675,0.7666091455774684,0.7616653696413687,0.7670395879433759,0.7666091455774684,mfeat_fourier,0,LR,False,10
926,0.7725,0.7749373120104828,0.7723096063978416,0.7744044854036469,0.7749373120104828,mfeat_fourier,1,LR,True,10
927,0.7725,0.7749373120104828,0.7723096063978416,0.7744044854036469,0.7749373120104828,mfeat_fourier,1,LR,False,10
928,0.7625,0.7582188488470751,0.7464164409924781,0.7661288289195266,0.7582188488470751,mfeat_fourier,2,LR,True,10
929,0.7625,0.7582188488470751,0.7464164409924781,0.7661288289195266,0.7582188488470751,mfeat_fourier,2,LR,False,10
930,0.765,0.7651249263176626,0.7492798245473409,0.7723222077140739,0.7651249263176626,mfeat_fourier,3,LR,True,10
931,0.765,0.7651249263176626,0.7492798245473409,0.7723222077140739,0.7651249263176626,mfeat_fourier,3,LR,False,10
932,0.745,0.7419183199027273,0.7335204497414229,0.7408407823646501,0.7419183199027273,mfeat_fourier,4,LR,True,10
933,0.745,0.7419183199027273,0.7335204497414229,0.7408407823646501,0.7419183199027273,mfeat_fourier,4,LR,False,10
934,0.7025,0.7189890314840615,0.7020138765087828,0.7050776866330895,0.7189890314840615,mfeat_fourier,5,LR,True,10
935,0.7025,0.7189890314840615,0.7020138765087828,0.7050776866330895,0.7189890314840615,mfeat_fourier,5,LR,False,10
936,0.5976331360946746,0.4250362844702468,0.3631252627154266,0.3308823529411764,0.4250362844702468,analcatdata_authorship,0,LR,True,1
937,0.5976331360946746,0.4250362844702468,0.3631252627154266,0.3308823529411764,0.4250362844702468,analcatdata_authorship,0,LR,False,1
938,0.650887573964497,0.4541855203619909,0.3933536970718349,0.3619897959183673,0.4541855203619909,analcatdata_authorship,1,LR,True,1
939,0.650887573964497,0.4541855203619909,0.3933536970718349,0.3619897959183673,0.4541855203619909,analcatdata_authorship,1,LR,False,1
940,0.6568047337278107,0.4409722222222222,0.3931285395280912,0.593614637789395,0.4409722222222222,analcatdata_authorship,2,LR,True,1
941,0.6568047337278107,0.4409722222222222,0.3931285395280912,0.593614637789395,0.4409722222222222,analcatdata_authorship,2,LR,False,1
942,0.650887573964497,0.4374523264683447,0.3781597811733636,0.3349063505999414,0.4374523264683447,analcatdata_authorship,3,LR,True,1
943,0.650887573964497,0.4374523264683447,0.3781597811733636,0.3349063505999414,0.4374523264683447,analcatdata_authorship,3,LR,False,1
944,0.6568047337278107,0.4421439628482972,0.3912587412587412,0.3645729890764647,0.4421439628482972,analcatdata_authorship,4,LR,True,1
945,0.6568047337278107,0.4421439628482972,0.3912587412587412,0.3645729890764647,0.4421439628482972,analcatdata_authorship,4,LR,False,1
946,0.6390532544378699,0.4403651385927505,0.3766381766381766,0.3464734950584007,0.4403651385927505,analcatdata_authorship,5,LR,True,1
947,0.6390532544378699,0.4403651385927505,0.3766381766381766,0.3464734950584007,0.4403651385927505,analcatdata_authorship,5,LR,False,1
948,0.8875739644970414,0.8454644412191582,0.8567832647351703,0.871908547830409,0.8454644412191582,analcatdata_authorship,0,LR,True,5
949,0.8875739644970414,0.8454644412191582,0.8567832647351703,0.871908547830409,0.8454644412191582,analcatdata_authorship,0,LR,False,5
950,0.9230769230769232,0.8301282051282052,0.8393098181301506,0.8525217770034843,0.8301282051282052,analcatdata_authorship,1,LR,True,5
951,0.9230769230769232,0.8301282051282052,0.8393098181301506,0.8525217770034843,0.8301282051282052,analcatdata_authorship,1,LR,False,5
952,0.9171597633136096,0.8872519841269841,0.8857633180467827,0.8845254459921799,0.8872519841269841,analcatdata_authorship,2,LR,True,5
953,0.9171597633136096,0.8872519841269841,0.8857633180467827,0.8845254459921799,0.8872519841269841,analcatdata_authorship,2,LR,False,5
954,0.9289940828402368,0.8943159064905347,0.8962015860245949,0.8983311526047782,0.8943159064905347,analcatdata_authorship,3,LR,True,5
955,0.9289940828402368,0.8943159064905347,0.8962015860245949,0.8983311526047782,0.8943159064905347,analcatdata_authorship,3,LR,False,5
956,0.9230769230769232,0.8470754091110128,0.866239008977221,0.9035218253968254,0.8470754091110128,analcatdata_authorship,4,LR,True,5
957,0.9230769230769232,0.8470754091110128,0.866239008977221,0.9035218253968254,0.8470754091110128,analcatdata_authorship,4,LR,False,5
958,0.9053254437869822,0.8944348799759247,0.8724310776942356,0.8599791013584117,0.8944348799759247,analcatdata_authorship,5,LR,True,5
959,0.9053254437869822,0.8944348799759247,0.8724310776942356,0.8599791013584117,0.8944348799759247,analcatdata_authorship,5,LR,False,5
960,0.9467455621301776,0.9340391018526424,0.9414996819338424,0.9512432012432012,0.9340391018526424,analcatdata_authorship,0,LR,True,10
961,0.9467455621301776,0.9340391018526424,0.9414996819338424,0.9512432012432012,0.9340391018526424,analcatdata_authorship,0,LR,False,10
962,0.9467455621301776,0.8929487179487179,0.9176132581745567,0.9566188263923456,0.8929487179487179,analcatdata_authorship,1,LR,True,10
963,0.9467455621301776,0.8929487179487179,0.9176132581745567,0.9566188263923456,0.8929487179487179,analcatdata_authorship,1,LR,False,10
964,0.9467455621301776,0.918625992063492,0.9318467558043118,0.9519455953882184,0.918625992063492,analcatdata_authorship,2,LR,True,10
965,0.9467455621301776,0.918625992063492,0.9318467558043118,0.9519455953882184,0.918625992063492,analcatdata_authorship,2,LR,False,10
966,0.9585798816568049,0.9590186403508772,0.9614467240797028,0.9643633919843596,0.9590186403508772,analcatdata_authorship,3,LR,True,10
967,0.9585798816568049,0.9590186403508772,0.9614467240797028,0.9643633919843596,0.9590186403508772,analcatdata_authorship,3,LR,False,10
968,0.9644970414201184,0.9483709273182958,0.957947157205632,0.9688697318007664,0.9483709273182958,analcatdata_authorship,4,LR,True,10
969,0.9644970414201184,0.9483709273182958,0.957947157205632,0.9688697318007664,0.9483709273182958,analcatdata_authorship,4,LR,False,10
970,0.9526627218934912,0.9168321439776664,0.9236925033171164,0.932338494838495,0.9168321439776664,analcatdata_authorship,5,LR,True,10
971,0.9526627218934912,0.9168321439776664,0.9236925033171164,0.932338494838495,0.9168321439776664,analcatdata_authorship,5,LR,False,10
972,0.34375,0.5,0.0,0.0,0.0,tokyo1,0,LR,True,1
973,0.34375,0.5,0.0,0.0,0.0,tokyo1,0,LR,False,1
974,0.3541666666666667,0.5,0.0,0.0,0.0,tokyo1,1,LR,True,1
975,0.3541666666666667,0.5,0.0,0.0,0.0,tokyo1,1,LR,False,1
976,0.3958333333333333,0.5,0.0,0.0,0.0,tokyo1,2,LR,True,1
977,0.3958333333333333,0.5,0.0,0.0,0.0,tokyo1,2,LR,False,1
978,0.375,0.5,0.0,0.0,0.0,tokyo1,3,LR,True,1
979,0.375,0.5,0.0,0.0,0.0,tokyo1,3,LR,False,1
980,0.3333333333333333,0.5,0.0,0.0,0.0,tokyo1,4,LR,True,1
981,0.3333333333333333,0.5,0.0,0.0,0.0,tokyo1,4,LR,False,1
982,0.359375,0.5,0.0,0.0,0.0,tokyo1,5,LR,True,1
983,0.359375,0.5,0.0,0.0,0.0,tokyo1,5,LR,False,1
984,0.34375,0.5,0.0,0.0,0.0,tokyo1,0,LR,True,5
985,0.34375,0.5,0.0,0.0,0.0,tokyo1,0,LR,False,5
986,0.3541666666666667,0.5,0.0,0.0,0.0,tokyo1,1,LR,True,5
987,0.3541666666666667,0.5,0.0,0.0,0.0,tokyo1,1,LR,False,5
988,0.3958333333333333,0.5,0.0,0.0,0.0,tokyo1,2,LR,True,5
989,0.3958333333333333,0.5,0.0,0.0,0.0,tokyo1,2,LR,False,5
990,0.375,0.5,0.0,0.0,0.0,tokyo1,3,LR,True,5
991,0.375,0.5,0.0,0.0,0.0,tokyo1,3,LR,False,5
992,0.3333333333333333,0.5,0.0,0.0,0.0,tokyo1,4,LR,True,5
993,0.3333333333333333,0.5,0.0,0.0,0.0,tokyo1,4,LR,False,5
994,0.359375,0.5,0.0,0.0,0.0,tokyo1,5,LR,True,5
995,0.359375,0.5,0.0,0.0,0.0,tokyo1,5,LR,False,5
996,0.34375,0.5,0.0,0.0,0.0,tokyo1,0,LR,True,10
997,0.34375,0.5,0.0,0.0,0.0,tokyo1,0,LR,False,10
998,0.3541666666666667,0.5,0.0,0.0,0.0,tokyo1,1,LR,True,10
999,0.3541666666666667,0.5,0.0,0.0,0.0,tokyo1,1,LR,False,10
1000,0.3958333333333333,0.5,0.0,0.0,0.0,tokyo1,2,LR,True,10
1001,0.3958333333333333,0.5,0.0,0.0,0.0,tokyo1,2,LR,False,10
1002,0.375,0.5,0.0,0.0,0.0,tokyo1,3,LR,True,10
1003,0.375,0.5,0.0,0.0,0.0,tokyo1,3,LR,False,10
1004,0.3333333333333333,0.5,0.0,0.0,0.0,tokyo1,4,LR,True,10
1005,0.3333333333333333,0.5,0.0,0.0,0.0,tokyo1,4,LR,False,10
1006,0.359375,0.5,0.0,0.0,0.0,tokyo1,5,LR,True,10
1007,0.359375,0.5,0.0,0.0,0.0,tokyo1,5,LR,False,10
1008,0.1407407407407407,0.1666666666666666,0.0755367886515427,0.053035889872173,0.1666666666666666,soybean,0,LR,True,5
1009,0.1407407407407407,0.1666666666666666,0.0755367886515427,0.053035889872173,0.1666666666666666,soybean,0,LR,False,5
1010,0.2,0.1764705882352941,0.1021625433390139,0.0807093425605536,0.1764705882352941,soybean,1,LR,True,5
1011,0.2,0.1764705882352941,0.1021625433390139,0.0807093425605536,0.1764705882352941,soybean,1,LR,False,5
1012,0.2,0.1666666666666666,0.0920396175870628,0.0679271708683473,0.1666666666666666,soybean,2,LR,True,5
1013,0.2,0.1666666666666666,0.0920396175870628,0.0679271708683473,0.1666666666666666,soybean,2,LR,False,5
1014,0.1777777777777777,0.1666666666666666,0.0702764976958525,0.0511593526299408,0.1666666666666666,soybean,3,LR,True,5
1015,0.1777777777777777,0.1666666666666666,0.0702764976958525,0.0511593526299408,0.1666666666666666,soybean,3,LR,False,5
1016,0.2518518518518518,0.1666666666666666,0.0957417582417582,0.0743606701940035,0.1666666666666666,soybean,4,LR,True,5
1017,0.2518518518518518,0.1666666666666666,0.0957417582417582,0.0743606701940035,0.1666666666666666,soybean,4,LR,False,5
1018,0.2296296296296296,0.1666666666666666,0.1048760991207034,0.0857259570494864,0.1666666666666666,soybean,5,LR,True,5
1019,0.2296296296296296,0.1666666666666666,0.1048760991207034,0.0857259570494864,0.1666666666666666,soybean,5,LR,False,5
1020,0.4444444444444444,0.5263157894736842,0.4617149758454106,0.4588057999348321,0.5263157894736842,soybean,0,LR,True,10
1021,0.4444444444444444,0.5263157894736842,0.4617149758454106,0.4588057999348321,0.5263157894736842,soybean,0,LR,False,10
1022,0.5333333333333333,0.5784313725490197,0.5146424888568321,0.5026964945570758,0.5784313725490197,soybean,1,LR,True,10
1023,0.5333333333333333,0.5784313725490197,0.5146424888568321,0.5026964945570758,0.5784313725490197,soybean,1,LR,False,10
1024,0.4592592592592592,0.5294117647058824,0.4766557843553964,0.4620844339734895,0.5294117647058824,soybean,2,LR,True,10
1025,0.4592592592592592,0.5294117647058824,0.4766557843553964,0.4620844339734895,0.5294117647058824,soybean,2,LR,False,10
1026,0.5111111111111111,0.4969135802469135,0.4521272740450823,0.4664845173041894,0.4969135802469135,soybean,3,LR,True,10
1027,0.4296296296296296,0.441358024691358,0.3694569133593524,0.374705581157194,0.441358024691358,soybean,3,LR,False,10
1028,0.5407407407407407,0.5218253968253967,0.4780952380952381,0.4733044733044733,0.5218253968253967,soybean,4,LR,True,10
1029,0.4962962962962963,0.4662698412698412,0.4046033396033396,0.3919407205697528,0.4662698412698412,soybean,4,LR,False,10
1030,0.4888888888888889,0.5151515151515151,0.470748504715896,0.4732823403113257,0.5151515151515151,soybean,5,LR,True,10
1031,0.4888888888888889,0.5151515151515151,0.470748504715896,0.4732823403113257,0.5151515151515151,soybean,5,LR,False,10
1032,0.3,0.3085929027661575,0.2751295707213956,0.2912063273064763,0.3085929027661575,mfeat_karhunen,0,LR,True,1
1033,0.3,0.3085929027661575,0.2751295707213956,0.2912063273064763,0.3085929027661575,mfeat_karhunen,0,LR,False,1
1034,0.275,0.2765587867417135,0.2476984349423803,0.2307981492294382,0.2765587867417135,mfeat_karhunen,1,LR,True,1
1035,0.275,0.2765587867417135,0.2476984349423803,0.2307981492294382,0.2765587867417135,mfeat_karhunen,1,LR,False,1
1036,0.2925,0.2856572218357115,0.2543752604876022,0.2413534619786822,0.2856572218357115,mfeat_karhunen,2,LR,True,1
1037,0.2925,0.2856572218357115,0.2543752604876022,0.2413534619786822,0.2856572218357115,mfeat_karhunen,2,LR,False,1
1038,0.2925,0.3013066602398755,0.2542782405173059,0.2334358365483722,0.3013066602398755,mfeat_karhunen,3,LR,True,1
1039,0.2925,0.3013066602398755,0.2542782405173059,0.2334358365483722,0.3013066602398755,mfeat_karhunen,3,LR,False,1
1040,0.285,0.2851636268729558,0.2505605686125171,0.2355436511568275,0.2851636268729558,mfeat_karhunen,4,LR,True,1
1041,0.285,0.2851636268729558,0.2505605686125171,0.2355436511568275,0.2851636268729558,mfeat_karhunen,4,LR,False,1
1042,0.285,0.3063658295526262,0.2633657183949281,0.2448705756082939,0.3063658295526262,mfeat_karhunen,5,LR,True,1
1043,0.285,0.3063658295526262,0.2633657183949281,0.2448705756082939,0.3063658295526262,mfeat_karhunen,5,LR,False,1
1044,0.6975,0.697808296784294,0.6986099077758864,0.7083521643184206,0.697808296784294,mfeat_karhunen,0,LR,True,5
1045,0.7275,0.7297830234234208,0.729528666821875,0.7325845164548456,0.7297830234234208,mfeat_karhunen,0,LR,False,5
1046,0.6775,0.6781339527680992,0.6780558911361081,0.6829794878632088,0.6781339527680992,mfeat_karhunen,1,LR,True,5
1047,0.6775,0.6781339527680992,0.6780558911361081,0.6829794878632088,0.6781339527680992,mfeat_karhunen,1,LR,False,5
1048,0.6875,0.6847081573594267,0.680025229010706,0.6806692040609438,0.6847081573594267,mfeat_karhunen,2,LR,True,5
1049,0.695,0.6988046538723724,0.6898747196230817,0.6907869652757697,0.6988046538723724,mfeat_karhunen,2,LR,False,5
1050,0.6925,0.686594661933193,0.6867415421395413,0.6924815365161516,0.686594661933193,mfeat_karhunen,3,LR,True,5
1051,0.6925,0.686594661933193,0.6867415421395413,0.6924815365161516,0.686594661933193,mfeat_karhunen,3,LR,False,5
1052,0.6525,0.6527669487759425,0.6530830376408636,0.6649579609651892,0.6527669487759425,mfeat_karhunen,4,LR,True,5
1053,0.6525,0.6527669487759425,0.6530830376408636,0.6649579609651892,0.6527669487759425,mfeat_karhunen,4,LR,False,5
1054,0.655,0.6636811985734529,0.6498256061717951,0.649226127554616,0.6636811985734529,mfeat_karhunen,5,LR,True,5
1055,0.635,0.6473660915228807,0.63728198681179,0.6407283308141913,0.6473660915228807,mfeat_karhunen,5,LR,False,5
1056,0.83,0.8297051898810253,0.8310786216518847,0.8341909011952463,0.8297051898810253,mfeat_karhunen,0,LR,True,10
1057,0.83,0.8297051898810253,0.8310786216518847,0.8341909011952463,0.8297051898810253,mfeat_karhunen,0,LR,False,10
1058,0.8225,0.8247062896453141,0.8238299915587272,0.8258119776043769,0.8247062896453141,mfeat_karhunen,1,LR,True,10
1059,0.8225,0.8247062896453141,0.8238299915587272,0.8258119776043769,0.8247062896453141,mfeat_karhunen,1,LR,False,10
1060,0.8425,0.8420714847340625,0.8395329653845194,0.8403753756416537,0.8420714847340625,mfeat_karhunen,2,LR,True,10
1061,0.8425,0.8420714847340625,0.8395329653845194,0.8403753756416537,0.8420714847340625,mfeat_karhunen,2,LR,False,10
1062,0.8425,0.8404224153144279,0.8402520714570816,0.8422299271680191,0.8404224153144279,mfeat_karhunen,3,LR,True,10
1063,0.8425,0.8404224153144279,0.8402520714570816,0.8422299271680191,0.8404224153144279,mfeat_karhunen,3,LR,False,10
1064,0.8175,0.8131460632652694,0.8140401710958098,0.8180981455212633,0.8131460632652694,mfeat_karhunen,4,LR,True,10
1065,0.8175,0.8131460632652694,0.8140401710958098,0.8180981455212633,0.8131460632652694,mfeat_karhunen,4,LR,False,10
1066,0.7975,0.8014163421807833,0.7941586124282518,0.7972161773668929,0.8014163421807833,mfeat_karhunen,5,LR,True,10
1067,0.7975,0.8014163421807833,0.7941586124282518,0.7972161773668929,0.8014163421807833,mfeat_karhunen,5,LR,False,10
0,0.671875,0.6722871321949122,0.668769716088328,0.6883116883116883,0.6503067484662577,GAMETES_Epistasis_2_Way_1000atts_0.4H_EDM_1_EDM_1_1,0,LR,True,20
1,0.509375,0.5094955257707787,0.5109034267912773,0.5189873417721519,0.5030674846625767,GAMETES_Epistasis_2_Way_1000atts_0.4H_EDM_1_EDM_1_1,0,LR,False,20
2,0.6625,0.6621347085482107,0.6493506493506493,0.6666666666666666,0.6329113924050633,GAMETES_Epistasis_2_Way_1000atts_0.4H_EDM_1_EDM_1_1,1,LR,True,20
3,0.521875,0.5219956243162994,0.5233644859813085,0.5153374233128835,0.5316455696202531,GAMETES_Epistasis_2_Way_1000atts_0.4H_EDM_1_EDM_1_1,1,LR,False,20
4,0.6625,0.6616635397123202,0.644736842105263,0.6621621621621622,0.6282051282051282,GAMETES_Epistasis_2_Way_1000atts_0.4H_EDM_1_EDM_1_1,2,LR,True,20
5,0.540625,0.5407285803627266,0.5362776025236593,0.5279503105590062,0.5448717948717948,GAMETES_Epistasis_2_Way_1000atts_0.4H_EDM_1_EDM_1_1,2,LR,False,20
6,0.615625,0.6118007542426147,0.5743944636678201,0.5886524822695035,0.5608108108108109,GAMETES_Epistasis_2_Way_1000atts_0.4H_EDM_1_EDM_1_1,3,LR,True,20
7,0.440625,0.4405248271527341,0.4207119741100323,0.4037267080745341,0.4391891891891892,GAMETES_Epistasis_2_Way_1000atts_0.4H_EDM_1_EDM_1_1,3,LR,False,20
8,0.659375,0.6597262952101661,0.6625386996904024,0.6772151898734177,0.6484848484848484,GAMETES_Epistasis_2_Way_1000atts_0.4H_EDM_1_EDM_1_1,4,LR,True,20
9,0.53125,0.532355816226784,0.5222929936305732,0.5503355704697986,0.4969696969696969,GAMETES_Epistasis_2_Way_1000atts_0.4H_EDM_1_EDM_1_1,4,LR,False,20
10,0.61875,0.6187683284457478,0.6114649681528661,0.6037735849056604,0.6193548387096774,GAMETES_Epistasis_2_Way_1000atts_0.4H_EDM_1_EDM_1_1,5,LR,True,20
11,0.50625,0.506158357771261,0.4968152866242038,0.490566037735849,0.5032258064516129,GAMETES_Epistasis_2_Way_1000atts_0.4H_EDM_1_EDM_1_1,5,LR,False,20
12,0.8017188459177409,0.7992535623716943,0.7807196198234894,0.8345428156748912,0.7334183673469388,agaricus_lepiota,0,LR,True,20
13,0.8017188459177409,0.7992535623716943,0.7807196198234894,0.8345428156748912,0.7334183673469388,agaricus_lepiota,0,LR,False,20
14,0.8146101903007981,0.8145731900333126,0.8026143790849672,0.8575418994413407,0.7542997542997543,agaricus_lepiota,1,LR,True,20
15,0.8146101903007981,0.8145731900333126,0.8026143790849672,0.8575418994413407,0.7542997542997543,agaricus_lepiota,1,LR,False,20
16,0.7980356046654389,0.7952991517493283,0.774503084304318,0.8382789317507419,0.7197452229299363,agaricus_lepiota,2,LR,True,20
17,0.7980356046654389,0.7952991517493283,0.774503084304318,0.8382789317507419,0.7197452229299363,agaricus_lepiota,2,LR,False,20
18,0.8078575813382444,0.804403353206428,0.785175017158545,0.8253968253968254,0.7486910994764397,agaricus_lepiota,3,LR,True,20
19,0.8078575813382444,0.804403353206428,0.785175017158545,0.8253968253968254,0.7486910994764397,agaricus_lepiota,3,LR,False,20
20,0.8139963167587477,0.8127360112440885,0.798671096345515,0.8488700564971752,0.7540777917189461,agaricus_lepiota,4,LR,True,20
21,0.8139963167587477,0.8127360112440885,0.798671096345515,0.8488700564971752,0.7540777917189461,agaricus_lepiota,4,LR,False,20
22,0.8017188459177409,0.7999104002123847,0.782198246797033,0.8405797101449275,0.7313997477931904,agaricus_lepiota,5,LR,True,20
23,0.8017188459177409,0.7999104002123847,0.782198246797033,0.8405797101449275,0.7313997477931904,agaricus_lepiota,5,LR,False,20
24,0.8406153846153847,0.841656476614591,0.8345047923322684,0.8121890547263682,0.8580814717477004,mushroom,0,LR,True,20
25,0.8406153846153847,0.841656476614591,0.8345047923322684,0.8121890547263682,0.8580814717477004,mushroom,0,LR,False,20
26,0.824,0.8244850660810348,0.8180661577608143,0.8027465667915106,0.833981841763943,mushroom,1,LR,True,20
27,0.824,0.8244850660810348,0.8180661577608143,0.8027465667915106,0.833981841763943,mushroom,1,LR,False,20
28,0.8166153846153846,0.8169280897173601,0.8160493827160494,0.8012121212121213,0.8314465408805032,mushroom,2,LR,True,20
29,0.8166153846153846,0.8169280897173601,0.8160493827160494,0.8012121212121213,0.8314465408805032,mushroom,2,LR,False,20
30,0.8252307692307692,0.825888538093635,0.8240396530359356,0.8031400966183575,0.8460559796437659,mushroom,3,LR,True,20
31,0.8252307692307692,0.825888538093635,0.8240396530359356,0.8031400966183575,0.8460559796437659,mushroom,3,LR,False,20
32,0.8252307692307692,0.8253076207530763,0.8246913580246914,0.817625458996328,0.8318804483188045,mushroom,4,LR,True,20
33,0.8252307692307692,0.8253076207530763,0.8246913580246914,0.817625458996328,0.8318804483188045,mushroom,4,LR,False,20
34,0.8295384615384616,0.8306270001185255,0.8247944339025932,0.800982800982801,0.8500651890482399,mushroom,5,LR,True,20
35,0.8295384615384616,0.8306270001185255,0.8247944339025932,0.800982800982801,0.8500651890482399,mushroom,5,LR,False,20
36,0.6641891891891892,0.6593948535125006,0.7115496227510156,0.639874739039666,0.8013071895424837,ring,0,LR,True,20
37,0.6783783783783783,0.6733488733488733,0.7254901960784313,0.6491228070175439,0.8222222222222222,ring,0,LR,False,20
38,0.6527027027027027,0.654313141053739,0.6958579881656805,0.6137787056367432,0.8032786885245902,ring,1,LR,True,20
39,0.6581081081081082,0.6595730691680547,0.6970059880239521,0.6204690831556503,0.7950819672131147,ring,1,LR,False,20
40,0.6554054054054054,0.6542212417178631,0.7007042253521126,0.6231732776617954,0.8002680965147453,ring,2,LR,True,20
41,0.6533783783783784,0.652111899248307,0.7015706806282723,0.6197327852004111,0.8083109919571045,ring,2,LR,False,20
42,0.6594594594594595,0.6555198003066303,0.7090069284064665,0.6310380267214799,0.8089591567852438,ring,3,LR,True,20
43,0.6594594594594595,0.6555198003066303,0.7090069284064665,0.6310380267214799,0.8089591567852438,ring,3,LR,False,20
44,0.6567567567567567,0.6558918869561248,0.6968973747016707,0.6272824919441461,0.7838926174496644,ring,4,LR,True,20
45,0.6648648648648648,0.6638725288773227,0.7089201877934271,0.629822732012513,0.810738255033557,ring,4,LR,False,20
46,0.6486486486486487,0.6526640336721136,0.687123947051745,0.6055143160127253,0.7941585535465925,ring,5,LR,True,20
47,0.6236486486486487,0.6286225758874477,0.6748394629305313,0.5814889336016097,0.803894297635605,ring,5,LR,False,20
48,0.822972972972973,0.8231754161331626,0.8278580814717477,0.8377659574468085,0.8181818181818182,twonorm,0,LR,True,20
49,0.822972972972973,0.8231754161331626,0.8278580814717477,0.8377659574468085,0.8181818181818182,twonorm,0,LR,False,20
50,0.8324324324324325,0.8325561345731982,0.8331090174966354,0.8421768707482993,0.8242343541944075,twonorm,1,LR,True,20
51,0.8263513513513514,0.826503847636165,0.8267026298044505,0.837431693989071,0.8162450066577897,twonorm,1,LR,False,20
52,0.8324324324324325,0.8324567554932212,0.8324324324324325,0.8279569892473119,0.8369565217391305,twonorm,2,LR,True,20
53,0.822972972972973,0.8230481533426834,0.8246318607764391,0.8126649076517151,0.8369565217391305,twonorm,2,LR,False,20
54,0.8371621621621622,0.8373599017393021,0.8400796284007963,0.8496644295302014,0.8307086614173228,twonorm,3,LR,True,20
55,0.8054054054054054,0.8057157897045599,0.808,0.8211382113821138,0.7952755905511811,twonorm,3,LR,False,20
56,0.8141891891891891,0.814195113397241,0.811772758384668,0.8090040927694406,0.8145604395604396,twonorm,4,LR,True,20
57,0.8141891891891891,0.814195113397241,0.811772758384668,0.8090040927694406,0.8145604395604396,twonorm,4,LR,False,20
58,0.8304054054054054,0.8305200367475831,0.8305199189736664,0.8401639344262295,0.8210947930574098,twonorm,5,LR,True,20
59,0.8297297297297297,0.8299346689338635,0.8285714285714285,0.8446601941747572,0.8130841121495327,twonorm,5,LR,False,20
60,1.0,1.0,1.0,1.0,1.0,clean1,0,LR,True,20
61,0.9895833333333334,0.9864864864864864,0.9863013698630138,1.0,0.972972972972973,clean1,0,LR,False,20
62,1.0,1.0,1.0,1.0,1.0,clean1,1,LR,True,20
63,1.0,1.0,1.0,1.0,1.0,clean1,1,LR,False,20
64,0.9895833333333334,0.9878048780487804,0.9876543209876544,1.0,0.975609756097561,clean1,2,LR,True,20
65,0.9895833333333334,0.9878048780487804,0.9876543209876544,1.0,0.975609756097561,clean1,2,LR,False,20
66,1.0,1.0,1.0,1.0,1.0,clean1,3,LR,True,20
67,1.0,1.0,1.0,1.0,1.0,clean1,3,LR,False,20
68,1.0,1.0,1.0,1.0,1.0,clean1,4,LR,True,20
69,1.0,1.0,1.0,1.0,1.0,clean1,4,LR,False,20
70,0.9895833333333334,0.9878048780487804,0.9876543209876544,1.0,0.975609756097561,clean1,5,LR,True,20
71,0.9895833333333334,0.9878048780487804,0.9876543209876544,1.0,0.975609756097561,clean1,5,LR,False,20
72,0.962382445141066,0.9596666934678756,0.9579450448654576,0.9563072323593844,0.9596666934678756,dna,0,LR,True,20
73,0.962382445141066,0.9596666934678756,0.9579450448654576,0.9563072323593844,0.9596666934678756,dna,0,LR,False,20
74,0.9545454545454546,0.9608757037452588,0.9514071970312024,0.9434772822238744,0.9608757037452588,dna,1,LR,True,20
75,0.9592476489028212,0.9686253583181113,0.95734819519668,0.948244977003147,0.9686253583181113,dna,1,LR,False,20
76,0.957680250783699,0.9578149386845038,0.951818582246214,0.9466020751735038,0.9578149386845038,dna,2,LR,True,20
77,0.9608150470219436,0.9597239475500344,0.9555452467697042,0.9516757832179504,0.9597239475500344,dna,2,LR,False,20
78,0.9686520376175548,0.9688171321160044,0.9664955305405044,0.9643149354930904,0.9688171321160044,dna,3,LR,True,20
79,0.9655172413793104,0.9655078917531924,0.9629198760890147,0.9604587576841912,0.9655078917531924,dna,3,LR,False,20
80,0.9529780564263324,0.9537578487317976,0.946086199382982,0.9392950210689732,0.9537578487317976,dna,4,LR,True,20
81,0.9529780564263324,0.9537578487317976,0.946086199382982,0.9392950210689732,0.9537578487317976,dna,4,LR,False,20
82,0.9608150470219436,0.9605597990484248,0.9562852327548472,0.9526178190574476,0.9605597990484248,dna,5,LR,True,20
83,0.9498432601880876,0.9477204329098048,0.9430274947479436,0.9388572837183096,0.9477204329098048,dna,5,LR,False,20
84,0.7178538390379279,0.576378413577652,0.3267108167770419,0.5481481481481482,0.2327044025157232,phoneme,0,LR,True,20
85,0.7178538390379279,0.576378413577652,0.3267108167770419,0.5481481481481482,0.2327044025157232,phoneme,0,LR,False,20
86,0.7123034227567068,0.5626568426595578,0.2883295194508009,0.5338983050847458,0.1974921630094044,phoneme,1,LR,True,20
87,0.7123034227567068,0.5626568426595578,0.2883295194508009,0.5338983050847458,0.1974921630094044,phoneme,1,LR,False,20
88,0.7012025901942646,0.557655589123867,0.2774049217002237,0.5344827586206896,0.1873111782477341,phoneme,2,LR,True,20
89,0.7012025901942646,0.557655589123867,0.2774049217002237,0.5344827586206896,0.1873111782477341,phoneme,2,LR,False,20
90,0.7113783533765032,0.5701811098677939,0.3187772925764192,0.5104895104895105,0.2317460317460317,phoneme,3,LR,True,20
91,0.7113783533765032,0.5701811098677939,0.3187772925764192,0.5104895104895105,0.2317460317460317,phoneme,3,LR,False,20
92,0.7086031452358927,0.5555712403538491,0.2657342657342657,0.5327102803738317,0.1770186335403726,phoneme,4,LR,True,20
93,0.7086031452358927,0.5555712403538491,0.2657342657342657,0.5327102803738317,0.1770186335403726,phoneme,4,LR,False,20
94,0.7335800185013877,0.5921158897890826,0.3628318584070796,0.5466666666666666,0.271523178807947,phoneme,5,LR,True,20
95,0.7335800185013877,0.5921158897890826,0.3628318584070796,0.5466666666666666,0.271523178807947,phoneme,5,LR,False,20
96,0.87,0.8710902144588687,0.870586282805804,0.871099091395776,0.8710902144588687,mfeat_pixel,0,LR,True,20
97,0.87,0.8710902144588687,0.870586282805804,0.871099091395776,0.8710902144588687,mfeat_pixel,0,LR,False,20
98,0.8575,0.8599296435272045,0.8578990487835589,0.8601635753318513,0.8599296435272045,mfeat_pixel,1,LR,True,20
99,0.8575,0.8594230024717829,0.8576406685381348,0.8599475893522323,0.8594230024717829,mfeat_pixel,1,LR,False,20
100,0.865,0.8618331120941413,0.8613749251801279,0.8635434995112414,0.8618331120941413,mfeat_pixel,2,LR,True,20
101,0.85,0.8470942511230415,0.8457497621871191,0.8496721885462455,0.8470942511230415,mfeat_pixel,2,LR,False,20
102,0.8725,0.8709461888245883,0.8731504100562987,0.878635523314226,0.8709461888245883,mfeat_pixel,3,LR,True,20
103,0.865,0.8616449390044736,0.863358550421452,0.8678355153335149,0.8616449390044736,mfeat_pixel,3,LR,False,20
104,0.8425,0.8396969385131271,0.838217925777373,0.8430866685729596,0.8396969385131271,mfeat_pixel,4,LR,True,20
105,0.8475,0.8457883455347668,0.8441638481944926,0.8469996933073572,0.8457883455347668,mfeat_pixel,4,LR,False,20
106,0.8725,0.8653675829671703,0.8644423307295692,0.8649586314189068,0.8653675829671703,mfeat_pixel,5,LR,True,20
107,0.88,0.8728791037044974,0.8721730727204292,0.874008949692937,0.8728791037044974,mfeat_pixel,5,LR,False,20
108,0.5452830188679245,0.5077448167925535,0.0436507936507936,0.7333333333333333,0.0224948875255623,banana,0,LR,True,20
109,0.5471698113207547,0.5127265694669776,0.1208791208791208,0.5789473684210527,0.0674846625766871,banana,0,LR,False,20
110,0.5452830188679245,0.5117943432955456,0.0836501901140684,0.6470588235294118,0.0447154471544715,banana,1,LR,True,20
111,0.5452830188679245,0.5117943432955456,0.0836501901140684,0.6470588235294118,0.0447154471544715,banana,1,LR,False,20
112,0.5575471698113208,0.5083857442348009,0.0329896907216494,1.0,0.0167714884696016,banana,2,LR,True,20
113,0.5575471698113208,0.5083857442348009,0.0329896907216494,1.0,0.0167714884696016,banana,2,LR,False,20
114,0.5264150943396226,0.4767760548142805,0.0669144981412639,0.2647058823529412,0.0382978723404255,banana,3,LR,True,20
115,0.5264150943396226,0.4767760548142805,0.0669144981412639,0.2647058823529412,0.0382978723404255,banana,3,LR,False,20
116,0.5641509433962264,0.5090032073136854,0.0571428571428571,0.6666666666666666,0.0298507462686567,banana,4,LR,True,20
117,0.5641509433962264,0.5090032073136854,0.0571428571428571,0.6666666666666666,0.0298507462686567,banana,4,LR,False,20
118,0.5528301886792453,0.5103305785123967,0.0404858299595141,1.0,0.0206611570247933,banana,5,LR,True,20
119,0.5528301886792453,0.5103305785123967,0.0404858299595141,1.0,0.0206611570247933,banana,5,LR,False,20
120,0.96,0.9612853510168088,0.9608778516587376,0.961804014154606,0.9612853510168088,mfeat_factors,0,LR,True,20
121,0.96,0.9599734011754472,0.9598085615408816,0.9601173459483994,0.9599734011754472,mfeat_factors,0,LR,False,20
122,0.945,0.9457081062568866,0.9462706326093112,0.9477124334329716,0.9457081062568866,mfeat_factors,1,LR,True,20
123,0.945,0.9457081062568866,0.9462706326093112,0.9477124334329716,0.9457081062568866,mfeat_factors,1,LR,False,20
124,0.945,0.9425451956505386,0.9437853926475924,0.9461233054228598,0.9425451956505386,mfeat_factors,2,LR,True,20
125,0.9425,0.938841491946835,0.940304604477038,0.943371764408161,0.938841491946835,mfeat_factors,2,LR,False,20
126,0.95,0.9494067509377044,0.9504637811008252,0.9524188280779468,0.9494067509377044,mfeat_factors,3,LR,True,20
127,0.9575,0.956723824108436,0.9572202252830864,0.9584009299657492,0.956723824108436,mfeat_factors,3,LR,False,20
128,0.9775,0.9769040143331028,0.9769112426184158,0.9773692837167178,0.9769040143331028,mfeat_factors,4,LR,True,20
129,0.9775,0.9769040143331028,0.9769112426184158,0.9773692837167178,0.9769040143331028,mfeat_factors,4,LR,False,20
130,0.9525,0.9548571577418165,0.9533168454106392,0.9530689139255883,0.9548571577418165,mfeat_factors,5,LR,True,20
131,0.9525,0.9548571577418165,0.9533168454106392,0.9530689139255883,0.9548571577418165,mfeat_factors,5,LR,False,20
132,0.755700325732899,0.7867549283197608,0.7678018575851393,0.6348122866894198,0.9712793733681462,spambase,0,LR,True,20
133,0.744842562432139,0.772571753035612,0.7534102833158446,0.6298245614035087,0.93733681462141,spambase,0,LR,False,20
134,0.8143322475570033,0.8360674056856785,0.7956989247311829,0.69375,0.9327731092436976,spambase,1,LR,True,20
135,0.8186753528773073,0.8385854341736695,0.7985524728588661,0.701271186440678,0.927170868347339,spambase,1,LR,False,20
136,0.752442996742671,0.7867021276595745,0.7625,0.6267123287671232,0.973404255319149,spambase,2,LR,True,20
137,0.750271444082519,0.7848672652742534,0.7609147609147608,0.6245733788395904,0.973404255319149,spambase,2,LR,False,20
138,0.739413680781759,0.782787739265904,0.7446808510638299,0.6013745704467354,0.9776536312849162,spambase,3,LR,True,20
139,0.752442996742671,0.7903936414062733,0.7510917030567684,0.6164874551971327,0.9608938547486032,spambase,3,LR,False,20
140,0.7198697068403909,0.763922620168717,0.7284210526315789,0.5854483925549916,0.9637883008356546,spambase,4,LR,True,20
141,0.7198697068403909,0.7619103083892584,0.7261146496815286,0.5866209262435678,0.9526462395543176,spambase,4,LR,False,20
142,0.7176981541802389,0.7681578286001507,0.7210300429184548,0.5733788395904437,0.9710982658959536,spambase,5,LR,True,20
143,0.7122692725298588,0.7603568735863282,0.7135135135135136,0.5699481865284974,0.953757225433526,spambase,5,LR,False,20
144,0.5308641975308642,0.5243050847457627,0.6225165562913907,0.5310734463276836,0.752,Hill_Valley_with_noise,0,LR,True,20
145,0.5473251028806584,0.5393559322033898,0.6496815286624203,0.5396825396825397,0.816,Hill_Valley_with_noise,0,LR,False,20
146,0.4979423868312757,0.4906440677966102,0.6038961038961038,0.5081967213114754,0.744,Hill_Valley_with_noise,1,LR,True,20
147,0.5020576131687243,0.4963050847457627,0.5898305084745762,0.5117647058823529,0.696,Hill_Valley_with_noise,1,LR,False,20
148,0.5102880658436214,0.5187796610169492,0.617363344051447,0.4974093264248704,0.8135593220338984,Hill_Valley_with_noise,2,LR,True,20
149,0.5308641975308642,0.5385423728813559,0.6249999999999999,0.510752688172043,0.8050847457627118,Hill_Valley_with_noise,2,LR,False,20
150,0.4609053497942387,0.4620647608725104,0.5787781350482315,0.4736842105263157,0.743801652892562,Hill_Valley_with_noise,3,LR,True,20
151,0.51440329218107,0.5151740956509958,0.5902777777777778,0.5089820359281437,0.7024793388429752,Hill_Valley_with_noise,3,LR,False,20
152,0.4773662551440329,0.4782549790001354,0.5694915254237289,0.4827586206896552,0.6942148760330579,Hill_Valley_with_noise,4,LR,True,20
153,0.4773662551440329,0.4782549790001354,0.5694915254237289,0.4827586206896552,0.6942148760330579,Hill_Valley_with_noise,4,LR,False,20
154,0.4567901234567901,0.4556631892697467,0.5741935483870968,0.4734042553191489,0.7295081967213115,Hill_Valley_with_noise,5,LR,True,20
155,0.5102880658436214,0.5096531635279772,0.5765124555160143,0.5094339622641509,0.6639344262295082,Hill_Valley_with_noise,5,LR,False,20
156,0.9135802469135802,0.9117647058823528,0.9032258064516128,1.0,0.8235294117647058,Hill_Valley_without_noise,0,LR,True,20
157,0.9135802469135802,0.9117647058823528,0.9032258064516128,1.0,0.8235294117647058,Hill_Valley_without_noise,0,LR,False,20
158,0.8930041152263375,0.8874949000407997,0.875,0.9680851063829788,0.7982456140350878,Hill_Valley_without_noise,1,LR,True,20
159,0.8930041152263375,0.8874949000407997,0.875,0.9680851063829788,0.7982456140350878,Hill_Valley_without_noise,1,LR,False,20
160,0.8189300411522634,0.8253968253968254,0.7884615384615385,1.0,0.6507936507936508,Hill_Valley_without_noise,2,LR,True,20
161,0.8189300411522634,0.8253968253968254,0.7884615384615385,1.0,0.6507936507936508,Hill_Valley_without_noise,2,LR,False,20
162,0.6954732510288066,0.75,0.6666666666666666,1.0,0.5,Hill_Valley_without_noise,3,LR,True,20
163,0.6954732510288066,0.75,0.6666666666666666,1.0,0.5,Hill_Valley_without_noise,3,LR,False,20
164,0.8271604938271605,0.8346456692913387,0.8018867924528301,1.0,0.6692913385826772,Hill_Valley_without_noise,4,LR,True,20
165,0.8271604938271605,0.8346456692913387,0.8018867924528301,1.0,0.6692913385826772,Hill_Valley_without_noise,4,LR,False,20
166,0.8847736625514403,0.8852459016393442,0.8703703703703703,1.0,0.7704918032786885,Hill_Valley_without_noise,5,LR,True,20
167,0.8847736625514403,0.8852459016393442,0.8703703703703703,1.0,0.7704918032786885,Hill_Valley_without_noise,5,LR,False,20
168,0.791,0.7917214049502697,0.7906768887900962,0.7909474129857578,0.7917214049502697,waveform_40,0,LR,True,20
169,0.792,0.7930628677257786,0.7915873209592559,0.7914877950001841,0.7930628677257786,waveform_40,0,LR,False,20
170,0.794,0.7918583455074324,0.7912001289138373,0.7920003683532902,0.7918583455074324,waveform_40,1,LR,True,20
171,0.794,0.7918583455074324,0.7912001289138373,0.7920003683532902,0.7918583455074324,waveform_40,1,LR,False,20
172,0.77,0.7718579506788009,0.7698171068097285,0.7692390562662658,0.7718579506788009,waveform_40,2,LR,True,20
173,0.77,0.7718579506788009,0.7698171068097285,0.7692390562662658,0.7718579506788009,waveform_40,2,LR,False,20
174,0.775,0.778457535168689,0.7739041864806783,0.7751525073382268,0.778457535168689,waveform_40,3,LR,True,20
175,0.8,0.8019696157446082,0.8002152474558408,0.7997446445345985,0.8019696157446082,waveform_40,3,LR,False,20
176,0.777,0.7783926022860602,0.777629282927582,0.7775778018980342,0.7783926022860602,waveform_40,4,LR,True,20
177,0.777,0.7783926022860602,0.777629282927582,0.7775778018980342,0.7783926022860602,waveform_40,4,LR,False,20
178,0.771,0.7783593239374813,0.7719072332214184,0.7717614019011224,0.7783593239374813,waveform_40,5,LR,True,20
179,0.771,0.7783593239374813,0.7719072332214184,0.7717614019011224,0.7783593239374813,waveform_40,5,LR,False,20
180,0.659,0.655142416250146,0.652366975942604,0.6510415889913838,0.655142416250146,waveform_21,0,LR,True,20
181,0.659,0.655142416250146,0.652366975942604,0.6510415889913838,0.655142416250146,waveform_21,0,LR,False,20
182,0.692,0.6881408407368946,0.6870704286937399,0.6864416704285986,0.6881408407368946,waveform_21,1,LR,True,20
183,0.692,0.6881408407368946,0.6870704286937399,0.6864416704285986,0.6881408407368946,waveform_21,1,LR,False,20
184,0.703,0.7023663238213748,0.6968654911218582,0.6960454892288249,0.7023663238213748,waveform_21,2,LR,True,20
185,0.703,0.7023663238213748,0.6968654911218582,0.6960454892288249,0.7023663238213748,waveform_21,2,LR,False,20
186,0.67,0.6691720352041269,0.6646708002531546,0.6632544780423468,0.6691720352041269,waveform_21,3,LR,True,20
187,0.67,0.6691720352041269,0.6646708002531546,0.6632544780423468,0.6691720352041269,waveform_21,3,LR,False,20
188,0.675,0.6786667642395837,0.6745865041604003,0.6727493527065477,0.6786667642395837,waveform_21,4,LR,True,20
189,0.675,0.6786667642395837,0.6745865041604003,0.6727493527065477,0.6786667642395837,waveform_21,4,LR,False,20
190,0.674,0.6743493488290587,0.6705394415458542,0.6690369508694279,0.6743493488290587,waveform_21,5,LR,True,20
191,0.674,0.6743493488290587,0.6705394415458542,0.6690369508694279,0.6743493488290587,waveform_21,5,LR,False,20
192,0.4027777777777778,0.3963492063492063,0.3157287157287157,0.2901370851370851,0.3963492063492063,movement_libras,0,LR,True,20
193,0.4027777777777778,0.3963492063492063,0.3157287157287157,0.2901370851370851,0.3963492063492063,movement_libras,0,LR,False,20
194,0.4305555555555556,0.5266666666666666,0.3839465110053345,0.3622222222222222,0.5266666666666666,movement_libras,1,LR,True,20
195,0.4305555555555556,0.5266666666666666,0.3839465110053345,0.3622222222222222,0.5266666666666666,movement_libras,1,LR,False,20
196,0.4305555555555556,0.4444444444444444,0.3638102638102637,0.3638888888888889,0.4444444444444444,movement_libras,2,LR,True,20
197,0.4305555555555556,0.4444444444444444,0.3638102638102637,0.3638888888888889,0.4444444444444444,movement_libras,2,LR,False,20
198,0.4027777777777778,0.4228571428571429,0.346962666962667,0.3635714285714286,0.4228571428571429,movement_libras,3,LR,True,20
199,0.4027777777777778,0.4228571428571429,0.346962666962667,0.3635714285714286,0.4228571428571429,movement_libras,3,LR,False,20
200,0.4166666666666667,0.3998412698412699,0.3552118252118251,0.405165945165945,0.3998412698412699,movement_libras,4,LR,True,20
201,0.4166666666666667,0.3998412698412699,0.3552118252118251,0.405165945165945,0.3998412698412699,movement_libras,4,LR,False,20
202,0.3472222222222222,0.3122222222222222,0.2661579161579162,0.2735425685425685,0.3122222222222222,movement_libras,5,LR,True,20
203,0.3472222222222222,0.3122222222222222,0.2661579161579162,0.2735425685425685,0.3122222222222222,movement_libras,5,LR,False,20
204,0.7381507381507382,0.6625033111649924,0.633476930949736,0.7313655315075556,0.6625033111649924,satimage,0,LR,True,20
205,0.7342657342657343,0.6592866918694195,0.6280188030583965,0.6393781731314324,0.6592866918694195,satimage,0,LR,False,20
206,0.7412587412587412,0.6466977097728698,0.6279914230316958,0.630796621072279,0.6466977097728698,satimage,1,LR,True,20
207,0.7412587412587412,0.6466977097728698,0.6279914230316958,0.630796621072279,0.6466977097728698,satimage,1,LR,False,20
208,0.7303807303807304,0.6486211355599172,0.629340462023368,0.7021150109751622,0.6486211355599172,satimage,2,LR,True,20
209,0.7288267288267288,0.6463719013494077,0.6250129651605715,0.6353800687594755,0.6463719013494077,satimage,2,LR,False,20
210,0.7466977466977467,0.6457461918351525,0.616485482738644,0.6277345935453796,0.6457461918351525,satimage,3,LR,True,20
211,0.7466977466977467,0.6457461918351525,0.616485482738644,0.6277345935453796,0.6457461918351525,satimage,3,LR,False,20
212,0.7365967365967366,0.6492816506855598,0.6335536691225329,0.6807205276979311,0.6492816506855598,satimage,4,LR,True,20
213,0.7365967365967366,0.6492816506855598,0.6335536691225329,0.6807205276979311,0.6492816506855598,satimage,4,LR,False,20
214,0.7622377622377622,0.672036316641309,0.6555003844554107,0.7096955448119523,0.672036316641309,satimage,5,LR,True,20
215,0.7622377622377622,0.672036316641309,0.6555003844554107,0.7096955448119523,0.672036316641309,satimage,5,LR,False,20
216,0.9328125,0.9332112332112332,0.9335394126738796,0.9096385542168676,0.9587301587301588,chess,0,LR,True,20
217,0.9328125,0.9332112332112332,0.9335394126738796,0.9096385542168676,0.9587301587301588,chess,0,LR,False,20
218,0.94375,0.9421420061245188,0.9490084985835696,0.938375350140056,0.9598853868194842,chess,1,LR,True,20
219,0.94375,0.9421420061245188,0.9490084985835696,0.938375350140056,0.9598853868194842,chess,1,LR,False,20
220,0.9421875,0.9392908678622964,0.9478138222849084,0.918032786885246,0.979591836734694,chess,2,LR,True,20
221,0.9453125,0.9426578712292998,0.9504950495049506,0.9230769230769232,0.979591836734694,chess,2,LR,False,20
222,0.953125,0.9521409346709078,0.9560117302052786,0.9394812680115274,0.9731343283582088,chess,3,LR,True,20
223,0.953125,0.9521409346709078,0.9560117302052786,0.9394812680115274,0.9731343283582088,chess,3,LR,False,20
224,0.9359375,0.935710379311692,0.9385307346326838,0.9072463768115944,0.9720496894409938,chess,4,LR,True,20
225,0.9359375,0.935710379311692,0.9385307346326838,0.9072463768115944,0.9720496894409938,chess,4,LR,False,20
226,0.9390625,0.9381253908692933,0.9425625920471282,0.9116809116809116,0.975609756097561,chess,5,LR,True,20
227,0.940625,0.9397279549718572,0.943952802359882,0.9142857142857144,0.975609756097561,chess,5,LR,False,20
228,0.9359375,0.9354578754578756,0.9387144992526156,0.9127906976744186,0.966153846153846,kr_vs_kp,0,LR,True,20
229,0.9359375,0.9354578754578756,0.9387144992526156,0.9127906976744186,0.966153846153846,kr_vs_kp,0,LR,False,20
230,0.9265625,0.9239406136459344,0.9331436699857752,0.8961748633879781,0.973293768545994,kr_vs_kp,1,LR,True,20
231,0.925,0.9224569341207118,0.9316239316239316,0.8958904109589041,0.9703264094955488,kr_vs_kp,1,LR,False,20
232,0.9328125,0.931622678396872,0.9370424597364568,0.906515580736544,0.9696969696969696,kr_vs_kp,2,LR,True,20
233,0.9328125,0.931622678396872,0.9370424597364568,0.906515580736544,0.9696969696969696,kr_vs_kp,2,LR,False,20
234,0.9390625,0.9382817385866168,0.9422222222222224,0.9164265129682996,0.9695121951219512,kr_vs_kp,3,LR,True,20
235,0.9390625,0.9382817385866168,0.9422222222222224,0.9164265129682996,0.9695121951219512,kr_vs_kp,3,LR,False,20
236,0.9421875,0.9405701948954543,0.9478138222849084,0.9385474860335196,0.9572649572649572,kr_vs_kp,4,LR,True,20
237,0.9421875,0.9405701948954543,0.9478138222849084,0.9385474860335196,0.9572649572649572,kr_vs_kp,4,LR,False,20
238,0.928125,0.925590778662436,0.9344729344729344,0.8986301369863013,0.973293768545994,kr_vs_kp,5,LR,True,20
239,0.9296875,0.9272409436789376,0.9358059914407988,0.9010989010989012,0.973293768545994,kr_vs_kp,5,LR,False,20
240,0.9039145907473308,0.8998067089029522,0.899464311780644,0.9006803360004524,0.8998067089029522,optdigits,0,LR,True,20
241,0.9039145907473308,0.8998067089029522,0.899464311780644,0.9006803360004524,0.8998067089029522,optdigits,0,LR,False,20
242,0.9065836298932384,0.90599892697162,0.9055150707922892,0.905363947790378,0.90599892697162,optdigits,1,LR,True,20
243,0.9065836298932384,0.90599892697162,0.9055150707922892,0.905363947790378,0.90599892697162,optdigits,1,LR,False,20
244,0.8905693950177936,0.8921640555902458,0.8915353876152592,0.8913341665346242,0.8921640555902458,optdigits,2,LR,True,20
245,0.8905693950177936,0.8921640555902458,0.8915353876152592,0.8913341665346242,0.8921640555902458,optdigits,2,LR,False,20
246,0.8976868327402135,0.8971895224459742,0.8970360405638129,0.8972466306243467,0.8971895224459742,optdigits,3,LR,True,20
247,0.8976868327402135,0.8971895224459742,0.8970360405638129,0.8972466306243467,0.8971895224459742,optdigits,3,LR,False,20
248,0.8905693950177936,0.8910642194820924,0.8898039806247804,0.8893558974572681,0.8910642194820924,optdigits,4,LR,True,20
249,0.8905693950177936,0.8910642194820924,0.8898039806247804,0.8893558974572681,0.8910642194820924,optdigits,4,LR,False,20
250,0.8887900355871886,0.8891710166659864,0.8894353766369031,0.889935567279052,0.8891710166659864,optdigits,5,LR,True,20
251,0.8887900355871886,0.8891710166659864,0.8894353766369031,0.889935567279052,0.8891710166659864,optdigits,5,LR,False,20
252,0.8322884012539185,0.8281937840575252,0.8130260873700982,0.8026817180647656,0.8281937840575252,splice,0,LR,True,20
253,0.822884012539185,0.8192741080953692,0.8051076365946376,0.7950781162304693,0.8192741080953692,splice,0,LR,False,20
254,0.8275862068965517,0.8221550146162883,0.8157991895265679,0.8104792691814394,0.8221550146162883,splice,1,LR,True,20
255,0.8166144200626959,0.8087658640842806,0.8020741406452565,0.7968973191522547,0.8087658640842806,splice,1,LR,False,20
256,0.8150470219435737,0.8224591635572116,0.8090001155251842,0.8002446351159319,0.8224591635572116,splice,2,LR,True,20
257,0.8134796238244514,0.8187848006047346,0.8071075832645525,0.7989290801790802,0.8187848006047346,splice,2,LR,False,20
258,0.8181818181818182,0.8115793872395388,0.8052684268625478,0.8000313583218955,0.8115793872395388,splice,3,LR,True,20
259,0.8150470219435737,0.8069831139476134,0.8026081789530825,0.7988895719426359,0.8069831139476134,splice,3,LR,False,20
260,0.8056426332288401,0.8048239344540479,0.7973104367599779,0.7913933881220245,0.8048239344540479,splice,4,LR,True,20
261,0.8166144200626959,0.8110357780861431,0.8073391608049062,0.8041113475896084,0.8110357780861431,splice,4,LR,False,20
262,0.786833855799373,0.7877680311890839,0.7708029902409225,0.7607670532565368,0.7877680311890839,splice,5,LR,True,20
263,0.786833855799373,0.7877680311890839,0.7708029902409225,0.7607670532565368,0.7877680311890839,splice,5,LR,False,20
264,0.8536363636363636,0.8521765729071444,0.8505245947951153,0.8502131490865588,0.8521765729071444,texture,0,LR,True,20
265,0.8536363636363636,0.8521765729071444,0.8505245947951153,0.8502131490865588,0.8521765729071444,texture,0,LR,False,20
266,0.8590909090909091,0.8601474350422439,0.8589803979448735,0.8604146200960764,0.8601474350422439,texture,1,LR,True,20
267,0.8590909090909091,0.8601474350422439,0.8589803979448735,0.8604146200960764,0.8601474350422439,texture,1,LR,False,20
268,0.8672727272727273,0.8712848726854151,0.8666293105732553,0.8682556469409003,0.8712848726854151,texture,2,LR,True,20
269,0.8672727272727273,0.8712848726854151,0.8666293105732553,0.8682556469409003,0.8712848726854151,texture,2,LR,False,20
270,0.8736363636363637,0.8668111714833475,0.8664304478890781,0.868158702566729,0.8668111714833475,texture,3,LR,True,20
271,0.8736363636363637,0.8668111714833475,0.8664304478890781,0.868158702566729,0.8668111714833475,texture,3,LR,False,20
272,0.8690909090909091,0.8672819741697883,0.867078697279322,0.8685959438897388,0.8672819741697883,texture,4,LR,True,20
273,0.8690909090909091,0.8672819741697883,0.867078697279322,0.8685959438897388,0.8672819741697883,texture,4,LR,False,20
274,0.8554545454545455,0.8560892047539874,0.8540754110376902,0.8572011628277271,0.8560892047539874,texture,5,LR,True,20
275,0.8554545454545455,0.8560892047539874,0.8540754110376902,0.8572011628277271,0.8560892047539874,texture,5,LR,False,20
276,0.7380952380952381,0.7379862700228832,0.7555555555555555,0.7727272727272727,0.7391304347826086,sonar,0,LR,True,20
277,0.7142857142857143,0.7116704805491991,0.7391304347826085,0.7391304347826086,0.7391304347826086,sonar,0,LR,False,20
278,0.8095238095238095,0.8068181818181819,0.7894736842105262,0.8333333333333334,0.75,sonar,1,LR,True,20
279,0.8333333333333334,0.8340909090909091,0.8292682926829269,0.8095238095238095,0.85,sonar,1,LR,False,20
280,0.6666666666666666,0.6527777777777778,0.5882352941176471,0.625,0.5555555555555556,sonar,2,LR,True,20
281,0.6904761904761905,0.6805555555555556,0.6285714285714287,0.6470588235294118,0.6111111111111112,sonar,2,LR,False,20
282,0.5952380952380952,0.5952380952380952,0.4848484848484849,0.6666666666666666,0.3809523809523809,sonar,3,LR,True,20
283,0.5952380952380952,0.5952380952380952,0.4848484848484849,0.6666666666666666,0.3809523809523809,sonar,3,LR,False,20
284,0.5952380952380952,0.5847058823529412,0.5142857142857143,0.5,0.5294117647058824,sonar,4,LR,True,20
285,0.7142857142857143,0.6941176470588235,0.625,0.6666666666666666,0.5882352941176471,sonar,4,LR,False,20
286,0.7380952380952381,0.7386363636363636,0.7317073170731706,0.7142857142857143,0.75,sonar,5,LR,True,20
287,0.7380952380952381,0.7386363636363636,0.7317073170731706,0.7142857142857143,0.75,sonar,5,LR,False,20
288,0.8181818181818182,0.8083333333333333,0.7777777777777777,0.875,0.7,molecular_biology_promoters,0,LR,True,20
289,0.7727272727272727,0.7666666666666666,0.7368421052631577,0.7777777777777778,0.7,molecular_biology_promoters,0,LR,False,20
290,0.8636363636363636,0.861904761904762,0.7999999999999999,0.75,0.8571428571428571,molecular_biology_promoters,1,LR,True,20
291,0.6363636363636364,0.6952380952380952,0.6,0.4615384615384615,0.8571428571428571,molecular_biology_promoters,1,LR,False,20
292,0.8181818181818182,0.8035714285714286,0.8571428571428571,0.8571428571428571,0.8571428571428571,molecular_biology_promoters,2,LR,True,20
293,0.7272727272727273,0.7321428571428572,0.7692307692307692,0.8333333333333334,0.7142857142857143,molecular_biology_promoters,2,LR,False,20
294,0.8636363636363636,0.875,0.8695652173913044,0.7692307692307693,1.0,molecular_biology_promoters,3,LR,True,20
295,0.8636363636363636,0.875,0.8695652173913044,0.7692307692307693,1.0,molecular_biology_promoters,3,LR,False,20
296,0.6363636363636364,0.6339285714285714,0.6923076923076924,0.75,0.6428571428571429,molecular_biology_promoters,4,LR,True,20
297,0.6363636363636364,0.6339285714285714,0.6923076923076924,0.75,0.6428571428571429,molecular_biology_promoters,4,LR,False,20
298,0.9090909090909092,0.9090909090909092,0.9,1.0,0.8181818181818182,molecular_biology_promoters,5,LR,True,20
299,0.8636363636363636,0.8636363636363636,0.8421052631578948,1.0,0.7272727272727273,molecular_biology_promoters,5,LR,False,20
300,0.81,0.8065368762714531,0.8044876603392275,0.806648787902658,0.8065368762714531,mfeat_fourier,0,LR,True,20
301,0.81,0.8065368762714531,0.8044876603392275,0.806648787902658,0.8065368762714531,mfeat_fourier,0,LR,False,20
302,0.7875,0.7894980493760981,0.7865728453002736,0.7901274101959318,0.7894980493760981,mfeat_fourier,1,LR,True,20
303,0.7875,0.7894980493760981,0.7865728453002736,0.7901274101959318,0.7894980493760981,mfeat_fourier,1,LR,False,20
304,0.805,0.8047731619803355,0.7950964701665412,0.804449236743656,0.8047731619803355,mfeat_fourier,2,LR,True,20
305,0.805,0.8047731619803355,0.7950964701665412,0.804449236743656,0.8047731619803355,mfeat_fourier,2,LR,False,20
306,0.8075,0.8064367459973212,0.8011262863199958,0.8098378853357637,0.8064367459973212,mfeat_fourier,3,LR,True,20
307,0.8075,0.8064367459973212,0.8011262863199958,0.8098378853357637,0.8064367459973212,mfeat_fourier,3,LR,False,20
308,0.7875,0.7857300123435507,0.7770131135476908,0.7877696689502864,0.7857300123435507,mfeat_fourier,4,LR,True,20
309,0.7875,0.7857300123435507,0.7770131135476908,0.7877696689502864,0.7857300123435507,mfeat_fourier,4,LR,False,20
310,0.745,0.7621005266197501,0.7501444457136676,0.7485740033164997,0.7621005266197501,mfeat_fourier,5,LR,True,20
311,0.745,0.7621005266197501,0.7501444457136676,0.7485740033164997,0.7621005266197501,mfeat_fourier,5,LR,False,20
312,0.9763313609467456,0.9585183129855716,0.9685171989035752,0.9804673911242898,0.9585183129855716,analcatdata_authorship,0,LR,True,20
313,0.9467455621301776,0.934909929138564,0.9323268842420688,0.9301902652086476,0.934909929138564,analcatdata_authorship,0,LR,False,20
314,0.9526627218934912,0.9381410256410256,0.9530253956569746,0.9714583333333332,0.9381410256410256,analcatdata_authorship,1,LR,True,20
315,0.9526627218934912,0.9381410256410256,0.9530253956569746,0.9714583333333332,0.9381410256410256,analcatdata_authorship,1,LR,False,20
316,0.9763313609467456,0.9515625,0.9462186975315258,0.9423659673659674,0.9515625,analcatdata_authorship,2,LR,True,20
317,0.9763313609467456,0.9515625,0.9462186975315258,0.9423659673659674,0.9515625,analcatdata_authorship,2,LR,False,20
318,0.9822485207100592,0.9834155701754386,0.9731276875298616,0.9640151515151516,0.9834155701754386,analcatdata_authorship,3,LR,True,20
319,0.9467455621301776,0.9433936403508772,0.916220574609992,0.9001322751322751,0.9433936403508772,analcatdata_authorship,3,LR,False,20
320,0.970414201183432,0.9708849329205368,0.966956783412168,0.9639983579638752,0.9708849329205368,analcatdata_authorship,4,LR,True,20
321,0.970414201183432,0.9708849329205368,0.966956783412168,0.9639983579638752,0.9708849329205368,analcatdata_authorship,4,LR,False,20
322,0.9644970414201184,0.9460487939965552,0.9362045315992684,0.9275579150579152,0.9460487939965552,analcatdata_authorship,5,LR,True,20
323,0.970414201183432,0.952805550753312,0.9418898597845966,0.9322966507177034,0.952805550753312,analcatdata_authorship,5,LR,False,20
324,0.34375,0.5,0.0,0.0,0.0,tokyo1,0,LR,True,20
325,0.34375,0.5,0.0,0.0,0.0,tokyo1,0,LR,False,20
326,0.3541666666666667,0.5,0.0,0.0,0.0,tokyo1,1,LR,True,20
327,0.75,0.7632827324478179,0.7876106194690267,0.8725490196078431,0.717741935483871,tokyo1,1,LR,False,20
328,0.3958333333333333,0.5,0.0,0.0,0.0,tokyo1,2,LR,True,20
329,0.3958333333333333,0.5,0.0,0.0,0.0,tokyo1,2,LR,False,20
330,0.375,0.5,0.0,0.0,0.0,tokyo1,3,LR,True,20
331,0.375,0.5,0.0,0.0,0.0,tokyo1,3,LR,False,20
332,0.3333333333333333,0.5,0.0,0.0,0.0,tokyo1,4,LR,True,20
333,0.7239583333333334,0.73828125,0.7705627705627706,0.8640776699029126,0.6953125,tokyo1,4,LR,False,20
334,0.359375,0.5,0.0,0.0,0.0,tokyo1,5,LR,True,20
335,0.75,0.7667020148462353,0.7837837837837839,0.8787878787878788,0.7073170731707317,tokyo1,5,LR,False,20
336,0.4962962962962963,0.6293859649122807,0.5569949463823494,0.5546345417035072,0.6293859649122807,soybean,0,LR,True,20
337,0.4962962962962963,0.6293859649122807,0.5569949463823494,0.5546345417035072,0.6293859649122807,soybean,0,LR,False,20
338,0.5703703703703704,0.6151960784313726,0.5444934418815016,0.5365546218487395,0.6151960784313726,soybean,1,LR,True,20
339,0.5703703703703704,0.6151960784313726,0.5444934418815016,0.5365546218487395,0.6151960784313726,soybean,1,LR,False,20
340,0.5333333333333333,0.6437908496732025,0.5880658436213992,0.5767195767195766,0.6437908496732025,soybean,2,LR,True,20
341,0.5333333333333333,0.6437908496732025,0.5880658436213992,0.5767195767195766,0.6437908496732025,soybean,2,LR,False,20
342,0.5851851851851851,0.6234567901234568,0.5630932985771696,0.5639329805996474,0.6234567901234568,soybean,3,LR,True,20
343,0.5851851851851851,0.6234567901234568,0.5630932985771696,0.5639329805996474,0.6234567901234568,soybean,3,LR,False,20
344,0.6074074074074074,0.6408730158730158,0.590161943319838,0.5782793910062511,0.6408730158730158,soybean,4,LR,True,20
345,0.6074074074074074,0.6408730158730158,0.590161943319838,0.5782793910062511,0.6408730158730158,soybean,4,LR,False,20
346,0.5555555555555556,0.6313131313131313,0.5810340118905065,0.5776815776815777,0.6313131313131313,soybean,5,LR,True,20
347,0.5555555555555556,0.6313131313131313,0.5810340118905065,0.5776815776815777,0.6313131313131313,soybean,5,LR,False,20
348,0.9475,0.9484856429485584,0.948917451283622,0.9499508338956908,0.9484856429485584,mfeat_karhunen,0,LR,True,20
349,0.9475,0.9484856429485584,0.948917451283622,0.9499508338956908,0.9484856429485584,mfeat_karhunen,0,LR,False,20
350,0.9225,0.92420917835552,0.9243400686228498,0.9260768388451466,0.92420917835552,mfeat_karhunen,1,LR,True,20
351,0.9125,0.9143038059501476,0.914508842538992,0.9166146126760528,0.9143038059501476,mfeat_karhunen,1,LR,False,20
352,0.925,0.924722187296558,0.9215498285578708,0.9205670286782393,0.924722187296558,mfeat_karhunen,2,LR,True,20
353,0.925,0.924722187296558,0.9215498285578708,0.9205670286782393,0.924722187296558,mfeat_karhunen,2,LR,False,20
354,0.915,0.9137441534302704,0.9146194590510588,0.9168732483855712,0.9137441534302704,mfeat_karhunen,3,LR,True,20
355,0.915,0.9137441534302704,0.9146194590510588,0.9168732483855712,0.9137441534302704,mfeat_karhunen,3,LR,False,20
356,0.9375,0.9361977475776636,0.9361670906812986,0.938616353205045,0.9361977475776636,mfeat_karhunen,4,LR,True,20
357,0.9375,0.9361977475776636,0.9361670906812986,0.938616353205045,0.9361977475776636,mfeat_karhunen,4,LR,False,20
358,0.925,0.92403329701473,0.92158755284826,0.9214031293804682,0.92403329701473,mfeat_karhunen,5,LR,True,20
359,0.925,0.92403329701473,0.92158755284826,0.9214031293804682,0.92403329701473,mfeat_karhunen,5,LR,False,20
