,test_accuracy,test_balanced_accuracy,test_f1,test_precision,test_recall,ds,iteration,alg,task
0,0.678125,0.6784221015200655,0.677115987460815,0.6923076923076923,0.6625766871165644,GAMETES_Epistasis_2_Way_1000atts_0.4H_EDM_1_EDM_1_1,0,LR,feat
1,0.65625,0.655883731833099,0.6428571428571429,0.66,0.6265822784810127,GAMETES_Epistasis_2_Way_1000atts_0.4H_EDM_1_EDM_1_1,1,LR,feat
2,0.675,0.6749530956848031,0.6687898089171974,0.6645569620253164,0.6730769230769231,GAMETES_Epistasis_2_Way_1000atts_0.4H_EDM_1_EDM_1_1,2,LR,feat
3,0.64375,0.6426775612822124,0.62,0.6118421052631579,0.6283783783783784,GAMETES_Epistasis_2_Way_1000atts_0.4H_EDM_1_EDM_1_1,3,LR,feat
4,0.66875,0.6695992179863148,0.6666666666666667,0.6928104575163399,0.6424242424242425,GAMETES_Epistasis_2_Way_1000atts_0.4H_EDM_1_EDM_1_1,4,LR,feat
5,0.6375,0.6373411534701857,0.6282051282051282,0.6242038216560509,0.632258064516129,GAMETES_Epistasis_2_Way_1000atts_0.4H_EDM_1_EDM_1_1,5,LR,feat
6,0.8004910988336402,0.7985765608018356,0.7828991315965265,0.8218793828892006,0.7474489795918368,agaricus_lepiota,0,LR,feat
7,0.809085328422345,0.8090698060023214,0.8040327662255828,0.8253557567917206,0.7837837837837838,agaricus_lepiota,1,LR,feat
8,0.7955801104972375,0.7941316750686751,0.7804878048780488,0.8087431693989071,0.7541401273885351,agaricus_lepiota,2,LR,feat
9,0.7894413750767342,0.7885142087582846,0.7750819672131148,0.7766097240473062,0.7735602094240838,agaricus_lepiota,3,LR,feat
10,0.809085328422345,0.8086144858121802,0.8012779552715654,0.81640625,0.7867001254705144,agaricus_lepiota,4,LR,feat
11,0.7980356046654389,0.7972623795531475,0.7873303167420815,0.8076923076923077,0.7679697351828499,agaricus_lepiota,5,LR,feat
12,0.8646153846153846,0.8655574718937071,0.858974358974359,0.8385481852315394,0.8804204993429697,mushroom,0,LR,feat
13,0.7163076923076923,0.7097985523226322,0.6607799852832965,0.7636054421768708,0.582360570687419,mushroom,1,LR,feat
14,0.6781538461538461,0.6749147533530349,0.6145910095799557,0.7419928825622776,0.5245283018867924,mushroom,2,LR,feat
15,0.707076923076923,0.7028268840586303,0.6540697674418604,0.7627118644067796,0.5725190839694656,mushroom,3,LR,feat
16,0.7058461538461539,0.7041651895416519,0.6531204644412193,0.782608695652174,0.5603985056039851,mushroom,4,LR,feat
17,0.8726153846153846,0.8750148156927817,0.8718266253869968,0.8301886792452831,0.9178617992177314,mushroom,5,LR,feat
18,0.6310810810810811,0.6273230037935921,0.6742243436754176,0.6201975850713501,0.738562091503268,ring,0,LR,feat
19,0.6202702702702703,0.6214824230735514,0.6564792176039119,0.5940265486725663,0.7336065573770492,ring,1,LR,feat
20,0.6074324324324324,0.6066450679737894,0.6437768240343348,0.5932203389830508,0.7037533512064343,ring,2,LR,feat
21,0.6148648648648649,0.6121109789324226,0.6570397111913356,0.6046511627906976,0.7193675889328063,ring,3,LR,feat
22,0.6358108108108108,0.6351686983518239,0.6687154271665643,0.6167800453514739,0.7302013422818792,ring,4,LR,feat
23,0.6006756756756757,0.6041342644459837,0.6385321100917432,0.5698689956331878,0.7260083449235049,ring,5,LR,feat
24,0.7385135135135135,0.7381653557709895,0.7482108002602472,0.7496740547588006,0.7467532467532467,twonorm,0,LR,feat
25,0.7614864864864865,0.7614840021261089,0.7641950567802271,0.7667560321715817,0.7616511318242344,twonorm,1,LR,feat
26,0.7513513513513513,0.7513148667601683,0.7486338797814207,0.7527472527472527,0.7445652173913043,twonorm,2,LR,feat
27,0.7466216216216216,0.7471815848924177,0.7474747474747475,0.7676348547717843,0.7283464566929134,twonorm,3,LR,feat
28,0.7290540540540541,0.7293444587327567,0.730691739422431,0.7148488830486203,0.7472527472527473,twonorm,4,LR,feat
29,0.7425675675675676,0.7429322087452672,0.7370600414078675,0.7628571428571429,0.7129506008010681,twonorm,5,LR,feat
30,0.9583333333333334,0.9560238204306,0.945945945945946,0.945945945945946,0.945945945945946,clean1,0,LR,feat
31,1.0,1.0,1.0,1.0,1.0,clean1,1,LR,feat
32,0.96875,0.9696230598669624,0.963855421686747,0.9523809523809524,0.975609756097561,clean1,2,LR,feat
33,0.9791666666666666,0.98,0.979591836734694,1.0,0.96,clean1,3,LR,feat
34,0.9583333333333334,0.9582608695652174,0.9565217391304348,0.9565217391304348,0.9565217391304348,clean1,4,LR,feat
35,0.9583333333333334,0.9574279379157428,0.951219512195122,0.951219512195122,0.951219512195122,clean1,5,LR,feat
36,0.9467084639498432,0.9422827594524512,0.94061024721633,0.9390562534005156,0.9422827594524512,dna,0,LR,feat
37,0.945141065830721,0.9478119315465128,0.9397068788815538,0.9327875918669624,0.9478119315465128,dna,1,LR,feat
38,0.9482758620689656,0.9452227000053088,0.9395208552006796,0.9345796399367828,0.9452227000053088,dna,2,LR,feat
39,0.962382445141066,0.9600650932887774,0.9589735599379844,0.9579883159348178,0.9600650932887774,dna,3,LR,feat
40,0.9498432601880876,0.9484428406933512,0.9408673158636116,0.9343840227236074,0.9484428406933512,dna,4,LR,feat
41,0.9435736677115988,0.9426332861188106,0.9359499202667368,0.9300819042410512,0.9426332861188106,dna,5,LR,feat
42,0.7178538390379279,0.576378413577652,0.3267108167770419,0.5481481481481482,0.2327044025157232,phoneme,0,LR,feat
43,0.7123034227567068,0.5626568426595578,0.2883295194508009,0.5338983050847458,0.1974921630094044,phoneme,1,LR,feat
44,0.7012025901942646,0.557655589123867,0.2774049217002237,0.5344827586206896,0.1873111782477341,phoneme,2,LR,feat
45,0.7113783533765032,0.5701811098677939,0.3187772925764192,0.5104895104895105,0.2317460317460317,phoneme,3,LR,feat
46,0.7086031452358927,0.5555712403538491,0.2657342657342657,0.5327102803738317,0.1770186335403726,phoneme,4,LR,feat
47,0.7335800185013877,0.5921158897890826,0.3628318584070796,0.5466666666666666,0.271523178807947,phoneme,5,LR,feat
48,0.7575,0.7584994525627641,0.7539673207724211,0.7589972503824325,0.7584994525627641,mfeat_pixel,0,LR,feat
49,0.7775,0.7823502784478393,0.7789140061601929,0.7794058815384098,0.7823502784478393,mfeat_pixel,1,LR,feat
50,0.73,0.7396705677063296,0.7330493432143191,0.7372263388559558,0.7396705677063296,mfeat_pixel,2,LR,feat
51,0.7375,0.7392601496373883,0.7345948990760524,0.7353532537860533,0.7392601496373883,mfeat_pixel,3,LR,feat
52,0.77,0.766574320962592,0.7595895395275154,0.7690469344169776,0.766574320962592,mfeat_pixel,4,LR,feat
53,0.775,0.7585384322271044,0.756966060416189,0.7622519058298762,0.7585384322271044,mfeat_pixel,5,LR,feat
54,0.5452830188679245,0.5077448167925535,0.0436507936507936,0.7333333333333333,0.0224948875255623,banana,0,LR,feat
55,0.5452830188679245,0.5117943432955456,0.0836501901140684,0.6470588235294118,0.0447154471544715,banana,1,LR,feat
56,0.5575471698113208,0.5083857442348009,0.0329896907216494,1.0,0.0167714884696016,banana,2,LR,feat
57,0.5264150943396226,0.4767760548142805,0.0669144981412639,0.2647058823529412,0.0382978723404255,banana,3,LR,feat
58,0.5641509433962264,0.5090032073136854,0.0571428571428571,0.6666666666666666,0.0298507462686567,banana,4,LR,feat
59,0.5528301886792453,0.5103305785123967,0.0404858299595141,1.0,0.0206611570247933,banana,5,LR,feat
60,0.9225,0.9230396372111274,0.9231460091783548,0.9255071629836138,0.9230396372111274,mfeat_factors,0,LR,feat
61,0.92,0.9209615384615384,0.9201811572609208,0.920416826028,0.9209615384615384,mfeat_factors,1,LR,feat
62,0.9225,0.9215228773821984,0.9200850350810564,0.9197584506602692,0.9215228773821984,mfeat_factors,2,LR,feat
63,0.9425,0.9402462330720214,0.9412318850535936,0.9432961565771568,0.9402462330720214,mfeat_factors,3,LR,feat
64,0.945,0.9424212985345974,0.9425614654366248,0.944816537390908,0.9424212985345974,mfeat_factors,4,LR,feat
65,0.9325,0.9312626876957336,0.9306373280501352,0.9305504520768484,0.9312626876957336,mfeat_factors,5,LR,feat
66,0.8382193268186754,0.817142593689033,0.780559646539028,0.8952702702702703,0.6919060052219321,spambase,0,LR,feat
67,0.8686210640608035,0.8413269563144407,0.8094488188976378,0.9244604316546764,0.7198879551820728,spambase,1,LR,feat
68,0.8501628664495114,0.8259735506539138,0.7909090909090909,0.9190140845070424,0.6941489361702128,spambase,2,LR,feat
69,0.8403908794788274,0.8099491947567401,0.766295707472178,0.8892988929889298,0.6731843575418994,spambase,3,LR,feat
70,0.8436482084690554,0.8160444691164663,0.775,0.8825622775800712,0.6908077994428969,spambase,4,LR,feat
71,0.8610206297502715,0.8351721538074893,0.7981072555205048,0.8784722222222222,0.7312138728323699,spambase,5,LR,feat
72,0.4938271604938271,0.4845084745762712,0.6215384615384615,0.505,0.808,Hill_Valley_with_noise,0,LR,feat
73,0.5349794238683128,0.5278305084745762,0.6319218241042345,0.532967032967033,0.776,Hill_Valley_with_noise,1,LR,feat
74,0.51440329218107,0.5239661016949153,0.6312500000000001,0.5,0.8559322033898306,Hill_Valley_with_noise,2,LR,feat
75,0.5020576131687243,0.503725782414307,0.6451612903225806,0.5,0.9090909090909092,Hill_Valley_with_noise,3,LR,feat
76,0.4609053497942387,0.4617260533803008,0.549828178694158,0.4705882352941176,0.6611570247933884,Hill_Valley_with_noise,4,LR,feat
77,0.4567901234567901,0.4555277062728627,0.5849056603773585,0.4744897959183674,0.7622950819672131,Hill_Valley_with_noise,5,LR,feat
78,0.7448559670781894,0.7394957983193278,0.6477272727272727,1.0,0.4789915966386555,Hill_Valley_without_noise,0,LR,feat
79,0.7078189300411523,0.6896164830681355,0.5590062111801242,0.9574468085106383,0.3947368421052631,Hill_Valley_without_noise,1,LR,feat
80,0.6502057613168725,0.6626984126984127,0.4910179640718563,1.0,0.3253968253968254,Hill_Valley_without_noise,2,LR,feat
81,0.5596707818930041,0.6385135135135135,0.4338624338624339,1.0,0.277027027027027,Hill_Valley_without_noise,3,LR,feat
82,0.654320987654321,0.6692913385826772,0.5058823529411764,1.0,0.3385826771653543,Hill_Valley_without_noise,4,LR,feat
83,0.6831275720164609,0.6844262295081968,0.5389221556886228,1.0,0.3688524590163934,Hill_Valley_without_noise,5,LR,feat
84,0.728,0.729868994977288,0.7258985564339304,0.7253544241916335,0.729868994977288,waveform_40,0,LR,feat
85,0.733,0.729286375629838,0.7277966300133114,0.7287245530483343,0.729286375629838,waveform_40,1,LR,feat
86,0.71,0.712227751536962,0.7077480926932885,0.7070131660779361,0.712227751536962,waveform_40,2,LR,feat
87,0.712,0.7175431839493546,0.709181661512467,0.7101690540914708,0.7175431839493546,waveform_40,3,LR,feat
88,0.732,0.7348596071490462,0.7322635810173574,0.7311311151073691,0.7348596071490462,waveform_40,4,LR,feat
89,0.708,0.7183320766481867,0.707841856325295,0.7086365164058975,0.7183320766481867,waveform_40,5,LR,feat
90,0.628,0.6227890591858942,0.6156085477756753,0.6137929363349445,0.6227890591858942,waveform_21,0,LR,feat
91,0.632,0.627853479091541,0.6239351056631285,0.6223536805693137,0.627853479091541,waveform_21,1,LR,feat
92,0.644,0.6434314989922033,0.634209029142339,0.632359689289156,0.6434314989922033,waveform_21,2,LR,feat
93,0.626,0.6255446968472445,0.6180563707766403,0.6155668182444076,0.6255446968472445,waveform_21,3,LR,feat
94,0.601,0.6063499689383258,0.5982457933716924,0.595076731060869,0.6063499689383258,waveform_21,4,LR,feat
95,0.627,0.6275292315670774,0.6175559572121997,0.6162731644003966,0.6275292315670774,waveform_21,5,LR,feat
96,0.3333333333333333,0.3206349206349206,0.2718086883876358,0.3541025641025641,0.3206349206349206,movement_libras,0,LR,feat
97,0.2222222222222222,0.263015873015873,0.1658201058201058,0.1981532356532356,0.263015873015873,movement_libras,1,LR,feat
98,0.1805555555555555,0.2142857142857142,0.1229603729603729,0.1151771336553945,0.2142857142857142,movement_libras,2,LR,feat
99,0.3194444444444444,0.3484126984126984,0.228968253968254,0.2711363636363636,0.3484126984126984,movement_libras,3,LR,feat
100,0.3055555555555556,0.3256349206349205,0.2397840939017409,0.2713634513634514,0.3256349206349205,movement_libras,4,LR,feat
101,0.2777777777777778,0.2522222222222222,0.1888407888407888,0.2036691086691086,0.2522222222222222,movement_libras,5,LR,feat
102,0.7498057498057498,0.6676616221176676,0.6322402559701029,0.6413627934395478,0.6676616221176676,satimage,0,LR,feat
103,0.7552447552447552,0.651708952831305,0.6303035580171473,0.635423710956878,0.651708952831305,satimage,1,LR,feat
104,0.7591297591297591,0.6718055942245087,0.6520506623615155,0.7386507674791966,0.6718055942245087,satimage,2,LR,feat
105,0.7645687645687645,0.6630102209390244,0.6404286278689325,0.7250708660756359,0.6630102209390244,satimage,3,LR,feat
106,0.7606837606837606,0.6603965963074582,0.6405505045039177,0.6962898728969772,0.6603965963074582,satimage,4,LR,feat
107,0.7653457653457654,0.6704632765485982,0.6541247573101326,0.698858139037761,0.6704632765485982,satimage,5,LR,feat
108,0.8984375,0.8995604395604395,0.9039881831610044,0.8453038674033149,0.9714285714285714,chess,0,LR,feat
109,0.9109375,0.9049173386898256,0.9224489795918368,0.8782383419689119,0.97134670487106,chess,1,LR,feat
110,0.90625,0.9001187776697981,0.9184782608695652,0.8600508905852418,0.9854227405247812,chess,2,LR,feat
111,0.91875,0.9157817470026914,0.9265536723163842,0.8793565683646113,0.9791044776119404,chess,3,LR,feat
112,0.9015625,0.9010605883042306,0.9093525179856116,0.8471849865951743,0.9813664596273292,chess,4,LR,feat
113,0.9203125,0.918894621638524,0.9261939218523878,0.8815426997245179,0.975609756097561,chess,5,LR,feat
114,0.9,0.8989010989010989,0.9077809798270894,0.8536585365853658,0.9692307692307692,kr_vs_kp,0,LR,feat
115,0.8859375,0.8808698377256123,0.9001367989056087,0.8350253807106599,0.9762611275964392,kr_vs_kp,1,LR,feat
116,0.89375,0.8911045943304008,0.9044943820224718,0.8429319371727748,0.9757575757575756,kr_vs_kp,2,LR,feat
117,0.890625,0.8885240775484677,0.9011299435028248,0.8394736842105263,0.972560975609756,kr_vs_kp,3,LR,feat
118,0.9109375,0.90566251638916,0.9220246238030096,0.8868421052631579,0.96011396011396,kr_vs_kp,4,LR,feat
119,0.8984375,0.8937381868750673,0.9105914718019256,0.8487179487179487,0.9821958456973294,kr_vs_kp,5,LR,feat
120,0.8016014234875445,0.7962974668089552,0.7958170360764738,0.7988476946803422,0.7962974668089552,optdigits,0,LR,feat
121,0.798932384341637,0.8024952220915378,0.7994571809466352,0.7998188811420557,0.8024952220915378,optdigits,1,LR,feat
122,0.7927046263345195,0.7952020802462588,0.7916038065503697,0.7930399407294504,0.7952020802462588,optdigits,2,LR,feat
123,0.7944839857651246,0.7935054082279842,0.7912546852845018,0.792310539328697,0.7935054082279842,optdigits,3,LR,feat
124,0.7784697508896797,0.7849932824886101,0.7792303989346732,0.7821099415983134,0.7849932824886101,optdigits,4,LR,feat
125,0.7784697508896797,0.7794948248283105,0.776652824728486,0.7761948396799948,0.7794948248283105,optdigits,5,LR,feat
126,0.8040752351097179,0.8159731929385224,0.7885848041529023,0.7783369954369719,0.8159731929385224,splice,0,LR,feat
127,0.7931034482758621,0.7956055724730424,0.7796753713676822,0.7708122456162769,0.7956055724730424,splice,1,LR,feat
128,0.780564263322884,0.801111305567432,0.7756821536115132,0.7698921615364722,0.801111305567432,splice,2,LR,feat
129,0.7915360501567398,0.7885395179212491,0.7780815341917579,0.7709095678405141,0.7885395179212491,splice,3,LR,feat
130,0.8134796238244514,0.8295028194522924,0.8068237626952914,0.7989463335646542,0.8295028194522924,splice,4,LR,feat
131,0.7601880877742947,0.7763157894736842,0.7476391903147032,0.7387574444927213,0.7763157894736842,splice,5,LR,feat
132,0.8027272727272727,0.8000677809284383,0.7970124982496233,0.7965394361550053,0.8000677809284383,texture,0,LR,feat
133,0.7781818181818182,0.7803487876982724,0.7752567918539782,0.7750449664764504,0.7803487876982724,texture,1,LR,feat
134,0.7963636363636364,0.8011970132063863,0.7945549079171528,0.7938070676043371,0.8011970132063863,texture,2,LR,feat
135,0.8027272727272727,0.7945877527134949,0.7900054809269108,0.7906047118648253,0.7945877527134949,texture,3,LR,feat
136,0.7972727272727272,0.7945880571059424,0.7898404534630431,0.7903262618561353,0.7945880571059424,texture,4,LR,feat
137,0.7909090909090909,0.7922014477683444,0.7866431273533171,0.7881110939110848,0.7922014477683444,texture,5,LR,feat
138,0.7857142857142857,0.7906178489702517,0.7906976744186046,0.85,0.7391304347826086,sonar,0,LR,feat
139,0.8333333333333334,0.8295454545454546,0.8108108108108107,0.8823529411764706,0.75,sonar,1,LR,feat
140,0.6904761904761905,0.6736111111111112,0.606060606060606,0.6666666666666666,0.5555555555555556,sonar,2,LR,feat
141,0.6190476190476191,0.6190476190476191,0.5,0.7272727272727273,0.3809523809523809,sonar,3,LR,feat
142,0.6666666666666666,0.6541176470588235,0.5882352941176471,0.5882352941176471,0.5882352941176471,sonar,4,LR,feat
143,0.7857142857142857,0.7840909090909092,0.7692307692307692,0.7894736842105263,0.75,sonar,5,LR,feat
144,0.8181818181818182,0.8083333333333333,0.7777777777777777,0.875,0.7,molecular_biology_promoters,0,LR,feat
145,0.8636363636363636,0.9,0.8235294117647058,0.7,1.0,molecular_biology_promoters,1,LR,feat
146,0.9090909090909092,0.9017857142857144,0.9285714285714286,0.9285714285714286,0.9285714285714286,molecular_biology_promoters,2,LR,feat
147,0.8636363636363636,0.8666666666666667,0.8571428571428572,0.8181818181818182,0.9,molecular_biology_promoters,3,LR,feat
148,0.7727272727272727,0.7946428571428572,0.8,0.9090909090909092,0.7142857142857143,molecular_biology_promoters,4,LR,feat
149,0.8636363636363636,0.8636363636363636,0.8421052631578948,1.0,0.7272727272727273,molecular_biology_promoters,5,LR,feat
150,0.7675,0.7666091455774684,0.7616653696413687,0.7670395879433759,0.7666091455774684,mfeat_fourier,0,LR,feat
151,0.7725,0.7749373120104828,0.7723096063978416,0.7744044854036469,0.7749373120104828,mfeat_fourier,1,LR,feat
152,0.7625,0.7582188488470751,0.7464164409924781,0.7661288289195266,0.7582188488470751,mfeat_fourier,2,LR,feat
153,0.765,0.7651249263176626,0.7492798245473409,0.7723222077140739,0.7651249263176626,mfeat_fourier,3,LR,feat
154,0.745,0.7419183199027273,0.7335204497414229,0.7408407823646501,0.7419183199027273,mfeat_fourier,4,LR,feat
155,0.7025,0.7189890314840615,0.7020138765087828,0.7050776866330895,0.7189890314840615,mfeat_fourier,5,LR,feat
156,0.9467455621301776,0.9340391018526424,0.9414996819338424,0.9512432012432012,0.9340391018526424,analcatdata_authorship,0,LR,feat
157,0.9467455621301776,0.8929487179487179,0.9176132581745567,0.9566188263923456,0.8929487179487179,analcatdata_authorship,1,LR,feat
158,0.9467455621301776,0.918625992063492,0.9318467558043118,0.9519455953882184,0.918625992063492,analcatdata_authorship,2,LR,feat
159,0.9585798816568049,0.9590186403508772,0.9614467240797028,0.9643633919843596,0.9590186403508772,analcatdata_authorship,3,LR,feat
160,0.9644970414201184,0.9483709273182958,0.957947157205632,0.9688697318007664,0.9483709273182958,analcatdata_authorship,4,LR,feat
161,0.9526627218934912,0.9168321439776664,0.9236925033171164,0.932338494838495,0.9168321439776664,analcatdata_authorship,5,LR,feat
162,0.34375,0.5,0.0,0.0,0.0,tokyo1,0,LR,feat
163,0.3541666666666667,0.5,0.0,0.0,0.0,tokyo1,1,LR,feat
164,0.3958333333333333,0.5,0.0,0.0,0.0,tokyo1,2,LR,feat
165,0.375,0.5,0.0,0.0,0.0,tokyo1,3,LR,feat
166,0.3333333333333333,0.5,0.0,0.0,0.0,tokyo1,4,LR,feat
167,0.359375,0.5,0.0,0.0,0.0,tokyo1,5,LR,feat
168,0.4444444444444444,0.5263157894736842,0.4617149758454106,0.4588057999348321,0.5263157894736842,soybean,0,LR,feat
169,0.5333333333333333,0.5784313725490197,0.5146424888568321,0.5026964945570758,0.5784313725490197,soybean,1,LR,feat
170,0.4592592592592592,0.5294117647058824,0.4766557843553964,0.4620844339734895,0.5294117647058824,soybean,2,LR,feat
171,0.5111111111111111,0.4969135802469135,0.4521272740450823,0.4664845173041894,0.4969135802469135,soybean,3,LR,feat
172,0.5407407407407407,0.5218253968253967,0.4780952380952381,0.4733044733044733,0.5218253968253967,soybean,4,LR,feat
173,0.4888888888888889,0.5151515151515151,0.470748504715896,0.4732823403113257,0.5151515151515151,soybean,5,LR,feat
174,0.83,0.8297051898810253,0.8310786216518847,0.8341909011952463,0.8297051898810253,mfeat_karhunen,0,LR,feat
175,0.8225,0.8247062896453141,0.8238299915587272,0.8258119776043769,0.8247062896453141,mfeat_karhunen,1,LR,feat
176,0.8425,0.8420714847340625,0.8395329653845194,0.8403753756416537,0.8420714847340625,mfeat_karhunen,2,LR,feat
177,0.8425,0.8404224153144279,0.8402520714570816,0.8422299271680191,0.8404224153144279,mfeat_karhunen,3,LR,feat
178,0.8175,0.8131460632652694,0.8140401710958098,0.8180981455212633,0.8131460632652694,mfeat_karhunen,4,LR,feat
179,0.7975,0.8014163421807833,0.7941586124282518,0.7972161773668929,0.8014163421807833,mfeat_karhunen,5,LR,feat
180,0.546875,0.546875,0.5334023754299697,0.5518997122309213,0.5175,GAMETES_Epistasis_2_Way_1000atts_0.4H_EDM_1_EDM_1_1,0,KNN,feat
181,0.5349999999999999,0.5349999999999999,0.5257024305412024,0.5356847451948429,0.51625,GAMETES_Epistasis_2_Way_1000atts_0.4H_EDM_1_EDM_1_1,1,KNN,feat
182,0.5606249999999999,0.5606249999999999,0.5492775993939107,0.5639107118898391,0.5362500000000001,GAMETES_Epistasis_2_Way_1000atts_0.4H_EDM_1_EDM_1_1,2,KNN,feat
183,0.5337500000000001,0.5337500000000001,0.516370091233252,0.5361688906180007,0.4987500000000001,GAMETES_Epistasis_2_Way_1000atts_0.4H_EDM_1_EDM_1_1,3,KNN,feat
184,0.5425,0.5425,0.5335361658079008,0.5408563403669848,0.53,GAMETES_Epistasis_2_Way_1000atts_0.4H_EDM_1_EDM_1_1,4,KNN,feat
185,0.55125,0.55125,0.5441140823783776,0.5534431138492145,0.5362499999999999,GAMETES_Epistasis_2_Way_1000atts_0.4H_EDM_1_EDM_1_1,5,KNN,feat
186,0.6293749999999999,0.6293749999999999,0.6251204369715238,0.6321159280994219,0.6187500000000001,GAMETES_Epistasis_2_Way_1000atts_0.4H_EDM_1_EDM_1_1,0,SVC,feat
187,0.645625,0.645625,0.6451928121874075,0.6456647089303925,0.64625,GAMETES_Epistasis_2_Way_1000atts_0.4H_EDM_1_EDM_1_1,1,SVC,feat
188,0.6399999999999999,0.6400000000000001,0.6405925808197015,0.6394518073486193,0.6425000000000001,GAMETES_Epistasis_2_Way_1000atts_0.4H_EDM_1_EDM_1_1,2,SVC,feat
189,0.6443749999999999,0.6443749999999999,0.6431128213881608,0.6457274678861955,0.6412500000000001,GAMETES_Epistasis_2_Way_1000atts_0.4H_EDM_1_EDM_1_1,3,SVC,feat
190,0.635,0.635,0.6358620962701014,0.6351729811512421,0.63875,GAMETES_Epistasis_2_Way_1000atts_0.4H_EDM_1_EDM_1_1,4,SVC,feat
191,0.6287499999999999,0.6287499999999999,0.6255816256694356,0.6321971766286651,0.6225,GAMETES_Epistasis_2_Way_1000atts_0.4H_EDM_1_EDM_1_1,5,SVC,feat
192,0.634375,0.634375,0.6190709523751536,0.6461526565208403,0.5962500000000001,GAMETES_Epistasis_2_Way_1000atts_0.4H_EDM_1_EDM_1_1,0,NB,feat
193,0.629375,0.629375,0.6162918189978306,0.6383677059355529,0.59625,GAMETES_Epistasis_2_Way_1000atts_0.4H_EDM_1_EDM_1_1,1,NB,feat
194,0.625625,0.625625,0.6074809256859357,0.6359913327617973,0.585,GAMETES_Epistasis_2_Way_1000atts_0.4H_EDM_1_EDM_1_1,2,NB,feat
195,0.628125,0.628125,0.6143305156916954,0.6382203687335478,0.5925,GAMETES_Epistasis_2_Way_1000atts_0.4H_EDM_1_EDM_1_1,3,NB,feat
196,0.625,0.625,0.6034241795022597,0.6388380514551489,0.575,GAMETES_Epistasis_2_Way_1000atts_0.4H_EDM_1_EDM_1_1,4,NB,feat
197,0.6231249999999999,0.6231249999999999,0.6052785119077689,0.6350198588052102,0.58,GAMETES_Epistasis_2_Way_1000atts_0.4H_EDM_1_EDM_1_1,5,NB,feat
198,0.516875,0.516875,0.5181933422385832,0.5167486431012543,0.52,GAMETES_Epistasis_2_Way_1000atts_0.4H_EDM_1_EDM_1_1,0,DT,feat
199,0.508125,0.508125,0.5010004952659106,0.5082266853665841,0.495,GAMETES_Epistasis_2_Way_1000atts_0.4H_EDM_1_EDM_1_1,1,DT,feat
200,0.509375,0.509375,0.5232831715522707,0.5081345305152782,0.54,GAMETES_Epistasis_2_Way_1000atts_0.4H_EDM_1_EDM_1_1,2,DT,feat
201,0.510625,0.510625,0.5078220510175031,0.5108233682888581,0.505,GAMETES_Epistasis_2_Way_1000atts_0.4H_EDM_1_EDM_1_1,3,DT,feat
202,0.52375,0.52375,0.5220433943366132,0.5236165042704198,0.52125,GAMETES_Epistasis_2_Way_1000atts_0.4H_EDM_1_EDM_1_1,4,DT,feat
203,0.54625,0.54625,0.5561812733553986,0.5449471844321625,0.5687500000000001,GAMETES_Epistasis_2_Way_1000atts_0.4H_EDM_1_EDM_1_1,5,DT,feat
204,0.5918750000000002,0.5918750000000002,0.5731864187019028,0.6011236274910772,0.5487500000000001,GAMETES_Epistasis_2_Way_1000atts_0.4H_EDM_1_EDM_1_1,0,RF,feat
205,0.5962500000000001,0.5962500000000002,0.5771943412648927,0.6040736547669564,0.5537500000000001,GAMETES_Epistasis_2_Way_1000atts_0.4H_EDM_1_EDM_1_1,1,RF,feat
206,0.575,0.575,0.5591278881181662,0.580023546653939,0.54,GAMETES_Epistasis_2_Way_1000atts_0.4H_EDM_1_EDM_1_1,2,RF,feat
207,0.599375,0.599375,0.5856313292224119,0.6071210457544349,0.5662499999999999,GAMETES_Epistasis_2_Way_1000atts_0.4H_EDM_1_EDM_1_1,3,RF,feat
208,0.585625,0.585625,0.5720360703200553,0.5934487077540187,0.55375,GAMETES_Epistasis_2_Way_1000atts_0.4H_EDM_1_EDM_1_1,4,RF,feat
209,0.5918749999999999,0.5918749999999999,0.5771528175115846,0.6007220949591315,0.5574999999999999,GAMETES_Epistasis_2_Way_1000atts_0.4H_EDM_1_EDM_1_1,5,RF,feat
210,0.8024554941682014,0.7967734717262364,0.7592968726372552,0.9170808323619832,0.6479425678317303,agaricus_lepiota,0,KNN,feat
211,0.8045426642111725,0.7987966970276115,0.7612197192203436,0.9228554798489746,0.6482067922954622,agaricus_lepiota,1,KNN,feat
212,0.8068753836709638,0.8013353189775494,0.7656503937255961,0.9195747187990964,0.6561195167722262,agaricus_lepiota,2,KNN,feat
213,0.8036832412523021,0.7978233318733124,0.7593707295974143,0.9246588096418084,0.644370487658665,agaricus_lepiota,3,KNN,feat
214,0.8082259054634745,0.8023995147626056,0.7648660450527327,0.931004129327817,0.6497344723329945,agaricus_lepiota,4,KNN,feat
215,0.8062615101289135,0.800431716810493,0.7625729294430895,0.9284278848495504,0.6479380066202726,agaricus_lepiota,5,KNN,feat
216,0.756169429097606,0.7492493523754055,0.6913824465877785,0.8835005687696043,0.5680347043031772,agaricus_lepiota,0,SVC,feat
217,0.756169429097606,0.7492520296230196,0.6914039429104267,0.8834403358405378,0.5680389397138166,agaricus_lepiota,1,SVC,feat
218,0.7561694290976059,0.7492490744008182,0.6913078276875169,0.883520846741274,0.5680327494982668,agaricus_lepiota,2,SVC,feat
219,0.7561694290976059,0.7492528707330212,0.6914497928198213,0.8836083917370459,0.568036984908906,agaricus_lepiota,3,SVC,feat
220,0.7505217925107427,0.7449923375445716,0.6955797596783799,0.8494255044309508,0.5997123178773425,agaricus_lepiota,4,SVC,feat
221,0.7561694290976059,0.7492469991320498,0.6913830016417017,0.8833756613038725,0.5680330752990852,agaricus_lepiota,5,SVC,feat
222,0.8267648864333947,0.8253548306885625,0.8138076293770092,0.8410997049906989,0.7885979487580472,agaricus_lepiota,0,NB,feat
223,0.8267648864333946,0.8253611341817304,0.8140799411906299,0.8414732913185345,0.7886139129981494,agaricus_lepiota,1,NB,feat
224,0.8267648864333947,0.8253641390267227,0.8140294094297668,0.8412420900531984,0.7886168452055151,agaricus_lepiota,2,NB,feat
225,0.8267648864333947,0.8253655857086901,0.8140781954030819,0.8413861147730899,0.7886155420022416,agaricus_lepiota,3,NB,feat
226,0.8206261510128913,0.8194484985830031,0.8088619004492706,0.8305582184248583,0.7886126097948758,agaricus_lepiota,4,NB,feat
227,0.8267648864333947,0.8253593174658335,0.8140657080303914,0.8412779211886721,0.7886119581932389,agaricus_lepiota,5,NB,feat
228,0.8664211172498465,0.868404792785905,0.8688768089908248,0.8228868432976242,0.9203436547032606,agaricus_lepiota,0,DT,feat
229,0.8664211172498465,0.8684006900745995,0.8689047027699776,0.8230907958265037,0.9203430031016238,agaricus_lepiota,1,DT,feat
230,0.8664211172498465,0.8684066749531887,0.8688711081342724,0.8228724692359594,0.9203504965204472,agaricus_lepiota,2,DT,feat
231,0.8664211172498465,0.8684070025505672,0.8688842544260977,0.8229056689214012,0.9203491933171736,agaricus_lepiota,3,DT,feat
232,0.8664211172498465,0.8684002474030429,0.8689019395555387,0.8230973390033759,0.9203426773008054,agaricus_lepiota,4,DT,feat
233,0.8664211172498465,0.8684012726317295,0.868905742606545,0.8230706330852685,0.920343328902442,agaricus_lepiota,5,DT,feat
234,0.8664211172498465,0.868404792785905,0.8688768089908248,0.8228868432976242,0.9203436547032606,agaricus_lepiota,0,RF,feat
235,0.8664211172498465,0.8684006900745995,0.8689047027699776,0.8230907958265037,0.9203430031016238,agaricus_lepiota,1,RF,feat
236,0.8664211172498465,0.8684066749531887,0.8688711081342724,0.8228724692359594,0.9203504965204472,agaricus_lepiota,2,RF,feat
237,0.8664211172498465,0.8684070025505672,0.8688842544260977,0.8229056689214012,0.9203491933171736,agaricus_lepiota,3,RF,feat
238,0.8664211172498465,0.8684002474030429,0.8689019395555387,0.8230973390033759,0.9203426773008054,agaricus_lepiota,4,RF,feat
239,0.8664211172498465,0.8684012726317295,0.868905742606545,0.8230706330852685,0.920343328902442,agaricus_lepiota,5,RF,feat
240,0.9677504357711256,0.9681042998171032,0.9668825934279022,0.9561922582602328,0.9780361378267782,mushroom,0,KNN,feat
241,0.967134293292914,0.9673959194287814,0.966130804586457,0.9583750426340388,0.97447285427581,mushroom,1,KNN,feat
242,0.9698433497536948,0.9702217965111096,0.9690690089446108,0.9577930956970826,0.9808445408814868,mushroom,2,KNN,feat
243,0.9639313376278894,0.963792354178444,0.9621720191430814,0.9656937488193448,0.9599017384731672,mushroom,3,KNN,feat
244,0.9635658203865102,0.963652053349024,0.9622290201552144,0.958992030323361,0.9660375452863136,mushroom,4,KNN,feat
245,0.9683661235316408,0.9686992321121548,0.967496861957363,0.9573519121989124,0.97803581202596,mushroom,5,KNN,feat
246,0.7562754073512694,0.7497387027134549,0.6917083335225661,0.885218162322072,0.5679187192118226,mushroom,0,SVC,feat
247,0.7562772262220538,0.7497421347498181,0.6919804185124877,0.8855809747775997,0.5679236062240988,mushroom,1,SVC,feat
248,0.7562774535809019,0.7497457402406261,0.6918369905691408,0.885279543288114,0.5679310996429222,mushroom,2,SVC,feat
249,0.7562773020083365,0.7497419173580278,0.691687565926262,0.8852128760710116,0.5679245836265541,mushroom,3,SVC,feat
250,0.7562761652140962,0.7497438182452912,0.691795099104032,0.8854402331177843,0.5679255610290093,mushroom,4,SVC,feat
251,0.7562777567260326,0.7497481731927285,0.6917147827599239,0.885719209607941,0.5679337060494696,mushroom,5,SVC,feat
252,0.7114697233800682,0.706805839665931,0.6582385832998485,0.7663941060835221,0.5771111893033075,mushroom,0,NB,feat
253,0.7114718453959833,0.7068116396089794,0.6585148313845812,0.7667832314198278,0.5771177053196757,mushroom,1,NB,feat
254,0.7114703296703297,0.7068114105156855,0.6583968275672031,0.7664956828778267,0.5771248729376808,mushroom,2,NB,feat
255,0.7114720727548314,0.7068109663255371,0.6582573019138946,0.7663817407781807,0.5771160763155837,mushroom,3,NB,feat
256,0.7114712391057219,0.7068115417539871,0.6583246839835244,0.7667313199421473,0.5771183569213126,mushroom,4,NB,feat
257,0.7114725274725275,0.706817026450253,0.6583240251960432,0.766845347193215,0.577126501941773,mushroom,5,NB,feat
258,0.9719350511557407,0.9725897583282808,0.9714653523279788,0.952880455249288,0.9908075299085152,mushroom,0,DT,feat
259,0.9719348995831756,0.972589791137856,0.9714659834657862,0.952881066800106,0.9908059009044232,mushroom,1,DT,feat
260,0.9719356574460022,0.9725898128196616,0.971459047197644,0.9528575411375112,0.9908062267052417,mushroom,2,DT,feat
261,0.9719349753694582,0.9725903882481118,0.9714556983394106,0.952858129329227,0.9908085073109704,mushroom,3,DT,feat
262,0.9719350511557407,0.9725917137069252,0.9714697875386852,0.9529198322427164,0.9908072041076968,mushroom,4,DT,feat
263,0.9719353543008716,0.9725908663953036,0.9714589115368218,0.9528692020646826,0.9908072041076968,mushroom,5,DT,feat
264,0.9719350511557407,0.9725897583282808,0.9714653523279788,0.952880455249288,0.9908075299085152,mushroom,0,RF,feat
265,0.9719348995831756,0.972589791137856,0.9714659834657862,0.952881066800106,0.9908059009044232,mushroom,1,RF,feat
266,0.9719356574460022,0.9725898128196616,0.971459047197644,0.9528575411375112,0.9908062267052417,mushroom,2,RF,feat
267,0.9719349753694582,0.9725903882481118,0.9714556983394106,0.952858129329227,0.9908085073109704,mushroom,3,RF,feat
268,0.9719350511557407,0.9725917137069252,0.9714697875386852,0.9529198322427164,0.9908072041076968,mushroom,4,RF,feat
269,0.9719353543008716,0.9725908663953036,0.9714589115368218,0.9528692020646826,0.9908072041076968,mushroom,5,RF,feat
270,0.6739189189189189,0.6733319208811867,0.6943766533237135,0.6589931735585345,0.7339475549255847,ring,0,KNN,feat
271,0.6797297297297297,0.6791800858490397,0.6987480141208627,0.6655879853076534,0.7355450321786253,ring,1,KNN,feat
272,0.6817567567567567,0.6811820564990507,0.7011802050739024,0.6668518230758944,0.7395568011797636,ring,2,KNN,feat
273,0.6809459459459459,0.6803971153922294,0.6998525101600113,0.6666173083507134,0.7366166985231478,ring,3,KNN,feat
274,0.6827027027027028,0.6821575659199768,0.7013493579317239,0.6682368303097267,0.7379518072289157,ring,4,KNN,feat
275,0.6808108108108109,0.6802390181490766,0.7001159515464567,0.666002219880661,0.7382138178381977,ring,5,KNN,feat
276,0.5354054054054054,0.5347123036082371,0.53059201117868,0.5028375420702055,0.6149464166827739,ring,0,SVC,feat
277,0.4854054054054054,0.4861237679691381,0.4010511832040187,0.431146873283556,0.4035203201397389,ring,1,SVC,feat
278,0.487027027027027,0.4874327729664188,0.4394909332728448,0.4559084218821613,0.4489208169576703,ring,2,SVC,feat
279,0.5378378378378379,0.5375512463867306,0.5112817388965945,0.5091164677107199,0.564464274209136,ring,3,SVC,feat
280,0.5225675675675676,0.5220183420499044,0.5017122675090314,0.4755724734118782,0.5797861678442826,ring,4,SVC,feat
281,0.5349999999999999,0.5340389855034797,0.5637944649727495,0.5177435592974176,0.6387367652427894,ring,5,SVC,feat
282,0.7240540540540541,0.722858778138843,0.755775676364582,0.6830780025878791,0.8458275168409826,ring,0,NB,feat
283,0.7225675675675676,0.7213833286816764,0.7541687262837579,0.6823800800349511,0.8431483509796763,ring,1,NB,feat
284,0.7235135135135136,0.7223166976746092,0.7553040444295729,0.6828721698281756,0.845021798423641,ring,2,NB,feat
285,0.7232432432432432,0.7220492952205764,0.7549576061909061,0.6828574704217711,0.8442178696962539,ring,3,NB,feat
286,0.7241891891891892,0.7229990863369611,0.7557071899861583,0.6834986808885505,0.8450182190437328,ring,4,NB,feat
287,0.7235135135135135,0.7223160188228309,0.7553316700226963,0.6829447366619199,0.8450185769817237,ring,5,NB,feat
288,0.6194594594594595,0.6193984940578092,0.6240913455547951,0.6224982387637017,0.6258037497583919,ring,0,DT,feat
289,0.6229729729729729,0.6229474320495784,0.6263737935973119,0.6270622928596729,0.6258033918204011,ring,1,DT,feat
290,0.6271621621621621,0.6271172294088379,0.6308552279417594,0.6308073921240331,0.6311520592172613,ring,2,DT,feat
291,0.6216216216216216,0.6216089823037095,0.6241462586756664,0.6258813854457363,0.6225919721667419,ring,3,DT,feat
292,0.6217567567567567,0.621848703938268,0.620561903129565,0.6288168017895102,0.6126889017746566,ring,4,DT,feat
293,0.6343243243243244,0.6343281245231157,0.6362757656387943,0.6391393307108421,0.6335620557094689,ring,5,DT,feat
294,0.6700000000000002,0.6694937223263262,0.6882724698729413,0.6577263571928638,0.7221735426554703,ring,0,RF,feat
295,0.6708108108108107,0.6703277499779484,0.6883599385960218,0.6593531047805241,0.7202904308857534,ring,1,RF,feat
296,0.6736486486486486,0.6731915692226578,0.6901080719162225,0.6630651669667509,0.7197499445196114,ring,2,RF,feat
297,0.6667567567567567,0.6663047750793035,0.6834006269438351,0.656908134439696,0.7122590182476787,ring,3,RF,feat
298,0.6763513513513514,0.6758730672725596,0.6933260085850369,0.6645365692258247,0.7248333798652722,ring,4,RF,feat
299,0.6775675675675675,0.6770577442222482,0.6953261667191846,0.6649910209938543,0.7288472964943554,ring,5,RF,feat
300,0.7190540540540542,0.719051378245168,0.7199105946028779,0.7171668320843677,0.7230172256153311,twonorm,0,KNN,feat
301,0.7198648648648648,0.7198590813863943,0.7198344204383116,0.7195800258064239,0.7205793073181436,twonorm,1,KNN,feat
302,0.7122972972972972,0.7122944248067102,0.7120585503796838,0.7118715478734569,0.7124660790695974,twonorm,2,KNN,feat
303,0.717027027027027,0.7170276274367863,0.7156676402815882,0.7187261247550607,0.7130124711992101,twonorm,3,KNN,feat
304,0.7151351351351352,0.7151282470803872,0.7150031395431291,0.714806293120584,0.7154364919723513,twonorm,4,KNN,feat
305,0.7162162162162162,0.7162164499145484,0.7149180674961455,0.7177580653139177,0.7122001974911312,twonorm,5,KNN,feat
306,0.7464864864864864,0.7464748899162403,0.7453865089414232,0.748100950528131,0.7430285630691584,twonorm,0,SVC,feat
307,0.7468918918918919,0.7468844952286303,0.7458004031203916,0.7485743847713564,0.7433028563069157,twonorm,1,SVC,feat
308,0.7463513513513513,0.7463461480468815,0.7452752629881144,0.7476637748983466,0.7430362432798157,twonorm,2,SVC,feat
309,0.7479729729729729,0.7479770828061548,0.7468219901985929,0.7496314832977997,0.7446670080093625,twonorm,3,SVC,feat
310,0.7459459459459459,0.7459398209273574,0.7450852157338594,0.7469770918057622,0.7432991990637458,twonorm,4,SVC,feat
311,0.7466216216216217,0.7466206113143653,0.7457013186094151,0.7478682703723549,0.7435756866474053,twonorm,5,SVC,feat
312,0.7478378378378377,0.7478278860399079,0.7472845927978431,0.7483931475917807,0.7465446366528911,twonorm,0,NB,feat
313,0.7474324324324324,0.747426133435677,0.747120043540892,0.7477162452260342,0.7468189298906485,twonorm,1,NB,feat
314,0.7464864864864865,0.7464829259801128,0.7462919870265103,0.7461683772687936,0.7465508539662803,twonorm,2,NB,feat
315,0.7472972972972973,0.7473037789094338,0.7468013317612836,0.7477302980537163,0.7465596313498885,twonorm,3,NB,feat
316,0.7471621621621622,0.747157681422335,0.7466851476177514,0.7474788418783203,0.7460040961123504,twonorm,4,NB,feat
317,0.7477027027027028,0.7477040661486214,0.7476125928344549,0.7473568731519772,0.7479022053176316,twonorm,5,NB,feat
318,0.6624324324324324,0.6624295140412226,0.663499132738808,0.6611948298460011,0.665945580221629,twonorm,0,DT,feat
319,0.6564864864864866,0.6564817226928187,0.6570578188177373,0.655522831449962,0.6589024613246535,twonorm,1,DT,feat
320,0.6582432432432432,0.6582510920029614,0.6605042750429271,0.655599867823881,0.6656807958161137,twonorm,2,DT,feat
321,0.6583783783783783,0.6583882322056241,0.6608149873189852,0.6556847548164212,0.6662206049080204,twonorm,3,DT,feat
322,0.6578378378378378,0.6578347286875882,0.6588042347355179,0.6567702837168004,0.6610744980433749,twonorm,4,DT,feat
323,0.6547297297297296,0.6547262410356207,0.6516955763762982,0.657094786211644,0.64646893171927,twonorm,5,DT,feat
324,0.7106756756756756,0.7106640485050143,0.7081677477700588,0.7140837799563166,0.7024653476209634,twonorm,0,RF,feat
325,0.7082432432432433,0.7082396368362468,0.7076081153026101,0.7087996558470769,0.7067871118750686,twonorm,1,RF,feat
326,0.7054054054054054,0.7054012528797089,0.7042501445117042,0.7064412898183047,0.702193248729108,twonorm,2,RF,feat
327,0.7106756756756756,0.7106844846468092,0.7110464872748634,0.7098131530523617,0.7127436638262077,twonorm,3,RF,feat
328,0.7131081081081081,0.7131008563032635,0.7124940725160772,0.7140684417629309,0.7113831693669311,twonorm,4,RF,feat
329,0.7079729729729729,0.7079721001208075,0.7070525549030637,0.7087102132032881,0.7054342976264492,twonorm,5,RF,feat
330,0.7983114035087719,0.7903913347309575,0.755646853096952,0.7953222252002741,0.7333333333333332,clean1,0,KNN,feat
331,0.8151315789473683,0.807217608114985,0.7791617475464545,0.8257142857142856,0.7441347270615563,clean1,1,KNN,feat
332,0.8171929824561402,0.8107321212475378,0.7836600361663654,0.8079064861986598,0.7628339140534264,clean1,2,KNN,feat
333,0.7794298245614035,0.7672184116270633,0.7232268754234502,0.8011401353506618,0.6718931475029036,clean1,3,KNN,feat
334,0.7836842105263158,0.7734746053659997,0.7347402597402597,0.7850874848173628,0.6955865272938444,clean1,4,KNN,feat
335,0.8046929824561403,0.7982197337696647,0.7697579880142995,0.793344054319664,0.7487804878048779,clean1,5,KNN,feat
336,0.9937061403508772,0.9938454627133873,0.9929391986550854,0.990909090909091,0.9952380952380953,clean1,0,SVC,feat
337,0.995811403508772,0.9957671957671956,0.9951807228915662,0.9952380952380953,0.9952380952380953,clean1,1,SVC,feat
338,0.9957894736842106,0.9957671957671956,0.9951807228915662,0.9952380952380953,0.9952380952380953,clean1,2,SVC,feat
339,0.9978947368421054,0.998148148148148,0.9975903614457832,0.9952380952380953,1.0,clean1,3,SVC,feat
340,0.991578947368421,0.9902439024390244,0.9899359274886702,1.0,0.9804878048780488,clean1,4,SVC,feat
341,0.9979166666666668,0.9976190476190476,0.9975903614457832,1.0,0.9952380952380953,clean1,5,SVC,feat
342,0.9180482456140352,0.9189815119175452,0.9071702244116038,0.8886304909560723,0.927061556329849,clean1,0,NB,feat
343,0.8991228070175439,0.900175311726163,0.8872838014698481,0.8694328602839242,0.907897793263647,clean1,1,NB,feat
344,0.9179824561403508,0.9191439187527544,0.9078756986799704,0.8897202561509943,0.927526132404181,clean1,2,NB,feat
345,0.905438596491228,0.905799774529641,0.8936783182204788,0.8814518528339201,0.9085946573751452,clean1,3,NB,feat
346,0.9096710526315788,0.9099051125282142,0.8974246766020759,0.8858519423074036,0.9128919860627178,clean1,4,NB,feat
347,0.918092105263158,0.9192718719640028,0.9076897352588352,0.8897924866715975,0.9276422764227644,clean1,5,NB,feat
348,1.0,1.0,1.0,1.0,1.0,clean1,0,DT,feat
349,1.0,1.0,1.0,1.0,1.0,clean1,1,DT,feat
350,1.0,1.0,1.0,1.0,1.0,clean1,2,DT,feat
351,1.0,1.0,1.0,1.0,1.0,clean1,3,DT,feat
352,1.0,1.0,1.0,1.0,1.0,clean1,4,DT,feat
353,1.0,1.0,1.0,1.0,1.0,clean1,5,DT,feat
354,1.0,1.0,1.0,1.0,1.0,clean1,0,RF,feat
355,1.0,1.0,1.0,1.0,1.0,clean1,1,RF,feat
356,1.0,1.0,1.0,1.0,1.0,clean1,2,RF,feat
357,1.0,1.0,1.0,1.0,1.0,clean1,3,RF,feat
358,1.0,1.0,1.0,1.0,1.0,clean1,4,RF,feat
359,1.0,1.0,1.0,1.0,1.0,clean1,5,RF,feat
360,0.9055240326176288,0.9150320916306344,0.8978778639643785,0.8868677996100093,0.9150320916306344,dna,0,KNN,feat
361,0.905526985329941,0.9152453850410132,0.8979063037910004,0.8871508736084299,0.9152453850410132,dna,1,KNN,feat
362,0.909287756578397,0.9179061101079938,0.9011951629945412,0.8903895261029378,0.9179061101079938,dna,2,KNN,feat
363,0.907405402479294,0.9178664213709532,0.9001558554255024,0.8886314685694572,0.9178664213709532,dna,3,KNN,feat
364,0.9083507625379548,0.9201325277280492,0.9021825830987475,0.890402867326982,0.9201325277280492,dna,4,KNN,feat
365,0.9008134722420436,0.912482744631314,0.894029251852564,0.8822668345986051,0.912482744631314,dna,5,KNN,feat
366,0.9409910286757578,0.938525324500089,0.9326363005032424,0.927884199539089,0.938525324500089,dna,0,SVC,feat
367,0.9425613795071924,0.9395293785981542,0.9341667019931384,0.9297456856713044,0.9395293785981542,dna,1,SVC,feat
368,0.9416219248731564,0.9380026264831668,0.932630411235502,0.9283246441173384,0.9380026264831668,dna,2,SVC,feat
369,0.9422488841208054,0.9402611985622472,0.934241018740338,0.9292870247323938,0.9402611985622472,dna,3,SVC,feat
370,0.940990536557039,0.9380550757945464,0.9326037565650904,0.9287749849684998,0.9380550757945464,dna,4,SVC,feat
371,0.942872890656142,0.9399729863564944,0.9347479835559314,0.9304407518800456,0.9399729863564944,dna,5,SVC,feat
372,0.9083453492320488,0.9113215169799496,0.8969753125579046,0.8908631641933156,0.9113215169799496,dna,0,NB,feat
373,0.908982150854072,0.9114805300801392,0.8981336172462362,0.8921177373036976,0.9114805300801392,dna,1,NB,feat
374,0.9052149820622728,0.9059623065558732,0.8925253281012926,0.8873547760203728,0.9059623065558732,dna,2,NB,feat
375,0.910859583765988,0.9132796052291342,0.8997891209099546,0.8939614831381398,0.9132796052291342,dna,3,NB,feat
376,0.9030078296088148,0.9031369745249256,0.8900434685601241,0.8867720519316797,0.9031369745249256,dna,4,NB,feat
377,0.9033296752508576,0.903634785660732,0.8905205092559605,0.8880955820130199,0.903634785660732,dna,5,NB,feat
378,0.9340885715269952,0.9350218783842384,0.9272237451433828,0.9206973862149028,0.9350218783842384,dna,0,DT,feat
379,0.9372273047149896,0.9374991804527968,0.9299856847138086,0.9237423747643232,0.9374991804527968,dna,1,DT,feat
380,0.935969449269942,0.9357479950691252,0.9289350442384404,0.9231841793506108,0.9357479950691252,dna,2,DT,feat
381,0.9322012962407052,0.9342606444756792,0.9254940874419132,0.9185211505292936,0.9342606444756792,dna,3,DT,feat
382,0.9347150386559252,0.9354129923811816,0.9277783003723924,0.9222195209262904,0.9354129923811816,dna,4,DT,feat
383,0.9384777783792562,0.9383022127646262,0.931108297323926,0.9254182449132256,0.9383022127646262,dna,5,DT,feat
384,0.9447596738237132,0.9411695175796828,0.9377103242428234,0.9346546484948798,0.9411695175796828,dna,0,RF,feat
385,0.9431917835858724,0.9389842110972376,0.9354504674495988,0.932270901549754,0.9389842110972376,dna,1,RF,feat
386,0.942874367012298,0.9387834115610906,0.935473878979567,0.9327185400886686,0.9387834115610906,dna,2,RF,feat
387,0.9435032947348218,0.940816762238479,0.9362805928105676,0.9323190929831264,0.940816762238479,dna,3,RF,feat
388,0.9441282855075958,0.9409862604140194,0.936878694462145,0.9343383259937916,0.9409862604140194,dna,4,RF,feat
389,0.9431863702799664,0.939453461386996,0.9355768190060272,0.9324601843919788,0.939453461386996,dna,5,RF,feat
390,0.7387117552334943,0.675016727710932,0.5387661139313178,0.5595465503955116,0.5208043172033411,phoneme,0,KNN,feat
391,0.7387127830883613,0.6711529857284387,0.5329340388144252,0.5615549906368158,0.5075828819713113,phoneme,1,KNN,feat
392,0.7359404872032068,0.670839523324189,0.5325679795538039,0.5545844198243998,0.5132373073031367,phoneme,2,KNN,feat
393,0.7357565011820331,0.6729040788783252,0.5358793885356927,0.5534260238551693,0.5207705890522389,phoneme,3,KNN,feat
394,0.7333436118820023,0.6686453717112658,0.5300539136025132,0.5495976607292516,0.5119992857568001,phoneme,4,KNN,feat
395,0.737786000616713,0.6725060721596536,0.5349535424655766,0.557712047544844,0.5144713608316966,phoneme,5,KNN,feat
396,0.706513687600644,0.5,0.0,0.0,0.0,phoneme,0,SVC,feat
397,0.706513687600644,0.5,0.0,0.0,0.0,phoneme,1,SVC,feat
398,0.706513687600644,0.5,0.0,0.0,0.0,phoneme,2,SVC,feat
399,0.706513687600644,0.5,0.0,0.0,0.0,phoneme,3,SVC,feat
400,0.706513687600644,0.5,0.0,0.0,0.0,phoneme,4,SVC,feat
401,0.706513687600644,0.5,0.0,0.0,0.0,phoneme,5,SVC,feat
402,0.7228002192757049,0.5881927545833013,0.3570649120480574,0.5595271246277959,0.2622919270678333,phoneme,0,NB,feat
403,0.7224255661767225,0.5877333992345356,0.3553324041720281,0.5578428263849049,0.2616411721524512,phoneme,1,NB,feat
404,0.7231685339363415,0.5891901339363159,0.3594166624800608,0.5600415896558661,0.2648116183560502,phoneme,2,NB,feat
405,0.7242787885017302,0.5907191810809035,0.3620065098955704,0.5633831771065826,0.267347181715374,phoneme,3,NB,feat
406,0.7233528625758043,0.5891338461537178,0.3592583631700432,0.5632523494817925,0.2641826875384401,phoneme,4,NB,feat
407,0.7240925754616782,0.5902158744753663,0.3605419374715585,0.563518366369989,0.2660774160268238,phoneme,5,NB,feat
408,0.7248321170384076,0.6399372478197233,0.4805510604146703,0.5386225208096288,0.4344046981330477,phoneme,0,DT,feat
409,0.723538904306712,0.6384759600385674,0.4789077036541947,0.537378664701686,0.4325357617602126,phoneme,1,DT,feat
410,0.7192822146846198,0.6380360436354033,0.4795748014368429,0.5267702007611661,0.4413507132511954,phoneme,2,DT,feat
411,0.7181733305923871,0.6337521801469604,0.4719696814519607,0.525985592155019,0.4293712675832788,phoneme,3,DT,feat
412,0.7183542330489601,0.6357276027032892,0.475934182265768,0.5249557821659359,0.4356863678749281,phoneme,4,DT,feat
413,0.7227979922568266,0.6410767460921529,0.4838528238134967,0.5334602322860716,0.4432295696684721,phoneme,5,DT,feat
414,0.7220572515160859,0.6571340557572939,0.512893581062903,0.5274082059876513,0.4999662718488978,phoneme,0,RF,feat
415,0.7276090382704629,0.6647613981251076,0.5245654426929971,0.5382153733685552,0.512610360494415,phoneme,1,RF,feat
416,0.7194675711789495,0.6553048993017849,0.5110026145140131,0.523379119710221,0.4999821439200048,phoneme,2,RF,feat
417,0.7209499092061533,0.6567199311701705,0.512979228873063,0.5265944361986745,0.5012360375374482,phoneme,3,RF,feat
418,0.7205747421797375,0.6592292795699497,0.517532639673554,0.5253228963638169,0.5107156320060314,phoneme,4,RF,feat
419,0.7226112652893412,0.6625146615875079,0.5225435535505223,0.528740596337227,0.5170108922087971,phoneme,5,RF,feat
420,0.7310000000000001,0.7310000000000001,0.7284961453902401,0.7427221002607133,0.7310000000000001,mfeat_pixel,0,KNN,feat
421,0.7300000000000001,0.7299999999999999,0.7260964782760339,0.7404606168099401,0.7299999999999999,mfeat_pixel,1,KNN,feat
422,0.727,0.727,0.7233813675359138,0.7375731274110874,0.727,mfeat_pixel,2,KNN,feat
423,0.7300000000000001,0.7299999999999999,0.7265144436901367,0.7397470711076407,0.7299999999999999,mfeat_pixel,3,KNN,feat
424,0.7275,0.7275,0.7237287602144284,0.7376017522300773,0.7275,mfeat_pixel,4,KNN,feat
425,0.732,0.732,0.7290366799278479,0.7427737127028426,0.732,mfeat_pixel,5,KNN,feat
426,0.7434999999999999,0.7435,0.7409933460447574,0.7520035689113383,0.7435,mfeat_pixel,0,SVC,feat
427,0.7419999999999999,0.742,0.7393821148175623,0.75387240783937,0.742,mfeat_pixel,1,SVC,feat
428,0.742,0.742,0.7396742629546871,0.7519615224571858,0.742,mfeat_pixel,2,SVC,feat
429,0.7304999999999999,0.7304999999999999,0.7260902732072202,0.7368283404590695,0.7304999999999999,mfeat_pixel,3,SVC,feat
430,0.7390000000000001,0.739,0.7334848778899333,0.7452840643752945,0.739,mfeat_pixel,4,SVC,feat
431,0.7344999999999999,0.7345,0.7296992464424192,0.7408006347370607,0.7345,mfeat_pixel,5,SVC,feat
432,0.6645,0.6645000000000001,0.6500692060605431,0.6770210104138161,0.6645000000000001,mfeat_pixel,0,NB,feat
433,0.6675000000000001,0.6675000000000001,0.6540191167391357,0.6812788584318936,0.6675000000000001,mfeat_pixel,1,NB,feat
434,0.6549999999999999,0.655,0.64346518378694,0.6779436953312864,0.655,mfeat_pixel,2,NB,feat
435,0.663,0.663,0.6495944278696827,0.6765686588841551,0.663,mfeat_pixel,3,NB,feat
436,0.6559999999999999,0.6559999999999999,0.6425489067136352,0.6699793032505642,0.6559999999999999,mfeat_pixel,4,NB,feat
437,0.6615,0.6615,0.64816111163145,0.6768519303512296,0.6615,mfeat_pixel,5,NB,feat
438,0.701,0.701,0.7009482275949852,0.7096506961290614,0.701,mfeat_pixel,0,DT,feat
439,0.7035000000000001,0.7035000000000001,0.701941218880633,0.7080423805387507,0.7035000000000001,mfeat_pixel,1,DT,feat
440,0.703,0.703,0.7016478465336009,0.7085038517618888,0.703,mfeat_pixel,2,DT,feat
441,0.7030000000000001,0.7030000000000001,0.7005219788438221,0.706406932556785,0.7030000000000001,mfeat_pixel,3,DT,feat
442,0.6994999999999999,0.6994999999999999,0.6972480873628621,0.7038815587355529,0.6994999999999999,mfeat_pixel,4,DT,feat
443,0.6945,0.6945,0.6939055985413107,0.7008541799030162,0.6945,mfeat_pixel,5,DT,feat
444,0.7630000000000001,0.7630000000000001,0.761998533177802,0.7655631334177748,0.7630000000000001,mfeat_pixel,0,RF,feat
445,0.757,0.757,0.7554367873772906,0.7587844135171012,0.757,mfeat_pixel,1,RF,feat
446,0.76,0.76,0.7580263621934102,0.7626758390650764,0.76,mfeat_pixel,2,RF,feat
447,0.757,0.757,0.755297037855485,0.7584401665970371,0.757,mfeat_pixel,3,RF,feat
448,0.761,0.7609999999999999,0.7587849465264378,0.762631514783572,0.7609999999999999,mfeat_pixel,4,RF,feat
449,0.752,0.752,0.7501487587344255,0.7532836769503495,0.752,mfeat_pixel,5,RF,feat
450,0.660188679245283,0.6531408560762222,0.6064545455697055,0.6303164544368128,0.5850137107474569,banana,0,KNN,feat
451,0.6562264150943397,0.6494704766679193,0.6036867885906132,0.6247290040096496,0.5841716054842989,banana,1,KNN,feat
452,0.6584905660377358,0.6515575267949414,0.6053055653906516,0.6284383692411848,0.5845891198584697,banana,2,KNN,feat
453,0.6613207547169812,0.6554326747725323,0.6128810344802138,0.628533864825902,0.5984891640866874,banana,3,KNN,feat
454,0.6630188679245282,0.6565855453526687,0.6125680444892009,0.6324853495384236,0.5942857142857143,banana,4,KNN,feat
455,0.6650943396226416,0.6581399552777686,0.6123323330126988,0.636132082457088,0.5909111012826183,banana,5,KNN,feat
456,0.5516981132075471,0.5,0.0,0.0,0.0,banana,0,SVC,feat
457,0.5516981132075471,0.5,0.0,0.0,0.0,banana,1,SVC,feat
458,0.5516981132075471,0.5,0.0,0.0,0.0,banana,2,SVC,feat
459,0.5516981132075471,0.5,0.0,0.0,0.0,banana,3,SVC,feat
460,0.5516981132075471,0.5,0.0,0.0,0.0,banana,4,SVC,feat
461,0.5516981132075471,0.5,0.0,0.0,0.0,banana,5,SVC,feat
462,0.6371698113207548,0.6023493679911467,0.3787559419042966,0.7984988346601115,0.2655727554179566,banana,0,NB,feat
463,0.6560377358490566,0.6232477528715071,0.4425232143800925,0.8132774108113334,0.3059938080495356,banana,1,NB,feat
464,0.6530188679245283,0.6199065662979739,0.4335591093150777,0.8053500790073012,0.2996620964175144,banana,2,NB,feat
465,0.6543396226415095,0.6214378013050561,0.4385181396982284,0.8074003452398818,0.3030605926581159,banana,3,NB,feat
466,0.6549056603773585,0.6222602280148191,0.4410171100292157,0.8041517273487907,0.3064130915524105,banana,4,NB,feat
467,0.6411320754716981,0.60696245210228,0.4013351012088965,0.7906890269666098,0.2765077399380805,banana,5,NB,feat
468,0.6356603773584906,0.6193997414246789,0.5317857374930457,0.6271116041429196,0.462110570544007,banana,0,DT,feat
469,0.6354716981132077,0.6195860062509836,0.533902938148799,0.6258027001004337,0.4659141972578505,banana,1,DT,feat
470,0.6413207547169811,0.6255971102988365,0.5417062048011531,0.6345997337205509,0.4734913754975675,banana,2,DT,feat
471,0.639811320754717,0.6244549037110638,0.5420506867853742,0.6308177412320248,0.4760026536930562,banana,3,DT,feat
472,0.6350943396226415,0.6195194597943442,0.5353694764973527,0.6241424675797348,0.4688580274214949,banana,4,DT,feat
473,0.6328301886792452,0.6172737917232594,0.532346891003421,0.6201587815001944,0.4667616099071207,banana,5,DT,feat
474,0.6416981132075471,0.6303556890117813,0.5653606879495917,0.6195305249270766,0.5206165413533834,banana,0,RF,feat
475,0.6428301886792454,0.6315366108767652,0.5672249481670077,0.6210520798713833,0.5223034055727555,banana,1,RF,feat
476,0.6462264150943395,0.6349736337734768,0.5710007178563147,0.625746215012063,0.5260981866430783,banana,2,RF,feat
477,0.6484905660377358,0.6378056139025222,0.576616517941909,0.6269839227826993,0.5345059708093765,banana,3,RF,feat
478,0.6437735849056604,0.6331032769272092,0.5715216024243441,0.6205589923647772,0.5298823529411765,banana,4,RF,feat
479,0.6413207547169811,0.6306827074867067,0.5686029380215426,0.6167015134892299,0.5277832817337461,banana,5,RF,feat
480,0.907,0.907,0.906014459137226,0.9096392236798028,0.907,mfeat_factors,0,KNN,feat
481,0.902,0.902,0.9012198069073576,0.9031689748877052,0.902,mfeat_factors,1,KNN,feat
482,0.899,0.899,0.8979734265348001,0.9006696041276756,0.899,mfeat_factors,2,KNN,feat
483,0.898,0.898,0.8972926369975616,0.9005798527890156,0.898,mfeat_factors,3,KNN,feat
484,0.8975,0.8975,0.896327184983468,0.9001326148064311,0.8975,mfeat_factors,4,KNN,feat
485,0.9035,0.9035,0.9027216807314395,0.9061447423683184,0.9035,mfeat_factors,5,KNN,feat
486,0.9395,0.9395,0.939412688849362,0.9408341609541188,0.9395,mfeat_factors,0,SVC,feat
487,0.9365,0.9365,0.936425563884127,0.938336958729352,0.9365,mfeat_factors,1,SVC,feat
488,0.9325,0.9325,0.9323344598909156,0.933919807048665,0.9325,mfeat_factors,2,SVC,feat
489,0.9295,0.9295,0.9294082705960092,0.9308503224960238,0.9295,mfeat_factors,3,SVC,feat
490,0.937,0.937,0.9366516189129726,0.9382481782869356,0.937,mfeat_factors,4,SVC,feat
491,0.934,0.934,0.9337393783188216,0.935497707020606,0.934,mfeat_factors,5,SVC,feat
492,0.8514999999999999,0.8514999999999999,0.8509462866616749,0.8548856355712514,0.8514999999999999,mfeat_factors,0,NB,feat
493,0.8485000000000001,0.8484999999999999,0.8480802463794326,0.8533695565869456,0.8484999999999999,mfeat_factors,1,NB,feat
494,0.8515,0.8515,0.8511239592419674,0.8553954509604698,0.8515,mfeat_factors,2,NB,feat
495,0.851,0.851,0.8509087639832067,0.8545221589731324,0.851,mfeat_factors,3,NB,feat
496,0.8484999999999999,0.8484999999999999,0.848248328020175,0.8529765271192555,0.8484999999999999,mfeat_factors,4,NB,feat
497,0.8460000000000001,0.8460000000000001,0.8459342322588995,0.8498443737955977,0.8460000000000001,mfeat_factors,5,NB,feat
498,0.8309999999999998,0.8310000000000001,0.8308286216035995,0.8330884249238476,0.8310000000000001,mfeat_factors,0,DT,feat
499,0.8495000000000001,0.8495000000000001,0.8505156081898777,0.8556047020790165,0.8495000000000001,mfeat_factors,1,DT,feat
500,0.842,0.8419999999999999,0.8419740585532238,0.8449967259521596,0.8419999999999999,mfeat_factors,2,DT,feat
501,0.8345,0.8345,0.8339010046193482,0.836039785509443,0.8345,mfeat_factors,3,DT,feat
502,0.845,0.8450000000000001,0.8446266206261905,0.8498675300835135,0.8450000000000001,mfeat_factors,4,DT,feat
503,0.8460000000000001,0.8460000000000001,0.8457684244458644,0.8501554428646176,0.8460000000000001,mfeat_factors,5,DT,feat
504,0.923,0.923,0.9227907875560528,0.9241890966252416,0.923,mfeat_factors,0,RF,feat
505,0.922,0.922,0.92186061807859,0.9236375941787432,0.922,mfeat_factors,1,RF,feat
506,0.92,0.92,0.9196897442972316,0.921339351736799,0.92,mfeat_factors,2,RF,feat
507,0.9275,0.9275,0.9274124002508746,0.9293339710672474,0.9275,mfeat_factors,3,RF,feat
508,0.9245,0.9245,0.9241440291322464,0.926130796922722,0.9245,mfeat_factors,4,RF,feat
509,0.9265,0.9265,0.9263999539903344,0.9278107201142548,0.9265,mfeat_factors,5,RF,feat
510,0.6587683519803615,0.6853481171509828,0.6518361657012669,0.5450611294976577,0.8108016376725568,spambase,0,KNN,feat
511,0.6561679176698295,0.6829300140674235,0.649717314208136,0.5429849681952579,0.8091822291219579,spambase,1,KNN,feat
512,0.6552943398007838,0.6814358324498093,0.6478875490528101,0.5422884394793106,0.8047608176186779,spambase,2,KNN,feat
513,0.6544195817400745,0.6803220498151243,0.6465313273969465,0.5414957190504509,0.8025326088610869,spambase,3,KNN,feat
514,0.6537702402870227,0.6800561383930799,0.6465873677081603,0.5408593954833865,0.8041641934158259,spambase,4,KNN,feat
515,0.6550741160364443,0.681813320045926,0.6485572911787101,0.5417910719959064,0.8080331187312604,spambase,5,KNN,feat
516,0.8604654675919369,0.8358626967525726,0.8025006457030033,0.9071039475283234,0.7197875287277599,spambase,0,SVC,feat
517,0.858291318510126,0.8346708315777007,0.800576133501649,0.8974696402756068,0.7231404958677686,spambase,1,SVC,feat
518,0.860030212906576,0.83560859369637,0.8021961109786705,0.9052637732692308,0.7203552349207799,spambase,2,SVC,feat
519,0.860677666052967,0.8370948894614738,0.8040812134063374,0.9016507535993844,0.7258496567888832,spambase,3,SVC,feat
520,0.8595930699145541,0.8361978360894693,0.8028245497476908,0.8985564201129723,0.7258450907873308,spambase,4,SVC,feat
521,0.8582901383184629,0.8340700252890458,0.8000211897859616,0.9008486811325458,0.7197844847267248,spambase,5,SVC,feat
522,0.8187348345371289,0.7803953294933279,0.7224898240194606,0.9104078386119404,0.5995312238406162,spambase,0,NB,feat
523,0.8228666855497332,0.7862499891923156,0.7313788917586427,0.9083607197465206,0.6133814285496857,spambase,1,NB,feat
524,0.8230833687390833,0.7850614216852316,0.7295460979974033,0.917642181051272,0.6056298799141592,spambase,2,NB,feat
525,0.8232955672001134,0.7856097095098225,0.7304662645341595,0.915819461924914,0.6078139506567432,spambase,3,NB,feat
526,0.8206889958929331,0.7823046238021084,0.7253758544244058,0.914397336416165,0.6011947704062219,spambase,4,NB,feat
527,0.8215587971486569,0.7831224797459967,0.7262530575578467,0.9176268152237156,0.6017487785945848,spambase,5,NB,feat
528,0.8691594674975217,0.8600186129636344,0.8311451705760579,0.8461181120353618,0.8168789857388552,spambase,0,DT,feat
529,0.869810461218902,0.8597868125874534,0.8310195260280293,0.8513697207345988,0.8124682282391976,spambase,1,DT,feat
530,0.8665533682670066,0.8566122821660926,0.8270487657367178,0.8454386802701064,0.8097027532989362,spambase,2,DT,feat
531,0.8674179766794128,0.8571236246555414,0.8277136878907825,0.8481647764471714,0.8085871269196232,spambase,3,DT,feat
532,0.8704657036302695,0.8598394063861502,0.8311715577263117,0.8542494210938827,0.8097073193004884,spambase,4,DT,feat
533,0.8706809705896237,0.8612776284599221,0.8326992780708989,0.8498250539002224,0.8168835517404076,spambase,5,DT,feat
534,0.8913286597743474,0.8837127497193571,0.8600857904976549,0.8730454872318465,0.8477695082416329,spambase,0,RF,feat
535,0.8887204361988387,0.8803158726690306,0.8561406162690164,0.8727484724919001,0.8406115398079235,spambase,1,RF,feat
536,0.8891559269225322,0.8808663108801753,0.8567491508591413,0.872994236751461,0.8417149901830967,spambase,2,RF,feat
537,0.8871968087617429,0.8777830966114812,0.8533952880801842,0.8747033626051766,0.8334063893581725,spambase,3,RF,feat
538,0.8935028088561584,0.8849224396442903,0.8620459068158957,0.8804436563305537,0.844451547113526,spambase,4,RF,feat
539,0.8893711938818865,0.8808410960494173,0.8569145236986078,0.8740915933029918,0.8405841437986089,spambase,5,RF,feat
540,0.4719620446893174,0.4719956645440997,0.4807712289726975,0.4722505810289338,0.4901774827259179,Hill_Valley_with_noise,0,KNN,feat
541,0.4909397000306091,0.4910107031567539,0.4795190605879937,0.4908339888840188,0.4736892020051484,Hill_Valley_with_noise,1,KNN,feat
542,0.4810087406047001,0.4810188321365668,0.487326720293658,0.4815021978635155,0.4934426229508197,Hill_Valley_with_noise,2,KNN,feat
543,0.482712648369214,0.4827123695976155,0.4842014099251976,0.4824000143219823,0.4868581493022625,Hill_Valley_with_noise,3,KNN,feat
544,0.4942216780600619,0.494221650182902,0.5004076344559741,0.4934374192077941,0.5098360655737705,Hill_Valley_with_noise,4,KNN,feat
545,0.4612080399959188,0.461211217992142,0.4708227951577705,0.4625719939645982,0.4801652892561983,Hill_Valley_with_noise,5,KNN,feat
546,0.5098833452368806,0.5104186424603713,0.4892503393031723,0.5375409540564303,0.581438829426907,Hill_Valley_with_noise,0,SVC,feat
547,0.4876339149066422,0.4876168540848123,0.6164016437368284,0.4927317674770665,0.8234114618615364,Hill_Valley_with_noise,1,SVC,feat
548,0.5197938985817774,0.5192656821568893,0.4215553105647004,0.5679209044588512,0.451497087115567,Hill_Valley_with_noise,2,SVC,feat
549,0.4982994932489882,0.4977645305514158,0.55548441443245,0.5141596142286542,0.701083863975071,Hill_Valley_with_noise,3,SVC,feat
550,0.4942284800870659,0.4942284243327462,0.5497908022593938,0.5003319411944749,0.7010567673756943,Hill_Valley_with_noise,4,SVC,feat
551,0.4851477740366629,0.4851713859910581,0.6142586975777172,0.4910841046768787,0.8202005148353881,Hill_Valley_with_noise,5,SVC,feat
552,0.5016835016835016,0.5010703156753827,0.3030715358646305,0.5304656901692824,0.284541390055548,Hill_Valley_with_noise,0,NB,feat
553,0.5156480631228106,0.5156415119902451,0.2423708438289483,0.5589334036668812,0.1551009348326784,Hill_Valley_with_noise,1,NB,feat
554,0.5173281637928102,0.5173621460506705,0.243977139748956,0.5638888888888889,0.1568080205934155,Hill_Valley_with_noise,2,NB,feat
555,0.5033499982994932,0.5039899742582306,0.3008767549040104,0.5188644765898799,0.28746782278824,Hill_Valley_with_noise,3,NB,feat
556,0.5173213617658063,0.5173079528519172,0.2457460538614284,0.5670247773906311,0.158460913155399,Hill_Valley_with_noise,4,NB,feat
557,0.5132061354283576,0.5132502370952445,0.2577963201425191,0.5511383353488617,0.1715756672537596,Hill_Valley_with_noise,5,NB,feat
558,0.472771485902799,0.4728085625254031,0.4829714309580408,0.4735473693672842,0.4934155263514429,Hill_Valley_with_noise,0,DT,feat
559,0.4975240621705268,0.4975071128573364,0.4958339435423167,0.4973699466530014,0.4949600325159192,Hill_Valley_with_noise,1,DT,feat
560,0.4917287351630787,0.4917423113399269,0.5056827037735624,0.491596237316359,0.5213927652079664,Hill_Valley_with_noise,2,DT,feat
561,0.4777471686562595,0.4777198211624441,0.4738475645723777,0.4783720861561468,0.4703021270830511,Hill_Valley_with_noise,3,DT,feat
562,0.4868176716661564,0.4867971819536648,0.4785755127808698,0.4856429890300858,0.4752201598699363,Hill_Valley_with_noise,4,DT,feat
563,0.4670203720708771,0.4670098902587725,0.4711218060142969,0.4675425887233295,0.4752743530686898,Hill_Valley_with_noise,5,DT,feat
564,0.4604428119579634,0.4605338030077225,0.4710146847028736,0.461877523170976,0.4820078580138193,Hill_Valley_with_noise,0,RF,feat
565,0.5024793388429752,0.5025199837420404,0.4934082823882869,0.5028147952164593,0.4868852459016394,Hill_Valley_with_noise,1,RF,feat
566,0.4694827058463423,0.4694553583525268,0.4775621992850208,0.4700327683573203,0.4868175044031974,Hill_Valley_with_noise,2,RF,feat
567,0.481855592966704,0.4818385042677143,0.4838834081972488,0.4812467310125042,0.4867904078038207,Hill_Valley_with_noise,3,RF,feat
568,0.464551236268408,0.4645305514157973,0.4662587889476778,0.4623065500417338,0.4719550196450345,Hill_Valley_with_noise,4,RF,feat
569,0.4644832159983675,0.4644966806665763,0.465301752332801,0.4655890260239833,0.4652757078986587,Hill_Valley_with_noise,5,RF,feat
570,0.5164983164983166,0.5163211382113821,0.5233687646427692,0.5208396273209597,0.5276422764227643,Hill_Valley_without_noise,0,KNN,feat
571,0.5107165935448764,0.5106094228975077,0.516823385583044,0.5145451926784774,0.5195521791283487,Hill_Valley_without_noise,1,KNN,feat
572,0.4908818828010748,0.4907796881247501,0.4983119908358109,0.4959760116049606,0.5015593762495002,Hill_Valley_without_noise,2,KNN,feat
573,0.4917593442845968,0.4917483006797281,0.4932412781712803,0.4968708936713592,0.4918299346927895,Hill_Valley_without_noise,3,KNN,feat
574,0.5082610617964154,0.5083389977342396,0.5083655120119381,0.5132953148494244,0.5050113288018125,Hill_Valley_without_noise,4,KNN,feat
575,0.4991837567595142,0.4990650406504064,0.5061253253507669,0.5046312561910329,0.5081300813008129,Hill_Valley_without_noise,5,KNN,feat
576,0.6254327789681324,0.6257696921231507,0.582556159870245,0.7472226445052532,0.5848727175796349,Hill_Valley_without_noise,0,SVC,feat
577,0.5693330612522531,0.5715193922431027,0.4197203410162269,0.6995307945501995,0.3697054511528722,Hill_Valley_without_noise,1,SVC,feat
578,0.6203822739176275,0.6172800879648142,0.7134724135442574,0.5779427094431108,0.9328935092629616,Hill_Valley_without_noise,2,SVC,feat
579,0.5924191409039893,0.5909946021591364,0.6013001665633244,0.6357569674327391,0.6936558709849394,Hill_Valley_without_noise,3,SVC,feat
580,0.5965751794034622,0.5972620951619352,0.5019992219951451,0.7141160910833247,0.5228575236572037,Hill_Valley_without_noise,4,SVC,feat
581,0.5891167567935244,0.5904528188724509,0.483830680352204,0.719153772999445,0.5025723044115686,Hill_Valley_without_noise,5,SVC,feat
582,0.5156752712308268,0.5119962015193923,0.6487084497249761,0.5118670311820714,0.885659069705451,Hill_Valley_without_noise,0,NB,feat
583,0.5131619222528314,0.5095788351326137,0.6439370127757944,0.5105230752432313,0.8724910035985605,Hill_Valley_without_noise,1,NB,feat
584,0.4983198993300003,0.4959589497534319,0.523056526357845,0.4439890691617355,0.7052512328401973,Hill_Valley_without_noise,2,NB,feat
585,0.5156820732578309,0.5119558843129415,0.6489565922496435,0.5116751227040155,0.8872451019592165,Hill_Valley_without_noise,3,NB,feat
586,0.5131959323878515,0.5094698787151806,0.6468461029026018,0.5101811866185679,0.8839397574303612,Hill_Valley_without_noise,4,NB,feat
587,0.5115804509743904,0.5082357057177129,0.6377916101182313,0.5098598622199568,0.8548047447687592,Hill_Valley_without_noise,5,NB,feat
588,0.5371084583205795,0.5371194855391177,0.5375309200983915,0.5401436666142548,0.5359056377449021,Hill_Valley_without_noise,0,DT,feat
589,0.547845457946468,0.5478501932560309,0.5504647005472447,0.5530440236093963,0.5490337198453952,Hill_Valley_without_noise,1,DT,feat
590,0.5247491752542257,0.5245101959216314,0.5376455633371373,0.5279231162131244,0.5490203918432627,Hill_Valley_without_noise,2,DT,feat
591,0.520606740808761,0.5206777289084367,0.5176020699435209,0.5250095258351206,0.5113554578168732,Hill_Valley_without_noise,3,DT,feat
592,0.5214671972247731,0.5213804478208717,0.5283712150675314,0.5268006208161993,0.5310942289750766,Hill_Valley_without_noise,4,DT,feat
593,0.5387783559500733,0.5385409169665467,0.5512259930181077,0.5412801505843113,0.5620818339330935,Hill_Valley_without_noise,5,DT,feat
594,0.5420671360065299,0.5418889111022258,0.5494398969150212,0.5454338351417896,0.5554444888711181,Hill_Valley_without_noise,0,RF,feat
595,0.5445090637009828,0.5445851659336265,0.5446075612031748,0.550367231638418,0.5408369985339198,Hill_Valley_without_noise,1,RF,feat
596,0.523919327959732,0.5238467946154872,0.5300249729317892,0.5285690441457388,0.5326935892309742,Hill_Valley_without_noise,2,RF,feat
597,0.5239023228922218,0.5240253898440624,0.5165950326066671,0.5289666653030984,0.506384113021458,Hill_Valley_without_noise,3,RF,feat
598,0.518161412100806,0.5180611088897774,0.5247818496319591,0.5225171727255478,0.5277888844462215,Hill_Valley_without_noise,4,RF,feat
599,0.5371186613610857,0.5369485539117687,0.5482475451502408,0.541169177056157,0.5572304411568705,Hill_Valley_without_noise,5,RF,feat
600,0.6726000000000001,0.6736168158360538,0.6704617780887205,0.6702543832714107,0.6736168158360538,waveform_40,0,KNN,feat
601,0.6774000000000001,0.6784603183389788,0.6750371370862596,0.6742848674503265,0.6784603183389788,waveform_40,1,KNN,feat
602,0.6716,0.6726411368109793,0.6694142390157127,0.6689432383865558,0.6726411368109793,waveform_40,2,KNN,feat
603,0.6752,0.6762851082760016,0.6727905202818774,0.6719761019949085,0.6762851082760016,waveform_40,3,KNN,feat
604,0.6788000000000001,0.6798134619026814,0.6768194862732619,0.6758124065699906,0.6798134619026814,waveform_40,4,KNN,feat
605,0.6799999999999999,0.6810312975594657,0.6778042492470318,0.6772217806554434,0.6810312975594657,waveform_40,5,KNN,feat
606,0.7236,0.7248523289200817,0.7191442368196536,0.7218020362883213,0.7248523289200817,waveform_40,0,SVC,feat
607,0.7224,0.7236378818463349,0.718446148078166,0.7200405352277363,0.7236378818463349,waveform_40,1,SVC,feat
608,0.7224,0.7236845207171733,0.7181325819420527,0.7202114031677416,0.7236845207171733,waveform_40,2,SVC,feat
609,0.721,0.7222889031968929,0.7166279831835007,0.7188770566611329,0.7222889031968929,waveform_40,3,SVC,feat
610,0.722,0.723263041160865,0.7177456504695742,0.7192244497210218,0.723263041160865,waveform_40,4,SVC,feat
611,0.7252000000000001,0.7264677649249434,0.7208197964899428,0.7230522201629908,0.7264677649249434,waveform_40,5,SVC,feat
612,0.6729999999999999,0.6759170158651072,0.6413726333710611,0.6680627168487054,0.6759170158651072,waveform_40,0,NB,feat
613,0.6748000000000001,0.677706945024252,0.6434317213491632,0.6711074049747092,0.677706945024252,waveform_40,1,NB,feat
614,0.6752,0.6781258161319406,0.6437074165542651,0.6713674313712847,0.6781258161319406,waveform_40,2,NB,feat
615,0.6752,0.678130841335356,0.6436423990840787,0.6718564496372779,0.678130841335356,waveform_40,3,NB,feat
616,0.6748000000000001,0.6777226087554958,0.6428334995569907,0.671755075327111,0.6777226087554958,waveform_40,4,NB,feat
617,0.6746000000000001,0.6775270897481992,0.6428467693972942,0.6709846695748213,0.6775270897481992,waveform_40,5,NB,feat
618,0.6082,0.6089160207878369,0.6087917764432018,0.6103497442532299,0.6089160207878369,waveform_40,0,DT,feat
619,0.6209999999999999,0.6216681022370406,0.621850566949124,0.6222699580671189,0.6216681022370406,waveform_40,1,DT,feat
620,0.6134000000000001,0.6142105014840027,0.6130270474855386,0.6129646229446997,0.6142105014840027,waveform_40,2,DT,feat
621,0.6298,0.6303942176615902,0.6310686248750199,0.6320121512215333,0.6303942176615902,waveform_40,3,DT,feat
622,0.6197999999999999,0.6204979626115322,0.6210495261051123,0.6220960237335376,0.6204979626115322,waveform_40,4,DT,feat
623,0.6088,0.6094132071640253,0.6096262098681753,0.61090188665164,0.6094132071640253,waveform_40,5,DT,feat
624,0.6976000000000001,0.698768060017898,0.6941126990691538,0.6950694375902253,0.698768060017898,waveform_40,0,RF,feat
625,0.694,0.6952213861760402,0.6901395485486579,0.6906776860583916,0.6952213861760402,waveform_40,1,RF,feat
626,0.6921999999999999,0.6934645518465821,0.6878824590905526,0.6891047142886464,0.6934645518465821,waveform_40,2,RF,feat
627,0.6954,0.6966738084441106,0.6911737949623211,0.6924139820430856,0.6966738084441106,waveform_40,3,RF,feat
628,0.6904,0.6916057631210879,0.6866541469694863,0.6866764828767008,0.6916057631210879,waveform_40,4,RF,feat
629,0.6974,0.6986280792304579,0.6931334699828506,0.6942206649010412,0.6986280792304579,waveform_40,5,RF,feat
630,0.5803999999999999,0.5798649993972093,0.5735935121502254,0.5709870339843748,0.5798649993972093,waveform_21,0,KNN,feat
631,0.5748,0.5743236126565219,0.5690809815136751,0.5665341146728885,0.5743236126565219,waveform_21,1,KNN,feat
632,0.5833999999999999,0.5828751517715036,0.5786343410185439,0.5764121997432955,0.5828751517715036,waveform_21,2,KNN,feat
633,0.583,0.5824795311897217,0.5773615783267276,0.5754486260605691,0.5824795311897217,waveform_21,3,KNN,feat
634,0.5744,0.5739257320046813,0.5686703606220895,0.5659886075299788,0.5739257320046813,waveform_21,4,KNN,feat
635,0.5788,0.5782558659932631,0.5722107972169269,0.5696353776327661,0.5782558659932631,waveform_21,5,KNN,feat
636,0.6382,0.6373850506698904,0.6210523799019607,0.6253903142979107,0.6373850506698904,waveform_21,0,SVC,feat
637,0.6355999999999999,0.6348024086845441,0.6180175247932989,0.6220361356641828,0.6348024086845441,waveform_21,1,SVC,feat
638,0.6374,0.6366110493998111,0.6198795560629227,0.6238578467945899,0.6366110493998111,waveform_21,2,SVC,feat
639,0.6374000000000001,0.6365859944423625,0.6201279782131672,0.6242857673907708,0.6365859944423625,waveform_21,3,SVC,feat
640,0.6364,0.6356026543268504,0.6190029925196673,0.6228285266426895,0.6356026543268504,waveform_21,4,SVC,feat
641,0.6386,0.6378187990885082,0.6211116032538456,0.6251559098187685,0.6378187990885082,waveform_21,5,SVC,feat
642,0.6298000000000001,0.6285792452718288,0.581645522450744,0.6107855563553123,0.6285792452718288,waveform_21,0,NB,feat
643,0.6286,0.6274094049279314,0.5799924595913357,0.6085103503404283,0.6274094049279314,waveform_21,1,NB,feat
644,0.6294000000000001,0.6282070838309719,0.5807744387210058,0.6096283707591701,0.6282070838309719,waveform_21,2,NB,feat
645,0.6285999999999999,0.6273707449695012,0.5790501301999857,0.6072692000927986,0.6273707449695012,waveform_21,3,NB,feat
646,0.6293999999999998,0.6281996365263833,0.580257108268674,0.6099324207794314,0.6281996365263833,waveform_21,4,NB,feat
647,0.63,0.6287977997031831,0.5814056717742806,0.6098987688063576,0.6287977997031831,waveform_21,5,NB,feat
648,0.5322,0.5318802382320731,0.5320225088327021,0.532217281508055,0.5318802382320731,waveform_21,0,DT,feat
649,0.532,0.5316089315782258,0.5321731028103056,0.5335607846758647,0.5316089315782258,waveform_21,1,DT,feat
650,0.532,0.5316733117565431,0.5317159128102978,0.5320082072247976,0.5316733117565431,waveform_21,2,DT,feat
651,0.5306000000000001,0.5301511274542514,0.5302213210528433,0.5310569191707833,0.5301511274542514,waveform_21,3,DT,feat
652,0.5226000000000001,0.5223146533623765,0.5228761495508275,0.5236857747000699,0.5223146533623765,waveform_21,4,DT,feat
653,0.5336000000000001,0.5331230324107413,0.5339050164886661,0.535485564635246,0.5331230324107413,waveform_21,5,DT,feat
654,0.5778000000000001,0.5771339197620259,0.5706185851484677,0.5678677087638996,0.5771339197620259,waveform_21,0,RF,feat
655,0.5676,0.5670034521637665,0.5618414453204288,0.5593380561003443,0.5670034521637665,waveform_21,1,RF,feat
656,0.5735999999999999,0.5729725830564887,0.5663437321520015,0.5636841901370695,0.5729725830564887,waveform_21,2,RF,feat
657,0.5684,0.5677333121567835,0.5613244758670015,0.5586292579917544,0.5677333121567835,waveform_21,3,RF,feat
658,0.5708,0.570193029739251,0.5641669111480125,0.5616006306423883,0.570193029739251,waveform_21,4,RF,feat
659,0.5675999999999999,0.5669609855886026,0.5607983563665389,0.5583412138990884,0.5669609855886026,waveform_21,5,RF,feat
660,0.3916666666666667,0.3926666666666666,0.3728832648832648,0.3945291005291005,0.3926666666666666,movement_libras,0,KNN,feat
661,0.3916666666666666,0.39,0.3677518995166053,0.3948706108706108,0.39,movement_libras,1,KNN,feat
662,0.4027777777777778,0.4033333333333334,0.3897844377844378,0.423936507936508,0.4033333333333334,movement_libras,2,KNN,feat
663,0.4138888888888888,0.412,0.4050981610981611,0.4724040404040403,0.412,movement_libras,3,KNN,feat
664,0.4166666666666667,0.42,0.4101774891774891,0.460039442039442,0.42,movement_libras,4,KNN,feat
665,0.4138888888888888,0.4133333333333334,0.4018897768897768,0.4503612313612313,0.4133333333333334,movement_libras,5,KNN,feat
666,0.2638888888888889,0.2733333333333333,0.2299140998435115,0.2518471528471528,0.2733333333333333,movement_libras,0,SVC,feat
667,0.2666666666666666,0.2713333333333333,0.2327783401783401,0.2652650737062502,0.2713333333333333,movement_libras,1,SVC,feat
668,0.275,0.2826666666666667,0.2390033286974463,0.2890150067797126,0.2826666666666667,movement_libras,2,SVC,feat
669,0.2666666666666667,0.278,0.2276981457492966,0.2479305606674027,0.278,movement_libras,3,SVC,feat
670,0.2722222222222222,0.2806666666666667,0.2377238391238391,0.2566854256854257,0.2806666666666667,movement_libras,4,SVC,feat
671,0.2861111111111111,0.296,0.2499037207107382,0.2874193696802392,0.296,movement_libras,5,SVC,feat
672,0.2611111111111112,0.2633333333333333,0.2286471045294575,0.2486371406371406,0.2633333333333333,movement_libras,0,NB,feat
673,0.2555555555555555,0.2573333333333333,0.227715513623442,0.2742337662337662,0.2573333333333333,movement_libras,1,NB,feat
674,0.2694444444444445,0.268,0.2273715352415042,0.2672678040913335,0.268,movement_libras,2,NB,feat
675,0.25,0.2553333333333333,0.2125451514429842,0.2215014615014615,0.2553333333333333,movement_libras,3,NB,feat
676,0.2694444444444445,0.2706666666666666,0.2396435029252366,0.2844583934583934,0.2706666666666666,movement_libras,4,NB,feat
677,0.275,0.2759999999999999,0.2315490348431525,0.2616517556517556,0.2759999999999999,movement_libras,5,NB,feat
678,0.4833333333333334,0.4826666666666667,0.4678898138898139,0.5051322751322751,0.4826666666666667,movement_libras,0,DT,feat
679,0.4666666666666667,0.4633333333333332,0.4526625966625966,0.4887287157287157,0.4633333333333332,movement_libras,1,DT,feat
680,0.4527777777777778,0.454,0.4446129426129426,0.4668518518518518,0.454,movement_libras,2,DT,feat
681,0.4388888888888888,0.4366666666666667,0.4372761682761683,0.4854689754689755,0.4366666666666667,movement_libras,3,DT,feat
682,0.4666666666666666,0.4686666666666667,0.4756692196692196,0.5222698412698413,0.4686666666666667,movement_libras,4,DT,feat
683,0.4305555555555555,0.4313333333333333,0.4259362859362859,0.4542804232804233,0.4313333333333333,movement_libras,5,DT,feat
684,0.4722222222222222,0.4740000000000001,0.4665500425500425,0.5003703703703704,0.4740000000000001,movement_libras,0,RF,feat
685,0.4833333333333334,0.484,0.4725733525733525,0.4986507936507935,0.484,movement_libras,1,RF,feat
686,0.4777777777777777,0.4786666666666666,0.4669279609279609,0.495042328042328,0.4786666666666666,movement_libras,2,RF,feat
687,0.4472222222222222,0.446,0.4443497243497243,0.4977195767195767,0.446,movement_libras,3,RF,feat
688,0.4916666666666667,0.4906666666666666,0.4939183039183039,0.5457936507936508,0.4906666666666666,movement_libras,4,RF,feat
689,0.4388888888888888,0.4393333333333333,0.4220948898595957,0.4455238095238095,0.4393333333333333,movement_libras,5,RF,feat
690,0.838850038850039,0.7986401313984995,0.8054884310929642,0.8152444609078353,0.7986401313984995,satimage,0,KNN,feat
691,0.8376068376068376,0.7974789783124969,0.8047929505125676,0.8157644430902788,0.7974789783124969,satimage,1,KNN,feat
692,0.8358974358974359,0.7954045761181466,0.8027208011714702,0.8130651063535366,0.7954045761181466,satimage,2,KNN,feat
693,0.8404040404040405,0.8012932471011803,0.8079693169808368,0.817448929120216,0.8012932471011803,satimage,3,KNN,feat
694,0.8376068376068376,0.7991613827390578,0.8054977228062246,0.815599246852529,0.7991613827390578,satimage,4,KNN,feat
695,0.8338772338772339,0.7942673805845664,0.8010902552648844,0.8110428713727188,0.7942673805845664,satimage,5,KNN,feat
696,0.827972027972028,0.7688459298545751,0.7820319804577699,0.8085148408210492,0.7688459298545751,satimage,0,SVC,feat
697,0.8273504273504274,0.7678030253873451,0.7809371863643603,0.8067844252577056,0.7678030253873451,satimage,1,SVC,feat
698,0.829059829059829,0.7700194901828589,0.7835025189456273,0.8097687256802144,0.7700194901828589,satimage,2,SVC,feat
699,0.8273504273504273,0.7671817227912017,0.7802023029405544,0.8066352480101815,0.7671817227912017,satimage,3,SVC,feat
700,0.8287490287490288,0.7690855264932602,0.7823269852584082,0.8089017399791842,0.7690855264932602,satimage,4,SVC,feat
701,0.8275058275058276,0.7684174057572866,0.7817210377588858,0.8081727028878699,0.7684174057572866,satimage,5,SVC,feat
702,0.7682983682983683,0.7481882688214838,0.7429088160017882,0.7470019042073909,0.7481882688214838,satimage,0,NB,feat
703,0.7678321678321678,0.7479198438801937,0.7423065261873478,0.7465326278411817,0.7479198438801937,satimage,1,NB,feat
704,0.7656565656565657,0.7459479544957397,0.7405435843438544,0.7445288111531878,0.7459479544957397,satimage,2,NB,feat
705,0.767055167055167,0.7474928488178063,0.7418880195646544,0.7458958997839248,0.7474928488178063,satimage,3,NB,feat
706,0.7670551670551671,0.7473752433849727,0.7417271712327398,0.7458498924068367,0.7473752433849727,satimage,4,NB,feat
707,0.7662781662781663,0.7467319444678007,0.7411922112356802,0.7454470620768552,0.7467319444678007,satimage,5,NB,feat
708,0.8037296037296038,0.7688790740523974,0.769466554324278,0.7712411797311821,0.7688790740523974,satimage,0,DT,feat
709,0.7981351981351982,0.7661542044471633,0.7652339592776849,0.7654770590486777,0.7661542044471633,satimage,1,DT,feat
710,0.7993783993783994,0.7644045254210103,0.7639684392584971,0.7640915236540311,0.7644045254210103,satimage,2,DT,feat
711,0.799067599067599,0.7642071352494972,0.7644007375581772,0.7658404895702651,0.7642071352494972,satimage,3,DT,feat
712,0.8031080031080032,0.7688657769731178,0.7684311952941467,0.7690765076662701,0.7688657769731178,satimage,4,DT,feat
713,0.8007770007770008,0.7668291126271953,0.7662183204550522,0.76708907767161,0.7668291126271953,satimage,5,DT,feat
714,0.828904428904429,0.7872474352207212,0.7934390881300402,0.8023329514744756,0.7872474352207212,satimage,0,RF,feat
715,0.8257964257964259,0.7856427370820154,0.7907882275946456,0.7991942291267653,0.7856427370820154,satimage,1,RF,feat
716,0.8284382284382283,0.787855888659275,0.7933373079585262,0.8011159034107831,0.787855888659275,satimage,2,RF,feat
717,0.8273504273504273,0.7864980023820587,0.7923594025237788,0.8012405174045221,0.7864980023820587,satimage,3,RF,feat
718,0.8273504273504273,0.7879777270207955,0.7931974428015836,0.8014145738356172,0.7879777270207955,satimage,4,RF,feat
719,0.8292152292152292,0.7888662087152152,0.7952633853797267,0.8046034898037799,0.7888662087152152,satimage,5,RF,feat
720,0.9042507824726134,0.90108335805649,0.9139566345355912,0.8622760098897551,0.972433511355667,chess,0,KNN,feat
721,0.9042571400625976,0.9010857106362912,0.9138602213406308,0.8620555076772961,0.972442502382622,chess,1,KNN,feat
722,0.9042522496087636,0.9010806980303858,0.913893237476494,0.8620728859159676,0.97243890597184,chess,2,KNN,feat
723,0.9042566510172144,0.901082840964062,0.9139123426090464,0.8621377068742954,0.97243890597184,chess,3,KNN,feat
724,0.83008313771518,0.8328132295617963,0.8032290737159213,0.9052736986821396,0.7742389095682509,chess,4,KNN,feat
725,0.8663835093896715,0.8659451299040395,0.8582288750250477,0.8784216048424647,0.8727410044775313,chess,5,KNN,feat
726,0.9042507824726134,0.90108335805649,0.9139566345355912,0.8622760098897551,0.972433511355667,chess,0,SVC,feat
727,0.9042571400625976,0.9010857106362912,0.9138602213406308,0.8620555076772961,0.972442502382622,chess,1,SVC,feat
728,0.9042522496087636,0.9010806980303858,0.913893237476494,0.8620728859159676,0.97243890597184,chess,2,SVC,feat
729,0.9042566510172144,0.901082840964062,0.9139123426090464,0.8621377068742954,0.97243890597184,chess,3,SVC,feat
730,0.9042615414710486,0.901095353837834,0.91393708230945,0.8621665002902101,0.972442502382622,chess,4,SVC,feat
731,0.9042551838810642,0.901089097400948,0.9138603522680324,0.8619664558537353,0.9724407041772312,chess,5,SVC,feat
732,0.6605134976525822,0.6749474024923126,0.5181460349917952,1.0,0.3498948049846254,chess,0,NB,feat
733,0.6605105633802817,0.6749581917246588,0.5175455890371696,1.0,0.3499163834493176,chess,1,NB,feat
734,0.660516920970266,0.6749527971084858,0.5181644050165112,1.0,0.3499055942169715,chess,2,NB,feat
735,0.6605159428794993,0.6749680818543095,0.5177661418485621,1.0,0.3499361637086188,chess,3,NB,feat
736,0.6605149647887324,0.6749653845462229,0.5177385438079611,1.0,0.3499307690924457,chess,4,NB,feat
737,0.660514475743349,0.6749617881354408,0.5183187118088799,1.0,0.3499235762708816,chess,5,NB,feat
738,0.9042507824726134,0.90108335805649,0.9139566345355912,0.8622760098897551,0.972433511355667,chess,0,DT,feat
739,0.9042571400625976,0.9010857106362912,0.9138602213406308,0.8620555076772961,0.972442502382622,chess,1,DT,feat
740,0.9042522496087636,0.9010806980303858,0.913893237476494,0.8620728859159676,0.97243890597184,chess,2,DT,feat
741,0.9042566510172144,0.901082840964062,0.9139123426090464,0.8621377068742954,0.97243890597184,chess,3,DT,feat
742,0.9042615414710486,0.901095353837834,0.91393708230945,0.8621665002902101,0.972442502382622,chess,4,DT,feat
743,0.9042551838810642,0.901089097400948,0.9138603522680324,0.8619664558537353,0.9724407041772312,chess,5,DT,feat
744,0.9042507824726134,0.90108335805649,0.9139566345355912,0.8622760098897551,0.972433511355667,chess,0,RF,feat
745,0.9042571400625976,0.9010857106362912,0.9138602213406308,0.8620555076772961,0.972442502382622,chess,1,RF,feat
746,0.9042522496087636,0.9010806980303858,0.913893237476494,0.8620728859159676,0.97243890597184,chess,2,RF,feat
747,0.9042566510172144,0.901082840964062,0.9139123426090464,0.8621377068742954,0.97243890597184,chess,3,RF,feat
748,0.9042615414710486,0.901095353837834,0.91393708230945,0.8621665002902101,0.972442502382622,chess,4,RF,feat
749,0.9042551838810642,0.901089097400948,0.9138603522680324,0.8619664558537353,0.9724407041772312,chess,5,RF,feat
750,0.7881734154929576,0.7783263687988857,0.8314029592705203,0.711476752050608,1.0,kr_vs_kp,0,KNN,feat
751,0.788169014084507,0.778318868531019,0.8314862407790239,0.7116861563883663,1.0,kr_vs_kp,1,KNN,feat
752,0.7881743935837247,0.7783285117325619,0.831410729473119,0.7114963063254863,1.0,kr_vs_kp,2,KNN,feat
753,0.7881670579029734,0.7783295831993999,0.8315244676646859,0.7117897306644243,1.0,kr_vs_kp,3,KNN,feat
754,0.7881704812206574,0.7783145826636665,0.8314720797519113,0.7116460369681946,1.0,kr_vs_kp,4,KNN,feat
755,0.7881763497652582,0.7783306546662381,0.8315909969252397,0.7119531069437554,1.0,kr_vs_kp,5,KNN,feat
756,0.9042576291079812,0.9010873364775398,0.913828391271996,0.861945737515408,0.9724478969987952,kr_vs_kp,0,SVC,feat
757,0.9042551838810642,0.9011017453568804,0.914171223287278,0.8628788704848234,0.972431713150276,kr_vs_kp,1,SVC,feat
758,0.9042600743348984,0.9010875088416824,0.913917753704926,0.8622020243765066,0.972446098793404,kr_vs_kp,2,SVC,feat
759,0.904252738654147,0.9010846018874707,0.9138541878774844,0.8619691172215083,0.972431713150276,kr_vs_kp,3,SVC,feat
760,0.9042542057902974,0.9010830506101872,0.913936532489564,0.8621704088486736,0.9724478969987952,kr_vs_kp,4,SVC,feat
761,0.9042546948356808,0.9010799712918331,0.9138609794031404,0.8619909066549688,0.9724353095610582,kr_vs_kp,5,SVC,feat
762,0.6605125195618153,0.6749554944165721,0.518021213643674,1.0,0.3499109888331445,kr_vs_kp,0,NB,feat
763,0.660514475743349,0.6749581917246588,0.5183842416320698,1.0,0.3499163834493176,kr_vs_kp,1,NB,feat
764,0.660516920970266,0.6749608890327454,0.5178144678906633,1.0,0.3499217780654906,kr_vs_kp,2,NB,feat
765,0.6605110524256651,0.6749518980057903,0.5183103760507238,1.0,0.3499037960115804,kr_vs_kp,3,NB,feat
766,0.6605183881064163,0.6749662836489183,0.5179966521222946,1.0,0.3499325672978367,kr_vs_kp,4,NB,feat
767,0.660508607198748,0.6749438060815306,0.5180080191765714,1.0,0.3498876121630613,kr_vs_kp,5,NB,feat
768,0.9042576291079812,0.9010873364775398,0.913828391271996,0.861945737515408,0.9724478969987952,kr_vs_kp,0,DT,feat
769,0.9042551838810642,0.9011017453568804,0.914171223287278,0.8628788704848234,0.972431713150276,kr_vs_kp,1,DT,feat
770,0.9042600743348984,0.9010875088416824,0.913917753704926,0.8622020243765066,0.972446098793404,kr_vs_kp,2,DT,feat
771,0.904252738654147,0.9010846018874707,0.9138541878774844,0.8619691172215083,0.972431713150276,kr_vs_kp,3,DT,feat
772,0.9042542057902974,0.9010830506101872,0.913936532489564,0.8621704088486736,0.9724478969987952,kr_vs_kp,4,DT,feat
773,0.9042546948356808,0.9010799712918331,0.9138609794031404,0.8619909066549688,0.9724353095610582,kr_vs_kp,5,DT,feat
774,0.9042576291079812,0.9010873364775398,0.913828391271996,0.861945737515408,0.9724478969987952,kr_vs_kp,0,RF,feat
775,0.9042551838810642,0.9011017453568804,0.914171223287278,0.8628788704848234,0.972431713150276,kr_vs_kp,1,RF,feat
776,0.9042600743348984,0.9010875088416824,0.913917753704926,0.8622020243765066,0.972446098793404,kr_vs_kp,2,RF,feat
777,0.904252738654147,0.9010846018874707,0.9138541878774844,0.8619691172215083,0.972431713150276,kr_vs_kp,3,RF,feat
778,0.9042542057902974,0.9010830506101872,0.913936532489564,0.8621704088486736,0.9724478969987952,kr_vs_kp,4,RF,feat
779,0.9042546948356808,0.9010799712918331,0.9138609794031404,0.8619909066549688,0.9724353095610582,kr_vs_kp,5,RF,feat
780,0.8457295373665481,0.8461175137348615,0.8459137487751578,0.8480859564465657,0.8461175137348615,optdigits,0,KNN,feat
781,0.8411032028469749,0.8414934437878788,0.8412546169803681,0.8438827052571435,0.8414934437878788,optdigits,1,KNN,feat
782,0.84644128113879,0.8468380576167327,0.8465680166987231,0.84864402953863,0.8468380576167327,optdigits,2,KNN,feat
783,0.844306049822064,0.8446578541560619,0.84446357601392,0.847195648684124,0.8446578541560619,optdigits,3,KNN,feat
784,0.8428825622775801,0.8432229946423158,0.8428897318161408,0.8455408122608125,0.8432229946423158,optdigits,4,KNN,feat
785,0.8411032028469752,0.8414951503805721,0.8413796042404854,0.8435548111168337,0.8414951503805721,optdigits,5,KNN,feat
786,0.8181494661921708,0.8186305972182726,0.8185915334038419,0.8230107523627295,0.8186305972182726,optdigits,0,SVC,feat
787,0.8211743772241993,0.8216302273828955,0.8213706166121384,0.8257527254515467,0.8216302273828955,optdigits,1,SVC,feat
788,0.8188612099644128,0.8193224958181066,0.8192388900635168,0.8235564899436714,0.8193224958181066,optdigits,2,SVC,feat
789,0.8181494661921709,0.8186634548652532,0.8186886363627233,0.8239499011273995,0.8186634548652532,optdigits,3,SVC,feat
790,0.8195729537366547,0.8200138758001904,0.8200943300776904,0.8252929307198645,0.8200138758001904,optdigits,4,SVC,feat
791,0.8190391459074734,0.819507624204547,0.8194047982650595,0.8234363729710417,0.819507624204547,optdigits,5,SVC,feat
792,0.7496441281138789,0.7506274697509585,0.7462417554648055,0.7511907597432051,0.7506274697509585,optdigits,0,NB,feat
793,0.7519572953736654,0.7529207704497392,0.7478933342423224,0.7521091283626334,0.7529207704497392,optdigits,1,NB,feat
794,0.7487544483985765,0.7497870512829252,0.7449175013826137,0.7486530672411253,0.7497870512829252,optdigits,2,NB,feat
795,0.7510676156583631,0.752096616590754,0.7472539894998715,0.7508865717454242,0.752096616590754,optdigits,3,NB,feat
796,0.751067615658363,0.7520470490780934,0.7474433304416936,0.7510519284674222,0.7520470490780934,optdigits,4,NB,feat
797,0.75,0.7509534060006156,0.7465077996545159,0.7505847904760752,0.7509534060006156,optdigits,5,NB,feat
798,0.7911032028469751,0.7916037387445318,0.7914504423615568,0.79238215408265,0.7916037387445318,optdigits,0,DT,feat
799,0.7895017793594307,0.7899473550360885,0.7895393578522041,0.790488005912692,0.7899473550360885,optdigits,1,DT,feat
800,0.7953736654804271,0.7958246618864012,0.7955122032506958,0.796723161722657,0.7958246618864012,optdigits,2,DT,feat
801,0.7896797153024911,0.7901792940181995,0.7897950235751574,0.7907438853465717,0.7901792940181995,optdigits,3,DT,feat
802,0.7887900355871886,0.7892110874494737,0.7888479682777967,0.789701555330255,0.7892110874494737,optdigits,4,DT,feat
803,0.7879003558718861,0.7884076740848476,0.7883402776706803,0.7899112565433117,0.7884076740848476,optdigits,5,DT,feat
804,0.8638790035587188,0.864221665843003,0.8639502073306691,0.8650047948281356,0.864221665843003,optdigits,0,RF,feat
805,0.8672597864768683,0.8676451747413605,0.8671914399237564,0.8681946581015462,0.8676451747413605,optdigits,1,RF,feat
806,0.8653024911032029,0.8656995055656941,0.8652312201346151,0.8667067157460911,0.8656995055656941,optdigits,2,RF,feat
807,0.8665480427046264,0.8669496134752661,0.8665460795816047,0.867863916540655,0.8669496134752661,optdigits,3,RF,feat
808,0.8661921708185053,0.8665315489532496,0.8661995245270504,0.8674992790170158,0.8665315489532496,optdigits,4,RF,feat
809,0.8685053380782918,0.8688969157533787,0.8683615723052718,0.8697296129762678,0.8688969157533787,optdigits,5,RF,feat
810,0.771327687091234,0.7760813052821509,0.7595918268004411,0.7507937216940154,0.7760813052821509,splice,0,KNN,feat
811,0.7794934129909499,0.7831586804179006,0.7676518661655445,0.7588730556143332,0.7831586804179006,splice,1,KNN,feat
812,0.7816838334079714,0.7894551671564288,0.7718086030455712,0.7618209491345688,0.7894551671564288,splice,2,KNN,feat
813,0.7754039064383892,0.7840663205377972,0.765703487094086,0.7554682763307683,0.7840663205377972,splice,3,KNN,feat
814,0.7757227993681196,0.7803125104615568,0.7639060841359309,0.7544357082843784,0.7803125104615568,splice,4,KNN,feat
815,0.7725963691480933,0.7771382039953215,0.761083193202073,0.7513340862708568,0.7771382039953215,splice,5,KNN,feat
816,0.7732031515282747,0.8000238281113852,0.7658008195908914,0.761452262502867,0.8000238281113852,splice,0,SVC,feat
817,0.774164751504653,0.8015711081488863,0.7671298194485313,0.7630857177636198,0.8015711081488863,splice,1,SVC,feat
818,0.7729000063975433,0.8000339912165414,0.7656060355450054,0.7621867987266641,0.8000339912165414,splice,2,SVC,feat
819,0.7738409373877353,0.8006354286383376,0.7666350623988315,0.7623929140834743,0.8006354286383376,splice,3,SVC,feat
820,0.7719644887132573,0.7992124925767233,0.7648247268352305,0.7606499228387392,0.7992124925767233,splice,4,SVC,feat
821,0.7722819052868314,0.798956729063919,0.7648481062521248,0.7605250674643007,0.798956729063919,splice,5,SVC,feat
822,0.7405879834451263,0.7778094761967163,0.7340135687023999,0.7422029787932358,0.7778094761967163,splice,0,NB,feat
823,0.7493821449486474,0.7881522913577014,0.7445227616517928,0.7484968311169491,0.7881522913577014,splice,1,NB,feat
824,0.7430968046731593,0.7817692414712889,0.7379171351898045,0.7443746751596793,0.7817692414712889,splice,2,NB,feat
825,0.7459166449314234,0.7837993854713056,0.7409487676004524,0.745616610787746,0.7837993854713056,splice,3,NB,feat
826,0.7431046785726588,0.7805774633856813,0.7376931016214187,0.7425117427482774,0.7805774633856813,splice,4,NB,feat
827,0.7468738158393331,0.785132188661694,0.741860356804178,0.746127386373584,0.785132188661694,splice,5,NB,feat
828,0.7910916669537359,0.7901674842028215,0.7775681081186537,0.7698007213948339,0.7901674842028215,splice,0,DT,feat
829,0.8036367573313387,0.802399271816929,0.7896543305387909,0.7812581252444558,0.802399271816929,splice,1,DT,feat
830,0.7970566379433375,0.7949174417852221,0.7841316848546195,0.7768131778891729,0.7949174417852221,splice,2,DT,feat
831,0.8055196035491601,0.8060046896928286,0.7923919044631951,0.7838631644510039,0.8060046896928286,splice,3,DT,feat
832,0.803954173904913,0.8026288641445356,0.7900789421708662,0.7819782254008512,0.8026288641445356,splice,4,DT,feat
833,0.7983095722011978,0.7964457726406693,0.7847843316583656,0.7768347048242444,0.7964457726406693,splice,5,DT,feat
834,0.8058340674104221,0.7961188739153066,0.7907403867708591,0.7873541822313774,0.7961188739153066,splice,0,RF,feat
835,0.8139869982234516,0.8064369680279345,0.8000407068384872,0.7952292002032987,0.8064369680279345,splice,1,RF,feat
836,0.8052130135873978,0.7992026341656415,0.7918521085072913,0.7866192526121312,0.7992026341656415,splice,2,RF,feat
837,0.809600251964784,0.804625394055819,0.7960791812341642,0.7898676861156106,0.804625394055819,splice,3,RF,feat
838,0.8136749949557831,0.8083754870668063,0.8004839927604659,0.7945026968498778,0.8083754870668063,splice,4,RF,feat
839,0.8020732961619661,0.7946249766395586,0.7881229892553898,0.7830849895808281,0.7946249766395586,splice,5,RF,feat
840,0.8270909090909091,0.8270909090909091,0.826418733969074,0.8272156920061768,0.8270909090909091,texture,0,KNN,feat
841,0.8292727272727273,0.8292727272727273,0.8286090106970192,0.8298708255564385,0.8292727272727273,texture,1,KNN,feat
842,0.8261818181818181,0.8261818181818181,0.8256093813867287,0.8265738307173525,0.8261818181818181,texture,2,KNN,feat
843,0.8274545454545453,0.8274545454545456,0.8269898518902078,0.8275563741436901,0.8274545454545456,texture,3,KNN,feat
844,0.8289090909090909,0.8289090909090909,0.8285670073337486,0.8300900628351222,0.8289090909090909,texture,4,KNN,feat
845,0.8310909090909092,0.8310909090909091,0.830457677975722,0.8319175743041896,0.8310909090909091,texture,5,KNN,feat
846,0.8069090909090908,0.806909090909091,0.8046528518451819,0.8096327234976817,0.806909090909091,texture,0,SVC,feat
847,0.8067272727272726,0.8067272727272726,0.8043620467771738,0.809961970815732,0.8067272727272726,texture,1,SVC,feat
848,0.806909090909091,0.806909090909091,0.8049480319711559,0.8095238044614307,0.806909090909091,texture,2,SVC,feat
849,0.8085454545454546,0.8085454545454546,0.806554954989851,0.8117224610801361,0.8085454545454546,texture,3,SVC,feat
850,0.8074545454545454,0.8074545454545454,0.8053959713863916,0.8108634791767588,0.8074545454545454,texture,4,SVC,feat
851,0.8081818181818182,0.808181818181818,0.8058245016298269,0.8114944640081825,0.808181818181818,texture,5,SVC,feat
852,0.7343636363636363,0.7343636363636363,0.7293535877354047,0.7351965802322469,0.7343636363636363,texture,0,NB,feat
853,0.7334545454545455,0.7334545454545455,0.7283368241717081,0.7341295495465684,0.7334545454545455,texture,1,NB,feat
854,0.734909090909091,0.734909090909091,0.7296934007584562,0.7359257400138907,0.734909090909091,texture,2,NB,feat
855,0.7336363636363636,0.7336363636363636,0.7286051005188227,0.7342181855106021,0.7336363636363636,texture,3,NB,feat
856,0.734909090909091,0.734909090909091,0.7297010214816885,0.735833377030559,0.734909090909091,texture,4,NB,feat
857,0.7354545454545456,0.7354545454545456,0.7303563602113239,0.7368657455308012,0.7354545454545456,texture,5,NB,feat
858,0.7850909090909091,0.7850909090909092,0.7852751994461812,0.7865470525806925,0.7850909090909092,texture,0,DT,feat
859,0.7721818181818182,0.7721818181818182,0.7722797409748708,0.7734267467965233,0.7721818181818182,texture,1,DT,feat
860,0.7816363636363637,0.7816363636363637,0.7821188633536689,0.7840387612393798,0.7816363636363637,texture,2,DT,feat
861,0.7790909090909091,0.7790909090909091,0.7792356694178261,0.7809784336430107,0.7790909090909091,texture,3,DT,feat
862,0.7767272727272727,0.7767272727272727,0.7765315343874681,0.7773918492235437,0.7767272727272727,texture,4,DT,feat
863,0.7794545454545456,0.7794545454545456,0.7792335968165199,0.7805936157176137,0.7794545454545456,texture,5,DT,feat
864,0.8376363636363637,0.8376363636363637,0.8371314296737224,0.8387254121848162,0.8376363636363637,texture,0,RF,feat
865,0.8345454545454546,0.8345454545454546,0.833969481238961,0.8352054772240953,0.8345454545454546,texture,1,RF,feat
866,0.8363636363636363,0.8363636363636363,0.8358877935650056,0.8369927870104872,0.8363636363636363,texture,2,RF,feat
867,0.8356363636363635,0.8356363636363635,0.834974376195053,0.8364346666938426,0.8356363636363635,texture,3,RF,feat
868,0.8354545454545456,0.8354545454545456,0.8348551706651284,0.8366483815988162,0.8354545454545456,texture,4,RF,feat
869,0.8381818181818183,0.8381818181818183,0.8375378589983958,0.8393525367617706,0.8381818181818183,texture,5,RF,feat
870,0.7595818815331009,0.7547555648013313,0.7237245607977315,0.7840620490620489,0.6810526315789474,sonar,0,KNN,feat
871,0.7691056910569104,0.7638464738922405,0.7307007355787845,0.8000974025974026,0.6810526315789474,sonar,1,KNN,feat
872,0.7645760743321718,0.7611982525483669,0.7348339413284695,0.7908974358974359,0.7010526315789474,sonar,2,KNN,feat
873,0.7694541231126596,0.764696276263782,0.7364975501817608,0.790750773993808,0.6910526315789474,sonar,3,KNN,feat
874,0.7494773519163764,0.746053671728729,0.7076582033497579,0.7472288676236045,0.6905263157894737,sonar,4,KNN,feat
875,0.7354239256678281,0.7321666319950072,0.6999175336327038,0.7420008354218879,0.6710526315789475,sonar,5,KNN,feat
876,0.7303135888501743,0.7264957353858956,0.7030925428871514,0.7345864661654135,0.6794736842105262,sonar,0,SVC,feat
877,0.7405342624854819,0.7383451216975244,0.7098691025520294,0.7398885918003565,0.6921052631578948,sonar,1,SVC,feat
878,0.7063879210220675,0.7028718535469107,0.6689402560455193,0.7142105263157894,0.6405263157894737,sonar,2,SVC,feat
879,0.7356562137049941,0.7315737466195131,0.7020168067226891,0.7500776397515528,0.6710526315789475,sonar,3,SVC,feat
880,0.7212543554006969,0.7185302683586436,0.6776514456873892,0.719011626563114,0.6710526315789473,sonar,4,SVC,feat
881,0.7351916376306621,0.7321603910963178,0.6998208609248404,0.7278709250845473,0.6805263157894738,sonar,5,SVC,feat
882,0.6780487804878049,0.6840690659454961,0.6961427535283364,0.6315883472405212,0.7831578947368422,sonar,0,NB,feat
883,0.673054587688734,0.681617432910339,0.6985426356589147,0.620689574567555,0.8047368421052632,sonar,1,NB,feat
884,0.6778164924506387,0.6855762429789889,0.6963428060974239,0.622100122100122,0.7952631578947369,sonar,2,NB,feat
885,0.6829268292682926,0.6899968795506553,0.6997835497835498,0.6368375812093954,0.7847368421052632,sonar,3,NB,feat
886,0.6828106852497096,0.6899843977532765,0.6972222222222222,0.6225921137685844,0.8036842105263158,sonar,4,NB,feat
887,0.6727061556329849,0.6800436862908258,0.6947340514782375,0.6183871635610766,0.7936842105263159,sonar,5,NB,feat
888,0.6586527293844368,0.6568317037653422,0.6334139402560455,0.6390142021720969,0.6294736842105262,sonar,0,DT,feat
889,0.6735191637630662,0.6756303307676306,0.6617346138153971,0.6381342849878319,0.6931578947368422,sonar,1,DT,feat
890,0.697560975609756,0.6986810900769711,0.6842686766948641,0.6749924585218702,0.7021052631578948,sonar,2,DT,feat
891,0.7120789779326364,0.7112096941959644,0.6783149734802122,0.6915413533834587,0.6836842105263159,sonar,3,DT,feat
892,0.6866434378629501,0.6833680049927189,0.6543064072475838,0.6663220439691028,0.6473684210526316,sonar,4,DT,feat
893,0.7255516840882694,0.728944247971708,0.7232329988851729,0.6940824282929545,0.7626315789473683,sonar,5,DT,feat
894,0.7257839721254356,0.7207187434990638,0.6885709238650415,0.7362865497076023,0.6489473684210527,sonar,0,RF,feat
895,0.7161440185830431,0.7130757229040982,0.6789753098963625,0.7315280956013221,0.6510526315789473,sonar,1,RF,feat
896,0.7261324041811846,0.722555648013314,0.6884610434610435,0.7322567743872764,0.6605263157894736,sonar,2,RF,feat
897,0.7449477351916375,0.7398814229249012,0.7054978054978056,0.7656875975761425,0.6599999999999999,sonar,3,RF,feat
898,0.7499419279907085,0.743900561680882,0.7018386807860492,0.790723019670388,0.6589473684210526,sonar,4,RF,feat
899,0.7351916376306621,0.7298751820262117,0.6939657304363187,0.7516900093370681,0.6494736842105263,sonar,5,RF,feat
900,0.8116883116883116,0.8109090909090909,0.8259704597462034,0.780974580974581,0.8872727272727273,molecular_biology_promoters,0,KNN,feat
901,0.8398268398268398,0.8381818181818183,0.840542264752791,0.8370784770784772,0.8472727272727273,molecular_biology_promoters,1,KNN,feat
902,0.7744588744588744,0.7736363636363637,0.7879952504950533,0.7677777777777778,0.8290909090909091,molecular_biology_promoters,2,KNN,feat
903,0.8203463203463203,0.8218181818181819,0.825672877846791,0.8105827505827505,0.849090909090909,molecular_biology_promoters,3,KNN,feat
904,0.8307359307359308,0.8318181818181818,0.8334048560135517,0.8218181818181819,0.8490909090909092,molecular_biology_promoters,4,KNN,feat
905,0.8112554112554113,0.8118181818181818,0.8131049626701801,0.8164141414141415,0.8309090909090908,molecular_biology_promoters,5,KNN,feat
906,0.848917748917749,0.8481818181818183,0.8436677332329505,0.8634848484848485,0.8290909090909091,molecular_biology_promoters,0,SVC,feat
907,0.8593073593073592,0.86,0.8602446828533784,0.8536363636363637,0.8690909090909091,molecular_biology_promoters,1,SVC,feat
908,0.8398268398268398,0.8390909090909091,0.8378963726332147,0.863080808080808,0.8290909090909091,molecular_biology_promoters,2,SVC,feat
909,0.8584415584415584,0.859090909090909,0.8597046965239186,0.8654700854700856,0.8672727272727274,molecular_biology_promoters,3,SVC,feat
910,0.8125541125541125,0.8109090909090909,0.8048540323139864,0.8218181818181819,0.7909090909090908,molecular_biology_promoters,4,SVC,feat
911,0.8580086580086579,0.8572727272727272,0.8587770285980005,0.8687645687645688,0.8654545454545455,molecular_biology_promoters,5,SVC,feat
912,0.8779220779220779,0.8781818181818182,0.8702392344497607,0.9151515151515152,0.8327272727272726,molecular_biology_promoters,0,NB,feat
913,0.8874458874458874,0.8872727272727273,0.8834358623832308,0.9214141414141416,0.849090909090909,molecular_biology_promoters,1,NB,feat
914,0.8679653679653679,0.8681818181818184,0.8550712074303407,0.9285714285714284,0.809090909090909,molecular_biology_promoters,2,NB,feat
915,0.8779220779220779,0.8781818181818183,0.871024531024531,0.9232323232323232,0.8309090909090908,molecular_biology_promoters,3,NB,feat
916,0.887012987012987,0.8872727272727271,0.8785600364547733,0.9191919191919192,0.849090909090909,molecular_biology_promoters,4,NB,feat
917,0.8774891774891774,0.8781818181818183,0.8688581602809629,0.9356643356643356,0.8309090909090908,molecular_biology_promoters,5,NB,feat
918,0.8320346320346321,0.8318181818181818,0.8215873015873016,0.856969696969697,0.7945454545454546,molecular_biology_promoters,0,DT,feat
919,0.8017316017316016,0.8027272727272727,0.8006564500843677,0.8270979020979021,0.7927272727272727,molecular_biology_promoters,1,DT,feat
920,0.793073593073593,0.7945454545454546,0.8013943950786058,0.7935026737967915,0.8327272727272728,molecular_biology_promoters,2,DT,feat
921,0.8203463203463203,0.8209090909090907,0.8230152456239412,0.82,0.8309090909090908,molecular_biology_promoters,3,DT,feat
922,0.8220779220779221,0.8209090909090909,0.828018648018648,0.7984848484848485,0.8690909090909091,molecular_biology_promoters,4,DT,feat
923,0.8121212121212121,0.8118181818181818,0.8241522779280217,0.7903651903651903,0.8690909090909091,molecular_biology_promoters,5,DT,feat
924,0.9151515151515152,0.9154545454545454,0.9145875558461372,0.912160062160062,0.9254545454545456,molecular_biology_promoters,0,RF,feat
925,0.8683982683982684,0.8690909090909091,0.8653041695146959,0.8868686868686868,0.8490909090909092,molecular_biology_promoters,1,RF,feat
926,0.8493506493506494,0.85,0.8466910866910865,0.863080808080808,0.8472727272727273,molecular_biology_promoters,2,RF,feat
927,0.8584415584415584,0.86,0.8602446828533784,0.8602797202797202,0.8672727272727272,molecular_biology_promoters,3,RF,feat
928,0.8493506493506493,0.85,0.8513120746530358,0.841926961926962,0.8690909090909091,molecular_biology_promoters,4,RF,feat
929,0.8774891774891774,0.8772727272727272,0.8780601041470607,0.8808158508158508,0.8872727272727273,molecular_biology_promoters,5,RF,feat
930,0.8084999999999999,0.8084999999999999,0.8080791956324183,0.8098686763130237,0.8084999999999999,mfeat_fourier,0,KNN,feat
931,0.808,0.808,0.8079343451554781,0.8120285208193214,0.808,mfeat_fourier,1,KNN,feat
932,0.8115,0.8115,0.811044017697139,0.8135753432211693,0.8115,mfeat_fourier,2,KNN,feat
933,0.8055,0.8055,0.8052462346789786,0.8082642222582928,0.8055,mfeat_fourier,3,KNN,feat
934,0.8095000000000001,0.8095000000000001,0.8097301010667319,0.8127309013589084,0.8095000000000001,mfeat_fourier,4,KNN,feat
935,0.8155000000000001,0.8155000000000001,0.8152435088852812,0.8198444492156988,0.8155000000000001,mfeat_fourier,5,KNN,feat
936,0.772,0.772,0.7706427012888236,0.7746106232199794,0.772,mfeat_fourier,0,SVC,feat
937,0.7785,0.7785,0.7760691745799454,0.7821584361187801,0.7785,mfeat_fourier,1,SVC,feat
938,0.7785,0.7785,0.7775886112484688,0.7810433118303937,0.7785,mfeat_fourier,2,SVC,feat
939,0.7855,0.7855,0.7843286200798062,0.7888569186878799,0.7855,mfeat_fourier,3,SVC,feat
940,0.7845,0.7845,0.783076992041634,0.7878190657461183,0.7845,mfeat_fourier,4,SVC,feat
941,0.7815000000000001,0.7815,0.7794544550115556,0.7854813890857998,0.7815,mfeat_fourier,5,SVC,feat
942,0.758,0.758,0.7579840196438166,0.762922818049131,0.758,mfeat_fourier,0,NB,feat
943,0.756,0.756,0.7548296775388159,0.759039346829492,0.756,mfeat_fourier,1,NB,feat
944,0.754,0.754,0.753758087371121,0.7566511579762036,0.754,mfeat_fourier,2,NB,feat
945,0.761,0.7609999999999999,0.7609994827549513,0.7647568382083461,0.7609999999999999,mfeat_fourier,3,NB,feat
946,0.7575,0.7575,0.7568452727154303,0.76030892882888,0.7575,mfeat_fourier,4,NB,feat
947,0.757,0.757,0.7565356464413184,0.762232049435681,0.757,mfeat_fourier,5,NB,feat
948,0.7380000000000001,0.7380000000000001,0.7398668493031819,0.7457071608285994,0.7380000000000001,mfeat_fourier,0,DT,feat
949,0.7489999999999999,0.749,0.7486663910955584,0.7509131925493471,0.749,mfeat_fourier,1,DT,feat
950,0.751,0.751,0.7528894118425333,0.7592354668283005,0.751,mfeat_fourier,2,DT,feat
951,0.7445,0.7445,0.744984401573468,0.7478810982147811,0.7445,mfeat_fourier,3,DT,feat
952,0.7430000000000001,0.7430000000000001,0.7443871304065317,0.747657580842241,0.7430000000000001,mfeat_fourier,4,DT,feat
953,0.744,0.744,0.7432814063228941,0.7466342324796942,0.744,mfeat_fourier,5,DT,feat
954,0.8099999999999999,0.8099999999999999,0.8096881371491232,0.8123414690852758,0.8099999999999999,mfeat_fourier,0,RF,feat
955,0.8154999999999999,0.8154999999999999,0.814716253152131,0.8168893139755472,0.8154999999999999,mfeat_fourier,1,RF,feat
956,0.8065,0.8065,0.8056054873913817,0.8084196686956385,0.8065,mfeat_fourier,2,RF,feat
957,0.8095000000000001,0.8095000000000001,0.8092450507625465,0.8115901252717764,0.8095000000000001,mfeat_fourier,3,RF,feat
958,0.8135,0.8135,0.8127787680398223,0.8140241543387475,0.8135,mfeat_fourier,4,RF,feat
959,0.8175000000000001,0.8175000000000001,0.8162817336172553,0.8194943202925564,0.8175000000000001,mfeat_fourier,5,RF,feat
960,0.9369892927585236,0.8969927572980912,0.908863257114618,0.9288475667089776,0.8969927572980912,analcatdata_authorship,0,KNN,feat
961,0.9333615102845872,0.8821958895589566,0.8924728211218882,0.9152719170984678,0.8821958895589566,analcatdata_authorship,1,KNN,feat
962,0.9346365173288252,0.8872990237440636,0.8995527554332974,0.9214736321046514,0.8872990237440636,analcatdata_authorship,2,KNN,feat
963,0.9298393913778528,0.8758460737916123,0.8857483751970537,0.9111691173713152,0.8758460737916123,analcatdata_authorship,3,KNN,feat
964,0.9334389969005354,0.8839672408190292,0.8910068713024064,0.9050847424969086,0.8839672408190292,analcatdata_authorship,4,KNN,feat
965,0.9417511975204282,0.9046458507324348,0.914863674884954,0.9332747036095256,0.9046458507324348,analcatdata_authorship,5,KNN,feat
966,0.9547830374753452,0.9328654521644304,0.9389626651600806,0.951518459877969,0.9328654521644304,analcatdata_authorship,0,SVC,feat
967,0.959573119188504,0.9435819779568222,0.9480488218087864,0.9539359322002116,0.9435819779568222,analcatdata_authorship,1,SVC,feat
968,0.9631515919977458,0.9508687645576976,0.9560304891475552,0.9624147336514268,0.9508687645576976,analcatdata_authorship,2,SVC,feat
969,0.9535996055226824,0.939855429427806,0.947151835094828,0.9590060559156978,0.939855429427806,analcatdata_authorship,3,SVC,feat
970,0.9607706396167934,0.9382094375693268,0.9460830909620366,0.9568379908500876,0.9382094375693268,analcatdata_authorship,4,SVC,feat
971,0.9596012961397576,0.9348209585259372,0.9444857137606892,0.9592706115083308,0.9348209585259372,analcatdata_authorship,5,SVC,feat
972,0.9666948436179204,0.9491315247529416,0.9555740632081036,0.9664481599713244,0.9491315247529416,analcatdata_authorship,0,NB,feat
973,0.9655043674274444,0.9519417707375708,0.9569917179716544,0.963754439008891,0.9519417707375708,analcatdata_authorship,1,NB,feat
974,0.9631656804733728,0.9465099326839108,0.9529428749722386,0.9614374814728393,0.9465099326839108,analcatdata_authorship,2,NB,feat
975,0.9631163708086784,0.9487918776588704,0.9521101336521672,0.960135771879829,0.9487918776588704,analcatdata_authorship,3,NB,feat
976,0.9655395886165116,0.9519400472374364,0.9572778409124584,0.9646657922484746,0.9519400472374364,analcatdata_authorship,4,NB,feat
977,0.9667371090448011,0.9496582209540212,0.9578332167013656,0.968696083886612,0.9496582209540212,analcatdata_authorship,5,NB,feat
978,0.9215060580445196,0.8949189619992837,0.8929790429681713,0.8962768187414618,0.8949189619992837,analcatdata_authorship,0,DT,feat
979,0.9203578472809244,0.8971586541331993,0.892065511445816,0.8936682401470346,0.8971586541331993,analcatdata_authorship,1,DT,feat
980,0.9310298675683292,0.9039320690076236,0.9000064828260754,0.8980750922458769,0.9039320690076236,analcatdata_authorship,2,DT,feat
981,0.9286207382361228,0.8985226982742249,0.8947695768575086,0.897745622132138,0.8985226982742249,analcatdata_authorship,3,DT,feat
982,0.9203578472809244,0.8926477201692181,0.88185575222607,0.8775767545116302,0.8926477201692181,analcatdata_authorship,4,DT,feat
983,0.9239081431389125,0.8861482977564421,0.8850333886121842,0.890636621075411,0.8861482977564421,analcatdata_authorship,5,DT,feat
984,0.9607635953789802,0.9389543061382232,0.9449626810283732,0.9554060802223272,0.9389543061382232,analcatdata_authorship,0,RF,feat
985,0.9655325443786982,0.943572571876722,0.9510469922104552,0.9611964119676693,0.943572571876722,analcatdata_authorship,1,RF,feat
986,0.9619681600450832,0.9366883276487276,0.944331095343362,0.956441666409728,0.9366883276487276,analcatdata_authorship,2,RF,feat
987,0.960735418427726,0.9319620490080982,0.939296146129752,0.9549262514142488,0.9319620490080982,analcatdata_authorship,3,RF,feat
988,0.9607776838546068,0.9358350887543,0.94336483122301,0.9549874144133044,0.9358350887543,analcatdata_authorship,4,RF,feat
989,0.9619611158072696,0.935973075092903,0.944005268340802,0.9537924301724306,0.935973075092903,analcatdata_authorship,5,RF,feat
990,0.8758780541012217,0.8683051499896935,0.902190566512474,0.908960348263408,0.8955751032920165,tokyo1,0,KNN,feat
991,0.8759107766143106,0.867101391327527,0.9026112507500864,0.9067225563453012,0.8988404638144744,tokyo1,1,KNN,feat
992,0.8738274432809773,0.8628948503414371,0.9012584605465148,0.9008883085178072,0.9021458083433294,tokyo1,2,KNN,feat
993,0.8696444153577663,0.8572153084935797,0.8985053133799739,0.8951923670278189,0.9021324803411968,tokyo1,3,KNN,feat
994,0.874869109947644,0.867007466164673,0.9013679656865876,0.9084883501825146,0.8955884312941491,tokyo1,4,KNN,feat
995,0.8811191099476441,0.8711797599800659,0.9069247487729768,0.9075600133754362,0.9069972011195524,tokyo1,5,KNN,feat
996,0.5737892670157068,0.564148874611646,0.5535176647148128,0.5257619766856434,0.5999333599893376,tokyo1,0,SVC,feat
997,0.7228184991273997,0.6931319314924134,0.7486845726935231,0.7113974508843842,0.7985205917632947,tokyo1,1,SVC,feat
998,0.4711114746945899,0.4901679576616558,0.4006775514691735,0.4003222589618432,0.4227375716380114,tokyo1,2,SVC,feat
999,0.3186245636998254,0.3660565670212246,0.202352324309195,0.2189927210145438,0.1966679994668799,tokyo1,3,SVC,feat
1000,0.3168139179755672,0.3521035064235175,0.223874781854804,0.2481994269228312,0.2244968679194988,tokyo1,4,SVC,feat
1001,0.6102530541012217,0.631871458455955,0.5410222736126084,0.5387555972844142,0.5526456084232974,tokyo1,5,SVC,feat
1002,0.8998745636998254,0.8770763247496033,0.9246608321109336,0.8928295486190223,0.9591630014660802,tokyo1,0,NB,feat
1003,0.8988710732984293,0.875550897653361,0.9238326357169162,0.8911598929223491,0.9591763294682129,tokyo1,1,NB,feat
1004,0.8988492582897033,0.8755154418563837,0.9237718189258468,0.891116384951476,0.9592296414767424,tokyo1,2,NB,feat
1005,0.8978294066317627,0.874696481655785,0.9229019370461524,0.8911122692276802,0.9575503132080504,tokyo1,3,NB,feat
1006,0.8967550174520069,0.873425453835029,0.9223265612677696,0.8901231850160454,0.9576169532187124,tokyo1,4,NB,feat
1007,0.8988601657940662,0.8756537053915494,0.923936307354746,0.892165284708868,0.95921631347461,tokyo1,5,NB,feat
1008,0.8946498691099476,0.882364428969613,0.918178575743664,0.9102498965939356,0.9265093962415036,tokyo1,0,DT,feat
1009,0.9030268324607332,0.8920210383755401,0.9247767234590126,0.9185656138326684,0.9314540850326536,tokyo1,1,DT,feat
1010,0.9040521378708553,0.8959392309328855,0.9249691864504972,0.925282058159431,0.9249633479941356,tokyo1,2,DT,feat
1011,0.896776832460733,0.8864933943606822,0.9197810413487504,0.9174494978856784,0.9232973477275755,tokyo1,3,DT,feat
1012,0.8988656195462477,0.8882081784263519,0.9213540644396264,0.9170235645155052,0.9266026922564308,tokyo1,4,DT,feat
1013,0.9040575916230368,0.8946814483316405,0.9250750111756424,0.9232830491460408,0.9281620685059307,tokyo1,5,DT,feat
1014,0.9269797120418848,0.9214820324458208,0.942632208174864,0.9443278458924552,0.9411835265893644,tokyo1,0,RF,feat
1015,0.925959860383944,0.919423857786078,0.9421459481797634,0.9420500493924708,0.9428228708516594,tokyo1,1,RF,feat
1016,0.9217986474694588,0.9161016256023472,0.93863455096328,0.941111626372335,0.9363854458216712,tokyo1,2,RF,feat
1017,0.92285667539267,0.9144723725416666,0.9400798456866428,0.9364428626967924,0.944555511128882,tokyo1,3,RF,feat
1018,0.921787739965096,0.9163219929419536,0.938640967962535,0.9421975664818198,0.9364121018259364,tokyo1,4,RF,feat
1019,0.9280431937172776,0.9210558261167584,0.9438375633999044,0.9418914585392753,0.9461282153805144,tokyo1,5,RF,feat
1020,0.4577777777777777,0.5300108932461873,0.4569469354404368,0.4498529881731418,0.5300108932461873,soybean,0,KNN,feat
1021,0.437037037037037,0.5395969498910674,0.4517937808315532,0.4383473966790444,0.5395969498910674,soybean,1,KNN,feat
1022,0.4474074074074073,0.5347312999273784,0.4541413364329078,0.4441913083950538,0.5347312999273784,soybean,2,KNN,feat
1023,0.4325925925925926,0.5377814088598402,0.4495409226797799,0.4371345475856125,0.5377814088598402,soybean,3,KNN,feat
1024,0.4296296296296296,0.5365105301379811,0.4482323751897086,0.4364764308461,0.5365105301379811,soybean,4,KNN,feat
1025,0.4592592592592592,0.53059186637618,0.4576916453075457,0.4501474133296296,0.53059186637618,soybean,5,KNN,feat
1026,0.5037037037037038,0.5263071895424837,0.4744758848923961,0.466865017296282,0.5263071895424837,soybean,0,SVC,feat
1027,0.5037037037037038,0.5264524328249818,0.4754966232699837,0.4672121016486072,0.5264524328249818,soybean,1,SVC,feat
1028,0.5037037037037038,0.526525054466231,0.4749052458763135,0.4671486285683431,0.526525054466231,soybean,2,SVC,feat
1029,0.5037037037037037,0.5264887436456063,0.4754054679762996,0.4671206794388843,0.5264887436456063,soybean,3,SVC,feat
1030,0.5037037037037037,0.5265250544662309,0.4752998329629617,0.4670320708974944,0.5265250544662309,soybean,4,SVC,feat
1031,0.5037037037037037,0.5262708787218591,0.4746406278155872,0.4669732281645922,0.5262708787218591,soybean,5,SVC,feat
1032,0.4459259259259259,0.5472222222222222,0.4568072507973287,0.4363167351690525,0.5472222222222222,soybean,0,NB,feat
1033,0.4459259259259259,0.5472222222222223,0.4567902891181153,0.4357906375405759,0.5472222222222223,soybean,1,NB,feat
1034,0.4459259259259259,0.5472222222222222,0.456486597863744,0.4360032772364247,0.5472222222222222,soybean,2,NB,feat
1035,0.4459259259259259,0.5472222222222222,0.4568905985591904,0.435891908210113,0.5472222222222222,soybean,3,NB,feat
1036,0.4459259259259259,0.5472222222222223,0.4572010067715426,0.4361988420835808,0.5472222222222223,soybean,4,NB,feat
1037,0.4459259259259259,0.5472222222222223,0.4569505236587647,0.4365331127244768,0.5472222222222223,soybean,5,NB,feat
1038,0.5051851851851852,0.5263071895424837,0.4746830628104175,0.4670359574672222,0.5263071895424837,soybean,0,DT,feat
1039,0.5051851851851852,0.5264524328249818,0.4757003016405567,0.4673779391278776,0.5264524328249818,soybean,1,DT,feat
1040,0.5051851851851852,0.526525054466231,0.4751089242468866,0.4673144660476134,0.526525054466231,soybean,2,DT,feat
1041,0.5051851851851852,0.5264887436456063,0.4756126458943209,0.4672916196098245,0.5264887436456063,soybean,3,DT,feat
1042,0.5051851851851852,0.5265250544662309,0.4755035113335347,0.4671979083767646,0.5265250544662309,soybean,4,DT,feat
1043,0.5051851851851852,0.5262708787218591,0.4748460433151203,0.4671415783329424,0.5262708787218591,soybean,5,DT,feat
1044,0.5037037037037038,0.5263071895424837,0.4744758848923961,0.466865017296282,0.5263071895424837,soybean,0,RF,feat
1045,0.5037037037037038,0.5264524328249818,0.4754966232699837,0.4672121016486071,0.5264524328249818,soybean,1,RF,feat
1046,0.5037037037037038,0.526525054466231,0.4749052458763135,0.4671486285683431,0.526525054466231,soybean,2,RF,feat
1047,0.5051851851851852,0.5264887436456063,0.4756108834758327,0.4672890296072345,0.5264887436456063,soybean,3,RF,feat
1048,0.5037037037037037,0.5265250544662309,0.4752998329629617,0.4670320708974944,0.5265250544662309,soybean,4,RF,feat
1049,0.5051851851851852,0.5262708787218591,0.4748425940159495,0.4671366268574027,0.5262708787218591,soybean,5,RF,feat
1050,0.8985,0.8985,0.897889102775963,0.9002760114696093,0.8985,mfeat_karhunen,0,KNN,feat
1051,0.8995,0.8995,0.8989378018486445,0.9012303649954688,0.8995,mfeat_karhunen,1,KNN,feat
1052,0.8965,0.8965,0.8961151099849225,0.8987381740044759,0.8965,mfeat_karhunen,2,KNN,feat
1053,0.9005000000000001,0.9005000000000001,0.900494664269001,0.9026587888182956,0.9005000000000001,mfeat_karhunen,3,KNN,feat
1054,0.8995,0.8995000000000001,0.8991628266576768,0.9016282486032924,0.8995000000000001,mfeat_karhunen,4,KNN,feat
1055,0.9025,0.9025,0.9016019080824952,0.9042317703024176,0.9025,mfeat_karhunen,5,KNN,feat
1056,0.8605,0.8605,0.8600711727793989,0.8628570549672038,0.8605,mfeat_karhunen,0,SVC,feat
1057,0.8505,0.8505,0.8498113037887368,0.8526498693614887,0.8505,mfeat_karhunen,1,SVC,feat
1058,0.8465,0.8465,0.8460842598680507,0.8486260872196697,0.8465,mfeat_karhunen,2,SVC,feat
1059,0.8525,0.8525,0.8522833326498125,0.8553218243153466,0.8525,mfeat_karhunen,3,SVC,feat
1060,0.858,0.858,0.8577844836196962,0.8608344082319069,0.858,mfeat_karhunen,4,SVC,feat
1061,0.8515,0.8515,0.8510055796830429,0.8545807837333657,0.8515,mfeat_karhunen,5,SVC,feat
1062,0.8165000000000001,0.8165000000000001,0.8165575461204628,0.8203268856125299,0.8165000000000001,mfeat_karhunen,0,NB,feat
1063,0.8160000000000001,0.8160000000000001,0.8167721145370692,0.8240990932546595,0.8160000000000001,mfeat_karhunen,1,NB,feat
1064,0.8089999999999999,0.8090000000000002,0.809085736838993,0.8132845637451049,0.8090000000000002,mfeat_karhunen,2,NB,feat
1065,0.8115,0.8115000000000002,0.811884580804023,0.8155317161000845,0.8115000000000002,mfeat_karhunen,3,NB,feat
1066,0.812,0.812,0.8122233733183511,0.8173863085158226,0.812,mfeat_karhunen,4,NB,feat
1067,0.8135000000000001,0.8135,0.8142517545095058,0.8212174209616567,0.8135,mfeat_karhunen,5,NB,feat
1068,0.7779999999999999,0.7779999999999999,0.7776474495452547,0.7809082917276304,0.7779999999999999,mfeat_karhunen,0,DT,feat
1069,0.7795,0.7795,0.7787945162204459,0.7863024073028576,0.7795,mfeat_karhunen,1,DT,feat
1070,0.7785,0.7785,0.7783730885000342,0.7820719218496103,0.7785,mfeat_karhunen,2,DT,feat
1071,0.7675,0.7675,0.7673112728551825,0.7714710519275483,0.7675,mfeat_karhunen,3,DT,feat
1072,0.7795,0.7795,0.7789399559972239,0.7826264901620869,0.7795,mfeat_karhunen,4,DT,feat
1073,0.7719999999999999,0.772,0.7710482753965489,0.7755730259128253,0.772,mfeat_karhunen,5,DT,feat
1074,0.8805,0.8805,0.8804095247134699,0.8823005205240504,0.8805,mfeat_karhunen,0,RF,feat
1075,0.873,0.873,0.8728785134416628,0.8770672338456938,0.873,mfeat_karhunen,1,RF,feat
1076,0.8719999999999999,0.8719999999999999,0.8718507197372011,0.8746972754942798,0.8719999999999999,mfeat_karhunen,2,RF,feat
1077,0.869,0.8690000000000001,0.8687484183130383,0.8710646165233653,0.8690000000000001,mfeat_karhunen,3,RF,feat
1078,0.8775000000000001,0.8775000000000001,0.8770643621927892,0.8792221710528125,0.8775000000000001,mfeat_karhunen,4,RF,feat
1079,0.8720000000000001,0.8719999999999999,0.8719850029330394,0.8757402969317336,0.8719999999999999,mfeat_karhunen,5,RF,feat
1080,0.5193749999999999,0.5193749999999999,0.5259344009240121,0.5195281789428382,0.54625,GAMETES_Epistasis_2_Way_1000atts_0.4H_EDM_1_EDM_1_1,0,KNN,hyperparameter
1081,0.5149999999999999,0.515,0.5036980367719006,0.5156947765695569,0.5387500000000001,GAMETES_Epistasis_2_Way_1000atts_0.4H_EDM_1_EDM_1_1,1,KNN,hyperparameter
1082,0.52625,0.52625,0.5382832872074553,0.5248460206841213,0.565,GAMETES_Epistasis_2_Way_1000atts_0.4H_EDM_1_EDM_1_1,2,KNN,hyperparameter
1083,0.529375,0.529375,0.5555090022747201,0.52638387092702,0.5887500000000001,GAMETES_Epistasis_2_Way_1000atts_0.4H_EDM_1_EDM_1_1,3,KNN,hyperparameter
1084,0.5299999999999999,0.5299999999999999,0.5325779372025923,0.5296304700730079,0.5487500000000001,GAMETES_Epistasis_2_Way_1000atts_0.4H_EDM_1_EDM_1_1,4,KNN,hyperparameter
1085,0.5125,0.5125,0.52836190800335,0.5117733990147784,0.55625,GAMETES_Epistasis_2_Way_1000atts_0.4H_EDM_1_EDM_1_1,5,KNN,hyperparameter
1086,0.493125,0.493125,0.4878879144675383,0.4924418549468858,0.525,GAMETES_Epistasis_2_Way_1000atts_0.4H_EDM_1_EDM_1_1,0,SVC,hyperparameter
1087,0.5037499999999999,0.50375,0.4914865875896028,0.5042203493182983,0.55875,GAMETES_Epistasis_2_Way_1000atts_0.4H_EDM_1_EDM_1_1,1,SVC,hyperparameter
1088,0.505,0.505,0.50463235999878,0.5038712063259085,0.5549999999999999,GAMETES_Epistasis_2_Way_1000atts_0.4H_EDM_1_EDM_1_1,2,SVC,hyperparameter
1089,0.50875,0.50875,0.501771400375565,0.5089956195244055,0.56125,GAMETES_Epistasis_2_Way_1000atts_0.4H_EDM_1_EDM_1_1,3,SVC,hyperparameter
1090,0.504375,0.504375,0.50228965952832,0.5050853646308254,0.565,GAMETES_Epistasis_2_Way_1000atts_0.4H_EDM_1_EDM_1_1,4,SVC,hyperparameter
1091,0.5018750000000001,0.5018750000000001,0.5060360230405254,0.5015668134743965,0.5387500000000001,GAMETES_Epistasis_2_Way_1000atts_0.4H_EDM_1_EDM_1_1,5,SVC,hyperparameter
1092,0.495625,0.495625,0.4945163645509234,0.4955062726301956,0.49375,GAMETES_Epistasis_2_Way_1000atts_0.4H_EDM_1_EDM_1_1,0,LR,hyperparameter
1093,0.5075000000000001,0.5075000000000001,0.4918349607593549,0.5084269662921348,0.4962499999999999,GAMETES_Epistasis_2_Way_1000atts_0.4H_EDM_1_EDM_1_1,1,LR,hyperparameter
1094,0.51,0.51,0.5099981930402586,0.5086081061907703,0.515,GAMETES_Epistasis_2_Way_1000atts_0.4H_EDM_1_EDM_1_1,2,LR,hyperparameter
1095,0.5075000000000001,0.5075000000000001,0.4971873604107897,0.507814143632397,0.4875,GAMETES_Epistasis_2_Way_1000atts_0.4H_EDM_1_EDM_1_1,3,LR,hyperparameter
1096,0.50625,0.5062500000000001,0.5031000046740666,0.5065608660488878,0.5,GAMETES_Epistasis_2_Way_1000atts_0.4H_EDM_1_EDM_1_1,4,LR,hyperparameter
1097,0.4993749999999999,0.4993749999999999,0.4994301936981878,0.4991348312934329,0.505,GAMETES_Epistasis_2_Way_1000atts_0.4H_EDM_1_EDM_1_1,5,LR,hyperparameter
1098,0.5018750000000001,0.5018750000000001,0.4878309573850048,0.5018669236086069,0.475,GAMETES_Epistasis_2_Way_1000atts_0.4H_EDM_1_EDM_1_1,0,NB,hyperparameter
1099,0.520625,0.520625,0.5095122796706006,0.5215171247911088,0.49875,GAMETES_Epistasis_2_Way_1000atts_0.4H_EDM_1_EDM_1_1,1,NB,hyperparameter
1100,0.506875,0.506875,0.4939521271523551,0.5068853560232871,0.4825,GAMETES_Epistasis_2_Way_1000atts_0.4H_EDM_1_EDM_1_1,2,NB,hyperparameter
1101,0.5062500000000001,0.50625,0.5067300767491615,0.5066988056066155,0.5075000000000001,GAMETES_Epistasis_2_Way_1000atts_0.4H_EDM_1_EDM_1_1,3,NB,hyperparameter
1102,0.510625,0.510625,0.4971625426983844,0.5104992450783908,0.485,GAMETES_Epistasis_2_Way_1000atts_0.4H_EDM_1_EDM_1_1,4,NB,hyperparameter
1103,0.5025,0.5025,0.4936916591388136,0.5028286910088036,0.4862499999999999,GAMETES_Epistasis_2_Way_1000atts_0.4H_EDM_1_EDM_1_1,5,NB,hyperparameter
1104,0.505,0.505,0.4914719800995704,0.5059479725148671,0.64375,GAMETES_Epistasis_2_Way_1000atts_0.4H_EDM_1_EDM_1_1,0,DT,hyperparameter
1105,0.5025,0.5025,0.5109455723771243,0.502361476646823,0.5825,GAMETES_Epistasis_2_Way_1000atts_0.4H_EDM_1_EDM_1_1,1,DT,hyperparameter
1106,0.52,0.52,0.5090142990098471,0.5216607158534632,0.53375,GAMETES_Epistasis_2_Way_1000atts_0.4H_EDM_1_EDM_1_1,2,DT,hyperparameter
1107,0.52,0.52,0.523307905057161,0.5186990088448089,0.5375,GAMETES_Epistasis_2_Way_1000atts_0.4H_EDM_1_EDM_1_1,3,DT,hyperparameter
1108,0.510625,0.510625,0.5215826378102755,0.509721525268546,0.67375,GAMETES_Epistasis_2_Way_1000atts_0.4H_EDM_1_EDM_1_1,4,DT,hyperparameter
1109,0.5118750000000001,0.5118750000000001,0.530840295777164,0.5096666218431867,0.64375,GAMETES_Epistasis_2_Way_1000atts_0.4H_EDM_1_EDM_1_1,5,DT,hyperparameter
1110,0.5,0.5,0.4812186768705098,0.5006624407830524,0.47625,GAMETES_Epistasis_2_Way_1000atts_0.4H_EDM_1_EDM_1_1,0,RF,hyperparameter
1111,0.51875,0.51875,0.5154009592209158,0.5187941650128542,0.5125000000000001,GAMETES_Epistasis_2_Way_1000atts_0.4H_EDM_1_EDM_1_1,1,RF,hyperparameter
1112,0.5125,0.5125,0.4794619581320072,0.5141110204592099,0.5075,GAMETES_Epistasis_2_Way_1000atts_0.4H_EDM_1_EDM_1_1,2,RF,hyperparameter
1113,0.52375,0.52375,0.5155127905324648,0.5239358721524943,0.5075,GAMETES_Epistasis_2_Way_1000atts_0.4H_EDM_1_EDM_1_1,3,RF,hyperparameter
1114,0.500625,0.5006250000000001,0.4786027457384919,0.5010941104741947,0.4875,GAMETES_Epistasis_2_Way_1000atts_0.4H_EDM_1_EDM_1_1,4,RF,hyperparameter
1115,0.4975,0.4974999999999999,0.4698482421732647,0.4966689026180483,0.48,GAMETES_Epistasis_2_Way_1000atts_0.4H_EDM_1_EDM_1_1,5,RF,hyperparameter
1116,1.0,1.0,1.0,1.0,1.0,agaricus_lepiota,0,KNN,hyperparameter
1117,1.0,1.0,1.0,1.0,1.0,agaricus_lepiota,1,KNN,hyperparameter
1118,1.0,1.0,1.0,1.0,1.0,agaricus_lepiota,2,KNN,hyperparameter
1119,1.0,1.0,1.0,1.0,1.0,agaricus_lepiota,3,KNN,hyperparameter
1120,1.0,1.0,1.0,1.0,1.0,agaricus_lepiota,4,KNN,hyperparameter
1121,1.0,1.0,1.0,1.0,1.0,agaricus_lepiota,5,KNN,hyperparameter
1122,1.0,1.0,1.0,1.0,1.0,agaricus_lepiota,0,SVC,hyperparameter
1123,1.0,1.0,1.0,1.0,1.0,agaricus_lepiota,1,SVC,hyperparameter
1124,1.0,1.0,1.0,1.0,1.0,agaricus_lepiota,2,SVC,hyperparameter
1125,1.0,1.0,1.0,1.0,1.0,agaricus_lepiota,3,SVC,hyperparameter
1126,1.0,1.0,1.0,1.0,1.0,agaricus_lepiota,4,SVC,hyperparameter
1127,1.0,1.0,1.0,1.0,1.0,agaricus_lepiota,5,SVC,hyperparameter
1128,0.9677107475360064,0.9676585388026238,0.966419124841544,0.9665529894566705,0.9663009943507536,agaricus_lepiota,0,LR,hyperparameter
1129,0.9677101447388344,0.9676120798216804,0.9663697810973642,0.9677805648391063,0.965025484146672,agaricus_lepiota,1,LR,hyperparameter
1130,0.9670964972179704,0.9670494408114396,0.9657847560230364,0.9658242178894398,0.965792353713702,agaricus_lepiota,2,LR,hyperparameter
1131,0.9669739485529492,0.9669309210131232,0.965682199024843,0.9656546104294016,0.9657918325655084,agaricus_lepiota,3,LR,hyperparameter
1132,0.9672190458829918,0.9671671788874652,0.9659214985501596,0.9660797329611476,0.9657913114173146,agaricus_lepiota,4,LR,hyperparameter
1133,0.9674651076885092,0.9673756916602898,0.9661323550364114,0.9672464174389926,0.9650257447207689,agaricus_lepiota,5,LR,hyperparameter
1134,0.9213009110435336,0.9213396017682316,0.918505369148826,0.9157702539556364,0.922385920660399,agaricus_lepiota,0,NB,hyperparameter
1135,0.9213006096449476,0.9213037374539612,0.9184732160890928,0.9157948001184472,0.9218788434679284,agaricus_lepiota,1,NB,hyperparameter
1136,0.9219155230398725,0.921933633917346,0.9191084196510084,0.9160541841127804,0.9223913927164328,agaricus_lepiota,2,NB,hyperparameter
1137,0.9197051260907012,0.9197200388452128,0.9168307907582776,0.9136941386479438,0.9203482312230306,agaricus_lepiota,3,NB,hyperparameter
1138,0.9216699434720924,0.92163011858986,0.9187376940452552,0.9169311351809216,0.9213678576640052,agaricus_lepiota,4,NB,hyperparameter
1139,0.9213015138407052,0.9212850235745356,0.9184094040098084,0.9160184469239132,0.9218791040420252,agaricus_lepiota,5,NB,hyperparameter
1140,1.0,1.0,1.0,1.0,1.0,agaricus_lepiota,0,DT,hyperparameter
1141,1.0,1.0,1.0,1.0,1.0,agaricus_lepiota,1,DT,hyperparameter
1142,1.0,1.0,1.0,1.0,1.0,agaricus_lepiota,2,DT,hyperparameter
1143,1.0,1.0,1.0,1.0,1.0,agaricus_lepiota,3,DT,hyperparameter
1144,1.0,1.0,1.0,1.0,1.0,agaricus_lepiota,4,DT,hyperparameter
1145,1.0,1.0,1.0,1.0,1.0,agaricus_lepiota,5,DT,hyperparameter
1146,1.0,1.0,1.0,1.0,1.0,agaricus_lepiota,0,RF,hyperparameter
1147,1.0,1.0,1.0,1.0,1.0,agaricus_lepiota,1,RF,hyperparameter
1148,1.0,1.0,1.0,1.0,1.0,agaricus_lepiota,2,RF,hyperparameter
1149,1.0,1.0,1.0,1.0,1.0,agaricus_lepiota,3,RF,hyperparameter
1150,1.0,1.0,1.0,1.0,1.0,agaricus_lepiota,4,RF,hyperparameter
1151,1.0,1.0,1.0,1.0,1.0,agaricus_lepiota,5,RF,hyperparameter
1152,1.0,1.0,1.0,1.0,1.0,mushroom,0,KNN,hyperparameter
1153,1.0,1.0,1.0,1.0,1.0,mushroom,1,KNN,hyperparameter
1154,1.0,1.0,1.0,1.0,1.0,mushroom,2,KNN,hyperparameter
1155,1.0,1.0,1.0,1.0,1.0,mushroom,3,KNN,hyperparameter
1156,1.0,1.0,1.0,1.0,1.0,mushroom,4,KNN,hyperparameter
1157,1.0,1.0,1.0,1.0,1.0,mushroom,5,KNN,hyperparameter
1158,1.0,1.0,1.0,1.0,1.0,mushroom,0,SVC,hyperparameter
1159,1.0,1.0,1.0,1.0,1.0,mushroom,1,SVC,hyperparameter
1160,1.0,1.0,1.0,1.0,1.0,mushroom,2,SVC,hyperparameter
1161,1.0,1.0,1.0,1.0,1.0,mushroom,3,SVC,hyperparameter
1162,1.0,1.0,1.0,1.0,1.0,mushroom,4,SVC,hyperparameter
1163,1.0,1.0,1.0,1.0,1.0,mushroom,5,SVC,hyperparameter
1164,0.9565484982767112,0.9561866205525154,0.954546112009924,0.9631473001093828,0.9461184882533198,mushroom,0,LR,hyperparameter
1165,0.955809945839488,0.955402812678414,0.9537004365526278,0.963560435615894,0.9440755873340144,mushroom,1,LR,hyperparameter
1166,0.9555637616937468,0.9551563100781816,0.9534115849007924,0.96394732384828,0.9438202247191012,mushroom,2,LR,hyperparameter
1167,0.9544559330379124,0.9540248983404342,0.9522191477524724,0.962668850548011,0.942288049029622,mushroom,3,LR,hyperparameter
1168,0.9559330379123584,0.955601374103318,0.9539171143717554,0.961618616422901,0.9463738508682328,mushroom,4,LR,hyperparameter
1169,0.9559330379123584,0.9555659340445944,0.953873317741733,0.9625783569591876,0.9453524004085804,mushroom,5,LR,hyperparameter
1170,0.8585672082717873,0.8592392475832793,0.8569187490048557,0.837038382790084,0.8787027579162411,mushroom,0,NB,hyperparameter
1171,0.8579517479074348,0.8586805811781245,0.856583265817515,0.8356522603726482,0.8792134831460674,mushroom,1,NB,hyperparameter
1172,0.8585672082717872,0.8592835476566838,0.8571821480114408,0.8364690450018389,0.8797242083758937,mushroom,2,NB,hyperparameter
1173,0.8569670113244707,0.8576945707771957,0.8555290312727444,0.8348248712488971,0.8781920326864148,mushroom,3,NB,hyperparameter
1174,0.8593057607090104,0.8600053354280188,0.857639916266693,0.837340947050024,0.8804902962206334,mushroom,4,NB,hyperparameter
1175,0.8577055637616938,0.8584606586219352,0.8563427792492593,0.8346573482656635,0.8804902962206334,mushroom,5,NB,hyperparameter
1176,1.0,1.0,1.0,1.0,1.0,mushroom,0,DT,hyperparameter
1177,1.0,1.0,1.0,1.0,1.0,mushroom,1,DT,hyperparameter
1178,1.0,1.0,1.0,1.0,1.0,mushroom,2,DT,hyperparameter
1179,1.0,1.0,1.0,1.0,1.0,mushroom,3,DT,hyperparameter
1180,1.0,1.0,1.0,1.0,1.0,mushroom,4,DT,hyperparameter
1181,1.0,1.0,1.0,1.0,1.0,mushroom,5,DT,hyperparameter
1182,1.0,1.0,1.0,1.0,1.0,mushroom,0,RF,hyperparameter
1183,1.0,1.0,1.0,1.0,1.0,mushroom,1,RF,hyperparameter
1184,1.0,1.0,1.0,1.0,1.0,mushroom,2,RF,hyperparameter
1185,1.0,1.0,1.0,1.0,1.0,mushroom,3,RF,hyperparameter
1186,1.0,1.0,1.0,1.0,1.0,mushroom,4,RF,hyperparameter
1187,1.0,1.0,1.0,1.0,1.0,mushroom,5,RF,hyperparameter
1188,0.7060810810810811,0.7031932314410481,0.7745737473521822,0.632112451766293,1.0,ring,0,KNN,hyperparameter
1189,0.71,0.707150655021834,0.7768829218688441,0.6351717581729606,1.0,ring,1,KNN,hyperparameter
1190,0.707027027027027,0.7041511015213712,0.7751585994259588,0.633059341985009,1.0,ring,2,KNN,hyperparameter
1191,0.71,0.707150655021834,0.7768792711542081,0.6351637459704498,1.0,ring,3,KNN,hyperparameter
1192,0.7098648648648649,0.7070168220453887,0.7767688679983556,0.6351385451143325,1.0,ring,4,KNN,hyperparameter
1193,0.7064864864864865,0.7036026200873362,0.7747845842855927,0.6323679838520241,1.0,ring,5,KNN,hyperparameter
1194,0.9791891891891892,0.9791214712510402,0.9795244756132598,0.9730597229475596,1.0,ring,0,SVC,hyperparameter
1195,0.9793243243243244,0.9791948163975202,0.9797924407809188,0.9725731011253012,1.0,ring,1,SVC,hyperparameter
1196,0.9787837837837836,0.9786542246804372,0.9792573992720014,0.9734949830919456,1.0,ring,2,SVC,hyperparameter
1197,0.9785135135135136,0.9783839288218958,0.9789916501380788,0.97175398861837,1.0,ring,3,SVC,hyperparameter
1198,0.979054054054054,0.9789271504446292,0.9795241850219468,0.972075222972334,1.0,ring,4,SVC,hyperparameter
1199,0.9793243243243244,0.9792500444161842,0.979672853116174,0.9725780921387616,1.0,ring,5,SVC,hyperparameter
1200,0.7567567567567568,0.756278753635114,0.7697919725705533,0.7372420803470416,0.9681477516059956,ring,0,LR,hyperparameter
1201,0.757972972972973,0.7574963999513759,0.7708686531881461,0.738338628092081,0.9684154175588864,ring,1,LR,hyperparameter
1202,0.757972972972973,0.7575069195739785,0.7705668388068843,0.738873023353671,0.9708244111349036,ring,2,LR,hyperparameter
1203,0.7601351351351351,0.7596508771027556,0.773134233611754,0.7401194018738888,0.970289079229122,ring,3,LR,hyperparameter
1204,0.7618918918918919,0.7614380440982579,0.7740709773505186,0.7429927195306525,0.9686830835117772,ring,4,LR,hyperparameter
1205,0.7612162162162162,0.7607504698764762,0.7737303286761625,0.7419080738386418,0.9697537473233404,ring,5,LR,hyperparameter
1206,0.9795945945945946,0.9795177103690752,0.9799429782032408,0.9725843743037192,0.9874197002141328,ring,0,NB,hyperparameter
1207,0.9793243243243244,0.9792474145105337,0.9796807070665592,0.97232493393457,0.987152034261242,ring,1,NB,hyperparameter
1208,0.9798648648648648,0.9797906361332672,0.9802023224686708,0.973092742578996,0.9874197002141328,ring,2,NB,hyperparameter
1209,0.9797297297297298,0.9796515433455206,0.9800777726832646,0.9725980761290498,0.9876873661670236,ring,3,NB,hyperparameter
1210,0.9801351351351352,0.9800530422748568,0.9804940522317828,0.9726470506997154,0.988490364025696,ring,4,NB,hyperparameter
1211,0.9797297297297298,0.9796541732511712,0.9800734647254312,0.9728432761329792,0.9874197002141328,ring,5,NB,hyperparameter
1212,0.8712162162162161,0.8710554337357284,0.8743433334822305,0.8616521174610151,0.917558886509636,ring,0,DT,hyperparameter
1213,0.8739189189189189,0.8738136203398073,0.8763642925599004,0.8683516400388175,0.9108672376873662,ring,1,DT,hyperparameter
1214,0.872972972972973,0.8728373409199294,0.8757744538336744,0.8651257558675056,0.9146145610278372,ring,2,DT,hyperparameter
1215,0.8724324324324324,0.872291489391545,0.875312733682383,0.8642548377893412,0.90872591006424,ring,3,DT,hyperparameter
1216,0.875,0.8748711346231169,0.8776461444426704,0.8675399338234645,0.9116702355460384,ring,4,DT,hyperparameter
1217,0.8771621621621623,0.8770676902649075,0.8793229842651861,0.8720555896726438,0.916220556745182,ring,5,DT,hyperparameter
1218,0.950945945945946,0.951187197853062,0.950161956837974,0.9752269097771864,0.9488758029978588,ring,0,RF,hyperparameter
1219,0.9498648648648648,0.9501033845132454,0.9490858144134684,0.973815808312807,0.949678800856531,ring,1,RF,hyperparameter
1220,0.9502702702702702,0.9505259226877868,0.9493539203903232,0.9759621383936188,0.949678800856531,ring,2,RF,hyperparameter
1221,0.9513513513513514,0.951588696782398,0.9505985756342112,0.9752496796630258,0.9480728051391862,ring,3,RF,hyperparameter
1222,0.9497297297297298,0.9499748113481012,0.948871093679711,0.9750713075073568,0.9470021413276232,ring,4,RF,hyperparameter
1223,0.9518918918918918,0.952129288499481,0.9511232363709898,0.9760513021420496,0.949946466809422,ring,5,RF,hyperparameter
1224,0.9725675675675676,0.972566084218352,0.9725371713342148,0.9742315410544024,0.971869661869662,twonorm,0,KNN,hyperparameter
1225,0.9745945945945946,0.9745929634158575,0.9745192131127977,0.9766440632923116,0.97240990990991,twonorm,1,KNN,hyperparameter
1226,0.972027027027027,0.9720249570978512,0.9719366681990314,0.9739368711617288,0.9710576810576812,twonorm,2,KNN,hyperparameter
1227,0.9728378378378378,0.9728370832123532,0.9727961325210563,0.9734585081643906,0.9729516204516204,twonorm,3,KNN,hyperparameter
1228,0.9727027027027026,0.972699174062565,0.9726300619362528,0.9763550920957242,0.9702474552474551,twonorm,4,KNN,hyperparameter
1229,0.9729729729729728,0.9729706121228798,0.9729077843477008,0.9748078408306952,0.971057096057096,twonorm,5,KNN,hyperparameter
1230,0.978108108108108,0.978105313877452,0.9780616942985668,0.981499274118847,0.97754797004797,twonorm,0,SVC,hyperparameter
1231,0.9791891891891892,0.979188878999894,0.9791562233825366,0.9815151165071748,0.978361705861706,twonorm,1,SVC,hyperparameter
1232,0.9794594594594594,0.979456374307886,0.9793662691693684,0.98284473785484,0.9772791622791624,twonorm,2,SVC,hyperparameter
1233,0.9785135135135136,0.9785127636261546,0.9784763839961346,0.9814606169420856,0.9775488475488476,twonorm,3,SVC,hyperparameter
1234,0.9786486486486488,0.9786470237874124,0.978609966951442,0.9822829723571656,0.9772791622791624,twonorm,4,SVC,hyperparameter
1235,0.9786486486486486,0.9786439537978416,0.9785325967094056,0.9825899160033262,0.977006552006552,twonorm,5,SVC,hyperparameter
1236,0.978108108108108,0.978105313877452,0.9780503325711328,0.9799445080828268,0.977007137007137,twonorm,0,LR,hyperparameter
1237,0.9789189189189188,0.9789186084137488,0.9788855377587772,0.9799339354215028,0.9780908505908508,twonorm,1,LR,hyperparameter
1238,0.9778378378378378,0.9778362117131016,0.977781728782206,0.9793998593954754,0.9764671814671816,twonorm,2,LR,hyperparameter
1239,0.9783783783783784,0.9783777744252906,0.978331058834614,0.9801708063381468,0.9775488475488476,twonorm,3,LR,hyperparameter
1240,0.9779729729729728,0.9779704709267344,0.9779164221363296,0.9799331152615648,0.9761969111969112,twonorm,4,LR,hyperparameter
1241,0.9785135135135136,0.9785114480065884,0.9784663635016384,0.9804855323498444,0.9772765297765298,twonorm,5,LR,hyperparameter
1242,0.978108108108108,0.9781041448239072,0.9780362898637178,0.9804703945000808,0.9756543231543232,twonorm,0,NB,hyperparameter
1243,0.9782432432432432,0.9782426392901554,0.9781918849129844,0.9796685519685732,0.9767380367380368,twonorm,1,NB,hyperparameter
1244,0.9781081081081082,0.9781063363649756,0.9780467014695632,0.9799187385839524,0.9761972036972036,twonorm,2,NB,hyperparameter
1245,0.9789189189189188,0.978917439360204,0.9788694966775808,0.9804716935861651,0.9772785772785773,twonorm,3,NB,hyperparameter
1246,0.977972972972973,0.9779706171768808,0.9779144164873316,0.9802150757553184,0.9756563706563708,twonorm,4,NB,hyperparameter
1247,0.9785135135135136,0.9785108642695036,0.9784534211375844,0.9804816579370162,0.9764657189657188,twonorm,5,NB,hyperparameter
1248,0.8427027027027026,0.8427062190237136,0.8435623124532403,0.8392695625242218,0.8487966537966538,twonorm,0,DT,hyperparameter
1249,0.8425675675675677,0.842572540388415,0.8433884053876186,0.8381604085530752,0.8487940212940213,twonorm,1,DT,hyperparameter
1250,0.8462162162162161,0.8462074617393192,0.8452564426032219,0.8496981218060272,0.842030537030537,twonorm,2,DT,hyperparameter
1251,0.841891891891892,0.8418866382581285,0.8407451670350201,0.8460813341939655,0.8355405405405405,twonorm,3,DT,hyperparameter
1252,0.8425675675675677,0.842563338000703,0.8422655387509552,0.8431304865637594,0.842029952029952,twonorm,4,DT,hyperparameter
1253,0.8433783783783784,0.8433772203804601,0.842965046311908,0.8446631928952213,0.8414952614952615,twonorm,5,DT,hyperparameter
1254,0.9751351351351352,0.975132338693354,0.9750827936717166,0.9767000904572066,0.973491575991576,twonorm,0,RF,hyperparameter
1255,0.9737837837837836,0.9737812763676694,0.9736898564783574,0.9765562831929478,0.9715970515970516,twonorm,1,RF,hyperparameter
1256,0.972027027027027,0.9720258349146038,0.9719817873361664,0.973616476869106,0.9718705393705394,twonorm,2,RF,hyperparameter
1257,0.9724324324324324,0.9724310918587376,0.972393912927126,0.9736843408718368,0.9721370071370072,twonorm,3,RF,hyperparameter
1258,0.9725675675675676,0.9725659376523308,0.9725201755126216,0.9740271080763624,0.971058266058266,twonorm,4,RF,hyperparameter
1259,0.9748648648648648,0.9748617752910408,0.9747893477834816,0.9774442823606572,0.972409324909325,twonorm,5,RF,hyperparameter
1260,0.8865546218487395,0.8924572555773171,0.8784602515371345,0.831803291424428,0.9470211161387632,clean1,0,KNN,hyperparameter
1261,0.8739495798319328,0.8796170448661669,0.8650328850064191,0.814881553798614,0.9372171945701356,clean1,1,KNN,hyperparameter
1262,0.9012605042016808,0.906035433691272,0.8919713228348896,0.8490996698447483,0.9470211161387632,clean1,2,KNN,hyperparameter
1263,0.8718487394957983,0.8783838162130524,0.8628128365407127,0.8071044546850998,0.9372171945701356,clean1,3,KNN,hyperparameter
1264,0.8928571428571429,0.8981168816550731,0.8835463350804891,0.8384578235384688,0.9373114630467572,clean1,4,KNN,hyperparameter
1265,0.888655462184874,0.8953366650908354,0.8819351431283347,0.8286633858405856,0.951923076923077,clean1,5,KNN,hyperparameter
1266,0.9978991596638656,0.9981343283582088,0.9976190476190476,1.0,1.0,clean1,0,SVC,hyperparameter
1267,0.9978991596638656,0.9981343283582088,0.9976190476190476,0.9952830188679244,1.0,clean1,1,SVC,hyperparameter
1268,0.9957983193277312,0.9962960930640912,0.9951918631530282,0.9904753265602322,1.0,clean1,2,SVC,hyperparameter
1269,0.9936974789915968,0.9938648105625716,0.9928113553113552,0.9904753265602322,0.9951923076923076,clean1,3,SVC,hyperparameter
1270,0.9978991596638656,0.9981343283582088,0.9976190476190476,1.0,1.0,clean1,4,SVC,hyperparameter
1271,0.9978991596638656,0.9981617647058824,0.9975728155339806,1.0,1.0,clean1,5,SVC,hyperparameter
1272,0.9915966386554622,0.9914687028657616,0.9902912621359224,0.9903846153846154,0.990290346907994,clean1,0,LR,hyperparameter
1273,0.9936974789915968,0.993279501812206,0.9927170601675552,0.9951923076923076,0.990290346907994,clean1,1,LR,hyperparameter
1274,0.9936974789915968,0.9938648105625718,0.9928571428571428,0.9905660377358492,0.9951923076923076,clean1,2,LR,hyperparameter
1275,0.9936974789915968,0.9933266360505166,0.9927184466019418,0.9950980392156864,0.9903846153846154,clean1,3,LR,hyperparameter
1276,0.9936974789915968,0.9933266360505166,0.9927646786870088,0.9952830188679244,0.9903846153846154,clean1,4,LR,hyperparameter
1277,0.9978991596638656,0.997596153846154,0.9975728155339806,1.0,0.9951923076923076,clean1,5,LR,hyperparameter
1278,0.8088235294117647,0.8119013248238446,0.7943806398060348,0.7623049335060976,0.835501508295626,clean1,0,NB,hyperparameter
1279,0.8088235294117647,0.8135278077936112,0.7954415954415954,0.7484536108174947,0.8501131221719456,clean1,1,NB,hyperparameter
1280,0.8151260504201681,0.8198634936178834,0.801047325473931,0.7534029038112522,0.8554864253393666,clean1,2,NB,hyperparameter
1281,0.8046218487394958,0.8075769343328605,0.786502365908948,0.748361543599565,0.8306938159879336,clean1,3,NB,hyperparameter
1282,0.8067226890756303,0.8112027532023143,0.7936006178172204,0.7495398094966044,0.8456825037707391,clean1,4,NB,hyperparameter
1283,0.7941176470588236,0.8007621676684451,0.7837644336329315,0.7299195492496742,0.8502073906485671,clean1,5,NB,hyperparameter
1284,1.0,1.0,1.0,1.0,1.0,clean1,0,DT,hyperparameter
1285,0.9915966386554622,0.9925373134328358,0.9907407407407408,0.9821428571428572,1.0,clean1,1,DT,hyperparameter
1286,1.0,1.0,1.0,1.0,1.0,clean1,2,DT,hyperparameter
1287,1.0,1.0,1.0,1.0,1.0,clean1,3,DT,hyperparameter
1288,1.0,1.0,1.0,1.0,1.0,clean1,4,DT,hyperparameter
1289,1.0,1.0,1.0,1.0,1.0,clean1,5,DT,hyperparameter
1290,0.9978991596638656,0.997596153846154,0.9975728155339806,1.0,0.9951923076923076,clean1,0,RF,hyperparameter
1291,0.9957983193277312,0.9951923076923076,0.9950980392156864,1.0,0.9903846153846154,clean1,1,RF,hyperparameter
1292,0.9936974789915968,0.9944029850746268,0.9928571428571428,0.9860237596086652,1.0,clean1,2,RF,hyperparameter
1293,0.9978991596638656,0.9981343283582088,0.9976190476190476,0.9952830188679244,1.0,clean1,3,RF,hyperparameter
1294,0.9936974789915968,0.9933266360505166,0.992717086834734,0.9952830188679244,0.9903846153846154,clean1,4,RF,hyperparameter
1295,0.9957983193277312,0.9951923076923076,0.9950980392156864,1.0,0.9903846153846154,clean1,5,RF,hyperparameter
1296,0.8298810552133313,0.85437211072533,0.8242394012634949,0.8151401614985934,0.85437211072533,dna,0,KNN,hyperparameter
1297,0.8339623935234517,0.8569823697309626,0.8284692488866399,0.8187481976399635,0.8569823697309626,dna,1,KNN,hyperparameter
1298,0.8286318669886445,0.8523897902077013,0.8223026411673194,0.8132786676912326,0.8523897902077013,dna,2,KNN,hyperparameter
1299,0.8374065276192758,0.8594362555134755,0.8314049903330468,0.8220737652721314,0.8594362555134755,dna,3,KNN,hyperparameter
1300,0.8276798042912177,0.8524989054411043,0.8222746572136284,0.8138681582190294,0.8524989054411043,dna,4,KNN,hyperparameter
1301,0.8323849485823093,0.8566681340303612,0.8263404533106392,0.8175859654960411,0.8566681340303612,dna,5,KNN,hyperparameter
1302,0.9620211313783472,0.9606604793911642,0.9573050810646996,0.9547691561714968,0.9606604793911642,dna,0,SVC,hyperparameter
1303,0.959196074475262,0.9575104828994124,0.9539900941995956,0.9509159646236442,0.9575104828994124,dna,1,SVC,hyperparameter
1304,0.9595085685642768,0.9588195417898158,0.9549454785628544,0.95147070281983,0.9588195417898158,dna,2,SVC,hyperparameter
1305,0.960765244036998,0.9594026714720008,0.9562508488315532,0.9533766744076974,0.9594026714720008,dna,3,SVC,hyperparameter
1306,0.9629621602365654,0.9612744084739088,0.9581199763303088,0.9554230884953364,0.9612744084739088,dna,4,SVC,hyperparameter
1307,0.9588780634666432,0.956774641569488,0.953721030382688,0.9509524663946596,0.956774641569488,dna,5,SVC,hyperparameter
1308,0.9548002717476972,0.9525141085145148,0.9496001509134048,0.9469167084388376,0.9525141085145148,dna,0,LR,hyperparameter
1309,0.9526061140079318,0.9510971404826034,0.9470528227572572,0.9436132530161792,0.9510971404826034,dna,1,LR,hyperparameter
1310,0.9548038183388712,0.954168768990497,0.9496850556927788,0.9458007968761518,0.954168768990497,dna,2,LR,hyperparameter
1311,0.9541752835696676,0.952362127858141,0.948722168477214,0.9453634157884704,0.952362127858141,dna,3,LR,hyperparameter
1312,0.9510353681834516,0.949422667564968,0.945340535941014,0.9419670775019684,0.949422667564968,dna,4,LR,hyperparameter
1313,0.9526002030226416,0.950644479402402,0.9476032907033644,0.9448932295933632,0.950644479402402,dna,5,LR,hyperparameter
1314,0.942869933103409,0.948130313585564,0.937867812652442,0.9298693435841072,0.948130313585564,dna,0,NB,hyperparameter
1315,0.9362827310958808,0.9390077799336848,0.9292028379716488,0.921781088514017,0.9390077799336848,dna,1,NB,hyperparameter
1316,0.9403640694060011,0.943706035913035,0.9341616317714916,0.9264532000775292,0.943706035913035,dna,2,NB,hyperparameter
1317,0.9400488168571844,0.9440057748276394,0.93411060886518,0.9262245723056431,0.9440057748276394,dna,3,NB,hyperparameter
1318,0.93753467778037,0.9412236502388532,0.9314062918674688,0.924515692293902,0.9412236502388532,dna,4,NB,hyperparameter
1319,0.9381632125495736,0.9411505249470756,0.9318409023673108,0.9247899281810046,0.9411505249470756,dna,5,NB,hyperparameter
1320,0.9152557801554824,0.9137783339844588,0.9060980658999612,0.9002448074467022,0.9137783339844588,dna,0,DT,hyperparameter
1321,0.9183913608191524,0.9120998554861248,0.9081192297831844,0.90487427423586,0.9120998554861248,dna,1,DT,hyperparameter
1322,0.9155698505072412,0.9108746655547444,0.905438344860574,0.9009050385383822,0.9108746655547444,dna,2,DT,hyperparameter
1323,0.9190195015226698,0.9134259210297908,0.9098615590411412,0.9068716042457612,0.9134259210297908,dna,3,DT,hyperparameter
1324,0.91745072602662,0.9189522457342092,0.9096818072386154,0.902354303396026,0.9189522457342092,dna,4,DT,hyperparameter
1325,0.914310022509032,0.9103942544730018,0.9051900612133006,0.9016337461265792,0.9103942544730018,dna,5,DT,hyperparameter
1326,0.9554299887139588,0.9487090358690636,0.9496283428713106,0.951199015169176,0.9487090358690636,dna,0,RF,hyperparameter
1327,0.9566831175955056,0.949775500917419,0.950729800261657,0.9521711278421126,0.949775500917419,dna,1,RF,hyperparameter
1328,0.9569999464070666,0.9504456737532694,0.9508123423960734,0.9517629482336416,0.9504456737532694,dna,2,RF,hyperparameter
1329,0.9585687219031164,0.9523887571710548,0.9524089636272488,0.9528012120574474,0.9523887571710548,dna,3,RF,hyperparameter
1330,0.957626116782154,0.9513273636892788,0.9519003123223276,0.9532653389982833,0.9513273636892788,dna,4,RF,hyperparameter
1331,0.956052612497872,0.9486617171959796,0.9499691021499392,0.9517050408307932,0.9486617171959796,dna,5,RF,hyperparameter
1332,0.8874907475943745,0.8544132952160124,0.801285191619224,0.8320521664012235,0.7761430425158384,phoneme,0,KNN,hyperparameter
1333,0.8830495928941525,0.8492201969542783,0.793594360835812,0.8233025504577296,0.7673253313996387,phoneme,1,KNN,hyperparameter
1334,0.8811991117690601,0.8491992053890619,0.7923823478172585,0.8147910161882371,0.771734982062438,phoneme,2,KNN,hyperparameter
1335,0.8861954108068097,0.8527481536988686,0.7991735939219593,0.8292557098531823,0.7717604254128184,phoneme,3,KNN,hyperparameter
1336,0.8837897853441894,0.851208836985937,0.79574425259536,0.8220336363359888,0.7723535735185608,phoneme,4,KNN,hyperparameter
1337,0.8865655070318282,0.851860242694978,0.7988936925654011,0.8333903474690103,0.7705073404065848,phoneme,5,KNN,hyperparameter
1338,0.8639896373056994,0.8327875982562787,0.7657396932398037,0.7745577255575166,0.7572481744396101,phoneme,0,SVC,hyperparameter
1339,0.8700962250185049,0.8378355376862203,0.7743885206959851,0.7901549929208347,0.7597463934050837,phoneme,1,SVC,hyperparameter
1340,0.8691709844559586,0.8360819733946754,0.7722821379324232,0.7901058295355363,0.7559807775487877,phoneme,2,SVC,hyperparameter
1341,0.8676905995558846,0.835402742901248,0.7706483834416906,0.7846018114317842,0.7572354527644201,phoneme,3,SVC,hyperparameter
1342,0.8700962250185048,0.837471925790099,0.7740678715651331,0.7906309048342873,0.7584980790270461,phoneme,4,SVC,hyperparameter
1343,0.866580310880829,0.8337053593897872,0.7682772817715909,0.7833444178718063,0.7541027402488361,phoneme,5,SVC,hyperparameter
1344,0.750740192450037,0.6678691787097876,0.5236039857487806,0.5959649161535565,0.4672257842912755,phoneme,0,LR,hyperparameter
1345,0.7512953367875648,0.6682553508279478,0.5241748979927392,0.5989323870156295,0.4672130626160852,phoneme,1,LR,hyperparameter
1346,0.7512953367875648,0.6684461789876135,0.5247789132538532,0.5975548034036631,0.4678507365849935,phoneme,2,LR,hyperparameter
1347,0.75,0.6659048642792299,0.5193376480057923,0.5949391899594831,0.4640739892629062,phoneme,3,LR,hyperparameter
1348,0.75,0.6660367624172101,0.5202254309780082,0.5955599801066592,0.462774788184108,phoneme,4,LR,hyperparameter
1349,0.7512953367875648,0.6688088833663272,0.5252924891732963,0.5975769461233073,0.4691038215912271,phoneme,5,LR,hyperparameter
1350,0.7603626943005182,0.7506092959964947,0.6404460285866538,0.572472888204768,0.7269976210467395,phoneme,0,NB,hyperparameter
1351,0.7590673575129534,0.7500540459125773,0.6396013120773913,0.57057142148136,0.7282395745871817,phoneme,1,NB,hyperparameter
1352,0.7598075499629904,0.7509461258476318,0.6406827226946488,0.5713130954349979,0.7294974302216115,phoneme,2,NB,hyperparameter
1353,0.7605477424130275,0.7516594166062195,0.6414876966794902,0.5722687153539738,0.7301351041905197,phoneme,3,NB,hyperparameter
1354,0.760177646188009,0.7506570579192926,0.6405359499124271,0.5722814743890635,0.7276178027122613,phoneme,4,NB,hyperparameter
1355,0.7596225018504811,0.750085028306475,0.6401068694480763,0.5724344458553534,0.7269833091621504,phoneme,5,NB,hyperparameter
1356,0.8686158401184308,0.841964838547741,0.7764353552209463,0.7754598221016131,0.7774342925476427,phoneme,0,DT,hyperparameter
1357,0.8656550703182827,0.8358099843435551,0.7693276832692482,0.7752427342345831,0.7780640154695571,phoneme,1,DT,hyperparameter
1358,0.8615840118430793,0.8338877073490105,0.763094011070146,0.7690227216664828,0.7780449329567718,phoneme,2,DT,hyperparameter
1359,0.8691709844559585,0.8395921817498017,0.7750778407779271,0.7830164662224316,0.7679725466249396,phoneme,3,DT,hyperparameter
1360,0.8636195410806811,0.8325254627539825,0.7651361188126788,0.7733362283038685,0.7572449940208127,phoneme,4,DT,hyperparameter
1361,0.8721317542561066,0.8470364260235945,0.7830878649145904,0.7801535775732245,0.7906791466300283,phoneme,5,DT,hyperparameter
1362,0.9117320503330866,0.8903475117509232,0.8478891889066852,0.8576935730737971,0.8385794341398874,phoneme,0,RF,hyperparameter
1363,0.906920799407846,0.8831772087643789,0.8388640851200789,0.8538206427102262,0.8265940259013307,phoneme,1,RF,hyperparameter
1364,0.9104367135455218,0.8885099994365163,0.8456875596003788,0.8566524517058008,0.8354260489021195,phoneme,2,RF,hyperparameter
1365,0.9095114729829756,0.8852826091710437,0.8429208413111076,0.8600269161263621,0.8266146986235148,phoneme,3,RF,hyperparameter
1366,0.9048852701702444,0.8819919580413489,0.8359107927466315,0.8466472163578936,0.826584484644938,phoneme,4,RF,hyperparameter
1367,0.9109918578830496,0.8881756673121858,0.8459635981038822,0.8595035961999595,0.8329246495178484,phoneme,5,RF,hyperparameter
1368,0.9775,0.9775,0.977586909243502,0.9782414959280632,0.9775,mfeat_pixel,0,KNN,hyperparameter
1369,0.9775,0.9775,0.9774781911336884,0.9781287977868752,0.9775,mfeat_pixel,1,KNN,hyperparameter
1370,0.979,0.979,0.9790055661487008,0.979588675447602,0.979,mfeat_pixel,2,KNN,hyperparameter
1371,0.978,0.978,0.9780642566074264,0.9786685015211344,0.978,mfeat_pixel,3,KNN,hyperparameter
1372,0.974,0.974,0.9740385320459858,0.9746200607218805,0.974,mfeat_pixel,4,KNN,hyperparameter
1373,0.978,0.978,0.9780600291062874,0.9786712291754308,0.978,mfeat_pixel,5,KNN,hyperparameter
1374,0.9825,0.9825,0.9824794197931954,0.9828793008858115,0.9825,mfeat_pixel,0,SVC,hyperparameter
1375,0.982,0.982,0.9819875542776366,0.9822086892449288,0.982,mfeat_pixel,1,SVC,hyperparameter
1376,0.983,0.983,0.9830496323521594,0.9835120423270098,0.983,mfeat_pixel,2,SVC,hyperparameter
1377,0.984,0.984,0.9840109614197308,0.984353289937165,0.984,mfeat_pixel,3,SVC,hyperparameter
1378,0.982,0.982,0.9819944823258432,0.982395991633228,0.982,mfeat_pixel,4,SVC,hyperparameter
1379,0.9825,0.9825,0.98252581584635,0.9828827247880284,0.9825,mfeat_pixel,5,SVC,hyperparameter
1380,0.9665,0.9665,0.966481574125805,0.9673537968777872,0.9665,mfeat_pixel,0,LR,hyperparameter
1381,0.9645,0.9645,0.96455809559366,0.965546732731533,0.9645,mfeat_pixel,1,LR,hyperparameter
1382,0.9685,0.9685,0.96857928739457,0.9695234194878094,0.9685,mfeat_pixel,2,LR,hyperparameter
1383,0.9665,0.9665,0.9664931743807692,0.9670426851645688,0.9665,mfeat_pixel,3,LR,hyperparameter
1384,0.968,0.968,0.9680880005677291,0.96904066638347,0.968,mfeat_pixel,4,LR,hyperparameter
1385,0.968,0.968,0.9680374507964842,0.9684739512358724,0.968,mfeat_pixel,5,LR,hyperparameter
1386,0.926,0.926,0.926115574378612,0.929159588527692,0.926,mfeat_pixel,0,NB,hyperparameter
1387,0.924,0.924,0.9244930580940032,0.9280684507223376,0.924,mfeat_pixel,1,NB,hyperparameter
1388,0.9205,0.9205,0.9207018053594536,0.923809769139678,0.9205,mfeat_pixel,2,NB,hyperparameter
1389,0.923,0.923,0.9232398525235092,0.925748601611398,0.923,mfeat_pixel,3,NB,hyperparameter
1390,0.9255,0.9255,0.925701928375529,0.929090045799339,0.9255,mfeat_pixel,4,NB,hyperparameter
1391,0.9255,0.9255,0.926078297138036,0.9292277459997028,0.9255,mfeat_pixel,5,NB,hyperparameter
1392,0.872,0.872,0.8721245792956365,0.8751927398803044,0.872,mfeat_pixel,0,DT,hyperparameter
1393,0.8675,0.8674999999999999,0.8676980276663727,0.8731360004153657,0.8674999999999999,mfeat_pixel,1,DT,hyperparameter
1394,0.866,0.866,0.865874643082791,0.8693311142195201,0.866,mfeat_pixel,2,DT,hyperparameter
1395,0.8634999999999999,0.8634999999999999,0.8634638235655709,0.8661570885283953,0.8634999999999999,mfeat_pixel,3,DT,hyperparameter
1396,0.87,0.8700000000000001,0.8699141295418861,0.873221839076292,0.8700000000000001,mfeat_pixel,4,DT,hyperparameter
1397,0.8765000000000001,0.8765000000000001,0.8763419048064333,0.8778424312589765,0.8765000000000001,mfeat_pixel,5,DT,hyperparameter
1398,0.9765,0.9765,0.9765105766236196,0.977064304178818,0.9765,mfeat_pixel,0,RF,hyperparameter
1399,0.977,0.977,0.9770035202358962,0.977530790996906,0.977,mfeat_pixel,1,RF,hyperparameter
1400,0.979,0.979,0.9790270979196114,0.9795407482629211,0.979,mfeat_pixel,2,RF,hyperparameter
1401,0.9775,0.9775,0.9775500407865414,0.9781671463464512,0.9775,mfeat_pixel,3,RF,hyperparameter
1402,0.9765,0.9765,0.9765026546263428,0.9771918530232608,0.9765,mfeat_pixel,4,RF,hyperparameter
1403,0.976,0.976,0.9760227607922192,0.97646901733704,0.976,mfeat_pixel,5,RF,hyperparameter
1404,0.8977358490566038,0.8950137489809172,0.8839570656009714,0.8998746037897241,0.8703703703703703,banana,0,KNN,hyperparameter
1405,0.900188679245283,0.8977100001381806,0.8868867679522139,0.902079838154824,0.8737373737373737,banana,1,KNN,hyperparameter
1406,0.9009433962264152,0.8982362383525174,0.8875463365771983,0.904507589907094,0.872053872053872,banana,2,KNN,hyperparameter
1407,0.900377358490566,0.8978809987701917,0.8871133703393628,0.9010729693877704,0.8737373737373737,banana,3,KNN,hyperparameter
1408,0.8984905660377359,0.8962893296853626,0.8854684797478556,0.8998222666047279,0.875,banana,4,KNN,hyperparameter
1409,0.900377358490566,0.8980387550838987,0.8873759218512602,0.9010025454817226,0.8754208754208754,banana,5,KNN,hyperparameter
1410,0.9043396226415096,0.8998549678269241,0.8892366014319264,0.9246804893439652,0.859006734006734,banana,0,SVC,hyperparameter
1411,0.9050943396226414,0.900854474982382,0.8901984941985172,0.923475310051155,0.8623737373737373,banana,1,SVC,hyperparameter
1412,0.9052830188679244,0.9009860345359662,0.8905238971214929,0.9240219816481358,0.861111111111111,banana,2,SVC,hyperparameter
1413,0.9062264150943397,0.901998784009728,0.8916561423766314,0.924558491992736,0.8615319865319865,banana,3,SVC,hyperparameter
1414,0.9049056603773584,0.900722915428798,0.8902353769222315,0.9230267606154208,0.8602693602693603,banana,4,SVC,hyperparameter
1415,0.9054716981132076,0.90099927685427,0.8905560772772304,0.9260334829543544,0.8594276094276094,banana,5,SVC,hyperparameter
1416,0.5679245283018868,0.524683969194913,0.1801638162211711,0.6336218200891687,0.1262626262626262,banana,0,LR,hyperparameter
1417,0.5626415094339623,0.5196199339496194,0.173333687492226,0.6403087742893567,0.1258417508417508,banana,1,LR,hyperparameter
1418,0.5679245283018868,0.5248417255086202,0.1826128172925462,0.6198160535117058,0.1237373737373737,banana,2,LR,hyperparameter
1419,0.5726415094339623,0.5297871556421487,0.1930248237372053,0.6344483545911559,0.1317340067340067,banana,3,LR,hyperparameter
1420,0.5658490566037735,0.5230790577917801,0.1830525444650091,0.6396404850507729,0.125,banana,4,LR,hyperparameter
1421,0.5652830188679245,0.5222505492683331,0.1771694359779532,0.6634653791972039,0.1233164983164983,banana,5,LR,hyperparameter
1422,0.6126415094339623,0.5844569152537689,0.4191934529882775,0.6403544522804121,0.3118686868686868,banana,0,NB,hyperparameter
1423,0.6113207547169811,0.5836543156139599,0.421648095852993,0.6332566230845491,0.316077441077441,banana,1,NB,hyperparameter
1424,0.6122641509433963,0.5842332352250272,0.419981602944488,0.6379751868485182,0.3131313131313131,banana,2,NB,hyperparameter
1425,0.6115094339622641,0.5838253142459708,0.4217500761627727,0.6347029770453523,0.316077441077441,banana,3,NB,hyperparameter
1426,0.6128301886792453,0.5850223046700475,0.4226098931525817,0.63792110737798,0.316077441077441,banana,4,NB,hyperparameter
1427,0.6133962264150943,0.5856536178013607,0.4237886653218224,0.6388233990886178,0.3173400673400673,banana,5,NB,hyperparameter
1428,0.8813207547169811,0.8774944497413717,0.8638139451421676,0.8888456110523153,0.8489057239057238,banana,0,DT,hyperparameter
1429,0.8901886792452831,0.8865962405634087,0.8741594332271263,0.8982047811788241,0.8522727272727273,banana,1,DT,hyperparameter
1430,0.8867924528301887,0.8830449962460907,0.8702283981325833,0.8951660486349726,0.853956228956229,banana,2,DT,hyperparameter
1431,0.8843396226415094,0.8804276232456807,0.8672104578857955,0.8936998016428567,0.8627946127946128,banana,3,DT,hyperparameter
1432,0.8892452830188678,0.8861356381876218,0.8736603662475665,0.8931776759314018,0.8619528619528619,banana,4,DT,hyperparameter
1433,0.8866037735849056,0.8842805621191394,0.8709909578605803,0.8894344822868543,0.8665824915824916,banana,5,DT,hyperparameter
1434,0.9015094339622642,0.8970927929546262,0.8860483576104156,0.9201851167986164,0.867003367003367,banana,0,RF,hyperparameter
1435,0.9,0.896158633761233,0.8848413576319993,0.92025466766141,0.8686868686868686,banana,1,RF,hyperparameter
1436,0.8988679245283019,0.8950537638123138,0.8836741394360776,0.9149769943216284,0.8699494949494949,banana,2,RF,hyperparameter
1437,0.9013207547169813,0.8976973335728465,0.8861277589345826,0.9176238274183778,0.8762626262626263,banana,3,RF,hyperparameter
1438,0.901509433962264,0.8972899883467599,0.8863197453155093,0.918581036684953,0.8703703703703703,banana,4,RF,hyperparameter
1439,0.900188679245283,0.8965662668638045,0.8854222881729289,0.9183272801318187,0.8754208754208754,banana,5,RF,hyperparameter
1440,0.951,0.9509999999999998,0.9509260453345112,0.9522910878134044,0.9509999999999998,mfeat_factors,0,KNN,hyperparameter
1441,0.9485,0.9485,0.9483425814181564,0.9493884319741516,0.9485,mfeat_factors,1,KNN,hyperparameter
1442,0.9495,0.9495,0.9494579857968988,0.950501654914611,0.9495,mfeat_factors,2,KNN,hyperparameter
1443,0.9455,0.9455,0.9454422602586148,0.946992924894694,0.9455,mfeat_factors,3,KNN,hyperparameter
1444,0.949,0.949,0.9489200958312332,0.9499491665998094,0.949,mfeat_factors,4,KNN,hyperparameter
1445,0.9465,0.9465,0.9463094553938008,0.9471061675752364,0.9465,mfeat_factors,5,KNN,hyperparameter
1446,0.9755,0.9755,0.9754766295739958,0.9759216536165156,0.9755,mfeat_factors,0,SVC,hyperparameter
1447,0.9745,0.9745,0.9745104697111796,0.9751735393722074,0.9745,mfeat_factors,1,SVC,hyperparameter
1448,0.974,0.974,0.9740382433777064,0.97467258307202,0.974,mfeat_factors,2,SVC,hyperparameter
1449,0.972,0.972,0.9719256002064364,0.9724970236438112,0.972,mfeat_factors,3,SVC,hyperparameter
1450,0.976,0.976,0.9759617738139046,0.9763766311391232,0.976,mfeat_factors,4,SVC,hyperparameter
1451,0.9735,0.9735,0.9735386878166232,0.974239658932962,0.9735,mfeat_factors,5,SVC,hyperparameter
1452,0.9765,0.9765,0.9764926689147312,0.9769283531002736,0.9765,mfeat_factors,0,LR,hyperparameter
1453,0.9755,0.9755,0.9754366421057664,0.976014484970734,0.9755,mfeat_factors,1,LR,hyperparameter
1454,0.9755,0.9755,0.9754917822989538,0.9759432880191264,0.9755,mfeat_factors,2,LR,hyperparameter
1455,0.9735,0.9735,0.9734909799441992,0.974273381963508,0.9735,mfeat_factors,3,LR,hyperparameter
1456,0.9775,0.9775,0.977464749920357,0.9779598920966548,0.9775,mfeat_factors,4,LR,hyperparameter
1457,0.9765,0.9765,0.9764910011937938,0.9770388666120186,0.9765,mfeat_factors,5,LR,hyperparameter
1458,0.9265,0.9265,0.926411545317873,0.928888015488824,0.9265,mfeat_factors,0,NB,hyperparameter
1459,0.9235,0.9235,0.92367246414213,0.926340012921026,0.9235,mfeat_factors,1,NB,hyperparameter
1460,0.9195,0.9195,0.9196068537969556,0.9223670732525912,0.9195,mfeat_factors,2,NB,hyperparameter
1461,0.9255,0.9255,0.925409566828213,0.9277637815116052,0.9255,mfeat_factors,3,NB,hyperparameter
1462,0.9275,0.9275,0.927524546669078,0.930360042767753,0.9275,mfeat_factors,4,NB,hyperparameter
1463,0.922,0.922,0.9220960539981934,0.9249052741464046,0.922,mfeat_factors,5,NB,hyperparameter
1464,0.8875000000000001,0.8875,0.8873056846654352,0.8897560498950013,0.8875,mfeat_factors,0,DT,hyperparameter
1465,0.885,0.885,0.884370086797646,0.8862697219344231,0.885,mfeat_factors,1,DT,hyperparameter
1466,0.8765,0.8765000000000001,0.8764076658894109,0.8810208592991965,0.8765000000000001,mfeat_factors,2,DT,hyperparameter
1467,0.8855000000000001,0.8855000000000002,0.8855975418803264,0.8892373474926009,0.8855000000000002,mfeat_factors,3,DT,hyperparameter
1468,0.887,0.887,0.8865443306970799,0.888432401958888,0.887,mfeat_factors,4,DT,hyperparameter
1469,0.883,0.883,0.8829371475302327,0.8858876280683428,0.883,mfeat_factors,5,DT,hyperparameter
1470,0.972,0.972,0.9720524292037204,0.9730639207303312,0.972,mfeat_factors,0,RF,hyperparameter
1471,0.9675,0.9675,0.9676111025128428,0.96881813253772,0.9675,mfeat_factors,1,RF,hyperparameter
1472,0.97,0.97,0.970098401273547,0.9709681677064544,0.97,mfeat_factors,2,RF,hyperparameter
1473,0.965,0.965,0.964896981436403,0.96563791920883,0.965,mfeat_factors,3,RF,hyperparameter
1474,0.9705,0.9705,0.970534399575018,0.9713220851160244,0.9705,mfeat_factors,4,RF,hyperparameter
1475,0.969,0.969,0.9690691688888294,0.9696968317789304,0.969,mfeat_factors,5,RF,hyperparameter
1476,0.837430967400748,0.8268972898756993,0.7899356223069267,0.8040259611839264,0.7788325018720037,spambase,0,KNN,hyperparameter
1477,0.8343842783213086,0.8237984313998954,0.7864321352591953,0.7995567405525154,0.7738522430006516,spambase,1,KNN,hyperparameter
1478,0.8335179239224871,0.8235719634046792,0.7861061129477515,0.7958507505127096,0.7766274275267186,spambase,2,KNN,hyperparameter
1479,0.838514335360556,0.8275916767963236,0.7910640010271754,0.8068147060471791,0.781570003209149,spambase,3,KNN,hyperparameter
1480,0.8422080988176632,0.832961244325233,0.7976554572562933,0.8113931134654818,0.7893084283922163,spambase,4,KNN,hyperparameter
1481,0.8332963774411666,0.8234226441827837,0.7853032936219896,0.7968890110903296,0.7799155896568155,spambase,5,KNN,hyperparameter
1482,0.9189311751595964,0.9137221519542164,0.8963382651681426,0.9232011528523156,0.8891372737793078,spambase,0,SVC,hyperparameter
1483,0.9130623654289276,0.9097505702165664,0.8903475938590508,0.9253473981734852,0.8941065923700051,spambase,1,SVC,hyperparameter
1484,0.9145822158425564,0.909452478525204,0.8907571996624628,0.906510411486364,0.8852607676673376,spambase,2,SVC,hyperparameter
1485,0.9102359007290448,0.9027806147281788,0.8838705189920701,0.9317374894963104,0.8681817739786639,spambase,3,SVC,hyperparameter
1486,0.9126256941034262,0.9068766912090316,0.8878129647148397,0.9180066597346008,0.879750512977604,spambase,4,SVC,hyperparameter
1487,0.9161037661013108,0.9111938884986688,0.8929647925284363,0.9191594666440942,0.8880262274994895,spambase,5,SVC,hyperparameter
1488,0.9282791901182336,0.9221105681095028,0.9074546749024436,0.9240166747013177,0.9343607472454803,spambase,0,LR,hyperparameter
1489,0.9250164318362104,0.918934437906483,0.9034919788880752,0.9173682423882608,0.9321593196604137,spambase,1,LR,hyperparameter
1490,0.9280591546103576,0.9226936808827322,0.9076988362003412,0.9186538250641249,0.9338100864525288,spambase,2,LR,hyperparameter
1491,0.926100933026102,0.9196324715873256,0.9044609786370372,0.9206449923673036,0.9321386546858436,spambase,3,LR,hyperparameter
1492,0.92849280398897,0.9218980453532656,0.9075323689360688,0.925282878417432,0.9293889974813044,spambase,4,LR,hyperparameter
1493,0.9258858081819212,0.9188814439055308,0.904040415564876,0.9230644944315328,0.9332594256595772,spambase,5,LR,hyperparameter
1494,0.835030597212254,0.8490528170798888,0.8153175741697131,0.8255322245700961,0.9680142661259736,spambase,0,NB,hyperparameter
1495,0.8517716163638425,0.8639008751206012,0.8310534863240802,0.8293723965731882,0.9685624957454464,spambase,1,NB,hyperparameter
1496,0.8498218940052129,0.8618858351768743,0.8291621351801626,0.8288223667985473,0.9702156937110404,spambase,2,NB,hyperparameter
1497,0.8504663241793524,0.8635945812707948,0.8306176260431999,0.8279787057128718,0.9729702132625376,spambase,3,NB,hyperparameter
1498,0.8491572545612511,0.8620495295403762,0.8288125906328008,0.8326035853875304,0.9696613861578708,spambase,4,NB,hyperparameter
1499,0.8450258754202395,0.8584470492927713,0.826595062280097,0.8262750703675503,0.967459958572804,spambase,5,NB,hyperparameter
1500,0.9176268273335096,0.9085496115026638,0.8919208244655236,0.9228291682384948,0.891345994884811,spambase,0,DT,hyperparameter
1501,0.920668605749254,0.9138111836547234,0.8975381106376034,0.9147859572976424,0.8902471044723868,spambase,1,DT,hyperparameter
1502,0.9174081139273976,0.9108227796336782,0.8935912985812915,0.9108995095064296,0.8973947545001021,spambase,2,DT,hyperparameter
1503,0.917843085407774,0.9108904496208744,0.8939345185559691,0.9150725767733144,0.8946487440557809,spambase,3,DT,hyperparameter
1504,0.9211045215880332,0.9133004802617524,0.8974474803928287,0.919733410534498,0.8913472104715504,spambase,4,DT,hyperparameter
1505,0.9156712499527822,0.9100672854990288,0.8920330876690581,0.912549085404312,0.9018231369917632,spambase,5,DT,hyperparameter
1506,0.9526202168246892,0.947789619976123,0.9389152266230024,0.9591680129406956,0.9249910046581282,spambase,0,RF,hyperparameter
1507,0.951316057870283,0.9459462646550754,0.937077856467621,0.9593996545286344,0.9205869339012556,spambase,1,RF,hyperparameter
1508,0.9534873267102332,0.9483077058349014,0.9399492653790712,0.96115925716084,0.9249776332039948,spambase,2,RF,hyperparameter
1509,0.9552260794016546,0.9506130251015557,0.94232770721832,0.9606040698207332,0.9288444146220496,spambase,3,RF,hyperparameter
1510,0.9545744721036528,0.9498836320732796,0.9415077512365206,0.9615511005728108,0.927744308622886,spambase,4,RF,hyperparameter
1511,0.9565304272277416,0.9524624583563004,0.9441951652802474,0.9582303358843538,0.9332606412463168,spambase,5,RF,hyperparameter
1512,0.5338283828382838,0.5338314743813175,0.5478723898292589,0.5325893742217345,0.5692967933077727,Hill_Valley_with_noise,0,KNN,hyperparameter
1513,0.5495049504950495,0.549472812826769,0.5557479564867894,0.547860117537629,0.569209654932032,Hill_Valley_with_noise,1,KNN,hyperparameter
1514,0.5412541254125411,0.5412763593586616,0.5601012456382458,0.5371537366767751,0.5857877309166957,Hill_Valley_with_noise,2,KNN,hyperparameter
1515,0.5247524752475248,0.5247364064133844,0.5337269047266912,0.52350943262127,0.5445059254095503,Hill_Valley_with_noise,3,KNN,hyperparameter
1516,0.5346534653465347,0.5346429505054026,0.5538117082408255,0.5327003229971188,0.5776076158940397,Hill_Valley_with_noise,4,KNN,hyperparameter
1517,0.5313531353135313,0.5313698152666434,0.5546274107411016,0.5271299626598893,0.5858748692924364,Hill_Valley_with_noise,5,KNN,hyperparameter
1518,0.9133663366336632,0.9135097159288952,0.9136907314101004,0.9575775940652772,0.9603847159288952,Hill_Valley_with_noise,0,SVC,hyperparameter
1519,0.9496699669966996,0.9496775880097597,0.948866743497616,0.962524754689414,0.9554505054025793,Hill_Valley_with_noise,1,SVC,hyperparameter
1520,0.905940594059406,0.906015815615197,0.9032377697795816,0.9290777260312596,0.9455494074590448,Hill_Valley_with_noise,2,SVC,hyperparameter
1521,0.9042904290429044,0.9040878790519344,0.9144741860200136,0.914229792077186,0.955385151620774,Hill_Valley_with_noise,3,SVC,hyperparameter
1522,0.9191419141914192,0.9189722028581389,0.9150424670520998,0.954691880970852,0.8941268734750785,Hill_Valley_with_noise,4,SVC,hyperparameter
1523,0.9108910891089108,0.9109227953990936,0.9059307572363732,0.95754526514019,0.9520956779365632,Hill_Valley_with_noise,5,SVC,hyperparameter
1524,0.9587458745874587,0.958761763680725,0.9587817057356254,0.964736683833748,0.9587290867898224,Hill_Valley_with_noise,0,LR,hyperparameter
1525,0.9595709570957096,0.95957323980481,0.959514825764049,0.9682090434353058,0.9587726559776926,Hill_Valley_with_noise,1,LR,hyperparameter
1526,0.9612211221122112,0.9612070843499478,0.9613380312847936,0.96938682914182,0.9653189264552108,Hill_Valley_with_noise,2,LR,hyperparameter
1527,0.9603960396039604,0.9603574851864762,0.9603491587691948,0.9700049244346904,0.96198588358313,Hill_Valley_with_noise,3,LR,hyperparameter
1528,0.957920792079208,0.9579285029627048,0.9576110349466596,0.9691674828803284,0.9554505054025793,Hill_Valley_with_noise,4,LR,hyperparameter
1529,0.952970297029703,0.9529616155454864,0.9526651263431988,0.966334537316517,0.9603956082258628,Hill_Valley_with_noise,5,LR,hyperparameter
1530,0.4900990099009901,0.4907742244684558,0.3262559212166542,0.5077058531372756,0.324034942488672,Hill_Valley_with_noise,0,NB,hyperparameter
1531,0.5024752475247525,0.5025923666782851,0.2914691809521881,0.5035347406718462,0.2080210874869292,Hill_Valley_with_noise,1,NB,hyperparameter
1532,0.4958745874587459,0.4952291739281979,0.3438590239618199,0.501018246985989,0.3492615022655978,Hill_Valley_with_noise,2,NB,hyperparameter
1533,0.5033003300330032,0.5039375653537819,0.348718497626134,0.5253419547931744,0.3471266120599512,Hill_Valley_with_noise,3,NB,hyperparameter
1534,0.5181518151815182,0.5179995207389334,0.2816794731395013,0.5611721008062471,0.1929243638898571,Hill_Valley_with_noise,4,NB,hyperparameter
1535,0.4909240924092409,0.4922337922621122,0.4250731862676451,0.5078711201079622,0.5194100731962356,Hill_Valley_with_noise,5,NB,hyperparameter
1536,0.5503300330033003,0.550360535029627,0.5505371883476619,0.5665799635880658,0.5511829034506797,Hill_Valley_with_noise,0,DT,hyperparameter
1537,0.5354785478547854,0.5357430724991287,0.4277834633871786,0.5602406243784577,0.554374346462182,Hill_Valley_with_noise,1,DT,hyperparameter
1538,0.533003300330033,0.5329873213663296,0.5366686149181938,0.5347643097643098,0.541183774834437,Hill_Valley_with_noise,2,DT,hyperparameter
1539,0.5255775577557755,0.5255642209829209,0.5252422408882677,0.5327392284507404,0.5247146218194494,Hill_Valley_with_noise,3,DT,hyperparameter
1540,0.528052805280528,0.5280748954339491,0.5386814805699128,0.5284864951743125,0.5511937957476473,Hill_Valley_with_noise,4,DT,hyperparameter
1541,0.5313531353135313,0.531484184384803,0.4510731311723811,0.5471705861705862,0.5642536598117811,Hill_Valley_with_noise,5,DT,hyperparameter
1542,0.566006600660066,0.5659800888811433,0.5804594575162325,0.5619455643761804,0.6055136807249913,Hill_Valley_with_noise,0,RF,hyperparameter
1543,0.5833333333333334,0.5832062565353782,0.5838891484949467,0.5838556731798645,0.5857114848379226,Hill_Valley_with_noise,1,RF,hyperparameter
1544,0.5775577557755776,0.5776457389334263,0.5897348520557222,0.574077468624169,0.6073109097246427,Hill_Valley_with_noise,2,RF,hyperparameter
1545,0.5577557755775577,0.5577182816312304,0.5569886015083203,0.5568466193466193,0.5576964970372952,Hill_Valley_with_noise,3,RF,hyperparameter
1546,0.5726072607260726,0.5726298361798536,0.5876252937980891,0.5677831723829898,0.6106003834088534,Hill_Valley_with_noise,4,RF,hyperparameter
1547,0.5486798679867987,0.5485905367723946,0.5506299014860951,0.5486430649582015,0.55605176019519,Hill_Valley_with_noise,5,RF,hyperparameter
1548,0.5981848184818482,0.5981699346405229,0.6015620195153002,0.6046995994154449,0.5996732026143792,Hill_Valley_without_noise,0,KNN,hyperparameter
1549,0.5899339933993399,0.5899836601307189,0.5891581381793545,0.5950889473916948,0.5849673202614379,Hill_Valley_without_noise,1,KNN,hyperparameter
1550,0.5726072607260726,0.5723692810457517,0.5849345065895211,0.5749487826961859,0.5964052287581699,Hill_Valley_without_noise,2,KNN,hyperparameter
1551,0.5668316831683169,0.5667156862745097,0.5730270896113296,0.5694616557192713,0.5866013071895424,Hill_Valley_without_noise,3,KNN,hyperparameter
1552,0.5775577557755776,0.5775490196078432,0.5795126203310423,0.5817319816663424,0.5980392156862745,Hill_Valley_without_noise,4,KNN,hyperparameter
1553,0.5742574257425743,0.5741830065359477,0.5788553396069474,0.5770700989567055,0.5882352941176471,Hill_Valley_without_noise,5,KNN,hyperparameter
1554,1.0,1.0,1.0,1.0,1.0,Hill_Valley_without_noise,0,SVC,hyperparameter
1555,0.9991749174917492,0.9991666666666666,0.999185667752443,0.9983766233766234,1.0,Hill_Valley_without_noise,1,SVC,hyperparameter
1556,1.0,1.0,1.0,1.0,1.0,Hill_Valley_without_noise,2,SVC,hyperparameter
1557,0.9991749174917492,0.9991830065359476,0.999185667752443,1.0,1.0,Hill_Valley_without_noise,3,SVC,hyperparameter
1558,1.0,1.0,1.0,1.0,1.0,Hill_Valley_without_noise,4,SVC,hyperparameter
1559,1.0,1.0,1.0,1.0,1.0,Hill_Valley_without_noise,5,SVC,hyperparameter
1560,0.9991749174917492,0.9991830065359476,0.9991803278688524,1.0,0.9983660130718954,Hill_Valley_without_noise,0,LR,hyperparameter
1561,1.0,1.0,1.0,1.0,1.0,Hill_Valley_without_noise,1,LR,hyperparameter
1562,1.0,1.0,1.0,1.0,1.0,Hill_Valley_without_noise,2,LR,hyperparameter
1563,0.9991749174917492,0.9991830065359476,0.9991803278688524,1.0,0.9983660130718954,Hill_Valley_without_noise,3,LR,hyperparameter
1564,1.0,1.0,1.0,1.0,1.0,Hill_Valley_without_noise,4,LR,hyperparameter
1565,1.0,1.0,1.0,1.0,1.0,Hill_Valley_without_noise,5,LR,hyperparameter
1566,0.5181518151815181,0.5145261437908497,0.6486021551214913,0.5134301026295571,0.880718954248366,Hill_Valley_without_noise,0,NB,hyperparameter
1567,0.4884488448844885,0.4867320261437908,0.5061477182828698,0.4622102424225994,0.6601307189542484,Hill_Valley_without_noise,1,NB,hyperparameter
1568,0.4966996699669966,0.4949183006535947,0.513316793255785,0.4710101334783393,0.6748366013071896,Hill_Valley_without_noise,2,NB,hyperparameter
1569,0.5156765676567656,0.5120424836601307,0.6470359886167303,0.511984744182445,0.8790849673202614,Hill_Valley_without_noise,3,NB,hyperparameter
1570,0.5008250825082509,0.4991339869281045,0.5097129880913963,0.4742868843059682,0.6699346405228759,Hill_Valley_without_noise,4,NB,hyperparameter
1571,0.5016501650165016,0.4998529411764706,0.5188090751040391,0.4832234509457802,0.6813725490196079,Hill_Valley_without_noise,5,NB,hyperparameter
1572,0.603960396039604,0.6036764705882353,0.617311367735336,0.6032874186805702,0.8676470588235294,Hill_Valley_without_noise,0,DT,hyperparameter
1573,0.6023102310231023,0.6023039215686274,0.6029660671497299,0.6045984884844484,0.908496732026144,Hill_Valley_without_noise,1,DT,hyperparameter
1574,0.5841584158415841,0.5837745098039215,0.6018847768114531,0.5825773453007382,0.8186274509803921,Hill_Valley_without_noise,2,DT,hyperparameter
1575,0.5891089108910892,0.588970588235294,0.5966242217740118,0.5918200525172953,0.9150326797385622,Hill_Valley_without_noise,3,DT,hyperparameter
1576,0.584983498349835,0.5845751633986929,0.602728247910268,0.5822640179179397,0.7712418300653595,Hill_Valley_without_noise,4,DT,hyperparameter
1577,0.5775577557755776,0.5773856209150325,0.5864865630858245,0.579661689544218,0.8709150326797386,Hill_Valley_without_noise,5,DT,hyperparameter
1578,0.608910891089109,0.6088235294117648,0.6146253602068104,0.6119920882733869,0.6486928104575164,Hill_Valley_without_noise,0,RF,hyperparameter
1579,0.6204620462046204,0.620326797385621,0.6270517683385508,0.6213081988596915,0.6666666666666665,Hill_Valley_without_noise,1,RF,hyperparameter
1580,0.5998349834983498,0.5995751633986929,0.6123468646902352,0.5996324430286695,0.6388888888888888,Hill_Valley_without_noise,2,RF,hyperparameter
1581,0.6014851485148515,0.6012254901960784,0.6139086216457721,0.6010485668386449,0.6666666666666667,Hill_Valley_without_noise,3,RF,hyperparameter
1582,0.608085808580858,0.6077450980392156,0.622936207293306,0.6054906010431617,0.6601307189542484,Hill_Valley_without_noise,4,RF,hyperparameter
1583,0.6047854785478548,0.6044607843137255,0.6194501835637194,0.603011182691149,0.6683006535947712,Hill_Valley_without_noise,5,RF,hyperparameter
1584,0.8348,0.8351740563126756,0.8345926964924665,0.8354197887469442,0.8351740563126756,waveform_40,0,KNN,hyperparameter
1585,0.8322,0.8325830055023833,0.8319435585520807,0.8332865537258138,0.8325830055023833,waveform_40,1,KNN,hyperparameter
1586,0.8348,0.8351710283302187,0.8346249021661832,0.8351863858724565,0.8351710283302187,waveform_40,2,KNN,hyperparameter
1587,0.833,0.8333795930242253,0.8327773096124961,0.8336938859819527,0.8333795930242253,waveform_40,3,KNN,hyperparameter
1588,0.829,0.8293423383872435,0.8287919855773201,0.8293841105985875,0.8293423383872435,waveform_40,4,KNN,hyperparameter
1589,0.841,0.8413795537848909,0.8408035841633259,0.8414464127105284,0.8413795537848909,waveform_40,5,KNN,hyperparameter
1590,0.87,0.8703625515389576,0.8697923161857817,0.8708629459601457,0.8703625515389576,waveform_40,0,SVC,hyperparameter
1591,0.8674000000000001,0.8681184328556505,0.8665143229515362,0.8717127171070406,0.8681184328556505,waveform_40,1,SVC,hyperparameter
1592,0.87,0.8703224411412059,0.869858267950343,0.871656429319819,0.8703224411412059,waveform_40,2,SVC,hyperparameter
1593,0.8702000000000001,0.8704919044607656,0.8701492607612134,0.870879755811847,0.8704919044607656,waveform_40,3,SVC,hyperparameter
1594,0.8684000000000001,0.8690881753468969,0.867894533824278,0.8724295794530823,0.8690881753468969,waveform_40,4,SVC,hyperparameter
1595,0.8674000000000001,0.8677635263502085,0.8671911842097858,0.8687994571848184,0.8677635263502085,waveform_40,5,SVC,hyperparameter
1596,0.8684,0.8686507148402913,0.8683458894742283,0.8689029456433135,0.8686507148402913,waveform_40,0,LR,hyperparameter
1597,0.8694000000000001,0.8696626209502705,0.869286754745376,0.8697249811879463,0.8696626209502705,waveform_40,1,LR,hyperparameter
1598,0.8697999999999999,0.8700378315298588,0.8697754671642663,0.8701602169906824,0.8700378315298588,waveform_40,2,LR,hyperparameter
1599,0.8688,0.869060498342864,0.8687682852248271,0.8692635484476072,0.869060498342864,waveform_40,3,LR,hyperparameter
1600,0.869,0.8692528374476978,0.8689382665203458,0.869287564630253,0.8692528374476978,waveform_40,4,LR,hyperparameter
1601,0.87,0.8702516879757821,0.8699395610676772,0.8701762106792965,0.8702516879757821,waveform_40,5,LR,hyperparameter
1602,0.8006,0.8026725222040293,0.7894009929688253,0.8345927922570331,0.8026725222040293,waveform_40,0,NB,hyperparameter
1603,0.8002,0.8023056696856066,0.788521991267217,0.8337535964913941,0.8023056696856066,waveform_40,1,NB,hyperparameter
1604,0.7996000000000001,0.8016898278289175,0.7881621332199201,0.8331974118860256,0.8016898278289175,waveform_40,2,NB,hyperparameter
1605,0.7994,0.8014939007722682,0.7880205115547138,0.8330926387297832,0.8014939007722682,waveform_40,3,NB,hyperparameter
1606,0.8006,0.8026830371842053,0.7893506361963396,0.8336525331799485,0.8026830371842053,waveform_40,4,NB,hyperparameter
1607,0.7988000000000001,0.8009020131603585,0.7870652095870311,0.8331100584182757,0.8009020131603585,waveform_40,5,NB,hyperparameter
1608,0.7646,0.764939266967756,0.7645539550085774,0.7646578069424916,0.764939266967756,waveform_40,0,DT,hyperparameter
1609,0.7676000000000001,0.7678386742381161,0.7675811515338928,0.767842699817404,0.7678386742381161,waveform_40,1,DT,hyperparameter
1610,0.7632,0.7633691439959961,0.7633564468561025,0.7640012101679089,0.7633691439959961,waveform_40,2,DT,hyperparameter
1611,0.759,0.7594162891851003,0.7589015083353298,0.7612532951178916,0.7594162891851003,waveform_40,3,DT,hyperparameter
1612,0.7626,0.7629338715178098,0.7624015490636642,0.7627518821107963,0.7629338715178098,waveform_40,4,DT,hyperparameter
1613,0.7585999999999999,0.7591866187897013,0.7578413438765483,0.759665661474386,0.7591866187897013,waveform_40,5,DT,hyperparameter
1614,0.8572000000000001,0.8577035731271452,0.8567036832921208,0.858852010191723,0.8577035731271452,waveform_40,0,RF,hyperparameter
1615,0.8556,0.8561481752755526,0.8550405676271938,0.8577076584267406,0.8561481752755526,waveform_40,1,RF,hyperparameter
1616,0.8608,0.8613187871544854,0.8603337191440722,0.8625272590212332,0.8613187871544854,waveform_40,2,RF,hyperparameter
1617,0.856,0.8566359189565887,0.8552925357298965,0.8586087733425102,0.8566359189565887,waveform_40,3,RF,hyperparameter
1618,0.8576,0.858129232798011,0.8571394299028008,0.8593015497844761,0.858129232798011,waveform_40,4,RF,hyperparameter
1619,0.8568,0.857314539600245,0.8563123965251705,0.858021752930716,0.857314539600245,waveform_40,5,RF,hyperparameter
1620,0.8438,0.8434589966399665,0.842471279383627,0.8453766717284128,0.8434589966399665,waveform_21,0,KNN,hyperparameter
1621,0.8402,0.8398320182737523,0.8389727479496967,0.8413274696381295,0.8398320182737523,waveform_21,1,KNN,hyperparameter
1622,0.841,0.8406531734473668,0.8397531036847639,0.84232818756775,0.8406531734473668,waveform_21,2,KNN,hyperparameter
1623,0.843,0.8426269333264913,0.8418586795679118,0.8437816100135488,0.8426269333264913,waveform_21,3,KNN,hyperparameter
1624,0.8418,0.8414267797182186,0.8406034917744527,0.8428902044706731,0.8414267797182186,waveform_21,4,KNN,hyperparameter
1625,0.8366,0.8363347549699164,0.8353981608805117,0.8373982819759509,0.8363347549699164,waveform_21,5,KNN,hyperparameter
1626,0.8714000000000001,0.871133652156891,0.870858316553724,0.8721973744844902,0.871133652156891,waveform_21,0,SVC,hyperparameter
1627,0.8682,0.8679217308728275,0.8676927921980256,0.8701015375323748,0.8679217308728275,waveform_21,1,SVC,hyperparameter
1628,0.8699999999999999,0.8695901947945753,0.8690758242562704,0.8728594211211836,0.8695901947945753,waveform_21,2,SVC,hyperparameter
1629,0.8717999999999999,0.8716001815143231,0.8714442185741471,0.8739976252721031,0.8716001815143231,waveform_21,3,SVC,hyperparameter
1630,0.8698,0.86958053018866,0.8693979121438913,0.8699713364946139,0.86958053018866,waveform_21,4,SVC,hyperparameter
1631,0.8704000000000001,0.8702031332371787,0.8699334854264938,0.8707649143429254,0.8702031332371787,waveform_21,5,SVC,hyperparameter
1632,0.8714,0.8712216566642033,0.8710540981484602,0.871557188704775,0.8712216566642033,waveform_21,0,LR,hyperparameter
1633,0.8704000000000001,0.8702049165467727,0.8701227833273865,0.8703270247469245,0.8702049165467727,waveform_21,1,LR,hyperparameter
1634,0.8725999999999999,0.8723908725011709,0.8722270491948265,0.8727195224814371,0.8723908725011709,waveform_21,2,LR,hyperparameter
1635,0.8716,0.8713905983163713,0.8712835188736148,0.8716093558074693,0.8713905983163713,waveform_21,3,LR,hyperparameter
1636,0.8704000000000001,0.8702028851522096,0.8700558313509128,0.8704607985307262,0.8702028851522096,waveform_21,4,LR,hyperparameter
1637,0.8716,0.871395859069954,0.8712440888373314,0.8715243347263455,0.871395859069954,waveform_21,5,LR,hyperparameter
1638,0.808,0.8071881837882393,0.7954861976224711,0.8396159654210358,0.8071881837882393,waveform_21,0,NB,hyperparameter
1639,0.8091999999999999,0.808383487077361,0.7970006243802389,0.8406138189764029,0.808383487077361,waveform_21,1,NB,hyperparameter
1640,0.8095999999999999,0.8087742464961891,0.7969709736277074,0.8414997356860683,0.8087742464961891,waveform_21,2,NB,hyperparameter
1641,0.8082,0.8073803167250961,0.7955278994302426,0.8396871438208504,0.8073803167250961,waveform_21,3,NB,hyperparameter
1642,0.8088,0.8079841885917125,0.7963381238099825,0.8403507745943763,0.8079841885917125,waveform_21,4,NB,hyperparameter
1643,0.8096000000000001,0.8087875043980058,0.7972769829112692,0.8406100569016705,0.8087875043980058,waveform_21,5,NB,hyperparameter
1644,0.7661999999999999,0.7659573781041742,0.7652946834549819,0.7666937597106728,0.7659573781041742,waveform_21,0,DT,hyperparameter
1645,0.7682,0.7679665561792237,0.767869119121526,0.7682671314918914,0.7679665561792237,waveform_21,1,DT,hyperparameter
1646,0.7608,0.7606314153571034,0.7603581761305425,0.7608405769368726,0.7606314153571034,waveform_21,2,DT,hyperparameter
1647,0.772,0.7717587913518763,0.7709478066117713,0.7727825006018246,0.7717587913518763,waveform_21,3,DT,hyperparameter
1648,0.7702,0.7699061010489221,0.7695948808479272,0.7702797857947833,0.7699061010489221,waveform_21,4,DT,hyperparameter
1649,0.766,0.765762186860354,0.7657465981982385,0.7663414190186753,0.765762186860354,waveform_21,5,DT,hyperparameter
1650,0.8548,0.8544338438565372,0.8536588197681548,0.856536514239794,0.8544338438565372,waveform_21,0,RF,hyperparameter
1651,0.8552,0.8548453689784411,0.8543202046930757,0.8555895585911096,0.8548453689784411,waveform_21,1,RF,hyperparameter
1652,0.856,0.8556845222514463,0.8551616568408392,0.8569633654288339,0.8556845222514463,waveform_21,2,RF,hyperparameter
1653,0.8568,0.8564725691519384,0.8559417779847339,0.8572753900373835,0.8564725691519384,waveform_21,3,RF,hyperparameter
1654,0.8534,0.8530598808417625,0.8523409797266918,0.8547361606660828,0.8530598808417625,waveform_21,4,RF,hyperparameter
1655,0.8566,0.8562827579729253,0.8556354523803771,0.8574864918461286,0.8562827579729253,waveform_21,5,RF,hyperparameter
1656,0.7611111111111111,0.7611111111111111,0.7583791562468032,0.8145670995670996,0.7611111111111111,movement_libras,0,KNN,hyperparameter
1657,0.7833333333333332,0.7833333333333334,0.7823245055597997,0.8201857864357865,0.7833333333333334,movement_libras,1,KNN,hyperparameter
1658,0.7805555555555556,0.7805555555555556,0.7722271138447607,0.8181553631553633,0.7805555555555556,movement_libras,2,KNN,hyperparameter
1659,0.7805555555555556,0.7805555555555556,0.7749619362119362,0.8216366041366041,0.7805555555555556,movement_libras,3,KNN,hyperparameter
1660,0.7722222222222221,0.7722222222222223,0.7635126202773261,0.8125559163059164,0.7722222222222223,movement_libras,4,KNN,hyperparameter
1661,0.7388888888888889,0.7388888888888889,0.7225698351356247,0.7713786676286677,0.7388888888888889,movement_libras,5,KNN,hyperparameter
1662,0.8527777777777777,0.852777777777778,0.8490765715765716,0.8817658730158731,0.852777777777778,movement_libras,0,SVC,hyperparameter
1663,0.8777777777777778,0.8777777777777779,0.8743550893550893,0.8960846560846562,0.8777777777777779,movement_libras,1,SVC,hyperparameter
1664,0.875,0.8750000000000001,0.8721000187176657,0.8905723905723906,0.8750000000000001,movement_libras,2,SVC,hyperparameter
1665,0.861111111111111,0.8611111111111112,0.8574753024753023,0.8821164021164021,0.8611111111111112,movement_libras,3,SVC,hyperparameter
1666,0.875,0.8750000000000001,0.8692949642949642,0.8881547619047618,0.8750000000000001,movement_libras,4,SVC,hyperparameter
1667,0.8583333333333333,0.8583333333333334,0.8547080697080697,0.8686507936507937,0.8583333333333334,movement_libras,5,SVC,hyperparameter
1668,0.75,0.7499999999999999,0.749733577968872,0.7838961038961039,0.7499999999999999,movement_libras,0,LR,hyperparameter
1669,0.7805555555555556,0.7805555555555557,0.7780025530025529,0.8099801587301588,0.7805555555555557,movement_libras,1,LR,hyperparameter
1670,0.75,0.75,0.7417042217042218,0.7733597883597885,0.75,movement_libras,2,LR,hyperparameter
1671,0.7611111111111112,0.7611111111111112,0.7524869112369114,0.7970701058201057,0.7611111111111112,movement_libras,3,LR,hyperparameter
1672,0.7722222222222223,0.7722222222222224,0.7717718186526236,0.8131517556517557,0.7722222222222224,movement_libras,4,LR,hyperparameter
1673,0.7527777777777777,0.7527777777777777,0.745150228311993,0.7762457912457912,0.7527777777777777,movement_libras,5,LR,hyperparameter
1674,0.5916666666666667,0.5916666666666667,0.5895459876380928,0.6475356125356126,0.5916666666666667,movement_libras,0,NB,hyperparameter
1675,0.6027777777777779,0.6027777777777776,0.599694483076836,0.6380820105820105,0.6027777777777776,movement_libras,1,NB,hyperparameter
1676,0.6305555555555555,0.6305555555555555,0.632178513207925,0.6766329966329966,0.6305555555555555,movement_libras,2,NB,hyperparameter
1677,0.6333333333333333,0.6333333333333333,0.6338656006303065,0.6729130591630591,0.6333333333333333,movement_libras,3,NB,hyperparameter
1678,0.6194444444444445,0.6194444444444444,0.61808531065884,0.6584042809042809,0.6194444444444444,movement_libras,4,NB,hyperparameter
1679,0.6,0.6,0.5964662461721286,0.652759139009139,0.6,movement_libras,5,NB,hyperparameter
1680,0.6222222222222222,0.6222222222222222,0.6182117746088334,0.668462000962001,0.6222222222222222,movement_libras,0,DT,hyperparameter
1681,0.6916666666666667,0.6916666666666665,0.6838462000962001,0.7144312169312168,0.6916666666666665,movement_libras,1,DT,hyperparameter
1682,0.6611111111111111,0.6611111111111111,0.6540174422527363,0.7046699134199135,0.6611111111111111,movement_libras,2,DT,hyperparameter
1683,0.6472222222222221,0.6472222222222221,0.6421890364537423,0.6664249639249639,0.6472222222222221,movement_libras,3,DT,hyperparameter
1684,0.6611111111111112,0.6611111111111111,0.6646706071706071,0.7024338624338625,0.6611111111111111,movement_libras,4,DT,hyperparameter
1685,0.6361111111111111,0.6361111111111111,0.6347779072779073,0.6729431216931219,0.6361111111111111,movement_libras,5,DT,hyperparameter
1686,0.7916666666666666,0.7916666666666667,0.785832304949952,0.8200234487734488,0.7916666666666667,movement_libras,0,RF,hyperparameter
1687,0.8194444444444445,0.8194444444444445,0.8147949735449735,0.8444708994708995,0.8194444444444445,movement_libras,1,RF,hyperparameter
1688,0.8305555555555556,0.8305555555555556,0.8281980056980056,0.847857142857143,0.8305555555555556,movement_libras,2,RF,hyperparameter
1689,0.8055555555555556,0.8055555555555558,0.8025100825100824,0.8286008898508899,0.8055555555555558,movement_libras,3,RF,hyperparameter
1690,0.8111111111111111,0.8111111111111111,0.8048066748066748,0.8334920634920635,0.8111111111111111,movement_libras,4,RF,hyperparameter
1691,0.775,0.775,0.7689509455685926,0.7962205387205388,0.775,movement_libras,5,RF,hyperparameter
1692,0.9122003793957496,0.8968883072030965,0.8975924972091277,0.8991446202303118,0.8968883072030965,satimage,0,KNN,hyperparameter
1693,0.91017962162463,0.8930625344984293,0.8948867726853403,0.8972392276904997,0.8930625344984293,satimage,1,KNN,hyperparameter
1694,0.9090908300325594,0.8933987937554675,0.8948126521393414,0.8968023013502595,0.8933987937554675,satimage,2,KNN,hyperparameter
1695,0.9086248952564708,0.890501729217327,0.8930539149898898,0.896337885624528,0.890501729217327,satimage,3,KNN,hyperparameter
1696,0.909400036022498,0.8918859913482066,0.89376910934356,0.8964094321843658,0.8918859913482066,satimage,4,KNN,hyperparameter
1697,0.9117330918434552,0.8963286030108051,0.897686074469576,0.8998172768703132,0.8963286030108051,satimage,5,KNN,hyperparameter
1698,0.9140647948882066,0.8930023482143035,0.8962361217471151,0.9022242493642672,0.8930023482143035,satimage,0,SVC,hyperparameter
1699,0.9137530765995998,0.892836920956528,0.8957028691541699,0.9019064376198592,0.892836920956528,satimage,1,SVC,hyperparameter
1700,0.9148407086692084,0.8939354065218242,0.8966573392645985,0.9011374844764212,0.8939354065218242,satimage,2,SVC,hyperparameter
1701,0.9126660242912226,0.8923385448089712,0.8956163569187562,0.9017189279563425,0.8923385448089712,satimage,3,SVC,hyperparameter
1702,0.9140630556045132,0.8929668759640527,0.8960517946194018,0.9016167716172446,0.8929668759640527,satimage,4,SVC,hyperparameter
1703,0.9125099718931756,0.8923141956843158,0.8945453435798421,0.8984985823450863,0.8923141956843158,satimage,5,SVC,hyperparameter
1704,0.8564107291386449,0.8086514176246492,0.8117540842991706,0.8235930655223178,0.8086514176246492,satimage,0,LR,hyperparameter
1705,0.8571874159346216,0.8119382314848951,0.8159453158938474,0.8260620151495104,0.8119382314848951,satimage,1,LR,hyperparameter
1706,0.8551663682828864,0.8069350446712029,0.8099507346874988,0.8217329535655125,0.8069350446712029,satimage,2,LR,hyperparameter
1707,0.859051444919591,0.8130354059144672,0.8175431193429763,0.8290789372939783,0.8130354059144672,satimage,3,LR,hyperparameter
1708,0.8574981679545097,0.8093710531092037,0.8128479118091768,0.8250763201799262,0.8093710531092037,satimage,4,LR,hyperparameter
1709,0.857654123725685,0.811640850239444,0.8148848589670019,0.8266769924745028,0.811640850239444,satimage,5,LR,hyperparameter
1710,0.7965818823842256,0.786364072307031,0.7787712744860871,0.7812546194828452,0.786364072307031,satimage,0,NB,hyperparameter
1711,0.7954927042846673,0.7853514235159819,0.7777239704841501,0.780812477688616,0.7853514235159819,satimage,1,NB,hyperparameter
1712,0.7961139184438282,0.786221572480379,0.7782924314879953,0.7810571358093368,0.786221572480379,satimage,2,NB,hyperparameter
1713,0.7959609581056805,0.7861617632051581,0.7783552057859099,0.7817021465472006,0.7861617632051581,satimage,3,NB,hyperparameter
1714,0.7967361954985792,0.7862010650328206,0.7786882184755453,0.7817896124068406,0.7862010650328206,satimage,4,NB,hyperparameter
1715,0.7965816891304818,0.7863451456557059,0.7786874981328126,0.7817977508886008,0.7863451456557059,satimage,5,NB,hyperparameter
1716,0.8615384273474145,0.8297009691884744,0.8323581065934916,0.8393292295974303,0.8297009691884744,satimage,0,DT,hyperparameter
1717,0.8585873460540677,0.8301211964105609,0.8331314328957767,0.8377923153756008,0.8301211964105609,satimage,1,DT,hyperparameter
1718,0.8560969816857293,0.8271203666459015,0.8307716896260888,0.836267060276571,0.8271203666459015,satimage,2,DT,hyperparameter
1719,0.8599863099047954,0.8355527067873116,0.8364674836942663,0.8380340012954257,0.8355527067873116,satimage,3,DT,hyperparameter
1720,0.8584307138947895,0.8283752643615241,0.8304758966709663,0.8378780861739631,0.8283752643615241,satimage,4,DT,hyperparameter
1721,0.8672884992378073,0.835295947994153,0.8382948726842123,0.8440149018966501,0.835295947994153,satimage,5,DT,hyperparameter
1722,0.9165514874354148,0.8904150824509294,0.8974308991700164,0.9092562138459468,0.8904150824509294,satimage,0,RF,hyperparameter
1723,0.917327691097032,0.8918831200682567,0.8988888546638845,0.9109410915955264,0.8918831200682567,satimage,1,RF,hyperparameter
1724,0.91779256297753,0.8925452312981335,0.899376892242433,0.9104868502891952,0.8925452312981335,satimage,2,RF,hyperparameter
1725,0.9160831369875296,0.8900014756092741,0.8966602723655023,0.908536550046314,0.8900014756092741,satimage,3,RF,hyperparameter
1726,0.9162387062512174,0.8904873059833008,0.8970225852793926,0.9089270980992404,0.8904873059833008,satimage,4,RF,hyperparameter
1727,0.9176386363706638,0.8918535519354435,0.898309656476735,0.9096520245895754,0.8918535519354435,satimage,5,RF,hyperparameter
1728,0.9540050062578224,0.9533122245771312,0.95657373863398,0.944714739231484,0.9688521909744932,chess,0,KNN,hyperparameter
1729,0.9549436795994994,0.9542423970413424,0.9573606132205386,0.9473258091721296,0.9706464493476988,chess,1,KNN,hyperparameter
1730,0.9558823529411764,0.95522235471679,0.9583374979042804,0.9470413213001154,0.9718383188186293,chess,2,KNN,hyperparameter
1731,0.9577596996245308,0.9571844129718048,0.9599877942419452,0.950213924189121,0.9712373641756452,chess,3,KNN,hyperparameter
1732,0.9533792240300376,0.9528823550366186,0.9558124749046804,0.9478383409026012,0.968241196516471,chess,4,KNN,hyperparameter
1733,0.9549436795994994,0.9545526747700366,0.9571627270427654,0.9514521417505836,0.9688435854187464,chess,5,KNN,hyperparameter
1734,0.9953066332916144,0.9953133522089684,0.9955046637742282,0.9958104804405288,0.9964043119571327,chess,0,SVC,hyperparameter
1735,0.9953066332916144,0.9953102002324548,0.995504638808968,0.9964227800109628,0.9964086147350062,chess,1,SVC,hyperparameter
1736,0.9949937421777222,0.9949562272921668,0.995209575685296,0.9946129221025092,0.9964071804757152,chess,2,SVC,hyperparameter
1737,0.9934292866082604,0.993462012568739,0.9936974030158668,0.994616943127072,0.9976033527245188,chess,3,SVC,hyperparameter
1738,0.9934292866082604,0.9934578600046484,0.9937060827365036,0.9946085572135837,0.9964043119571327,chess,4,SVC,hyperparameter
1739,0.9949937421777222,0.9950112988992196,0.9952038265996564,0.995806184259998,0.9970023980815348,chess,5,SVC,hyperparameter
1740,0.9734042553191488,0.9734522867723472,0.974462534979334,0.977086616957843,0.9724521817952336,chess,0,LR,hyperparameter
1741,0.9721526908635796,0.9721103260015446,0.9733318308406638,0.9753221738024912,0.9730387938453066,chess,1,LR,hyperparameter
1742,0.9715269086357948,0.9715747577537652,0.9726565588208254,0.9748087747987878,0.9706450150884076,chess,2,LR,hyperparameter
1743,0.9730913642052564,0.9730648199131028,0.97422663303682,0.9753541377902262,0.9736354457104172,chess,3,LR,hyperparameter
1744,0.9730913642052564,0.9731254868283542,0.974171888090377,0.9759547846921912,0.9724478790173604,chess,4,LR,hyperparameter
1745,0.971839799749687,0.971897254919885,0.9729721350984224,0.9753498677772552,0.9706407123105344,chess,5,LR,hyperparameter
1746,0.6483103879849812,0.6331918536557044,0.7430947753470653,0.6008666460892056,0.9940090989409428,chess,0,NB,hyperparameter
1747,0.6479974968710889,0.6328601925027924,0.7429106934626213,0.6006592723807174,0.994608619324636,chess,1,NB,hyperparameter
1748,0.6523779724655819,0.6373218869205723,0.7457775031224823,0.6034975715176473,0.9868119858180442,chess,2,NB,hyperparameter
1749,0.6511264080100125,0.6361338695861669,0.744585169399065,0.6028001058398487,0.9940119674595252,chess,3,NB,hyperparameter
1750,0.6473717146433042,0.6323485035458289,0.7419888736264815,0.6005703866894174,0.995206705449038,chess,4,NB,hyperparameter
1751,0.652377972465582,0.6376021231343894,0.7445715496093753,0.6042182033762465,0.9904105423794936,chess,5,NB,hyperparameter
1752,0.9946808510638298,0.9946314370081448,0.9949108787346944,0.9940290621848532,0.9958090943513132,chess,0,DT,hyperparameter
1753,0.9943679599499374,0.9942710183858638,0.9946250055060496,0.992871227826945,0.996405746216424,chess,1,DT,hyperparameter
1754,0.9946808510638298,0.994574931141801,0.9949187492788204,0.9928527255421016,0.997006700859408,chess,2,DT,hyperparameter
1755,0.9918648310387984,0.9918235937963864,0.9922140797537888,0.991640741715902,0.9952110082269112,chess,3,DT,hyperparameter
1756,0.9924906132665832,0.992476760012658,0.99280717586402,0.9928085275745906,0.9928172294700124,chess,4,DT,hyperparameter
1757,0.991239048811014,0.9910263737449726,0.991643882433356,0.9875252282889913,0.9964071804757152,chess,5,DT,hyperparameter
1758,0.9896745932415518,0.9895576227854344,0.990134079904878,0.9880639369632588,0.9928129266921392,chess,0,RF,hyperparameter
1759,0.9918648310387984,0.9917340361676172,0.9922439686565806,0.9904984876078836,0.9946057508060536,chess,1,RF,hyperparameter
1760,0.9909261576971212,0.9907569470107518,0.9913472310914913,0.9881422036248906,0.995208139708329,chess,2,RF,hyperparameter
1761,0.989674593241552,0.9895335932808358,0.9901367504200734,0.987523039411884,0.9928157952107214,chess,3,RF,hyperparameter
1762,0.9899874843554444,0.9898294843665232,0.990445535863594,0.988091931370356,0.993411012816541,chess,4,RF,hyperparameter
1763,0.990613266583229,0.9905113995673468,0.9910279798825288,0.9892529789433444,0.992811492432848,chess,5,RF,hyperparameter
1764,0.9527534418022529,0.9519782854765786,0.9554281687285072,0.9449643710566904,0.985622984865696,kr_vs_kp,0,KNN,hyperparameter
1765,0.9524405506883604,0.9514865626541756,0.9552768505153956,0.9406633311875118,0.9856258533842782,kr_vs_kp,1,KNN,hyperparameter
1766,0.9518147684605758,0.9513277653406876,0.9542600356078816,0.946965735203838,0.981430644957718,kr_vs_kp,2,KNN,hyperparameter
1767,0.9558823529411764,0.9551731533910504,0.9583209602671156,0.9458169225207256,0.9862182024715156,kr_vs_kp,3,KNN,hyperparameter
1768,0.951188986232791,0.9502560461126212,0.9541070397031284,0.9411755914687512,0.985023464482003,kr_vs_kp,4,KNN,hyperparameter
1769,0.9530663329161452,0.9521595973261384,0.9558708462496912,0.9464489065542748,0.985024898741294,kr_vs_kp,5,KNN,hyperparameter
1770,0.9928035043804756,0.9927463284758444,0.99312802413954,0.992267519543917,0.997003832340826,kr_vs_kp,0,SVC,hyperparameter
1771,0.9943679599499374,0.9942455546219742,0.9946214780852204,0.9922617222992638,0.997005266600117,kr_vs_kp,1,SVC,hyperparameter
1772,0.9937421777221528,0.9937573282537464,0.9940040583501146,0.9946042751240516,0.9964071804757152,kr_vs_kp,2,SVC,hyperparameter
1773,0.9946808510638298,0.9946817806504272,0.9949029551079625,0.995212271523514,0.997006700859408,kr_vs_kp,3,SVC,hyperparameter
1774,0.9959324155193992,0.9958832562646812,0.9961055873872372,0.99522662056987,0.997003832340826,kr_vs_kp,4,SVC,hyperparameter
1775,0.9949937421777222,0.995067521307632,0.9952002262581396,0.9970009431358116,0.9964043119571327,kr_vs_kp,5,SVC,hyperparameter
1776,0.9737171464330414,0.9736735127684052,0.9748050543240608,0.9749691156430648,0.9748459605521324,kr_vs_kp,0,LR,hyperparameter
1777,0.9718397997496871,0.9717812414244664,0.9730535827963248,0.973076643737964,0.9730402281045976,kr_vs_kp,1,LR,hyperparameter
1778,0.9721526908635796,0.9721978739703429,0.9733137221963852,0.977086321356436,0.9712402326942274,kr_vs_kp,2,LR,hyperparameter
1779,0.973404255319149,0.973471146155644,0.9744445008695416,0.9772524781019876,0.971835450300047,kr_vs_kp,3,LR,hyperparameter
1780,0.9712140175219024,0.9713768356478432,0.9722994733375134,0.9772382019521448,0.970038323408259,kr_vs_kp,4,LR,hyperparameter
1781,0.9718397997496871,0.9718091315504068,0.9730230543222405,0.9741681205741566,0.9730344910674332,kr_vs_kp,5,LR,hyperparameter
1782,0.6589486858573217,0.6442867764827771,0.749176854486127,0.60854739910724,0.9892330155014744,kr_vs_kp,0,NB,hyperparameter
1783,0.6583229036295369,0.6435509134549267,0.7491610188045142,0.6080501749787287,0.9928086239142656,kr_vs_kp,1,NB,hyperparameter
1784,0.6479974968710889,0.6328644867958486,0.7428687381608431,0.6005617299585365,0.995206705449038,kr_vs_kp,2,NB,hyperparameter
1785,0.6564455569461827,0.6416027031605067,0.7480210430639774,0.6068647346084328,0.9880124608447214,kr_vs_kp,3,NB,hyperparameter
1786,0.6520650813516896,0.6370521767284202,0.7453394922316084,0.6033321231609287,0.9928086239142656,kr_vs_kp,4,NB,hyperparameter
1787,0.6558197747183979,0.6410575642755546,0.7471949767168014,0.6062762678802225,0.9934167498537056,kr_vs_kp,5,NB,hyperparameter
1788,0.994055068836045,0.9940284811900066,0.9943091794079336,0.9940133052794476,0.9946100535839272,kr_vs_kp,0,DT,hyperparameter
1789,0.993116395494368,0.9929357952398028,0.9934380771112984,0.9899283898684258,0.9970023980815348,kr_vs_kp,1,DT,hyperparameter
1790,0.9956195244055068,0.9954727774580494,0.9958183990442054,0.9928543016251848,0.998802393491905,kr_vs_kp,2,DT,hyperparameter
1791,0.994993742177722,0.9949283286814092,0.9952124433481186,0.9940262689757982,0.9964028776978416,kr_vs_kp,3,DT,hyperparameter
1792,0.9959324155193992,0.9959371855551912,0.996103437712898,0.996408552623954,0.9958062258327308,kr_vs_kp,4,DT,hyperparameter
1793,0.9956195244055068,0.9955830708859376,0.9958119577230098,0.995222420832985,0.9964086147350062,kr_vs_kp,5,DT,hyperparameter
1794,0.9918648310387984,0.9917918345642864,0.9922276940337642,0.9910543127162588,0.9934124470758322,kr_vs_kp,0,RF,hyperparameter
1795,0.9912390488110138,0.9910286668628748,0.9916431857228414,0.9875252282889913,0.995807660092022,kr_vs_kp,1,RF,hyperparameter
1796,0.9921777221526908,0.9920654138625976,0.9925292483782504,0.9904703788122736,0.9946071850653448,kr_vs_kp,2,RF,hyperparameter
1797,0.9893617021276596,0.9892837430595574,0.9898102147353643,0.9886287752884596,0.9910071942446044,kr_vs_kp,3,RF,hyperparameter
1798,0.9909261576971214,0.9907844119497952,0.9913345326878438,0.9886776161680192,0.9946114878432184,kr_vs_kp,4,RF,hyperparameter
1799,0.990613266583229,0.9904819334531492,0.9910486201192948,0.9887129354554752,0.9934138813351232,kr_vs_kp,5,RF,hyperparameter
1800,0.987188612099644,0.987160355693668,0.9872330439952308,0.9875132546637826,0.987160355693668,optdigits,0,KNN,hyperparameter
1801,0.987900355871886,0.9878708385171472,0.98793199118471,0.9881801151934624,0.9878708385171472,optdigits,1,KNN,hyperparameter
1802,0.9868327402135232,0.9868006221272212,0.9868563496057748,0.987074871711428,0.9868006221272212,optdigits,2,KNN,hyperparameter
1803,0.9877224199288256,0.9877149781041564,0.987762415925032,0.987937151407833,0.9877149781041564,optdigits,3,KNN,hyperparameter
1804,0.9887900355871886,0.9887751341538372,0.988836064919353,0.9890332609286152,0.9887751341538372,optdigits,4,KNN,hyperparameter
1805,0.9862989323843416,0.9862662472174836,0.9863113158721832,0.9865419731283565,0.9862662472174836,optdigits,5,KNN,hyperparameter
1806,0.9916370106761564,0.9916328935847492,0.991650840428211,0.9917862924664138,0.9916328935847492,optdigits,0,SVC,hyperparameter
1807,0.991459074733096,0.9914565665382544,0.9914900322258756,0.9916148401871664,0.9914565665382544,optdigits,1,SVC,hyperparameter
1808,0.9923487544483988,0.9923546512514204,0.9923666235089136,0.9924525483792204,0.9923546512514204,optdigits,2,SVC,hyperparameter
1809,0.9916370106761564,0.9916365308772946,0.9916600539064876,0.9917628532783124,0.9916365308772946,optdigits,3,SVC,hyperparameter
1810,0.9923487544483984,0.9923445001724784,0.9923620847138598,0.992424323013792,0.9923445001724784,optdigits,4,SVC,hyperparameter
1811,0.992170818505338,0.992155848244696,0.9921781814699367,0.992244471597282,0.992155848244696,optdigits,5,SVC,hyperparameter
1812,0.9718861209964412,0.9718947807327476,0.971947179211593,0.9722969096501276,0.9718947807327476,optdigits,0,LR,hyperparameter
1813,0.9704626334519572,0.970460835579231,0.9704585466186666,0.9706989786094088,0.970460835579231,optdigits,1,LR,hyperparameter
1814,0.9704626334519572,0.9705001924015084,0.9705078171760072,0.970724598323088,0.9705001924015084,optdigits,2,LR,hyperparameter
1815,0.9711743772241992,0.9712004171651616,0.9712576653620432,0.9715124224294428,0.9712004171651616,optdigits,3,LR,hyperparameter
1816,0.9727758007117436,0.9727582820277682,0.9727628576667358,0.9730539508037565,0.9727582820277682,optdigits,4,LR,hyperparameter
1817,0.9699288256227758,0.9699448246378212,0.9699433946168994,0.970049341703642,0.9699448246378212,optdigits,5,LR,hyperparameter
1818,0.8934163701067617,0.8938149523971453,0.8944980389270722,0.9014252188248196,0.8938149523971453,optdigits,0,NB,hyperparameter
1819,0.8935943060498222,0.8939782335714006,0.8946900250305394,0.9018022677352628,0.8939782335714006,optdigits,1,NB,hyperparameter
1820,0.8925266903914592,0.8929599510187163,0.8936531318670864,0.9011430121528418,0.8929599510187163,optdigits,2,NB,hyperparameter
1821,0.8937722419928826,0.8941581028699832,0.8948152410283862,0.90190388711612,0.8941581028699832,optdigits,3,NB,hyperparameter
1822,0.8902135231316726,0.8905743528134781,0.891381839222917,0.8987366643084606,0.8905743528134781,optdigits,4,NB,hyperparameter
1823,0.8937722419928825,0.8941528217651821,0.8950339362082901,0.9023220749719988,0.8941528217651821,optdigits,5,NB,hyperparameter
1824,0.8969750889679715,0.8970880857664744,0.8972693756615315,0.8985598739067939,0.8970880857664744,optdigits,0,DT,hyperparameter
1825,0.8948398576512456,0.8948830514766809,0.8949617214982807,0.8962088540242974,0.8948830514766809,optdigits,1,DT,hyperparameter
1826,0.8941281138790036,0.8942579267406212,0.8944327705023468,0.8953465995433969,0.8942579267406212,optdigits,2,DT,hyperparameter
1827,0.8939501779359431,0.8939577925548188,0.8940101211018919,0.894702998819656,0.8939577925548188,optdigits,3,DT,hyperparameter
1828,0.8980427046263346,0.8980836495908184,0.8982687155071034,0.8990835590453211,0.8980836495908184,optdigits,4,DT,hyperparameter
1829,0.9017793594306048,0.9018442145435626,0.9021219326113694,0.9034002623389172,0.9018442145435626,optdigits,5,DT,hyperparameter
1830,0.9836298932384342,0.9836330625088656,0.9836417010010152,0.9838898289026856,0.9836330625088656,optdigits,0,RF,hyperparameter
1831,0.9838078291814948,0.9837962343369376,0.9838282069464592,0.9840027048203368,0.9837962343369376,optdigits,1,RF,hyperparameter
1832,0.9825622775800712,0.9825753707108936,0.9825836808132252,0.9827433487720446,0.9825753707108936,optdigits,2,RF,hyperparameter
1833,0.9825622775800712,0.9825714794359208,0.9825893602095964,0.982772648123607,0.9825714794359208,optdigits,3,RF,hyperparameter
1834,0.9836298932384342,0.983625063136842,0.9836386151493908,0.9838116962118792,0.983625063136842,optdigits,4,RF,hyperparameter
1835,0.9843416370106762,0.9843345715190586,0.9843615493689842,0.984526080242933,0.9843345715190586,optdigits,5,RF,hyperparameter
1836,0.7562735257214555,0.7951782135888191,0.7530851554862767,0.7610560833830587,0.7951782135888191,splice,0,KNN,hyperparameter
1837,0.7556461731493098,0.7978024780192408,0.7533768403679164,0.759330099171743,0.7978024780192408,splice,1,KNN,hyperparameter
1838,0.7534504391468005,0.7945430640622176,0.750321201290232,0.7566068395031317,0.7945430640622176,splice,2,KNN,hyperparameter
1839,0.7565872020075282,0.7974803932475648,0.7538143907700604,0.7599530956262966,0.7974803932475648,splice,3,KNN,hyperparameter
1840,0.7405897114178168,0.7841971104060312,0.7375207184134416,0.7466324872337615,0.7841971104060312,splice,4,KNN,hyperparameter
1841,0.7553324968632371,0.7948169472728271,0.75197805769083,0.7566483870186878,0.7948169472728271,splice,5,KNN,hyperparameter
1842,0.8679422835633627,0.860675641469453,0.8590829392888363,0.8589384132076877,0.860675641469453,splice,0,SVC,hyperparameter
1843,0.8638644918444165,0.8571288808985402,0.8549476481577527,0.8538064257438417,0.8571288808985402,splice,1,SVC,hyperparameter
1844,0.8670012547051443,0.8597998784507059,0.8581794016352745,0.8571864176891955,0.8597998784507059,splice,2,SVC,hyperparameter
1845,0.8682559598494354,0.8616007020423707,0.8593475029194022,0.8585767942621692,0.8616007020423707,splice,3,SVC,hyperparameter
1846,0.8710790464240903,0.8659228090104031,0.8629571990132842,0.8608019035255854,0.8659228090104031,splice,4,SVC,hyperparameter
1847,0.8676286072772897,0.859558185489323,0.858866113401711,0.8590452169279831,0.859558185489323,splice,5,SVC,hyperparameter
1848,0.828732747804266,0.8270317038544386,0.8185060536085418,0.8123754952794124,0.8270317038544386,splice,0,LR,hyperparameter
1849,0.8306148055207027,0.8289670046944991,0.8203661079488136,0.8138284074338771,0.8289670046944991,splice,1,LR,hyperparameter
1850,0.8262233375156838,0.824292116430002,0.815627514324105,0.8090027736630093,0.824292116430002,splice,2,LR,hyperparameter
1851,0.8293601003764115,0.8281988551506468,0.8189328075812274,0.8124782494947491,0.8281988551506468,splice,3,LR,hyperparameter
1852,0.8290464240903388,0.827455596969435,0.8186817749076379,0.8125501053997358,0.827455596969435,splice,4,LR,hyperparameter
1853,0.8274780426599749,0.8253282394401568,0.8162487250104692,0.8098892637698946,0.8253282394401568,splice,5,LR,hyperparameter
1854,0.9137390213299874,0.9230857830583902,0.9064050378807424,0.8964622211356493,0.9230857830583902,splice,0,NB,hyperparameter
1855,0.9146800501882058,0.9241778914522144,0.907477014085192,0.8973091885867956,0.9241778914522144,splice,1,NB,hyperparameter
1856,0.913111668757842,0.9224435795312828,0.9059346701195076,0.897264606263966,0.9224435795312828,splice,2,NB,hyperparameter
1857,0.9159347553324968,0.9256567308288562,0.9090557843117912,0.8992579473004554,0.9256567308288562,splice,3,NB,hyperparameter
1858,0.9149937264742786,0.9245897126616864,0.9079247510066634,0.8980886509425311,0.9245897126616864,splice,4,NB,hyperparameter
1859,0.907465495608532,0.9138804845366384,0.8977417081223887,0.8927840510820679,0.9138804845366384,splice,5,NB,hyperparameter
1860,0.9265997490589712,0.9286219489210896,0.9202730932403808,0.9139612415325202,0.9286219489210896,splice,0,DT,hyperparameter
1861,0.9162484316185696,0.9154933028823669,0.907756064538513,0.9033731995494956,0.9154933028823669,splice,1,DT,hyperparameter
1862,0.9275407779171896,0.9294337151910784,0.9208660949984656,0.9139901460646715,0.9294337151910784,splice,2,DT,hyperparameter
1863,0.9218946047678797,0.9223377706706496,0.9142546967378364,0.9080114175183788,0.9223377706706496,splice,3,DT,hyperparameter
1864,0.9275407779171896,0.9285258332583816,0.92032618509456,0.9136828556283606,0.9285258332583816,splice,4,DT,hyperparameter
1865,0.9153074027603514,0.9157746793681296,0.9080969402248732,0.9016889216857362,0.9157746793681296,splice,5,DT,hyperparameter
1866,0.9579673776662484,0.953964050693306,0.9530579349819744,0.9526283005366376,0.953964050693306,splice,0,RF,hyperparameter
1867,0.9567126725219574,0.9529160702846308,0.951714905875754,0.950805432035824,0.9529160702846308,splice,1,RF,hyperparameter
1868,0.9592220828105396,0.9560926036311688,0.9544080010118062,0.953014091427448,0.9560926036311688,splice,2,RF,hyperparameter
1869,0.9576537013801756,0.9546309999190908,0.9526456283089644,0.95093320318547,0.9546309999190908,splice,3,RF,hyperparameter
1870,0.9579673776662484,0.953895329236218,0.9529209123361292,0.9523387797744596,0.953895329236218,splice,4,RF,hyperparameter
1871,0.9567126725219574,0.952851382692137,0.9520984815114216,0.951685862837018,0.952851382692137,splice,5,RF,hyperparameter
1872,0.9872727272727272,0.9872727272727274,0.9872761984544032,0.9874250077050756,0.9872727272727274,texture,0,KNN,hyperparameter
1873,0.9867272727272728,0.9867272727272728,0.9867385019496502,0.9869508580292128,0.9867272727272728,texture,1,KNN,hyperparameter
1874,0.9867272727272728,0.9867272727272728,0.9867227709438876,0.9869260420113696,0.9867272727272728,texture,2,KNN,hyperparameter
1875,0.986,0.986,0.9860004418514724,0.9861349025806824,0.986,texture,3,KNN,hyperparameter
1876,0.9876363636363638,0.9876363636363636,0.9876210113001332,0.987789790272223,0.9876363636363636,texture,4,KNN,hyperparameter
1877,0.9867272727272728,0.9867272727272728,0.98673342035101,0.9868290761054652,0.9867272727272728,texture,5,KNN,hyperparameter
1878,0.9985454545454546,0.9985454545454546,0.998545413816413,0.9985569298339174,0.9985454545454546,texture,0,SVC,hyperparameter
1879,0.9981818181818184,0.9981818181818182,0.9981817774527766,0.9981932934702812,0.9981818181818182,texture,1,SVC,hyperparameter
1880,0.9990909090909093,0.9990909090909093,0.99909087708928,0.9991009646521458,0.9990909090909093,texture,2,SVC,hyperparameter
1881,0.9985454545454546,0.9985454545454546,0.9985454370906298,0.9985569531081344,0.9985454545454546,texture,3,SVC,hyperparameter
1882,0.9987272727272728,0.9987272727272728,0.9987270777703674,0.9987541528239204,0.9987272727272728,texture,4,SVC,hyperparameter
1883,0.9990909090909093,0.9990909090909093,0.9990908945452216,0.9990981240981242,0.9990909090909093,texture,5,SVC,hyperparameter
1884,0.996909090909091,0.996909090909091,0.9969097397841564,0.9969291094844815,0.996909090909091,texture,0,LR,hyperparameter
1885,0.9974545454545456,0.9974545454545456,0.9974558264243004,0.9974885718353268,0.9974545454545456,texture,1,LR,hyperparameter
1886,0.9970909090909092,0.9970909090909092,0.9970915262397636,0.9971194287515288,0.9970909090909092,texture,2,LR,hyperparameter
1887,0.9974545454545456,0.9974545454545456,0.9974559477269468,0.997473213575576,0.9974545454545456,texture,3,LR,hyperparameter
1888,0.9972727272727272,0.9972727272727274,0.9972740774549552,0.997298359263228,0.9972727272727274,texture,4,LR,hyperparameter
1889,0.9978181818181818,0.9978181818181816,0.9978196073648,0.9978311233823044,0.9978181818181816,texture,5,LR,hyperparameter
1890,0.7729090909090909,0.7729090909090909,0.7690234076105816,0.7756020879543107,0.7729090909090909,texture,0,NB,hyperparameter
1891,0.776,0.776,0.7728667980718047,0.7798842211497967,0.776,texture,1,NB,hyperparameter
1892,0.7763636363636364,0.7763636363636364,0.7728520376387484,0.7791483634114973,0.7763636363636364,texture,2,NB,hyperparameter
1893,0.776,0.776,0.7726482780547281,0.7791706301561759,0.776,texture,3,NB,hyperparameter
1894,0.7756363636363636,0.7756363636363636,0.7718508909206828,0.7778517620386091,0.7756363636363636,texture,4,NB,hyperparameter
1895,0.7759999999999999,0.776,0.7725810288339546,0.7797937602153814,0.776,texture,5,NB,hyperparameter
1896,0.92,0.92,0.9201612276068174,0.9209652814386432,0.92,texture,0,DT,hyperparameter
1897,0.9261818181818182,0.926181818181818,0.9262277057910774,0.9273559593211308,0.926181818181818,texture,1,DT,hyperparameter
1898,0.9236363636363636,0.9236363636363636,0.9237790586528978,0.9243980512180224,0.9236363636363636,texture,2,DT,hyperparameter
1899,0.922181818181818,0.922181818181818,0.9222052829070242,0.9227952794048596,0.922181818181818,texture,3,DT,hyperparameter
1900,0.919818181818182,0.9198181818181816,0.9198412144541812,0.9205345550488608,0.9198181818181816,texture,4,DT,hyperparameter
1901,0.924,0.924,0.9241023833743268,0.9251185793938828,0.924,texture,5,DT,hyperparameter
1902,0.978,0.978,0.9780393559041184,0.978351616352351,0.978,texture,0,RF,hyperparameter
1903,0.978,0.978,0.9780353395292536,0.978247338424366,0.978,texture,1,RF,hyperparameter
1904,0.9776363636363636,0.9776363636363636,0.9776575678228476,0.9780114079404916,0.9776363636363636,texture,2,RF,hyperparameter
1905,0.9778181818181818,0.977818181818182,0.9778266574802188,0.9780407812824768,0.977818181818182,texture,3,RF,hyperparameter
1906,0.976909090909091,0.976909090909091,0.9769392224913878,0.9772619676447516,0.976909090909091,texture,4,RF,hyperparameter
1907,0.9776363636363636,0.9776363636363636,0.9776656655397934,0.977890152238832,0.9776363636363636,texture,5,RF,hyperparameter
1908,0.7932692307692307,0.7883730158730159,0.7617236191704277,0.8214026915113872,0.7116666666666667,sonar,0,KNN,hyperparameter
1909,0.8125,0.8053968253968253,0.776394844992406,0.8748774509803922,0.71,sonar,1,KNN,hyperparameter
1910,0.7980769230769231,0.7931216931216931,0.7598608734541497,0.856721101171902,0.7208333333333334,sonar,2,KNN,hyperparameter
1911,0.8125,0.8098280423280423,0.7882921284455812,0.8314492753623188,0.7641666666666668,sonar,3,KNN,hyperparameter
1912,0.8076923076923077,0.805651455026455,0.7845224911670096,0.8284920634920636,0.76375,sonar,4,KNN,hyperparameter
1913,0.8076923076923077,0.8039120370370372,0.7819402314346704,0.8430049482681061,0.7420833333333334,sonar,5,KNN,hyperparameter
1914,0.8413461538461539,0.8399537037037036,0.824394208037825,0.8633279303330792,0.8141666666666667,sonar,0,SVC,hyperparameter
1915,0.8894230769230769,0.8849669312169313,0.8742365031118831,0.9356884057971014,0.8241666666666666,sonar,1,SVC,hyperparameter
1916,0.8653846153846153,0.8637632275132274,0.8517375886524823,0.8941471325372253,0.835,sonar,2,SVC,hyperparameter
1917,0.8701923076923076,0.8680654761904761,0.8562976200487764,0.8970811796898753,0.8254166666666667,sonar,3,SVC,hyperparameter
1918,0.8701923076923077,0.8664550264550264,0.850297619047619,0.9090277777777778,0.815,sonar,4,SVC,hyperparameter
1919,0.8798076923076923,0.8777347883597884,0.8672043632439099,0.890727931488801,0.8454166666666666,sonar,5,SVC,hyperparameter
1920,0.7740384615384615,0.7721693121693122,0.7522630147630147,0.7832080200501254,0.7325,sonar,0,LR,hyperparameter
1921,0.7932692307692307,0.7886574074074073,0.7640902468524933,0.8157752335383914,0.7216666666666667,sonar,1,LR,hyperparameter
1922,0.7788461538461539,0.7753472222222222,0.7554849970291146,1.0,0.7416666666666667,sonar,2,LR,hyperparameter
1923,0.7932692307692307,0.7909755291005292,0.7716524051803886,1.0,0.7629166666666667,sonar,3,LR,hyperparameter
1924,0.7932692307692307,0.7889550264550265,0.7598315911730547,0.8322021116138764,0.7229166666666668,sonar,4,LR,hyperparameter
1925,0.8125,0.8082969576719576,0.7840109385053774,0.8369457297088876,0.7533333333333334,sonar,5,LR,hyperparameter
1926,0.6682692307692308,0.6767228835978836,0.6933671076085938,0.6189523702201187,0.7945833333333334,sonar,0,NB,hyperparameter
1927,0.6538461538461539,0.6609292328042328,0.6755521314843348,0.6002846299810247,0.7729166666666667,sonar,1,NB,hyperparameter
1928,0.6923076923076923,0.6994146825396825,0.7071446999852572,0.6323398636906701,0.8045833333333332,sonar,2,NB,hyperparameter
1929,0.7211538461538461,0.7286342592592593,0.7434290855343487,0.6609706083390294,0.8554166666666666,sonar,3,NB,hyperparameter
1930,0.6971153846153846,0.7050033068783068,0.7074222322800865,0.649622492675231,0.79625,sonar,4,NB,hyperparameter
1931,0.6826923076923077,0.6908961640211639,0.704173813607776,0.6296146953405017,0.80375,sonar,5,NB,hyperparameter
1932,0.7163461538461539,0.7162400793650794,0.7027095572362736,0.7013569604086846,0.7112499999999999,sonar,0,DT,hyperparameter
1933,0.7644230769230769,0.7611739417989418,0.7326985731940231,0.7873737373737375,0.7204166666666666,sonar,1,DT,hyperparameter
1934,0.7451923076923077,0.7455026455026454,0.7323598799214588,0.7281491640543365,0.7416666666666667,sonar,2,DT,hyperparameter
1935,0.7115384615384616,0.7078439153439153,0.6786322120153844,0.7193452380952381,0.6683333333333333,sonar,3,DT,hyperparameter
1936,0.7211538461538461,0.716001984126984,0.6759415031062731,0.7324016563146998,0.6716666666666667,sonar,4,DT,hyperparameter
1937,0.7355769230769231,0.7349636243386243,0.7183248299319729,0.7177651515151515,0.72125,sonar,5,DT,hyperparameter
1938,0.8413461538461539,0.837929894179894,0.8217705560485064,0.872123015873016,0.78375,sonar,0,RF,hyperparameter
1939,0.8413461538461539,0.8340443121693122,0.8096274293082804,0.9092171717171718,0.7416666666666667,sonar,1,RF,hyperparameter
1940,0.8221153846153847,0.8187929894179895,0.7921799516908212,0.8743371212121211,0.7729166666666667,sonar,2,RF,hyperparameter
1941,0.8221153846153847,0.8171362433862434,0.7971635610766046,0.8535786435786434,0.7520833333333334,sonar,3,RF,hyperparameter
1942,0.8413461538461539,0.837688492063492,0.8188265635074146,0.8737509534706331,0.7745833333333334,sonar,4,RF,hyperparameter
1943,0.8317307692307693,0.8275132275132275,0.8096723533334768,0.8816197691197691,0.7725,sonar,5,RF,hyperparameter
1944,0.8596866096866097,0.8592032967032968,0.870021551724138,0.8641774891774892,0.9052197802197802,molecular_biology_promoters,0,KNN,hyperparameter
1945,0.8301282051282051,0.8303571428571429,0.8258645402573438,0.8307692307692307,0.885989010989011,molecular_biology_promoters,1,KNN,hyperparameter
1946,0.8308404558404558,0.831043956043956,0.8429004687069204,0.8168612637362637,0.903846153846154,molecular_biology_promoters,2,KNN,hyperparameter
1947,0.8582621082621082,0.8578296703296704,0.8680715197956577,0.8282051282051283,0.9423076923076924,molecular_biology_promoters,3,KNN,hyperparameter
1948,0.8589743589743589,0.8585164835164835,0.866876457604531,0.8657051282051281,0.9052197802197804,molecular_biology_promoters,4,KNN,hyperparameter
1949,0.8482905982905983,0.8475274725274726,0.8544823741975167,0.8557692307692308,0.903846153846154,molecular_biology_promoters,5,KNN,hyperparameter
1950,0.7938034188034188,0.7946428571428571,0.793951238666381,0.8277191558441559,0.7939560439560439,molecular_biology_promoters,0,SVC,hyperparameter
1951,0.8301282051282051,0.831043956043956,0.8309044882320744,0.8206168831168832,0.848901098901099,molecular_biology_promoters,1,SVC,hyperparameter
1952,0.811965811965812,0.8104395604395604,0.8096774193548386,0.8161764705882353,0.8461538461538461,molecular_biology_promoters,2,SVC,hyperparameter
1953,0.8582621082621082,0.8585164835164836,0.8561507936507937,0.8497835497835498,0.8681318681318682,molecular_biology_promoters,3,SVC,hyperparameter
1954,0.8497150997150997,0.8502747252747254,0.8491077887629612,0.8722527472527473,0.8502747252747254,molecular_biology_promoters,4,SVC,hyperparameter
1955,0.8479344729344729,0.848901098901099,0.8422648319422514,0.8835470085470085,0.8310439560439561,molecular_biology_promoters,5,SVC,hyperparameter
1956,0.8027065527065528,0.8035714285714287,0.8063218390804596,0.8348039215686275,0.8118131868131868,molecular_biology_promoters,0,LR,hyperparameter
1957,0.801994301994302,0.8021978021978022,0.8023635846911709,0.7994172494172495,0.8104395604395604,molecular_biology_promoters,1,LR,hyperparameter
1958,0.811965811965812,0.8104395604395604,0.8149038461538463,0.7905982905982907,0.8461538461538461,molecular_biology_promoters,2,LR,hyperparameter
1959,0.8201566951566952,0.820054945054945,0.8166287735253253,0.8107673576423577,0.8296703296703297,molecular_biology_promoters,3,LR,hyperparameter
1960,0.8404558404558404,0.8406593406593407,0.8435544132695557,0.8615384615384616,0.8502747252747254,molecular_biology_promoters,4,LR,hyperparameter
1961,0.8482905982905982,0.848901098901099,0.8476372855755745,0.865491452991453,0.8502747252747254,molecular_biology_promoters,5,LR,hyperparameter
1962,0.8782051282051282,0.8777472527472527,0.8738198757763975,0.925595238095238,0.831043956043956,molecular_biology_promoters,0,NB,hyperparameter
1963,0.8582621082621082,0.8571428571428572,0.8473291925465838,0.9184523809523808,0.7912087912087913,molecular_biology_promoters,1,NB,hyperparameter
1964,0.8490028490028491,0.8468406593406594,0.8278787878787879,0.921875,0.7706043956043955,molecular_biology_promoters,2,NB,hyperparameter
1965,0.8960113960113961,0.8956043956043956,0.8858549783549783,0.9613095238095238,0.8282967032967032,molecular_biology_promoters,3,NB,hyperparameter
1966,0.8863960113960114,0.8880494505494505,0.8740796160361379,0.9666666666666668,0.8118131868131868,molecular_biology_promoters,4,NB,hyperparameter
1967,0.8671652421652422,0.8674450549450549,0.847991452991453,0.9434523809523808,0.7912087912087913,molecular_biology_promoters,5,NB,hyperparameter
1968,0.698005698005698,0.6978021978021979,0.6856413063309615,0.7113095238095238,0.6964285714285715,molecular_biology_promoters,0,DT,hyperparameter
1969,0.7172364672364673,0.7177197802197801,0.7225274725274725,0.7118131868131867,0.7348901098901099,molecular_biology_promoters,1,DT,hyperparameter
1970,0.7738603988603989,0.7733516483516484,0.7967919177596597,0.7399698340874812,0.8695054945054946,molecular_biology_promoters,2,DT,hyperparameter
1971,0.7635327635327636,0.7630494505494506,0.7695746144022008,0.7652777777777777,0.7912087912087912,molecular_biology_promoters,3,DT,hyperparameter
1972,0.790954415954416,0.7905219780219781,0.7939385008350527,0.77985347985348,0.8296703296703296,molecular_biology_promoters,4,DT,hyperparameter
1973,0.753917378917379,0.7554945054945055,0.7760607023677102,0.7381410256410257,0.8489010989010989,molecular_biology_promoters,5,DT,hyperparameter
1974,0.8867521367521367,0.8859890109890111,0.8822185061315497,0.9338942307692308,0.8846153846153847,molecular_biology_promoters,0,RF,hyperparameter
1975,0.92485754985755,0.9244505494505496,0.9248145692111208,0.9295787545787546,0.9244505494505496,molecular_biology_promoters,1,RF,hyperparameter
1976,0.905982905982906,0.9052197802197802,0.9015292353823088,0.9458333333333332,0.8667582417582418,molecular_biology_promoters,2,RF,hyperparameter
1977,0.896011396011396,0.8956043956043956,0.8971293840259358,0.9117216117216116,0.9052197802197802,molecular_biology_promoters,3,RF,hyperparameter
1978,0.9245014245014244,0.9244505494505496,0.920303392259914,0.962912087912088,0.885989010989011,molecular_biology_promoters,4,RF,hyperparameter
1979,0.89494301994302,0.8942307692307693,0.8832070707070707,0.9365079365079364,0.8475274725274726,molecular_biology_promoters,5,RF,hyperparameter
1980,0.848,0.8480000000000001,0.8474338727228152,0.8502322727779348,0.8480000000000001,mfeat_fourier,0,KNN,hyperparameter
1981,0.8455,0.8455,0.845225629674842,0.8484989042811801,0.8455,mfeat_fourier,1,KNN,hyperparameter
1982,0.8425,0.8425,0.842047176528486,0.8449703167278558,0.8425,mfeat_fourier,2,KNN,hyperparameter
1983,0.8385,0.8385,0.8378837247883968,0.840166904659634,0.8385,mfeat_fourier,3,KNN,hyperparameter
1984,0.8484999999999999,0.8485,0.8483281563476658,0.8513821897286008,0.8485,mfeat_fourier,4,KNN,hyperparameter
1985,0.8385,0.8385,0.8382392322645348,0.8399347600659784,0.8385,mfeat_fourier,5,KNN,hyperparameter
1986,0.8615,0.8615,0.8610300108955177,0.8638867193323538,0.8615,mfeat_fourier,0,SVC,hyperparameter
1987,0.865,0.865,0.8649753380520921,0.8664306633723046,0.865,mfeat_fourier,1,SVC,hyperparameter
1988,0.858,0.8579999999999999,0.8581167160018005,0.8609539340741307,0.8579999999999999,mfeat_fourier,2,SVC,hyperparameter
1989,0.8714999999999999,0.8714999999999999,0.8705604877327854,0.8740020626983674,0.8714999999999999,mfeat_fourier,3,SVC,hyperparameter
1990,0.861,0.861,0.8608074427665304,0.8626643671905612,0.861,mfeat_fourier,4,SVC,hyperparameter
1991,0.862,0.862,0.8616562043573653,0.8641506287934072,0.862,mfeat_fourier,5,SVC,hyperparameter
1992,0.8324999999999999,0.8324999999999999,0.8319772623637575,0.8343973428312319,0.8324999999999999,mfeat_fourier,0,LR,hyperparameter
1993,0.8265,0.8265000000000001,0.826150570259687,0.8285589982378672,0.8265000000000001,mfeat_fourier,1,LR,hyperparameter
1994,0.8224999999999999,0.8225,0.8220906830304574,0.8239125426651854,0.8225,mfeat_fourier,2,LR,hyperparameter
1995,0.8255,0.8255,0.824563619735262,0.8268848975377752,0.8255,mfeat_fourier,3,LR,hyperparameter
1996,0.8304999999999999,0.8305,0.8304721365811383,0.833144342050323,0.8305,mfeat_fourier,4,LR,hyperparameter
1997,0.8305,0.8305,0.8304845299999928,0.8339092025239077,0.8305,mfeat_fourier,5,LR,hyperparameter
1998,0.761,0.7610000000000001,0.7603398088875593,0.7698141871396381,0.7610000000000001,mfeat_fourier,0,NB,hyperparameter
1999,0.757,0.757,0.7571823176181972,0.7652155594595218,0.757,mfeat_fourier,1,NB,hyperparameter
2000,0.7635,0.7635,0.7641971012928443,0.7723629809785729,0.7635,mfeat_fourier,2,NB,hyperparameter
2001,0.7615000000000001,0.7615,0.7618552267697165,0.7689015009097229,0.7615,mfeat_fourier,3,NB,hyperparameter
2002,0.7605000000000001,0.7605000000000001,0.760772549917601,0.768686852457423,0.7605000000000001,mfeat_fourier,4,NB,hyperparameter
2003,0.7645,0.7645,0.7649347086220784,0.771854141425652,0.7645,mfeat_fourier,5,NB,hyperparameter
2004,0.7404999999999999,0.7404999999999999,0.7377806882537198,0.7480759626549776,0.7404999999999999,mfeat_fourier,0,DT,hyperparameter
2005,0.7495,0.7495,0.7494595266721035,0.7589343087830958,0.7495,mfeat_fourier,1,DT,hyperparameter
2006,0.7295,0.7295,0.7302773034609036,0.7341612370745129,0.7295,mfeat_fourier,2,DT,hyperparameter
2007,0.7384999999999999,0.7384999999999999,0.7356544063208584,0.7489358093712211,0.7384999999999999,mfeat_fourier,3,DT,hyperparameter
2008,0.734,0.734,0.7332364349786107,0.7473495510737915,0.734,mfeat_fourier,4,DT,hyperparameter
2009,0.727,0.727,0.722543700651235,0.7334739651084281,0.727,mfeat_fourier,5,DT,hyperparameter
2010,0.8280000000000001,0.8280000000000001,0.8262668859629849,0.8290179540181226,0.8280000000000001,mfeat_fourier,0,RF,hyperparameter
2011,0.8305,0.8305,0.8290532238490883,0.8302947642670936,0.8305,mfeat_fourier,1,RF,hyperparameter
2012,0.829,0.8290000000000001,0.8278997692453368,0.8298574117205628,0.8290000000000001,mfeat_fourier,2,RF,hyperparameter
2013,0.8354999999999999,0.8355,0.8343218116659745,0.835762822158915,0.8355,mfeat_fourier,3,RF,hyperparameter
2014,0.829,0.829,0.8279967512934913,0.8295553005488508,0.829,mfeat_fourier,4,RF,hyperparameter
2015,0.8314999999999999,0.8315,0.8302071719155095,0.8323311902531976,0.8315,mfeat_fourier,5,RF,hyperparameter
2016,0.997624689686301,0.9983108108108107,0.9983683793451752,0.9984471450617284,0.9983108108108107,analcatdata_authorship,0,KNN,hyperparameter
2017,0.9964285714285714,0.9975196715703044,0.9975450333572156,0.9976234567901234,0.9975196715703044,analcatdata_authorship,1,KNN,hyperparameter
2018,0.9964285714285714,0.9975196715703044,0.9975450333572156,0.9976234567901234,0.9975196715703044,analcatdata_authorship,2,KNN,hyperparameter
2019,0.9976190476190476,0.9983108108108107,0.998363496341933,0.9984375,0.9983108108108107,analcatdata_authorship,3,KNN,hyperparameter
2020,0.9964342134958248,0.997466216216216,0.9975501275161418,0.9976658950617284,0.997466216216216,analcatdata_authorship,4,KNN,hyperparameter
2021,0.9952493793726022,0.992658523908524,0.99462979226408,0.9968405905905906,0.992658523908524,analcatdata_authorship,5,KNN,hyperparameter
2022,0.9988151658767772,0.9991554054054054,0.9991866311742088,0.9992283950617284,0.9991554054054054,analcatdata_authorship,0,SVC,hyperparameter
2023,0.9964342134958248,0.9975731269243928,0.9975471327863512,0.9975740131578948,0.9975731269243928,analcatdata_authorship,1,SVC,hyperparameter
2024,0.9976190476190476,0.998364266164899,0.9983641959117436,0.9983854166666666,0.998364266164899,analcatdata_authorship,2,SVC,hyperparameter
2025,0.9964285714285714,0.9975196715703044,0.99754594408271,0.9976755401234568,0.9975196715703044,analcatdata_authorship,3,SVC,hyperparameter
2026,0.9952550214398556,0.9966750769757098,0.9967325752569188,0.9968325617283952,0.9966750769757098,analcatdata_authorship,4,SVC,hyperparameter
2027,0.9964342134958248,0.9975196715703044,0.9975508270859524,0.997613811728395,0.9975196715703044,analcatdata_authorship,5,SVC,hyperparameter
2028,0.9964398555630783,0.9932706651456652,0.9953505562870404,0.9976422764227644,0.9932706651456652,analcatdata_authorship,0,LR,hyperparameter
2029,0.9952437373053488,0.9927119792626122,0.9946255702699672,0.99679012345679,0.9927119792626122,analcatdata_authorship,1,LR,hyperparameter
2030,0.9952493793726022,0.9926585239085238,0.994305393945983,0.9961820959216794,0.9926585239085238,analcatdata_authorship,2,LR,hyperparameter
2031,0.9952380952380953,0.9930019305019304,0.9944798718804186,0.9961724508599508,0.9930019305019304,analcatdata_authorship,3,LR,hyperparameter
2032,0.9928797111261568,0.9914394305019304,0.992603825892914,0.9945778633942162,0.9914394305019304,analcatdata_authorship,4,LR,hyperparameter
2033,0.9940645452493794,0.9912915247171576,0.9935296055742796,0.9960164318281696,0.9912915247171576,analcatdata_authorship,5,LR,hyperparameter
2034,0.9845463777928234,0.98733353347259,0.9884360634366938,0.989902784962786,0.98733353347259,analcatdata_authorship,0,NB,hyperparameter
2035,0.988106522229745,0.9898441726702416,0.9908593296862211,0.9920434589373416,0.9898441726702416,analcatdata_authorship,1,NB,hyperparameter
2036,0.989308282554728,0.9906914903235184,0.9916939288908446,0.9928641013659538,0.9906914903235184,analcatdata_authorship,2,NB,hyperparameter
2037,0.9869104039720152,0.9889896888351406,0.9900140899978352,0.991193068068068,0.9889896888351406,analcatdata_authorship,3,NB,hyperparameter
2038,0.9893026404874746,0.9907119118509684,0.9916790849156516,0.9927429750818012,0.9907119118509684,analcatdata_authorship,4,NB,hyperparameter
2039,0.985731211916046,0.988211161893823,0.989216398352651,0.990592291581875,0.988211161893823,analcatdata_authorship,5,NB,hyperparameter
2040,0.9369611825772964,0.919373661528504,0.921880050018504,0.9257562161346444,0.919373661528504,analcatdata_authorship,0,DT,hyperparameter
2041,0.9203283683141504,0.9077618778554346,0.902756222844613,0.903723346278972,0.9077618778554346,analcatdata_authorship,1,DT,hyperparameter
2042,0.929840893703453,0.9188635159645886,0.9118651795106528,0.9110396201632665,0.9188635159645886,analcatdata_authorship,2,DT,hyperparameter
2043,0.9346140825998646,0.910258040417234,0.9169839352328402,0.930178596824766,0.910258040417234,analcatdata_authorship,3,DT,hyperparameter
2044,0.9370119611825772,0.9142055405812948,0.92093053009035,0.9333474516501296,0.9142055405812948,analcatdata_authorship,4,DT,hyperparameter
2045,0.9429022793951704,0.9134126955023611,0.9170764579213448,0.9253492991330078,0.9134126955023611,analcatdata_authorship,5,DT,hyperparameter
2046,0.989308282554728,0.9883733528808688,0.9901627574345212,0.9922488489864816,0.9883733528808688,analcatdata_authorship,0,RF,hyperparameter
2047,0.9928684269916498,0.9904772408905193,0.9923660406162776,0.9945059414524684,0.9904772408905193,analcatdata_authorship,1,RF,hyperparameter
2048,0.9928740690589032,0.9896326462959244,0.9915528867020276,0.9945891890044052,0.9896326462959244,analcatdata_authorship,2,RF,hyperparameter
2049,0.9916666666666668,0.9863464725291338,0.9896538018679596,0.9937030751638108,0.9863464725291338,analcatdata_authorship,3,RF,hyperparameter
2050,0.9892969984202212,0.98778488063082,0.9894846856903484,0.9914620978247431,0.98778488063082,analcatdata_authorship,4,RF,hyperparameter
2051,0.990481832543444,0.9873781294428188,0.989601786295506,0.9928890998648784,0.9873781294428188,analcatdata_authorship,5,RF,hyperparameter
2052,0.9165620641562064,0.912021331460338,0.9339610752507892,0.9420141690407244,0.9346511331805448,tokyo1,0,KNN,hyperparameter
2053,0.9165969316596932,0.9108796218300204,0.9345545235638116,0.9393779239500648,0.936391223155929,tokyo1,1,KNN,hyperparameter
2054,0.9259719316596932,0.9206851898252436,0.941823140144974,0.944185101499749,0.9412401324166032,tokyo1,2,KNN,hyperparameter
2055,0.9176255230125524,0.9104130151732632,0.9356052395645048,0.9375839063842074,0.9363700025464732,tokyo1,3,KNN,hyperparameter
2056,0.9155334728033472,0.9107818657826912,0.9335038312277536,0.9399196500475876,0.9347784568372804,tokyo1,4,KNN,hyperparameter
2057,0.922820781032078,0.9169551231588356,0.9394823058719802,0.9411125256885784,0.9379933791698496,tokyo1,5,KNN,hyperparameter
2058,0.914504881450488,0.8947589868004746,0.9352151549052448,0.9152793807288342,0.9869387148798914,tokyo1,0,SVC,hyperparameter
2059,0.9155552649930264,0.8962671093078187,0.9360854910624016,0.9188681239855736,0.9852941176470588,tokyo1,1,SVC,hyperparameter
2060,0.9124171896792188,0.894983636816978,0.933630683256932,0.9179403435149516,0.9853047279517868,tokyo1,2,SVC,hyperparameter
2061,0.9165925732217572,0.8976317587130597,0.9366793973237,0.919601258978033,0.9853365588659706,tokyo1,3,SVC,hyperparameter
2062,0.9113755230125524,0.8937396572927729,0.9329864169064438,0.9162865257299136,0.9853471691706986,tokyo1,4,SVC,hyperparameter
2063,0.9165925732217574,0.8969565451268597,0.9369792304506204,0.9228344593603092,0.9853153382565148,tokyo1,5,SVC,hyperparameter
2064,0.9092791143654116,0.8994337960208991,0.9292349044305166,0.9240926638716338,0.9346935743994568,tokyo1,0,LR,hyperparameter
2065,0.9082635983263598,0.896170272196264,0.9291003853365312,0.9188845897458192,0.9396273660979544,tokyo1,1,LR,hyperparameter
2066,0.9061584728033472,0.8945415904205234,0.9272971252208584,0.9184636118598384,0.9363700025464732,tokyo1,2,LR,hyperparameter
2067,0.9041056485355649,0.8903775393173478,0.9259192166729068,0.9151232448107448,0.939669807316866,tokyo1,3,LR,hyperparameter
2068,0.9113668061366806,0.9011611357624142,0.9310574156826164,0.924933006118802,0.9380145997793056,tokyo1,4,LR,hyperparameter
2069,0.9040577057182706,0.8909092798014445,0.9259782510903024,0.9147295764597072,0.9379933791698496,tokyo1,5,LR,hyperparameter
2070,0.8852989888423989,0.8635120095035657,0.914074838375888,0.8976241444031205,0.9559354044648164,tokyo1,0,NB,hyperparameter
2071,0.8894918061366807,0.8663255058043727,0.917370722823896,0.8964365318666212,0.9575906120023768,tokyo1,1,NB,hyperparameter
2072,0.8801037308228732,0.8597607222277018,0.9096264402791302,0.8944030437246027,0.9461420932009168,tokyo1,2,NB,hyperparameter
2073,0.884266039051604,0.8651422738909177,0.9121360139533992,0.8978454914134808,0.9413250148544268,tokyo1,3,NB,hyperparameter
2074,0.8842834728033473,0.8629309400365818,0.9133208764173746,0.8963894998487363,0.9543862999745352,tokyo1,4,NB,hyperparameter
2075,0.8863450139470015,0.8659303676757332,0.914691633862376,0.8984239951663296,0.955956625074272,tokyo1,5,NB,hyperparameter
2076,0.9269700139470014,0.9114139914914716,0.9440858601519996,0.9310196469300352,0.9673414820473644,tokyo1,0,DT,hyperparameter
2077,0.927035390516039,0.9152602780073416,0.94351139393397,0.9303598425258024,0.9575587810881928,tokyo1,1,DT,hyperparameter
2078,0.917608089260809,0.9034078486440624,0.9365524489006662,0.9275510706275528,0.9542695866225276,tokyo1,2,DT,hyperparameter
2079,0.9176691073919108,0.9004515897146446,0.9373187873627684,0.9192341763388666,0.9625244037008744,tokyo1,3,DT,hyperparameter
2080,0.9176168061366806,0.9055216646936776,0.9363795912026291,0.9346647936150196,0.9494418979713096,tokyo1,4,DT,hyperparameter
2081,0.9113493723849372,0.904165141063108,0.9306185818071808,0.9315798592114382,0.941261353026059,tokyo1,5,DT,hyperparameter
2082,0.934292189679219,0.9271832101653084,0.9486866682909284,0.9449455427589142,0.9624395212630508,tokyo1,0,RF,hyperparameter
2083,0.9353687238493724,0.9266408593764835,0.9501738060727676,0.943927650183628,0.9657287157287158,tokyo1,1,RF,hyperparameter
2084,0.9291100069735008,0.923147571827934,0.9450742422792118,0.944808434193041,0.957537560478737,tokyo1,2,RF,hyperparameter
2085,0.9395353905160392,0.9306696099498828,0.953161601284276,0.9440486866059308,0.9657181054239878,tokyo1,3,RF,hyperparameter
2086,0.933259239888424,0.925811672996092,0.9481698294305544,0.9436400958096818,0.9625031830914184,tokyo1,4,RF,hyperparameter
2087,0.9343096234309622,0.9227330509613872,0.949418275962123,0.942132218576058,0.9640841184958832,tokyo1,5,RF,hyperparameter
2088,0.8918797548605241,0.9107927097057532,0.9150141404520772,0.9363967757741594,0.9107927097057532,soybean,0,KNN,hyperparameter
2089,0.8903652437306283,0.908756038647343,0.9180816987079148,0.9382182228508984,0.908756038647343,soybean,1,KNN,hyperparameter
2090,0.879983798253029,0.8952898550724638,0.9013328426267614,0.9347480397792144,0.8952898550724638,soybean,2,KNN,hyperparameter
2091,0.8888683431952662,0.9058684672815108,0.9123874207827084,0.9398714899778968,0.9058684672815108,soybean,3,KNN,hyperparameter
2092,0.8830128205128205,0.8970410628019323,0.907335896212816,0.93640531990362,0.8970410628019323,soybean,4,KNN,hyperparameter
2093,0.8903740490278952,0.9022068511198946,0.9094261573098178,0.9339383535750968,0.9022068511198946,soybean,5,KNN,hyperparameter
2094,0.912633840518456,0.9425230566534916,0.9435498124366898,0.9519050242353064,0.9425230566534916,soybean,0,SVC,hyperparameter
2095,0.9095872076641308,0.9415953008344312,0.9429942839396072,0.955641697517632,0.9415953008344312,soybean,1,SVC,hyperparameter
2096,0.9081959706959708,0.9420619235836628,0.940351139636854,0.9515227071589056,0.9420619235836628,soybean,2,SVC,hyperparameter
2097,0.9066726542688082,0.9381862099253404,0.9379232366000988,0.9442851756583164,0.9381862099253404,soybean,3,SVC,hyperparameter
2098,0.902225979149056,0.9288866930171278,0.9296964492593036,0.9373510625800544,0.9288866930171278,soybean,4,SVC,hyperparameter
2099,0.905175753733446,0.9328722002635046,0.9347168223111392,0.9438911506557236,0.9328722002635046,soybean,5,SVC,hyperparameter
2100,0.9023052268244576,0.941326306543698,0.9402234806118176,0.9497353043231584,0.941326306543698,soybean,0,LR,hyperparameter
2101,0.9096312341504648,0.9434617918313568,0.943988256170174,0.9492529084536758,0.9434617918313568,soybean,1,LR,hyperparameter
2102,0.8962735981966751,0.9328557312252964,0.932398062080663,0.937785904920304,0.9328557312252964,soybean,2,LR,hyperparameter
2103,0.9037052690898844,0.934387351778656,0.9357677862878464,0.9466906255453716,0.934387351778656,soybean,3,LR,hyperparameter
2104,0.893332628909552,0.9346179183135706,0.9339474189096272,0.937878731639872,0.9346179183135706,soybean,4,LR,hyperparameter
2105,0.893385460693153,0.9281840140535792,0.9262669300687996,0.9346873911954794,0.9281840140535792,soybean,5,LR,hyperparameter
2106,0.8533829952099183,0.9310825647782168,0.9174133327651008,0.9351989351989352,0.9310825647782168,soybean,0,NB,hyperparameter
2107,0.8533125528317836,0.928963548528766,0.9151586807264148,0.9335961279037484,0.928963548528766,soybean,1,NB,hyperparameter
2108,0.8533389687235842,0.9289361001317524,0.9164486991392062,0.9359431433732086,0.9289361001317524,soybean,2,NB,hyperparameter
2109,0.8622147083685545,0.939081027667984,0.9233129096539688,0.9391422300975149,0.939081027667984,soybean,3,NB,hyperparameter
2110,0.8533125528317836,0.9246706192358368,0.912188521747766,0.9339430190762028,0.9246706192358368,soybean,4,NB,hyperparameter
2111,0.8533301634263173,0.926762187088274,0.914807980046238,0.9333104474954964,0.926762187088274,soybean,5,NB,hyperparameter
2112,0.9244505494505496,0.952475845410628,0.9474960580608,0.9554612783462908,0.952475845410628,soybean,0,DT,hyperparameter
2113,0.909578402366864,0.9353260869565216,0.9341032944398348,0.9454463189246856,0.9353260869565216,soybean,1,DT,hyperparameter
2114,0.92742673992674,0.9571475625823452,0.953424055619507,0.9580612084507012,0.9571475625823452,soybean,2,DT,hyperparameter
2115,0.9170452944491404,0.9390096618357489,0.9432807387555812,0.9613073650567434,0.9390096618357489,soybean,3,DT,hyperparameter
2116,0.9215007748661594,0.9361056214317084,0.93712513258721,0.9465927946181568,0.9361056214317084,soybean,4,DT,hyperparameter
2117,0.903722879684418,0.9288921826965304,0.9325664817801832,0.948605270161634,0.9288921826965304,soybean,5,DT,hyperparameter
2118,0.9392874753451677,0.9629721124286342,0.9611327763907352,0.973774799559095,0.9629721124286342,soybean,0,RF,hyperparameter
2119,0.9466398985629756,0.9707839262187088,0.9707452508631064,0.9770433865862224,0.9707839262187088,soybean,1,RF,hyperparameter
2120,0.9407491546914624,0.9669576196750108,0.9648937961603672,0.9707079538706952,0.9669576196750108,soybean,2,RF,hyperparameter
2121,0.9452222457030148,0.9731719367588932,0.9717994013338888,0.9791166472416472,0.9731719367588932,soybean,3,RF,hyperparameter
2122,0.9407491546914624,0.9670399648660516,0.9672587087079896,0.9734976090675324,0.9670399648660516,soybean,4,RF,hyperparameter
2123,0.9363024795717104,0.9590689503732982,0.9617669204830092,0.9753633503605944,0.9590689503732982,soybean,5,RF,hyperparameter
2124,0.974,0.974,0.9740446492774204,0.974617093612892,0.974,mfeat_karhunen,0,KNN,hyperparameter
2125,0.9755,0.9755,0.9754974527085676,0.976325113884304,0.9755,mfeat_karhunen,1,KNN,hyperparameter
2126,0.9765,0.9765,0.976544371662928,0.9772075875229216,0.9765,mfeat_karhunen,2,KNN,hyperparameter
2127,0.9745,0.9745,0.9745542236688778,0.9754503551790348,0.9745,mfeat_karhunen,3,KNN,hyperparameter
2128,0.9745,0.9745,0.9745861483031484,0.9752652757301542,0.9745,mfeat_karhunen,4,KNN,hyperparameter
2129,0.9745,0.9745,0.9745190204815408,0.975208706597172,0.9745,mfeat_karhunen,5,KNN,hyperparameter
2130,0.981,0.981,0.9810220191974558,0.9812967519373496,0.981,mfeat_karhunen,0,SVC,hyperparameter
2131,0.982,0.982,0.9820114063889518,0.9822892000051108,0.982,mfeat_karhunen,1,SVC,hyperparameter
2132,0.982,0.982,0.982048413942358,0.9825201432895364,0.982,mfeat_karhunen,2,SVC,hyperparameter
2133,0.983,0.983,0.9830205556559248,0.983391838593202,0.983,mfeat_karhunen,3,SVC,hyperparameter
2134,0.983,0.983,0.9830064835414638,0.9832638155689628,0.983,mfeat_karhunen,4,SVC,hyperparameter
2135,0.981,0.981,0.98104905253289,0.9814842803231598,0.981,mfeat_karhunen,5,SVC,hyperparameter
2136,0.962,0.962,0.9620378852881404,0.9630637317185192,0.962,mfeat_karhunen,0,LR,hyperparameter
2137,0.9585,0.9585,0.9586376471118534,0.96011088159587,0.9585,mfeat_karhunen,1,LR,hyperparameter
2138,0.963,0.963,0.9630397689161064,0.9637036583818208,0.963,mfeat_karhunen,2,LR,hyperparameter
2139,0.9625,0.9625,0.9625531559876888,0.96338296555493,0.9625,mfeat_karhunen,3,LR,hyperparameter
2140,0.965,0.965,0.9650460700871408,0.9660333217452836,0.965,mfeat_karhunen,4,LR,hyperparameter
2141,0.96,0.96,0.960068775014398,0.9609514713743528,0.96,mfeat_karhunen,5,LR,hyperparameter
2142,0.9375,0.9375,0.9376777283675276,0.9400715297073492,0.9375,mfeat_karhunen,0,NB,hyperparameter
2143,0.9355,0.9355,0.9356996278890604,0.9386279874385886,0.9355,mfeat_karhunen,1,NB,hyperparameter
2144,0.9345,0.9345,0.9348211871732272,0.9379038084633003,0.9345,mfeat_karhunen,2,NB,hyperparameter
2145,0.9335,0.9335,0.9339627821938596,0.9371218437928076,0.9335,mfeat_karhunen,3,NB,hyperparameter
2146,0.934,0.934,0.9341519829849262,0.9374884812785764,0.934,mfeat_karhunen,4,NB,hyperparameter
2147,0.9325,0.9325,0.9329203907019912,0.9355660230909444,0.9325,mfeat_karhunen,5,NB,hyperparameter
2148,0.817,0.817,0.8166956879832397,0.8185924288324057,0.817,mfeat_karhunen,0,DT,hyperparameter
2149,0.8165,0.8165,0.8169898057123038,0.8231101010717041,0.8165,mfeat_karhunen,1,DT,hyperparameter
2150,0.8185,0.8185,0.8185170257516364,0.822733648911082,0.8185,mfeat_karhunen,2,DT,hyperparameter
2151,0.8140000000000001,0.8140000000000001,0.81466864455553,0.8189046313772643,0.8140000000000001,mfeat_karhunen,3,DT,hyperparameter
2152,0.8109999999999999,0.8109999999999999,0.8110913384419236,0.8147036804505208,0.8109999999999999,mfeat_karhunen,4,DT,hyperparameter
2153,0.804,0.804,0.8038046847551639,0.8072322062989963,0.804,mfeat_karhunen,5,DT,hyperparameter
2154,0.964,0.964,0.9639646884117292,0.9644124202192996,0.964,mfeat_karhunen,0,RF,hyperparameter
2155,0.9645,0.9645,0.9644447367255968,0.9653520112978604,0.9645,mfeat_karhunen,1,RF,hyperparameter
2156,0.9635,0.9635,0.963545159377044,0.9645158045668374,0.9635,mfeat_karhunen,2,RF,hyperparameter
2157,0.964,0.964,0.9639987397125768,0.9646367583638348,0.964,mfeat_karhunen,3,RF,hyperparameter
2158,0.9625,0.9625,0.9625204413813234,0.963160245294699,0.9625,mfeat_karhunen,4,RF,hyperparameter
2159,0.962,0.962,0.9619348694724834,0.962691987921472,0.962,mfeat_karhunen,5,RF,hyperparameter
2160,0.5075,0.5075,0.4817791195804203,0.509000846469775,0.45875,GAMETES_Epistasis_2_Way_1000atts_0.4H_EDM_1_EDM_1_1,0,KNN,impute
2161,0.5193749999999999,0.5193749999999999,0.4957060889293108,0.5198513222242107,0.4762499999999999,GAMETES_Epistasis_2_Way_1000atts_0.4H_EDM_1_EDM_1_1,1,KNN,impute
2162,0.51625,0.51625,0.4897168804463713,0.5178371218872021,0.4649999999999999,GAMETES_Epistasis_2_Way_1000atts_0.4H_EDM_1_EDM_1_1,2,KNN,impute
2163,0.515,0.5149999999999999,0.4968984349018955,0.5158047834692253,0.48,GAMETES_Epistasis_2_Way_1000atts_0.4H_EDM_1_EDM_1_1,3,KNN,impute
2164,0.5149999999999999,0.5150000000000001,0.491587879183299,0.516665026391401,0.47125,GAMETES_Epistasis_2_Way_1000atts_0.4H_EDM_1_EDM_1_1,4,KNN,impute
2165,0.511875,0.511875,0.4806509742422004,0.5121701002256716,0.4575,GAMETES_Epistasis_2_Way_1000atts_0.4H_EDM_1_EDM_1_1,5,KNN,impute
2166,0.493125,0.493125,0.49343383164727,0.493210384386855,0.4937499999999999,GAMETES_Epistasis_2_Way_1000atts_0.4H_EDM_1_EDM_1_1,0,SVC,impute
2167,0.488125,0.488125,0.4686136752359776,0.4878963098814748,0.45125,GAMETES_Epistasis_2_Way_1000atts_0.4H_EDM_1_EDM_1_1,1,SVC,impute
2168,0.50875,0.50875,0.5123456335798,0.5083892708202392,0.5175000000000001,GAMETES_Epistasis_2_Way_1000atts_0.4H_EDM_1_EDM_1_1,2,SVC,impute
2169,0.49875,0.49875,0.4869125558883459,0.4985056287373899,0.47625,GAMETES_Epistasis_2_Way_1000atts_0.4H_EDM_1_EDM_1_1,3,SVC,impute
2170,0.52,0.52,0.5191548019784222,0.5200199360915376,0.51875,GAMETES_Epistasis_2_Way_1000atts_0.4H_EDM_1_EDM_1_1,4,SVC,impute
2171,0.506875,0.506875,0.501172222108726,0.5067505959035472,0.49625,GAMETES_Epistasis_2_Way_1000atts_0.4H_EDM_1_EDM_1_1,5,SVC,impute
2172,0.49,0.49,0.4887577939052348,0.4900376989456654,0.4875,GAMETES_Epistasis_2_Way_1000atts_0.4H_EDM_1_EDM_1_1,0,LR,impute
2173,0.4962499999999999,0.4962499999999999,0.4804804145858448,0.4959213692809842,0.46625,GAMETES_Epistasis_2_Way_1000atts_0.4H_EDM_1_EDM_1_1,1,LR,impute
2174,0.504375,0.504375,0.507046512935356,0.5039880012036411,0.51125,GAMETES_Epistasis_2_Way_1000atts_0.4H_EDM_1_EDM_1_1,2,LR,impute
2175,0.494375,0.494375,0.4796463815789474,0.4942201382819896,0.46625,GAMETES_Epistasis_2_Way_1000atts_0.4H_EDM_1_EDM_1_1,3,LR,impute
2176,0.520625,0.520625,0.5201945250008748,0.5210848754962446,0.52,GAMETES_Epistasis_2_Way_1000atts_0.4H_EDM_1_EDM_1_1,4,LR,impute
2177,0.505625,0.505625,0.5011524636260678,0.5053497621781204,0.4975,GAMETES_Epistasis_2_Way_1000atts_0.4H_EDM_1_EDM_1_1,5,LR,impute
2178,0.503125,0.503125,0.4938862692270733,0.5037850292086263,0.485,GAMETES_Epistasis_2_Way_1000atts_0.4H_EDM_1_EDM_1_1,0,NB,impute
2179,0.516875,0.516875,0.5104603055265795,0.5170301950887056,0.505,GAMETES_Epistasis_2_Way_1000atts_0.4H_EDM_1_EDM_1_1,1,NB,impute
2180,0.5025,0.5025,0.4948282753056538,0.5021811004194424,0.48875,GAMETES_Epistasis_2_Way_1000atts_0.4H_EDM_1_EDM_1_1,2,NB,impute
2181,0.51125,0.51125,0.514910758962042,0.511963385960811,0.51875,GAMETES_Epistasis_2_Way_1000atts_0.4H_EDM_1_EDM_1_1,3,NB,impute
2182,0.509375,0.509375,0.4996397764253917,0.5093293162472242,0.4912499999999999,GAMETES_Epistasis_2_Way_1000atts_0.4H_EDM_1_EDM_1_1,4,NB,impute
2183,0.500625,0.500625,0.495874403057953,0.501163925285754,0.4925,GAMETES_Epistasis_2_Way_1000atts_0.4H_EDM_1_EDM_1_1,5,NB,impute
2184,0.5081249999999999,0.508125,0.514736723349972,0.5087907125898592,0.52125,GAMETES_Epistasis_2_Way_1000atts_0.4H_EDM_1_EDM_1_1,0,DT,impute
2185,0.500625,0.500625,0.5052964802785573,0.5019165636876084,0.51125,GAMETES_Epistasis_2_Way_1000atts_0.4H_EDM_1_EDM_1_1,1,DT,impute
2186,0.50375,0.50375,0.4897264634549664,0.5032287115726055,0.4775,GAMETES_Epistasis_2_Way_1000atts_0.4H_EDM_1_EDM_1_1,2,DT,impute
2187,0.504375,0.504375,0.5052431716833891,0.5042088444185371,0.5075,GAMETES_Epistasis_2_Way_1000atts_0.4H_EDM_1_EDM_1_1,3,DT,impute
2188,0.5025,0.5025,0.495404525788041,0.5031097029103553,0.4912499999999999,GAMETES_Epistasis_2_Way_1000atts_0.4H_EDM_1_EDM_1_1,4,DT,impute
2189,0.48125,0.48125,0.4639220408007645,0.4801967932853876,0.44875,GAMETES_Epistasis_2_Way_1000atts_0.4H_EDM_1_EDM_1_1,5,DT,impute
2190,0.4806249999999999,0.4806249999999999,0.4499177837354781,0.4783413012299534,0.425,GAMETES_Epistasis_2_Way_1000atts_0.4H_EDM_1_EDM_1_1,0,RF,impute
2191,0.493125,0.493125,0.476137991774869,0.4923201999311912,0.4625,GAMETES_Epistasis_2_Way_1000atts_0.4H_EDM_1_EDM_1_1,1,RF,impute
2192,0.490625,0.490625,0.4790004772014169,0.4906012851194594,0.46875,GAMETES_Epistasis_2_Way_1000atts_0.4H_EDM_1_EDM_1_1,2,RF,impute
2193,0.5093749999999999,0.5093749999999999,0.4933262753106094,0.5106199028930046,0.4775,GAMETES_Epistasis_2_Way_1000atts_0.4H_EDM_1_EDM_1_1,3,RF,impute
2194,0.4918749999999999,0.491875,0.4707299238080398,0.4912349957443965,0.4525,GAMETES_Epistasis_2_Way_1000atts_0.4H_EDM_1_EDM_1_1,4,RF,impute
2195,0.481875,0.4818749999999999,0.4599839996026698,0.4810140572957199,0.44125,GAMETES_Epistasis_2_Way_1000atts_0.4H_EDM_1_EDM_1_1,5,RF,impute
2196,1.0,1.0,1.0,1.0,1.0,agaricus_lepiota,0,KNN,impute
2197,1.0,1.0,1.0,1.0,1.0,agaricus_lepiota,1,KNN,impute
2198,0.99987721021611,0.9998723186925432,0.9998722534491568,1.0,0.9997446373850868,agaricus_lepiota,2,KNN,impute
2199,1.0,1.0,1.0,1.0,1.0,agaricus_lepiota,3,KNN,impute
2200,1.0,1.0,1.0,1.0,1.0,agaricus_lepiota,4,KNN,impute
2201,1.0,1.0,1.0,1.0,1.0,agaricus_lepiota,5,KNN,impute
2202,0.9853891007520016,0.9855598213586824,0.984861318102165,0.9797744858418104,0.9900411185924828,agaricus_lepiota,0,SVC,impute
2203,0.9851441842611104,0.985295948669871,0.9846157458036396,0.9800174417208612,0.9892768547664214,agaricus_lepiota,1,SVC,impute
2204,0.985267154884152,0.9854148593293326,0.9847416867813592,0.9802709038963646,0.9892781576369056,agaricus_lepiota,2,SVC,impute
2205,0.985389582989739,0.9855320762571648,0.9848602040885734,0.9805414984453276,0.9892760730441308,agaricus_lepiota,3,SVC,impute
2206,0.9851447267785652,0.985277755938639,0.9846170455055088,0.9805054235734444,0.9887674324070792,agaricus_lepiota,4,SVC,impute
2207,0.982933666752505,0.9829501838583216,0.9822334226414328,0.9811526680652652,0.9834027329011278,agaricus_lepiota,5,SVC,impute
2208,0.9558006810161328,0.955669570336438,0.9539465600626172,0.9556723919344936,0.9522568322528194,agaricus_lepiota,0,LR,impute
2209,0.9551867923764,0.9550327272437362,0.953282311638752,0.9556934195953876,0.9509831460674156,agaricus_lepiota,1,LR,impute
2210,0.9555557645252418,0.9554169437495418,0.9536782865129732,0.9556799692116834,0.9517515790790269,agaricus_lepiota,2,LR,impute
2211,0.956415714970492,0.9562353362358412,0.9545476317593232,0.9576755167249908,0.951496216464114,agaricus_lepiota,3,LR,impute
2212,0.95616911064752,0.956016619657489,0.954327360609749,0.9566955783296924,0.9520048571011652,agaricus_lepiota,4,LR,impute
2213,0.9559247366740836,0.955780752644292,0.9540623290059448,0.9561640113961748,0.9520061599716496,agaricus_lepiota,5,LR,impute
2214,0.9192140272348585,0.919291506623552,0.9164523965323544,0.9117228732155506,0.9213644702007464,agaricus_lepiota,0,NB,impute
2215,0.9176176997645716,0.9177653828106136,0.9150118131144562,0.908714746308289,0.9216234808530152,agaricus_lepiota,1,NB,impute
2216,0.9192148108711816,0.9192756590591916,0.9164196249643692,0.9120951992820672,0.9208597381751474,agaricus_lepiota,2,NB,impute
2217,0.91884541676432,0.9188922242756764,0.916029484578302,0.9121508209092476,0.9200928686081172,agaricus_lepiota,3,NB,impute
2218,0.9193371786970514,0.9193831933296897,0.916513860814444,0.9125215638107436,0.9206017698192658,agaricus_lepiota,4,NB,impute
2219,0.9205647751373652,0.9205754682292184,0.9176995193466604,0.9145840780647374,0.9208576535823726,agaricus_lepiota,5,NB,impute
2220,1.0,1.0,1.0,1.0,1.0,agaricus_lepiota,0,DT,impute
2221,1.0,1.0,1.0,1.0,1.0,agaricus_lepiota,1,DT,impute
2222,1.0,1.0,1.0,1.0,1.0,agaricus_lepiota,2,DT,impute
2223,1.0,1.0,1.0,1.0,1.0,agaricus_lepiota,3,DT,impute
2224,1.0,1.0,1.0,1.0,1.0,agaricus_lepiota,4,DT,impute
2225,1.0,1.0,1.0,1.0,1.0,agaricus_lepiota,5,DT,impute
2226,1.0,1.0,1.0,1.0,1.0,agaricus_lepiota,0,RF,impute
2227,1.0,1.0,1.0,1.0,1.0,agaricus_lepiota,1,RF,impute
2228,1.0,1.0,1.0,1.0,1.0,agaricus_lepiota,2,RF,impute
2229,1.0,1.0,1.0,1.0,1.0,agaricus_lepiota,3,RF,impute
2230,1.0,1.0,1.0,1.0,1.0,agaricus_lepiota,4,RF,impute
2231,1.0,1.0,1.0,1.0,1.0,agaricus_lepiota,5,RF,impute
2232,0.9998769079271296,0.9998723186925432,0.9998722534491568,1.0,0.9997446373850868,mushroom,0,KNN,impute
2233,0.9998769079271296,0.9998723186925432,0.9998722534491568,1.0,0.9997446373850868,mushroom,1,KNN,impute
2234,0.9998769079271296,0.9998723186925432,0.9998722534491568,1.0,0.9997446373850868,mushroom,2,KNN,impute
2235,0.9998769079271296,0.9998723186925432,0.9998722534491568,1.0,0.9997446373850868,mushroom,3,KNN,impute
2236,0.9993845396356474,0.9993615934627168,0.9993608751847588,1.0,0.998723186925434,mushroom,4,KNN,impute
2237,0.9998769079271296,0.9998723186925432,0.9998722534491568,1.0,0.9997446373850868,mushroom,5,KNN,impute
2238,0.9716888232397836,0.9714129805769058,0.9704336791176864,0.9772426409659798,0.9637385086823288,mushroom,0,SVC,impute
2239,0.973042836041359,0.9728794950616948,0.9719294626422436,0.9756087845747164,0.968335035750766,mushroom,1,SVC,impute
2240,0.971811915312654,0.9715318018696816,0.9705499073441052,0.9774783562383772,0.9637385086823288,mushroom,2,SVC,impute
2241,0.9716888232397836,0.971412980576906,0.9704298523516336,0.9772243621822608,0.9637385086823288,mushroom,3,SVC,impute
2242,0.9726735598227476,0.972496451139325,0.9715041719610276,0.9756291254850976,0.9675689479060264,mushroom,4,SVC,impute
2243,0.9716888232397832,0.971412980576906,0.9704194147091522,0.9772053484452792,0.9637385086823288,mushroom,5,SVC,impute
2244,0.9523633677991138,0.9519783563192052,0.9501627550383364,0.9592959617942198,0.9412665985699694,mushroom,0,LR,impute
2245,0.9524864598719842,0.9520528775385764,0.9501787133272526,0.9606442061939332,0.9399897854954036,mushroom,1,LR,impute
2246,0.9529788281634664,0.9525370227243598,0.9506552487552244,0.9613798975248312,0.9402451481103168,mushroom,2,LR,impute
2247,0.9510093549975382,0.9505029818197352,0.9484929804859472,0.9609755618565252,0.936414708886619,mushroom,3,LR,impute
2248,0.9527326440177252,0.9523436802122132,0.9504863974976824,0.9596571902231956,0.9415219611848824,mushroom,4,LR,impute
2249,0.9534711964549484,0.9530566079688672,0.9512338448546024,0.9611608476488868,0.9415219611848824,mushroom,5,LR,impute
2250,0.8569670113244707,0.8577300108359194,0.8556874065766233,0.8337872878494483,0.8789581205311542,mushroom,0,NB,impute
2251,0.8557360905957656,0.8565506579228437,0.8547321517939566,0.8319644718214314,0.8792134831460674,mushroom,1,NB,impute
2252,0.8559822747415066,0.8568060205377568,0.8549984025432817,0.8318390389643043,0.8797242083758937,mushroom,2,NB,impute
2253,0.8558591826686361,0.8566428991715764,0.8546399922549502,0.8326885186440992,0.8784473953013279,mushroom,3,NB,impute
2254,0.8577055637616937,0.8584960986806589,0.8563872659872751,0.8340118587677947,0.8804902962206334,mushroom,4,NB,impute
2255,0.8559822747415066,0.8568326005817994,0.8550024343649181,0.8312198043434704,0.8804902962206334,mushroom,5,NB,impute
2256,1.0,1.0,1.0,1.0,1.0,mushroom,0,DT,impute
2257,1.0,1.0,1.0,1.0,1.0,mushroom,1,DT,impute
2258,1.0,1.0,1.0,1.0,1.0,mushroom,2,DT,impute
2259,1.0,1.0,1.0,1.0,1.0,mushroom,3,DT,impute
2260,1.0,1.0,1.0,1.0,1.0,mushroom,4,DT,impute
2261,1.0,1.0,1.0,1.0,1.0,mushroom,5,DT,impute
2262,1.0,1.0,1.0,1.0,1.0,mushroom,0,RF,impute
2263,1.0,1.0,1.0,1.0,1.0,mushroom,1,RF,impute
2264,1.0,1.0,1.0,1.0,1.0,mushroom,2,RF,impute
2265,1.0,1.0,1.0,1.0,1.0,mushroom,3,RF,impute
2266,1.0,1.0,1.0,1.0,1.0,mushroom,4,RF,impute
2267,1.0,1.0,1.0,1.0,1.0,mushroom,5,RF,impute
2268,0.6833783783783784,0.6802674672489083,0.7612885847530506,0.6145849506746539,1.0,ring,0,KNN,impute
2269,0.6837837837837838,0.6806768558951966,0.7615289133299166,0.6149043271441288,1.0,ring,1,KNN,impute
2270,0.6833783783783784,0.6802674672489083,0.7613466524421498,0.6147068847740247,1.0,ring,2,KNN,impute
2271,0.687027027027027,0.6839519650655022,0.7633896614845929,0.6173291225269497,1.0,ring,3,KNN,impute
2272,0.6833783783783783,0.6802674672489083,0.7613021414571446,0.61461343559439,1.0,ring,4,KNN,impute
2273,0.6841891891891891,0.6810862445414848,0.7617500077517901,0.6151832044908051,1.0,ring,5,KNN,impute
2274,0.7625675675675675,0.7616548652085691,0.7844132057587163,0.7243482036774771,0.8554603854389722,ring,0,SVC,impute
2275,0.762972972972973,0.7620563641379052,0.7848078364373942,0.7244601882615538,0.8562633832976445,ring,1,SVC,impute
2276,0.7625675675675676,0.7616680147368223,0.7840935879722265,0.7248282700251624,0.8541220556745182,ring,2,SVC,impute
2277,0.7625675675675675,0.7616417156803158,0.7846958641700184,0.7238470860037505,0.8567987152034261,ring,3,SVC,impute
2278,0.7610810810810811,0.7601774426563683,0.7828354452937989,0.7233739931449819,0.8530513918629551,ring,4,SVC,impute
2279,0.7624324324324323,0.761510512609521,0.7844798409803703,0.7238844429201682,0.8562633832976445,ring,5,SVC,impute
2280,0.7527027027027028,0.7522269456626428,0.7658879076002564,0.7336692121880759,0.8011241970021414,ring,0,LR,impute
2281,0.7554054054054055,0.7549351640593588,0.7682852157003973,0.7363050098278231,0.8032655246252677,ring,1,LR,impute
2282,0.7533783783783784,0.7529066301674724,0.7663386946100208,0.7344422270773574,0.8013918629550321,ring,2,LR,impute
2283,0.7556756756756757,0.7551949402952975,0.7688345350627925,0.7362477597517947,0.8046038543897216,ring,3,LR,impute
2284,0.7558108108108108,0.7553471826112976,0.768514404331662,0.7369851903490742,0.8029978586723769,ring,4,LR,impute
2285,0.7582432432432433,0.7577772154325201,0.7709200880269628,0.7392021482407981,0.8056745182012848,ring,5,LR,impute
2286,0.9793243243243244,0.9792500444161844,0.9796707916583628,0.9725692431630748,0.9868843683083512,ring,0,NB,impute
2287,0.9786486486486486,0.9785729898170054,0.97901360738539,0.9717915704293414,0.9863490364025695,ring,1,NB,impute
2288,0.9793243243243244,0.9792500444161844,0.9796699621666892,0.9725651996219534,0.9868843683083512,ring,2,NB,impute
2289,0.9787837837837838,0.9787094526991014,0.9791417434475796,0.9720549505470588,0.9863490364025695,ring,3,NB,impute
2290,0.9793243243243244,0.9792474145105337,0.9796876631621608,0.9723608839963293,0.987152034261242,ring,4,NB,impute
2291,0.9785135135135136,0.97843915684056,0.9788746556933388,0.971775306538094,0.9860813704496788,ring,5,NB,impute
2292,0.8695945945945946,0.869486256697493,0.8720903408746294,0.8637542082355816,0.8806209850107066,ring,0,DT,impute
2293,0.8758108108108108,0.8757582894626109,0.8775110686337481,0.873949518663043,0.8811563169164882,ring,1,DT,impute
2294,0.8721621621621622,0.8720527524008116,0.874701204151593,0.8665234965849659,0.8832976445396146,ring,2,DT,impute
2295,0.8732432432432433,0.8731234162123749,0.8758041879942255,0.8664735221209665,0.8854389721627409,ring,3,DT,impute
2296,0.8717567567567568,0.8716538833771261,0.8741301629669669,0.8662504038046505,0.8822269807280514,ring,4,DT,impute
2297,0.8760810810810811,0.8759444283403308,0.8788055606710093,0.8679470434930743,0.8899892933618844,ring,5,DT,impute
2298,0.9472972972972972,0.9475605579607828,0.9463517554130656,0.973725694063315,0.9205032119914348,ring,0,RF,impute
2299,0.9474324324324324,0.9476996507485296,0.9464547318464877,0.9742157785771648,0.920235546038544,ring,1,RF,impute
2300,0.948108108108108,0.9483767053477086,0.9470826765053336,0.9750383779762676,0.9207708779443255,ring,2,RF,impute
2301,0.9506756756756756,0.9508984926549656,0.9499743695451608,0.9730714420536052,0.9279978586723768,ring,3,RF,impute
2302,0.9482432432432432,0.9485079084185034,0.9472425354329403,0.974831965802196,0.921306209850107,ring,4,RF,impute
2303,0.9498648648648648,0.9501033845132454,0.9490626478830952,0.9738031202837366,0.9255888650963596,ring,5,RF,impute
2304,0.9693243243243242,0.96932006222233,0.969201523270106,0.9728201754208436,0.9656478881478884,twonorm,0,KNN,impute
2305,0.9704054054054052,0.9704055241744228,0.9703940476406862,0.969751531409486,0.971055926055926,twonorm,1,KNN,impute
2306,0.9667567567567568,0.9667546836688304,0.9666215840876048,0.9695197008693736,0.9637559962559964,twonorm,2,KNN,impute
2307,0.969054054054054,0.9690527122168592,0.969025127843658,0.9694655521888728,0.9686223236223236,twonorm,3,KNN,impute
2308,0.9687837837837836,0.9687817106958576,0.9686737265771906,0.9720633980248936,0.965377617877618,twonorm,4,KNN,impute
2309,0.9682432432432432,0.9682413167213384,0.9681683724957152,0.9696894805745362,0.9667295542295544,twonorm,5,KNN,impute
2310,0.9775675675675676,0.9775640427179304,0.9775329955057932,0.9789278834738334,0.9761954486954488,twonorm,0,SVC,impute
2311,0.977972972972973,0.9779713468482368,0.9779201035040704,0.9796555872778508,0.9761969111969112,twonorm,1,SVC,impute
2312,0.9770270270270268,0.9770255458889368,0.9769721167343092,0.9785895168357904,0.9753852228852228,twonorm,2,SVC,impute
2313,0.9779729729729728,0.9779725146382814,0.9779301965650538,0.9791371968981304,0.9767377442377444,twonorm,3,SVC,impute
2314,0.9777027027027028,0.9777006381434028,0.9776288426147888,0.9801748466483616,0.975115245115245,twonorm,4,SVC,impute
2315,0.977162162162162,0.9771587804039208,0.9770689500631384,0.9796694431584778,0.9745711945711946,twonorm,5,SVC,impute
2316,0.9772972972972972,0.9772937721317853,0.9772435868317952,0.97914552143096,0.9753843453843454,twonorm,0,LR,impute
2317,0.9782432432432432,0.978241616802632,0.9781937247312036,0.979661988977776,0.9767371592371592,twonorm,1,LR,impute
2318,0.9772972972972972,0.9772956705408108,0.9772399622851832,0.9788627658336472,0.9756557856557856,twonorm,2,LR,impute
2319,0.9777027027027028,0.9777018056175724,0.977646500265128,0.9793907655881056,0.975926055926056,twonorm,3,LR,impute
2320,0.9772972972972972,0.9772962549096458,0.9772559782570562,0.9783341659218956,0.9761969111969112,twonorm,4,LR,impute
2321,0.9778378378378378,0.977834749211639,0.9777556498379806,0.9802170203417808,0.9753831753831754,twonorm,5,LR,impute
2322,0.9778378378378378,0.9778343126723256,0.977774398509668,0.9799330091371682,0.9756546156546156,twonorm,0,NB,impute
2323,0.9777027027027028,0.9777010756303414,0.9776380750279856,0.9796363607042202,0.9756554931554932,twonorm,1,NB,impute
2324,0.9774324324324324,0.9774308066235712,0.9773650633307556,0.979370746057994,0.9753863928863928,twonorm,2,NB,impute
2325,0.9785135135135136,0.9785121798890696,0.978454878181252,0.9804618230073544,0.9764677664677665,twonorm,3,NB,impute
2326,0.978108108108108,0.9781057523120158,0.9780491512143707,0.9802146586255298,0.9759266409266408,twonorm,4,NB,impute
2327,0.9779729729729728,0.9779704693473592,0.9779122359626398,0.9796713707346084,0.9761951561951562,twonorm,5,NB,impute
2328,0.8432432432432433,0.8432429614827023,0.8434837463256103,0.8415193860809106,0.8455499005499005,twonorm,0,DT,impute
2329,0.846081081081081,0.8460848917976347,0.8460697530477781,0.8453202119552463,0.846907101907102,twonorm,1,DT,impute
2330,0.8455405405405405,0.8455376284884923,0.8452600882098996,0.8460473740935168,0.8450061425061425,twonorm,2,DT,impute
2331,0.8517567567567568,0.851750928546285,0.8513576803208227,0.8526153025502722,0.8504138879138878,twonorm,3,DT,impute
2332,0.8508108108108108,0.8508067347592186,0.8510279931725938,0.8493415052481117,0.8531174681174681,twonorm,4,DT,impute
2333,0.8452702702702704,0.8452654575980709,0.8440418175236116,0.8505180478122287,0.8377056277056277,twonorm,5,DT,impute
2334,0.9691891891891892,0.9691862411273858,0.9690926441178334,0.971478939374234,0.9667295542295542,twonorm,0,RF,impute
2335,0.9672972972972972,0.9672947841954322,0.9671982152349548,0.969060559801473,0.9653755703755704,twonorm,1,RF,impute
2336,0.9697297297297298,0.9697267835631768,0.9695693816214108,0.9738142364872212,0.9653799578799578,twonorm,2,RF,impute
2337,0.9693243243243244,0.9693216674993133,0.9692149053418048,0.9719933782029768,0.966458698958699,twonorm,3,RF,impute
2338,0.9691891891891892,0.969185657706176,0.9690594623905,0.9727899862903416,0.9653784953784952,twonorm,4,RF,impute
2339,0.9702702702702702,0.9702670309716744,0.9701723552059036,0.9728850791078802,0.96754095004095,twonorm,5,RF,impute
2340,0.9054621848739496,0.9119194750230748,0.8997035997193896,0.8501092831345779,0.9613499245852188,clean1,0,KNN,impute
2341,0.8865546218487395,0.8936159136444474,0.8792301704359227,0.8212508813678829,0.9470211161387632,clean1,1,KNN,impute
2342,0.907563025210084,0.9115578780306612,0.8984789158843861,0.8589781664191827,0.942024886877828,clean1,2,KNN,impute
2343,0.8886554621848739,0.8959726255599828,0.8817146888267577,0.8222822931965228,0.951734539969834,clean1,3,KNN,impute
2344,0.8949579831932772,0.8982308480223318,0.8841702279202279,0.8497108155002892,0.9228883861236804,clean1,4,KNN,impute
2345,0.9033613445378152,0.91068624636996,0.8973265247213845,0.839104408875466,0.966346153846154,clean1,5,KNN,impute
2346,1.0,1.0,1.0,1.0,1.0,clean1,0,SVC,impute
2347,1.0,1.0,1.0,1.0,1.0,clean1,1,SVC,impute
2348,1.0,1.0,1.0,1.0,1.0,clean1,2,SVC,impute
2349,1.0,1.0,1.0,1.0,1.0,clean1,3,SVC,impute
2350,1.0,1.0,1.0,1.0,1.0,clean1,4,SVC,impute
2351,0.9978991596638656,0.9981617647058824,0.9975728155339806,0.9951923076923076,1.0,clean1,5,SVC,impute
2352,0.9936974789915968,0.993872549019608,0.9927184466019418,0.9903846153846154,0.9950980392156864,clean1,0,LR,impute
2353,0.9978991596638656,0.9975490196078431,0.9975247524752476,1.0,0.9950980392156864,clean1,1,LR,impute
2354,0.9936974789915968,0.9938648105625718,0.9928571428571428,0.9905660377358492,0.9951923076923076,clean1,2,LR,impute
2355,0.9978991596638656,0.997596153846154,0.9975728155339806,1.0,0.9951923076923076,clean1,3,LR,impute
2356,0.9978991596638656,0.997596153846154,0.9975728155339806,1.0,0.9951923076923076,clean1,4,LR,impute
2357,0.9936974789915968,0.9938922469102452,0.9927651232262884,0.9903846153846154,0.9951923076923076,clean1,5,LR,impute
2358,0.8067226890756303,0.8094974786699984,0.7917667488426292,0.761927859599612,0.8306938159879336,clean1,0,NB,impute
2359,0.8067226890756303,0.8116621361518201,0.7936397936397936,0.7452391163698032,0.8501131221719456,clean1,1,NB,impute
2360,0.8130252100840336,0.8174596474640373,0.7982116290602529,0.7521929824561404,0.8506787330316743,clean1,2,NB,impute
2361,0.8025210084033613,0.8057112626910694,0.784807700421179,0.7455971205226419,0.8306938159879336,clean1,3,NB,impute
2362,0.8067226890756303,0.810126404178204,0.7917746365314875,0.7542415214709157,0.8360671191553544,clean1,4,NB,impute
2363,0.7899159663865547,0.7975689988969181,0.7812543638814824,0.7211864928014055,0.8550150829562594,clean1,5,NB,impute
2364,1.0,1.0,1.0,1.0,1.0,clean1,0,DT,impute
2365,1.0,1.0,1.0,1.0,1.0,clean1,1,DT,impute
2366,1.0,1.0,1.0,1.0,1.0,clean1,2,DT,impute
2367,1.0,1.0,1.0,1.0,1.0,clean1,3,DT,impute
2368,1.0,1.0,1.0,1.0,1.0,clean1,4,DT,impute
2369,1.0,1.0,1.0,1.0,1.0,clean1,5,DT,impute
2370,0.9915966386554622,0.9909227898966704,0.9901933050447902,0.9952830188679244,0.9855769230769232,clean1,0,RF,impute
2371,0.9894957983193278,0.9878393665158371,0.9875222816399288,1.0,0.9756787330316744,clean1,1,RF,impute
2372,0.9852941176470588,0.9853257749712974,0.9831021729079982,0.9807621161672216,0.9855769230769232,clean1,2,RF,impute
2373,0.9936974789915968,0.9938648105625716,0.9928113553113552,0.9904753265602322,0.9951923076923076,clean1,3,RF,impute
2374,0.9915966386554622,0.9909227898966704,0.9901933050447902,0.9952830188679244,0.9855769230769232,clean1,4,RF,impute
2375,0.9957983193277312,0.9951923076923076,0.9950980392156864,1.0,0.9903846153846154,clean1,5,RF,impute
2376,0.7655376159341248,0.8086063986943768,0.7639662565694043,0.7584626445638474,0.8086063986943768,dna,0,KNN,impute
2377,0.7658512922201975,0.8076387925929173,0.7643660966571948,0.7589156319828989,0.8076387925929173,dna,1,KNN,impute
2378,0.7614586420181207,0.8036431022468854,0.7594012826535745,0.7548648270114248,0.8036431022468854,dna,2,KNN,impute
2379,0.7576787639578065,0.7968000664874085,0.7552318292814846,0.7492856008266693,0.7968000664874085,dna,3,KNN,impute
2380,0.7561178697754771,0.7995513792359434,0.7541261203381961,0.7515373251195787,0.7995513792359434,dna,4,KNN,impute
2381,0.7630254471857405,0.8069623235187968,0.7621039118942953,0.757782201499359,0.8069623235187968,dna,5,KNN,impute
2382,0.9133709639792438,0.9064765301333578,0.9044579781163736,0.9030327602903576,0.9064765301333578,dna,0,SVC,impute
2383,0.9127447936041564,0.9061159960536094,0.9040111678060878,0.9030152147347534,0.9061159960536094,dna,1,SVC,impute
2384,0.9133689936508136,0.9086127348194016,0.9050955261523768,0.902652698045072,0.9086127348194016,dna,2,SVC,impute
2385,0.9124279647925952,0.908498370753814,0.903383690516204,0.8991241914044923,0.908498370753814,dna,3,SVC,impute
2386,0.9124287529239674,0.9063894348286776,0.9030080928122078,0.9007424437744864,0.9063894348286776,dna,4,SVC,impute
2387,0.9117982478263336,0.9073652747301172,0.903386445266852,0.900160329044263,0.9073652747301172,dna,5,SVC,impute
2388,0.9312619401902864,0.9261765168948466,0.9240709711972854,0.9222504327775192,0.9261765168948466,dna,0,LR,impute
2389,0.927176661223306,0.9223834124288476,0.9193385998115942,0.9168960165035596,0.9223834124288476,dna,1,LR,impute
2390,0.9259262908015612,0.921131282431488,0.9183974296199422,0.91591643371863,0.921131282431488,dna,2,LR,impute
2391,0.9337733208072988,0.9289742192469336,0.9269975621313108,0.9253159997035868,0.9289742192469336,dna,3,LR,impute
2392,0.9287517417703322,0.9252933188057128,0.921917438688698,0.91920378749205,0.9252933188057128,dna,4,LR,impute
2393,0.9265485205197884,0.921520547414358,0.9189150985604508,0.9165358771129022,0.921520547414358,dna,5,LR,impute
2394,0.9306314350926528,0.9360613776546608,0.9239508729330116,0.915817980241468,0.9360613776546608,dna,0,NB,impute
2395,0.9274883671809486,0.930350798311404,0.9191765868462964,0.9129855109267856,0.930350798311404,dna,1,NB,impute
2396,0.9240481737419848,0.9266499464388984,0.9153432129952592,0.9087697787516344,0.9266499464388984,dna,2,NB,impute
2397,0.931889292762432,0.9373711339652104,0.9256840172204244,0.917344147478075,0.9373711339652104,dna,3,NB,impute
2398,0.923097293241616,0.9252055259214031,0.9145729170608548,0.9101787917376398,0.9252055259214031,dna,4,NB,impute
2399,0.9249844738119708,0.92780547680848,0.916677930470722,0.9098634462053894,0.92780547680848,dna,5,NB,impute
2400,0.897368350535614,0.8847801340263346,0.8841578978148078,0.8851295257285902,0.8847801340263346,dna,0,DT,impute
2401,0.8976788742961987,0.8840731942465833,0.8839671876175906,0.8841952994777086,0.8840731942465833,dna,1,DT,impute
2402,0.8920275782929704,0.8792856501479402,0.8781473176069537,0.8778621412673646,0.8792856501479402,dna,2,DT,impute
2403,0.895478411505457,0.8861838297844564,0.883016168394115,0.8805197055353503,0.8861838297844564,dna,3,DT,impute
2404,0.9039527940833402,0.8991049020540276,0.8937125291862221,0.8897211511880107,0.8991049020540276,dna,4,DT,impute
2405,0.897047581067193,0.8871592677084255,0.88520772344834,0.8841130039874583,0.8871592677084255,dna,5,DT,impute
2406,0.9444461958474936,0.9348830101643074,0.9374478548659926,0.9406391242722288,0.9348830101643074,dna,0,RF,impute
2407,0.9507181453062048,0.9431388314283586,0.9445158924642112,0.9461794967441306,0.9431388314283586,dna,1,RF,impute
2408,0.9469575764645056,0.938618164964876,0.9404159642392574,0.9426262853273276,0.938618164964876,dna,2,RF,impute
2409,0.9469552120703896,0.9362923962839244,0.9399680350557806,0.9442509130845812,0.9362923962839244,dna,3,RF,impute
2410,0.947896634994294,0.939239721492376,0.9408465802466977,0.9433767672761072,0.939239721492376,dna,4,RF,impute
2411,0.948833329129966,0.9400586339664864,0.942565467523514,0.9455464755775476,0.9400586339664864,dna,5,RF,impute
2412,0.8649148778682457,0.8269855321250272,0.7614090530859198,0.7901850258879509,0.7351665267282396,phoneme,0,KNN,impute
2413,0.862879348630644,0.8237005179365579,0.7570300495076661,0.7880163418324053,0.728854985624507,phoneme,1,KNN,impute
2414,0.864359733530718,0.8267813858084854,0.761041003703463,0.788455449602468,0.735802610487749,phoneme,2,KNN,impute
2415,0.8649148778682457,0.8247862940790996,0.7596818057386884,0.7947780315182954,0.7276225733404574,phoneme,3,KNN,impute
2416,0.866580310880829,0.8290732814744166,0.7642643420750199,0.793413020543843,0.7382976490344249,phoneme,4,KNN,impute
2417,0.868060695780903,0.8297698174927087,0.7662875243583234,0.7986187209582178,0.7370652367503754,phoneme,5,KNN,impute
2418,0.7740562546262028,0.7180975663807347,0.6021486375136254,0.6230928602393284,0.5826097880568912,phoneme,0,SVC,impute
2419,0.7738712065136936,0.7164730256287477,0.5997607987927741,0.6249304284984109,0.5775290690278095,phoneme,1,SVC,impute
2420,0.76980014803849,0.7108366983691115,0.5915735915699256,0.6175397344518196,0.5680864056178918,phoneme,2,SVC,impute
2421,0.7729459659511473,0.7154635476326223,0.5978565655033006,0.6221371531426817,0.5762918861155636,phoneme,3,SVC,impute
2422,0.772020725388601,0.7133169806742561,0.5947721727722168,0.6217985551526192,0.571217527924077,phoneme,4,SVC,impute
2423,0.7723908216136195,0.7146997261363773,0.5972222609256969,0.6220372197961538,0.5750276696435387,phoneme,5,SVC,impute
2424,0.7505551443375278,0.66736757702537,0.5229041874741103,0.5959580104991673,0.4659599776098517,phoneme,0,LR,impute
2425,0.7511102886750555,0.6677563807570768,0.5235970835335528,0.5989075785699268,0.4659536167722565,phoneme,1,LR,impute
2426,0.7507401924500371,0.6671340633914778,0.5224830290791639,0.5968163836304402,0.4647021219754217,phoneme,2,LR,impute
2427,0.7501850481125093,0.6660035619930222,0.5196554608909764,0.5956866092462152,0.4621768694501691,phoneme,3,LR,impute
2428,0.7487046632124352,0.6641968366855281,0.5172601288543344,0.5926584363611754,0.4596182225275424,phoneme,4,LR,impute
2429,0.75,0.6666011520187554,0.5216333204654354,0.5952403675025026,0.4646878100908327,phoneme,5,LR,impute
2430,0.7631384159881569,0.7522067338811468,0.642608516186978,0.5767985462397933,0.7257397654123094,phoneme,0,NB,impute
2431,0.7629533678756476,0.7526192334137449,0.6431389094383527,0.576545069772056,0.7276066712464697,phoneme,1,NB,impute
2432,0.7635085122131755,0.7524598802468738,0.6430568656518888,0.5775081378887428,0.7257159122713279,phoneme,2,NB,impute
2433,0.7644337527757217,0.754040083893535,0.6448028591353837,0.5783588274260432,0.7288724779278934,phoneme,3,NB,impute
2434,0.7623982235381199,0.7513079377109132,0.6417315643548637,0.5761456840742581,0.7244660076838918,phoneme,4,NB,impute
2435,0.7609178386380459,0.7504469872362427,0.6406890149246837,0.5745461658457037,0.7250877795588123,phoneme,5,NB,impute
2436,0.8593634344929681,0.8304358899969477,0.7604458795694671,0.7606515627874546,0.760396789049182,phoneme,0,DT,impute
2437,0.8564026646928201,0.8224312035419294,0.7514376123347715,0.7633105039695999,0.7402011296847568,phoneme,1,DT,impute
2438,0.8523316062176165,0.821954628467152,0.7487579658988358,0.7499714307905886,0.7484113808106252,phoneme,2,DT,impute
2439,0.8565877128053294,0.8222198685300891,0.7510884053084133,0.7645281425536514,0.738992570541689,phoneme,3,DT,impute
2440,0.8547372316802369,0.8208891414674887,0.7490575003741682,0.7600080178469781,0.7389544055161184,phoneme,4,DT,impute
2441,0.8667653589933383,0.8375376380399466,0.7713985677531489,0.7771928432512035,0.7667433147596876,phoneme,5,DT,impute
2442,0.9022945965951148,0.877031599861384,0.8304859945650416,0.8459593401048946,0.8158776047629952,phoneme,0,RF,impute
2443,0.8969282013323464,0.8684484752009737,0.8199356398180173,0.8415023856225352,0.7994936773274305,phoneme,1,RF,impute
2444,0.9043301258327164,0.8797604532125,0.8343021196065351,0.8491722113208144,0.8202840750069968,phoneme,2,RF,impute
2445,0.8997039230199853,0.8696902803396753,0.8233616007921188,0.852087076612205,0.7970018191995522,phoneme,3,RF,impute
2446,0.8971132494448557,0.8709593661858839,0.8213092232614203,0.836208723186439,0.8076625830089307,phoneme,4,RF,impute
2447,0.902479644707624,0.8780939181296524,0.8314090277838577,0.8443116280413037,0.819046892094751,phoneme,5,RF,impute
2448,0.975,0.975,0.9750056489344784,0.975555594544704,0.975,mfeat_pixel,0,KNN,impute
2449,0.9745,0.9745,0.9745331306824796,0.9752190472312748,0.9745,mfeat_pixel,1,KNN,impute
2450,0.977,0.977,0.9770543526140708,0.9777499743376123,0.977,mfeat_pixel,2,KNN,impute
2451,0.9765,0.9765,0.9765020132576824,0.97711162093849,0.9765,mfeat_pixel,3,KNN,impute
2452,0.9705,0.9705,0.97055113478156,0.9711314298577244,0.9705,mfeat_pixel,4,KNN,impute
2453,0.974,0.974,0.973999584574107,0.9746428400705288,0.974,mfeat_pixel,5,KNN,impute
2454,0.9735,0.9735,0.9735032515305392,0.9741925969508912,0.9735,mfeat_pixel,0,SVC,impute
2455,0.9685,0.9685,0.9686047093517564,0.9698278290854871,0.9685,mfeat_pixel,1,SVC,impute
2456,0.976,0.976,0.976047505193457,0.976576455473336,0.976,mfeat_pixel,2,SVC,impute
2457,0.9725,0.9725,0.9725090624123864,0.9731880952109656,0.9725,mfeat_pixel,3,SVC,impute
2458,0.9715,0.9715,0.9715071762228364,0.9724356580976072,0.9715,mfeat_pixel,4,SVC,impute
2459,0.9735,0.9735,0.9734984560460536,0.9738783715510072,0.9735,mfeat_pixel,5,SVC,impute
2460,0.9665,0.9665,0.966510173352726,0.9674475633155624,0.9665,mfeat_pixel,0,LR,impute
2461,0.9615,0.9615,0.9615749371284252,0.962465141762405,0.9615,mfeat_pixel,1,LR,impute
2462,0.966,0.966,0.9660794539431008,0.966698060065826,0.966,mfeat_pixel,2,LR,impute
2463,0.965,0.965,0.964981812346573,0.965681218786148,0.965,mfeat_pixel,3,LR,impute
2464,0.9665,0.9665,0.9665467998356054,0.9675076621238724,0.9665,mfeat_pixel,4,LR,impute
2465,0.9665,0.9665,0.9665514873953004,0.9670062749106064,0.9665,mfeat_pixel,5,LR,impute
2466,0.92,0.92,0.9201790704395468,0.9235824133735572,0.92,mfeat_pixel,0,NB,impute
2467,0.9215,0.9215,0.9220208834893968,0.925632180322474,0.9215,mfeat_pixel,1,NB,impute
2468,0.917,0.917,0.91722669008587,0.9206419996767397,0.917,mfeat_pixel,2,NB,impute
2469,0.9235,0.9235,0.9237795443678438,0.9263285374318802,0.9235,mfeat_pixel,3,NB,impute
2470,0.921,0.921,0.9211888291053594,0.9242055638409764,0.921,mfeat_pixel,4,NB,impute
2471,0.9265,0.9265,0.9269749808126724,0.9298525989849168,0.9265,mfeat_pixel,5,NB,impute
2472,0.8624999999999999,0.8624999999999999,0.8626938613606896,0.8663793644002702,0.8624999999999999,mfeat_pixel,0,DT,impute
2473,0.862,0.8620000000000001,0.8618498862124566,0.8662244203459999,0.8620000000000001,mfeat_pixel,1,DT,impute
2474,0.853,0.853,0.852783284767158,0.8559379464864174,0.853,mfeat_pixel,2,DT,impute
2475,0.8704999999999999,0.8705,0.8704028752052526,0.8726769029858431,0.8705,mfeat_pixel,3,DT,impute
2476,0.8715,0.8715,0.8709085479330185,0.8738362754766624,0.8715,mfeat_pixel,4,DT,impute
2477,0.8645,0.8645000000000002,0.8644976914464336,0.8671085471220372,0.8645000000000002,mfeat_pixel,5,DT,impute
2478,0.9775,0.9775,0.9775501499992156,0.9781530350367852,0.9775,mfeat_pixel,0,RF,impute
2479,0.9745,0.9745,0.9745272976657252,0.9751509590229844,0.9745,mfeat_pixel,1,RF,impute
2480,0.9755,0.9755,0.9755135322495138,0.9761548971463808,0.9755,mfeat_pixel,2,RF,impute
2481,0.978,0.978,0.9780212741378828,0.9784802267060672,0.978,mfeat_pixel,3,RF,impute
2482,0.977,0.977,0.9770265314631524,0.9775800376754474,0.977,mfeat_pixel,4,RF,impute
2483,0.9765,0.9765,0.9765448340039788,0.9773648370975548,0.9765,mfeat_pixel,5,RF,impute
2484,0.8473584905660377,0.8464780615088412,0.8311052168474061,0.8244611231589409,0.8379629629629629,banana,0,KNN,impute
2485,0.8430188679245283,0.8418746286393345,0.825958393420726,0.8219452965774361,0.8308080808080808,banana,1,KNN,impute
2486,0.8426415094339622,0.8421636566301409,0.8267474727925138,0.8163390835538047,0.8375420875420876,banana,2,KNN,impute
2487,0.8386792452830188,0.8386515635147647,0.8232332256917396,0.8091367207918062,0.8383838383838383,banana,3,KNN,impute
2488,0.8379245283018868,0.8374154218887462,0.8215031100373975,0.8112290052350128,0.8324915824915825,banana,4,KNN,impute
2489,0.8456603773584905,0.8452940255265837,0.8302457922335647,0.8192051376574101,0.8417508417508418,banana,5,KNN,impute
2490,0.5516981132075471,0.5,0.0,0.0,0.0,banana,0,SVC,impute
2491,0.5516981132075471,0.5,0.0,0.0,0.0,banana,1,SVC,impute
2492,0.5516981132075471,0.5,0.0,0.0,0.0,banana,2,SVC,impute
2493,0.5516981132075471,0.5,0.0,0.0,0.0,banana,3,SVC,impute
2494,0.5516981132075471,0.5,0.0,0.0,0.0,banana,4,SVC,impute
2495,0.5516981132075471,0.5,0.0,0.0,0.0,banana,5,SVC,impute
2496,0.5790566037735848,0.5332742035033416,0.160770779382303,0.7793906364662538,0.0904882154882154,banana,0,LR,impute
2497,0.5739622641509434,0.5286572404390462,0.1573753191404215,0.7624210257992564,0.0904882154882154,banana,1,LR,impute
2498,0.5735849056603773,0.5281180477828904,0.1559443403084541,0.7259170287112781,0.0883838383838383,banana,2,LR,impute
2499,0.580566037735849,0.5354704132063913,0.1716232749052262,0.7685150268195997,0.0993265993265993,banana,3,LR,impute
2500,0.5747169811320755,0.5295778694376505,0.1623027261669624,0.7316774580742202,0.093013468013468,banana,4,LR,impute
2501,0.5781132075471698,0.5324586494217137,0.1594166352736642,0.7771702964307321,0.0909090909090909,banana,5,LR,impute
2502,0.6075471698113207,0.5796033177189128,0.4139609304002735,0.6266496034057811,0.3093434343434343,banana,0,NB,impute
2503,0.6037735849056604,0.5758283933728531,0.4087638919477908,0.6174415600438055,0.3055555555555555,banana,1,NB,impute
2504,0.6077358490566037,0.579892633586204,0.4151497682387369,0.6260608302381747,0.3106060606060606,banana,2,NB,impute
2505,0.6018867924528302,0.5743944806017309,0.409969153047676,0.6119234872648222,0.3085016835016835,banana,3,NB,impute
2506,0.6041509433962264,0.5762887078721551,0.4098630251780137,0.6180583847990081,0.3068181818181817,banana,4,NB,impute
2507,0.6056603773584905,0.5778538923203766,0.4123454609618342,0.6217796820392656,0.3089225589225589,banana,5,NB,impute
2508,0.8041509433962264,0.801600708406454,0.7805276113333417,0.7843202301767291,0.7769360269360269,banana,0,DT,impute
2509,0.8052830188679245,0.8027450174338,0.7817430433839629,0.7860074578950967,0.7781986531986532,banana,1,DT,impute
2510,0.8062264150943396,0.8027717899468925,0.780676090166775,0.7924843036465647,0.7693602693602694,banana,2,DT,impute
2511,0.8050943396226415,0.8029289705076298,0.7824585464641223,0.7831898608911488,0.781986531986532,banana,3,DT,impute
2512,0.8028301886792454,0.7995360582569884,0.7773676153741148,0.787446202808157,0.7676767676767677,banana,4,DT,impute
2513,0.8160377358490567,0.813793429046507,0.7942561075538603,0.7968103755645353,0.792087542087542,banana,5,DT,impute
2514,0.8445283018867925,0.843597569401263,0.8279961181765385,0.8215168773480788,0.8345959595959596,banana,0,RF,impute
2515,0.8452830188679246,0.8440449294587462,0.8281493757688068,0.825082351180761,0.8320707070707071,banana,1,RF,impute
2516,0.8483018867924529,0.8474513719041763,0.8322543882529932,0.8254579381520617,0.8392255892255891,banana,2,RF,impute
2517,0.8432075471698113,0.8425977743693202,0.8270612520873856,0.8182067554751723,0.8367003367003366,banana,3,RF,impute
2518,0.8473584905660377,0.8462019879598539,0.8305730424403767,0.8266833754312223,0.835016835016835,banana,4,RF,impute
2519,0.8492452830188679,0.8480697305936704,0.8326837889776753,0.8287971699549541,0.8367003367003367,banana,5,RF,impute
2520,0.966,0.966,0.9658399738373756,0.9670342665228162,0.966,mfeat_factors,0,KNN,impute
2521,0.965,0.965,0.9649054297300566,0.965747155756017,0.965,mfeat_factors,1,KNN,impute
2522,0.969,0.969,0.9689680717337208,0.9695581736273204,0.969,mfeat_factors,2,KNN,impute
2523,0.968,0.968,0.96800786592926,0.9691255472741592,0.968,mfeat_factors,3,KNN,impute
2524,0.9655,0.9655,0.9654054030650674,0.966219215843851,0.9655,mfeat_factors,4,KNN,impute
2525,0.9675,0.9675,0.9674786019497906,0.9681973517035216,0.9675,mfeat_factors,5,KNN,impute
2526,0.98,0.98,0.9799723614042356,0.9803987052287452,0.98,mfeat_factors,0,SVC,impute
2527,0.9775,0.9775,0.977389705934816,0.9780081187581278,0.9775,mfeat_factors,1,SVC,impute
2528,0.9765,0.9765,0.9765601987881242,0.977105586003298,0.9765,mfeat_factors,2,SVC,impute
2529,0.9765,0.9765,0.9764595363149412,0.97693545893406,0.9765,mfeat_factors,3,SVC,impute
2530,0.973,0.973,0.9729957736023074,0.973457704046658,0.973,mfeat_factors,4,SVC,impute
2531,0.975,0.975,0.9750101111680504,0.9755582017176756,0.975,mfeat_factors,5,SVC,impute
2532,0.978,0.978,0.9780004716328412,0.9785631893984816,0.978,mfeat_factors,0,LR,impute
2533,0.975,0.975,0.9750334535773352,0.9759741684331912,0.975,mfeat_factors,1,LR,impute
2534,0.977,0.977,0.9770358689965184,0.9775663881035286,0.977,mfeat_factors,2,LR,impute
2535,0.9735,0.9735,0.9735057058397034,0.974076506486546,0.9735,mfeat_factors,3,LR,impute
2536,0.9755,0.9755,0.97549462074631,0.9758475447871456,0.9755,mfeat_factors,4,LR,impute
2537,0.9775,0.9775,0.9775420242340778,0.978030903427328,0.9775,mfeat_factors,5,LR,impute
2538,0.9275,0.9275,0.927400090629812,0.929877642653038,0.9275,mfeat_factors,0,NB,impute
2539,0.9235,0.9235,0.923649762923475,0.9263638758538014,0.9235,mfeat_factors,1,NB,impute
2540,0.9195,0.9195,0.919555498818334,0.9223588302401456,0.9195,mfeat_factors,2,NB,impute
2541,0.927,0.927,0.9269807389401707,0.929383541331272,0.927,mfeat_factors,3,NB,impute
2542,0.928,0.928,0.9280063387820792,0.930984977502504,0.928,mfeat_factors,4,NB,impute
2543,0.9225,0.9225,0.9226324501482822,0.9254110493843424,0.9225,mfeat_factors,5,NB,impute
2544,0.884,0.884,0.8840196844054418,0.8871192152585752,0.884,mfeat_factors,0,DT,impute
2545,0.8865,0.8865,0.8863731209389003,0.88862193046584,0.8865,mfeat_factors,1,DT,impute
2546,0.885,0.8849999999999999,0.8848773370496995,0.8866432901794137,0.8849999999999999,mfeat_factors,2,DT,impute
2547,0.8745,0.8745,0.8745627278902671,0.8776915884730745,0.8745,mfeat_factors,3,DT,impute
2548,0.8895,0.8895000000000002,0.8893393160773085,0.891363198206406,0.8895000000000002,mfeat_factors,4,DT,impute
2549,0.8925000000000001,0.8924999999999998,0.8921545922163407,0.8942489471612249,0.8924999999999998,mfeat_factors,5,DT,impute
2550,0.9675,0.9675,0.9675433519671328,0.9686931579542916,0.9675,mfeat_factors,0,RF,impute
2551,0.9655,0.9654999999999998,0.9655944561728464,0.966661035132884,0.9654999999999998,mfeat_factors,1,RF,impute
2552,0.967,0.967,0.9670476311297084,0.9678024658786326,0.967,mfeat_factors,2,RF,impute
2553,0.965,0.965,0.9649192159852265,0.9659276423797593,0.965,mfeat_factors,3,RF,impute
2554,0.9665,0.9665,0.9664473471757002,0.9673068049827082,0.9665,mfeat_factors,4,RF,impute
2555,0.966,0.966,0.9660469808837306,0.9667071811832296,0.966,mfeat_factors,5,RF,impute
2556,0.9091517772825144,0.9019908452331428,0.88272534102227,0.897845168925085,0.8681854207388823,spambase,0,KNN,impute
2557,0.9021954444150644,0.8942252263108584,0.8734092525661525,0.8914845438876021,0.8565996635255906,spambase,1,KNN,impute
2558,0.907631549125524,0.9004420237886104,0.8808873761981058,0.8960456842134602,0.866522498079373,spambase,2,KNN,impute
2559,0.9091483775922636,0.9025570627459156,0.8830416249325619,0.8950942374931508,0.871469936108761,spambase,3,KNN,impute
2560,0.9067599063196464,0.8987574664755827,0.8792416255035156,0.8984577348158069,0.8610013031089846,spambase,4,KNN,impute
2561,0.9061050882030748,0.8983117899970626,0.8785282266452177,0.8962326215682246,0.8615446703814996,spambase,5,KNN,impute
2562,0.9293653911532505,0.9234896512653604,0.9089982666517936,0.9227072852758068,0.8957597903355992,spambase,0,SVC,impute
2563,0.9256678502625316,0.9198588506371704,0.9045185157673256,0.9175421637921856,0.8924436697104958,spambase,1,SVC,impute
2564,0.9311016885128244,0.9252026179043444,0.9112176857274896,0.9259631560545512,0.8973923233266232,spambase,2,SVC,impute
2565,0.9278402523325652,0.921163182184662,0.9065256086460288,0.9243310944696423,0.889672131944647,spambase,3,SVC,impute
2566,0.92871095078004,0.9220779931753298,0.9077891914722576,0.9259323300527872,0.8907843938112047,spambase,4,SVC,impute
2567,0.9287124617534848,0.92227544405122,0.9079496739092792,0.9246071709360894,0.8918966556777626,spambase,5,SVC,impute
2568,0.9258876968987272,0.9188850906657492,0.903931564731118,0.9229313207705272,0.8858333090215984,spambase,0,LR,impute
2569,0.9234950704491368,0.9160393201395328,0.9008141179199952,0.9220938241936107,0.8808591280839435,spambase,1,LR,impute
2570,0.9276226721565368,0.9213665880403538,0.9066048528455346,0.9224246151084086,0.8918723439429743,spambase,2,LR,impute
2571,0.9239272088543043,0.9165839029987872,0.9011566203144554,0.9215245556933598,0.8819482938024525,spambase,3,LR,impute
2572,0.926319646432214,0.9186581038225344,0.9041510020900504,0.9273884391588628,0.8825098948760588,spambase,4,LR,impute
2573,0.9232774902731083,0.9159577938587288,0.9005948891965364,0.9206778812643138,0.8814134356371133,spambase,5,LR,impute
2574,0.8139536508895856,0.8380007076772775,0.8011993130390626,0.691989139960124,0.9514676994291604,spambase,0,NB,impute
2575,0.8106941034261324,0.8355979705568358,0.7986967890750023,0.687398943635134,0.9531184662212756,spambase,1,NB,impute
2576,0.8156925924526877,0.8400107623201511,0.8033670596128628,0.6935306011099626,0.9547704486001304,spambase,2,NB,impute
2577,0.8165597023382314,0.840630916480408,0.8039330901290482,0.694568768515585,0.9542173566337,spambase,3,NB,impute
2578,0.815910172628716,0.8403863376379963,0.8036406830956467,0.6933361511578754,0.9558802792932092,spambase,4,NB,impute
2579,0.8146069580327127,0.8389232970278558,0.802165055800566,0.6922952947862862,0.953671558187706,spambase,5,NB,impute
2580,0.9106716276961432,0.9074807418970384,0.8872427246626166,0.8823476086976503,0.8924363761900594,spambase,0,DT,impute
2581,0.9063256903259924,0.9024583403600176,0.8814437308954852,0.8790570260613975,0.8841849734029622,spambase,1,DT,impute
2582,0.9076268273335096,0.9039086173093944,0.8832896972979839,0.880618655616149,0.8863681671869378,spambase,2,DT,impute
2583,0.904150077437389,0.9020051584617946,0.8800731396924752,0.8688597670679972,0.8918869309838473,spambase,3,DT,impute
2584,0.9124107581309258,0.9078632148412168,0.8885641361354912,0.8910057203028918,0.8863864009880289,spambase,4,DT,impute
2585,0.9050217202432668,0.9022456057045138,0.8806739499676989,0.8724506889200309,0.8891397049527866,spambase,5,DT,impute
2586,0.9521844898575906,0.9473319105841044,0.9383440585050264,0.9528661966772984,0.9244342659314798,spambase,0,RF,impute
2587,0.9489256978808598,0.9432991605914886,0.9339221922537086,0.9520036748570448,0.916727446003637,spambase,1,RF,impute
2588,0.9526187058512446,0.9473995805713004,0.9388765338592204,0.9556321798044968,0.922776205618928,spambase,2,RF,impute
2589,0.9502270237600574,0.9452330361399904,0.9358343076493276,0.9505721882977456,0.9216712372728068,spambase,3,RF,impute
2590,0.9524009368035355,0.9470300831871524,0.938510325797079,0.9560531799387658,0.9216785307932432,spambase,4,RF,impute
2591,0.9510965889774486,0.9462426219117,0.93704401869544,0.9511988381663348,0.9233317287588372,spambase,5,RF,impute
2592,0.5173267326732673,0.517275182990589,0.540162644057687,0.5154572985463989,0.5675540257929592,Hill_Valley_with_noise,0,KNN,impute
2593,0.5173267326732673,0.5173405367723946,0.5375301688372668,0.5159878645014842,0.5610404322063436,Hill_Valley_with_noise,1,KNN,impute
2594,0.5107260726072607,0.510723466364587,0.530559924096256,0.5092317471223433,0.5544179156500523,Hill_Valley_with_noise,2,KNN,impute
2595,0.5033003300330032,0.5032567967933077,0.5096570485303034,0.5021546423743445,0.5180485360752876,Hill_Valley_with_noise,3,KNN,impute
2596,0.4983498349834984,0.4983498170094109,0.5173978107812636,0.4993741499850004,0.5380032241199024,Hill_Valley_with_noise,4,KNN,impute
2597,0.5090759075907592,0.5090841756709654,0.5348227448257726,0.5082740982056901,0.5643734750784245,Hill_Valley_with_noise,5,KNN,impute
2598,0.608085808580858,0.6081114935517602,0.3669589572730934,0.9420912306636398,0.2294135587312652,Hill_Valley_with_noise,0,SVC,impute
2599,0.5973597359735974,0.5973226734053677,0.3406789976620608,0.9316471163245356,0.2095133321714883,Hill_Valley_with_noise,1,SVC,impute
2600,0.5998349834983498,0.5998442401533636,0.3423247150410858,0.953957528957529,0.2095677936563262,Hill_Valley_with_noise,2,SVC,impute
2601,0.5981848184818482,0.5981777187173232,0.3418463417975013,0.9421116007378562,0.209546009062391,Hill_Valley_with_noise,3,SVC,impute
2602,0.6014851485148515,0.6014508539560823,0.3512008298870432,0.9458478513356562,0.2161358487277797,Hill_Valley_with_noise,4,SVC,impute
2603,0.6031353135313531,0.6031718368769606,0.3511785509171012,0.952972972972973,0.2162556639944231,Hill_Valley_with_noise,5,SVC,impute
2604,0.6947194719471947,0.6947433774834437,0.5723284433127747,0.9499662668665668,0.4109119031021262,Hill_Valley_with_noise,0,LR,impute
2605,0.6897689768976898,0.6896675670965493,0.5587804028056316,0.946375385076324,0.4007929592192401,Hill_Valley_with_noise,1,LR,impute
2606,0.6988448844884488,0.6988770041826421,0.5803660637381568,0.954646610896611,0.41752352736145,Hill_Valley_with_noise,2,LR,impute
2607,0.6856435643564357,0.6855938480306727,0.554785393678876,0.9495099238618864,0.3926455210874869,Hill_Valley_with_noise,3,LR,impute
2608,0.6955445544554456,0.6955112844196584,0.5708526749815316,0.9526150864138824,0.4108574416172882,Hill_Valley_with_noise,4,LR,impute
2609,0.6897689768976898,0.6898091669571279,0.5595137581519735,0.9590617715617716,0.3961201638201463,Hill_Valley_with_noise,5,LR,impute
2610,0.4892739273927392,0.4899464098989194,0.3259150617053104,0.5036994428808653,0.324034942488672,Hill_Valley_with_noise,0,NB,impute
2611,0.5074257425742574,0.5075320233530847,0.2966688615903928,0.5138390065219334,0.2113214534681073,Hill_Valley_with_noise,1,NB,impute
2612,0.495049504950495,0.4944013593586615,0.3419495684233321,0.4993865453542873,0.3476058731265249,Hill_Valley_with_noise,2,NB,impute
2613,0.504950495049505,0.5055931944928547,0.3493620619825696,0.530758621459841,0.3471266120599512,Hill_Valley_with_noise,3,NB,impute
2614,0.5173267326732673,0.5171825984663645,0.2785159699759981,0.559705598799455,0.1896348902056465,Hill_Valley_with_noise,4,NB,impute
2615,0.4917491749174917,0.4930616068316486,0.4258499586733302,0.5083158508158508,0.5210657023353085,Hill_Valley_with_noise,5,NB,impute
2616,0.556930693069307,0.5568959132101778,0.5619143489503284,0.5551469667360429,0.5692750087138376,Hill_Valley_with_noise,0,DT,impute
2617,0.5247524752475248,0.5246928372255142,0.5308988192182411,0.5231854329393262,0.5395390379923317,Hill_Valley_with_noise,1,DT,impute
2618,0.5495049504950495,0.5494891512722203,0.550747703482162,0.54886592896862,0.5527513942140119,Hill_Valley_with_noise,2,DT,impute
2619,0.5396039603960396,0.5395390379923318,0.5410427899858996,0.5401561127224351,0.5428285116765423,Hill_Valley_with_noise,3,DT,impute
2620,0.528052805280528,0.5280585569884977,0.5396930527602912,0.5261109724563893,0.5544505925409551,Hill_Valley_with_noise,4,DT,impute
2621,0.5354785478547854,0.5353999651446497,0.5380206873114991,0.5342997938902395,0.542784942488672,Hill_Valley_with_noise,5,DT,impute
2622,0.5594059405940595,0.5593902492157546,0.570668050630592,0.5569738715096415,0.5857005925409551,Hill_Valley_with_noise,0,RF,impute
2623,0.5825082508250825,0.5823838881143255,0.5821681737971932,0.5819188971741034,0.5840013942140119,Hill_Valley_with_noise,1,RF,impute
2624,0.5717821782178217,0.5718728215406065,0.5818907795531576,0.5695842596860696,0.5957541826420356,Hill_Valley_with_noise,2,RF,impute
2625,0.5643564356435644,0.5642754444057163,0.5559005085520807,0.5655616603837765,0.5477627222028582,Hill_Valley_with_noise,3,RF,impute
2626,0.5660066006600659,0.5660508888114326,0.5767022340188278,0.5637783407784246,0.5924429243638898,Hill_Valley_with_noise,4,RF,impute
2627,0.5503300330033003,0.5502243813175323,0.5512667175495022,0.5496106021817306,0.5559972987103521,Hill_Valley_with_noise,5,RF,impute
2628,0.5577557755775577,0.5576797385620915,0.5636949508944633,0.5622491813781765,0.565359477124183,Hill_Valley_without_noise,0,KNN,impute
2629,0.5577557755775577,0.5576797385620915,0.5632020378988841,0.5615280971504316,0.565359477124183,Hill_Valley_without_noise,1,KNN,impute
2630,0.5379537953795379,0.5376960784313725,0.5516098228774543,0.540184377549969,0.5637254901960784,Hill_Valley_without_noise,2,KNN,impute
2631,0.5651815181518152,0.5651143790849673,0.5699085920936593,0.5693591736997943,0.5718954248366013,Hill_Valley_without_noise,3,KNN,impute
2632,0.5544554455445545,0.5541013071895424,0.571485538734384,0.5553966320496453,0.5898692810457516,Hill_Valley_without_noise,4,KNN,impute
2633,0.5511551155115512,0.5509967320261437,0.5602520508652009,0.5542021964073994,0.5669934640522876,Hill_Valley_without_noise,5,KNN,impute
2634,0.5874587458745875,0.5834313725490197,0.7080885637251924,0.5511431504560207,0.9901960784313726,Hill_Valley_without_noise,0,SVC,impute
2635,0.5915841584158417,0.5875490196078431,0.7111146202912011,0.5532868870633285,0.9950980392156864,Hill_Valley_without_noise,1,SVC,impute
2636,0.5907590759075907,0.5867483660130719,0.7101314940264177,0.5531692921208317,0.9918300653594772,Hill_Valley_without_noise,2,SVC,impute
2637,0.5874587458745875,0.5834150326797386,0.7083239722347802,0.5508933072968545,0.9918300653594772,Hill_Valley_without_noise,3,SVC,impute
2638,0.5891089108910892,0.5850653594771242,0.7094547989405507,0.55173388976952,0.9934640522875816,Hill_Valley_without_noise,4,SVC,impute
2639,0.5866336633663366,0.5825816993464052,0.7078897063488534,0.550352498942532,0.9918300653594772,Hill_Valley_without_noise,5,SVC,impute
2640,0.6625412541254125,0.6593300653594771,0.7467549234628376,0.6019057904526609,0.9836601307189544,Hill_Valley_without_noise,0,LR,impute
2641,0.6683168316831684,0.6650980392156863,0.7512261058604104,0.6054896512385919,0.9901960784313726,Hill_Valley_without_noise,1,LR,impute
2642,0.6641914191419142,0.6609313725490196,0.7489207652673306,0.6024125973594942,0.9901960784313726,Hill_Valley_without_noise,2,LR,impute
2643,0.6600660066006601,0.656764705882353,0.7463159238746166,0.5988453865141858,0.9901960784313726,Hill_Valley_without_noise,3,LR,impute
2644,0.6666666666666667,0.6634313725490196,0.7500328913264238,0.6036445180798184,0.9901960784313726,Hill_Valley_without_noise,4,LR,impute
2645,0.6641914191419143,0.6609313725490197,0.7486714954583384,0.6019158502326281,0.9901960784313726,Hill_Valley_without_noise,5,LR,impute
2646,0.5181518151815181,0.5145261437908497,0.6486021551214913,0.5134301026295571,0.880718954248366,Hill_Valley_without_noise,0,NB,impute
2647,0.4909240924092409,0.4891830065359477,0.5085984393943335,0.4636024726640678,0.6650326797385621,Hill_Valley_without_noise,1,NB,impute
2648,0.4958745874587458,0.4940849673202614,0.5131442902369823,0.4683363366868954,0.6748366013071896,Hill_Valley_without_noise,2,NB,impute
2649,0.5148514851485148,0.5112091503267974,0.6466413532835156,0.5114832812680782,0.8790849673202614,Hill_Valley_without_noise,3,NB,impute
2650,0.5008250825082509,0.4991339869281045,0.5097129880913963,0.4742868843059682,0.6699346405228759,Hill_Valley_without_noise,4,NB,impute
2651,0.5008250825082509,0.4990359477124183,0.5162826356210779,0.4784351444941673,0.6797385620915033,Hill_Valley_without_noise,5,NB,impute
2652,0.5882838283828382,0.5879248366013072,0.6045193283210637,0.5866443021293858,0.6241830065359477,Hill_Valley_without_noise,0,DT,impute
2653,0.5981848184818481,0.598202614379085,0.5982577452729319,0.6014181710187406,0.5964052287581699,Hill_Valley_without_noise,1,DT,impute
2654,0.5891089108910892,0.5886601307189542,0.6089602509570589,0.5864373856972679,0.6339869281045751,Hill_Valley_without_noise,2,DT,impute
2655,0.5874587458745875,0.5874019607843137,0.5918541964469433,0.5917913654245573,0.5931372549019608,Hill_Valley_without_noise,3,DT,impute
2656,0.5726072607260726,0.5720751633986929,0.595513377533625,0.5695233148835477,0.6258169934640523,Hill_Valley_without_noise,4,DT,impute
2657,0.5891089108910892,0.5886437908496732,0.6085567317748427,0.5860831708438358,0.6356209150326798,Hill_Valley_without_noise,5,DT,impute
2658,0.5932343234323433,0.5931372549019608,0.5996106967872812,0.596418619690809,0.6029411764705883,Hill_Valley_without_noise,0,RF,impute
2659,0.6138613861386139,0.6137091503267974,0.6211571186502134,0.614339282426456,0.6290849673202614,Hill_Valley_without_noise,1,RF,impute
2660,0.6014851485148516,0.6012091503267973,0.6147125959742685,0.6012572650952535,0.6290849673202614,Hill_Valley_without_noise,2,RF,impute
2661,0.5981848184818481,0.5979901960784313,0.6081472311296809,0.5989850133355912,0.6176470588235294,Hill_Valley_without_noise,3,RF,impute
2662,0.6031353135313532,0.6027777777777777,0.6190178436884284,0.6009250501753562,0.6388888888888888,Hill_Valley_without_noise,4,RF,impute
2663,0.5981848184818482,0.5978921568627451,0.6115181719512544,0.597477113405647,0.6274509803921569,Hill_Valley_without_noise,5,RF,impute
2664,0.7696000000000001,0.7699039241906016,0.7695373192522544,0.7699571704717324,0.7699039241906016,waveform_40,0,KNN,impute
2665,0.766,0.7662686549643855,0.7661034335320852,0.7663359963703515,0.7662686549643855,waveform_40,1,KNN,impute
2666,0.7634000000000001,0.7636403143427399,0.7634244882057855,0.7634328569162204,0.7636403143427399,waveform_40,2,KNN,impute
2667,0.7727999999999999,0.7730517297204608,0.7727885351529987,0.7732989677591836,0.7730517297204608,waveform_40,3,KNN,impute
2668,0.7732000000000001,0.7734680254592764,0.7731346909273012,0.7733229334454969,0.7734680254592764,waveform_40,4,KNN,impute
2669,0.7766000000000001,0.7769107792940089,0.7764845365343245,0.7769417922973182,0.7769107792940089,waveform_40,5,KNN,impute
2670,0.8615999999999999,0.8618580998655161,0.8614868046351462,0.862321336613427,0.8618580998655161,waveform_40,0,SVC,impute
2671,0.8624,0.8626531526565236,0.8622704860652582,0.8628655806693392,0.8626531526565236,waveform_40,1,SVC,impute
2672,0.8614,0.8616338321374463,0.8613611980070396,0.8620557661272535,0.8616338321374463,waveform_40,2,SVC,impute
2673,0.8628,0.8631002985590702,0.8627289909216287,0.8635640556446454,0.8631002985590702,waveform_40,3,SVC,impute
2674,0.8622000000000001,0.8624240111210744,0.8621927577478796,0.8624429538625806,0.8624240111210744,waveform_40,4,SVC,impute
2675,0.8624,0.8626873107873908,0.8622957487919116,0.8628818054864361,0.8626873107873908,waveform_40,5,SVC,impute
2676,0.8672,0.8674020039104943,0.867165035294122,0.8676211408722964,0.8674020039104943,waveform_40,0,LR,impute
2677,0.8672,0.8673989033394167,0.8671514303288952,0.8673608210563086,0.8673989033394167,waveform_40,1,LR,impute
2678,0.8638,0.8639851538434927,0.863817283918419,0.8642575066808691,0.8639851538434927,waveform_40,2,LR,impute
2679,0.8678000000000001,0.8680063560255316,0.8677854676337342,0.8681938997810539,0.8680063560255316,waveform_40,3,LR,impute
2680,0.8665999999999999,0.8667977554934861,0.8665831864368899,0.866825202990021,0.8667977554934861,waveform_40,4,LR,impute
2681,0.8678,0.8680051012793766,0.8677797603843721,0.8679358710112582,0.8680051012793766,waveform_40,5,LR,impute
2682,0.8014,0.8034643396165214,0.7903554748428895,0.8351447751252091,0.8034643396165214,waveform_40,0,NB,impute
2683,0.8002,0.8023008995762566,0.7885810375178804,0.833731634471102,0.8023008995762566,waveform_40,1,NB,impute
2684,0.8002,0.8022884350731291,0.7887599347943759,0.8336688551336208,0.8022884350731291,waveform_40,2,NB,impute
2685,0.8004,0.8024884685717405,0.7891032431912315,0.8340605993144481,0.8024884685717405,waveform_40,3,NB,impute
2686,0.8002,0.8022895135326343,0.7888851774650137,0.8336472256330629,0.8022895135326343,waveform_40,4,NB,impute
2687,0.7984,0.8005060526050978,0.7865870652258067,0.8328955291849779,0.8005060526050978,waveform_40,5,NB,impute
2688,0.7378,0.7379731232958785,0.7380373292261284,0.7385057802549894,0.7379731232958785,waveform_40,0,DT,impute
2689,0.7313999999999999,0.7315035587919296,0.7315020645404929,0.7322850358414942,0.7315035587919296,waveform_40,1,DT,impute
2690,0.7422000000000001,0.7423278598195107,0.7422817396679664,0.7426553359708195,0.7423278598195107,waveform_40,2,DT,impute
2691,0.7466,0.74684024845716,0.7467255085753692,0.7471907761209344,0.74684024845716,waveform_40,3,DT,impute
2692,0.7452,0.7453352374780274,0.7454668828020503,0.7458565881786638,0.7453352374780274,waveform_40,4,DT,impute
2693,0.7480000000000001,0.7481237811852121,0.7482227587915107,0.7487113123624018,0.7481237811852121,waveform_40,5,DT,impute
2694,0.854,0.8544390554652553,0.8536002363052744,0.8551113052782179,0.8544390554652553,waveform_40,0,RF,impute
2695,0.8517999999999999,0.8523217491020373,0.8513445654768221,0.8532361770310689,0.8523217491020373,waveform_40,1,RF,impute
2696,0.8503999999999999,0.8508639518356667,0.8500202350779201,0.8518265383251707,0.8508639518356667,waveform_40,2,RF,impute
2697,0.8484,0.8489077196214342,0.8479898554506721,0.8500870529496513,0.8489077196214342,waveform_40,3,RF,impute
2698,0.8528,0.8532667699830873,0.8524533500450872,0.8538715507931727,0.8532667699830873,waveform_40,4,RF,impute
2699,0.8554,0.8559060092676173,0.8549259561759763,0.8567649974484857,0.8559060092676173,waveform_40,5,RF,impute
2700,0.8175999999999999,0.8173419049164236,0.8165228823047611,0.8179908074240301,0.8173419049164236,waveform_21,0,KNN,impute
2701,0.8084,0.8081216990571483,0.8072528990309583,0.8086956601766164,0.8081216990571483,waveform_21,1,KNN,impute
2702,0.8064,0.8062038952757873,0.8054925845449494,0.806281959289732,0.8062038952757873,waveform_21,2,KNN,impute
2703,0.8140000000000001,0.8137509300187978,0.8132151344799243,0.8143952987178363,0.8137509300187978,waveform_21,3,KNN,impute
2704,0.8094000000000001,0.8092372385296256,0.8085609364229042,0.8098152949674211,0.8092372385296256,waveform_21,4,KNN,impute
2705,0.8088,0.8085883465029827,0.8077669206748281,0.808999500367441,0.8085883465029827,waveform_21,5,KNN,impute
2706,0.8658,0.8655938312845526,0.8653371756323484,0.8660810030231221,0.8655938312845526,waveform_21,0,SVC,impute
2707,0.8646,0.8644141080675628,0.8641607309376376,0.8646334617420423,0.8644141080675628,waveform_21,1,SVC,impute
2708,0.8642,0.8639907537649317,0.8637778683809947,0.8640980686720543,0.8639907537649317,waveform_21,2,SVC,impute
2709,0.8696,0.8693797800388513,0.8691868479809365,0.8695634606761191,0.8693797800388513,waveform_21,3,SVC,impute
2710,0.8682,0.8680055483079205,0.8677617908262064,0.8682941674966921,0.8680055483079205,waveform_21,4,SVC,impute
2711,0.8672,0.8669812605157049,0.8667517732503265,0.8671839168641396,0.8669812605157049,waveform_21,5,SVC,impute
2712,0.8686,0.8683964346552354,0.8682001678753867,0.8688861032349825,0.8683964346552354,waveform_21,0,LR,impute
2713,0.8662,0.8660053563033387,0.8659030682933145,0.8661917633751471,0.8660053563033387,waveform_21,1,LR,impute
2714,0.8662000000000001,0.8660205684255864,0.865880045660311,0.8662306153213185,0.8660205684255864,waveform_21,2,LR,impute
2715,0.8675999999999999,0.8674273738496054,0.8673158721602232,0.8674914393489952,0.8674273738496054,waveform_21,3,LR,impute
2716,0.8688,0.8686276408874948,0.868500604839556,0.8688560895623058,0.8686276408874948,waveform_21,4,LR,impute
2717,0.8664000000000001,0.8662152720989441,0.866091652447096,0.8663188264035124,0.8662152720989441,waveform_21,5,LR,impute
2718,0.8072,0.8063781451377917,0.794783119580584,0.8391843980146387,0.8063781451377917,waveform_21,0,NB,impute
2719,0.8088,0.8079794342669954,0.7966673330124757,0.8405935105081688,0.8079794342669954,waveform_21,1,NB,impute
2720,0.8092,0.8083662993033596,0.7967510609594914,0.84112162354632,0.8083662993033596,waveform_21,2,NB,impute
2721,0.8082,0.807363989133956,0.7957523659358171,0.8400849917652032,0.807363989133956,waveform_21,3,NB,impute
2722,0.8071999999999999,0.8063789696246966,0.7947939079515107,0.8393884223981739,0.8063789696246966,waveform_21,4,NB,impute
2723,0.8082,0.807368853683368,0.7958139878642992,0.8398046170725406,0.807368853683368,waveform_21,5,NB,impute
2724,0.7458,0.7455021686088398,0.7450654909685169,0.7458044618774963,0.7455021686088398,waveform_21,0,DT,impute
2725,0.755,0.7547993181606972,0.7548891754977263,0.755431645551168,0.7547993181606972,waveform_21,1,DT,impute
2726,0.7592,0.7591070955981193,0.7590959970426485,0.7595104786518352,0.7591070955981193,waveform_21,2,DT,impute
2727,0.7522,0.752125545812345,0.7519765425140365,0.7520946326292185,0.752125545812345,waveform_21,3,DT,impute
2728,0.7492,0.7491384271526608,0.7490840607894862,0.7493852618857183,0.7491384271526608,waveform_21,4,DT,impute
2729,0.745,0.7448238519642472,0.7450186244487539,0.7456654382352005,0.7448238519642472,waveform_21,5,DT,impute
2730,0.8492,0.8489151138432582,0.8485060853046005,0.8500619910506627,0.8489151138432582,waveform_21,0,RF,impute
2731,0.8512000000000001,0.8509307964295821,0.8505854600489958,0.8514095516022584,0.8509307964295821,waveform_21,1,RF,impute
2732,0.8548,0.8545340751719679,0.8542705558861041,0.8550855253013762,0.8545340751719679,waveform_21,2,RF,impute
2733,0.8500000000000001,0.8497106667341242,0.8492151077861602,0.8503423581390293,0.8497106667341242,waveform_21,3,RF,impute
2734,0.8464,0.8461476289495464,0.8456285276449114,0.8469068472152369,0.8461476289495464,waveform_21,4,RF,impute
2735,0.8482,0.8479083533144064,0.8475042697791796,0.8482540114425973,0.8479083533144064,waveform_21,5,RF,impute
2736,0.6972222222222222,0.6972222222222222,0.6905109089272503,0.7592323362911598,0.6972222222222222,movement_libras,0,KNN,impute
2737,0.7333333333333333,0.7333333333333333,0.7282359280153398,0.7803168590668591,0.7333333333333333,movement_libras,1,KNN,impute
2738,0.7333333333333334,0.7333333333333334,0.7236458447402048,0.7870643191231428,0.7333333333333334,movement_libras,2,KNN,impute
2739,0.7194444444444444,0.7194444444444444,0.7096117009352303,0.7760960798460799,0.7194444444444444,movement_libras,3,KNN,impute
2740,0.7083333333333333,0.7083333333333335,0.7024863900289595,0.7619178969178969,0.7083333333333335,movement_libras,4,KNN,impute
2741,0.7027777777777778,0.7027777777777777,0.6917744020685197,0.7623370610870611,0.7027777777777777,movement_libras,5,KNN,impute
2742,0.7944444444444445,0.7944444444444445,0.78862832701068,0.8184457671957671,0.7944444444444445,movement_libras,0,SVC,impute
2743,0.8222222222222223,0.8222222222222223,0.8170742574419045,0.8486544011544012,0.8222222222222223,movement_libras,1,SVC,impute
2744,0.7833333333333333,0.7833333333333334,0.7755245435392493,0.8013257575757576,0.7833333333333334,movement_libras,2,SVC,impute
2745,0.7944444444444445,0.7944444444444446,0.7869060813913755,0.8279238816738818,0.7944444444444446,movement_libras,3,SVC,impute
2746,0.7666666666666666,0.7666666666666666,0.7617020942020942,0.7989417989417988,0.7666666666666666,movement_libras,4,SVC,impute
2747,0.763888888888889,0.763888888888889,0.7474157786657786,0.7786904761904762,0.763888888888889,movement_libras,5,SVC,impute
2748,0.7444444444444445,0.7444444444444444,0.7408123358123357,0.7752976190476191,0.7444444444444444,movement_libras,0,LR,impute
2749,0.7833333333333332,0.7833333333333335,0.7789190330366801,0.804963924963925,0.7833333333333335,movement_libras,1,LR,impute
2750,0.7305555555555555,0.7305555555555555,0.7246939634439634,0.7539484126984126,0.7305555555555555,movement_libras,2,LR,impute
2751,0.7722222222222223,0.7722222222222224,0.7670782458282458,0.8159986772486773,0.7722222222222224,movement_libras,3,LR,impute
2752,0.775,0.7750000000000001,0.7730381655381655,0.8069179894179894,0.7750000000000001,movement_libras,4,LR,impute
2753,0.7361111111111112,0.736111111111111,0.728699503111268,0.7704256854256855,0.736111111111111,movement_libras,5,LR,impute
2754,0.5861111111111111,0.5861111111111111,0.5842376142376142,0.6356018518518519,0.5861111111111111,movement_libras,0,NB,impute
2755,0.6027777777777777,0.6027777777777777,0.601744100126453,0.6432605820105819,0.6027777777777777,movement_libras,1,NB,impute
2756,0.6222222222222222,0.6222222222222221,0.6246264819058936,0.6689808802308802,0.6222222222222221,movement_libras,2,NB,impute
2757,0.6277777777777778,0.6277777777777778,0.6282573200220258,0.6655056517556517,0.6277777777777778,movement_libras,3,NB,impute
2758,0.6194444444444445,0.6194444444444444,0.6187518663253957,0.6618037518037518,0.6194444444444444,movement_libras,4,NB,impute
2759,0.6,0.6,0.5970394692453516,0.6575805675805676,0.6,movement_libras,5,NB,impute
2760,0.6333333333333333,0.6333333333333333,0.6289984307631366,0.6622847522847523,0.6333333333333333,movement_libras,0,DT,impute
2761,0.6805555555555556,0.6805555555555555,0.6707579103902632,0.7078108465608466,0.6805555555555555,movement_libras,1,DT,impute
2762,0.6666666666666666,0.6666666666666666,0.6586557179204238,0.705079365079365,0.6666666666666666,movement_libras,2,DT,impute
2763,0.6416666666666667,0.6416666666666666,0.6366606759253817,0.6681313131313131,0.6416666666666666,movement_libras,3,DT,impute
2764,0.6694444444444444,0.6694444444444444,0.6700966625966626,0.7050396825396825,0.6694444444444444,movement_libras,4,DT,impute
2765,0.6472222222222221,0.6472222222222221,0.6424181374181375,0.6838888888888889,0.6472222222222221,movement_libras,5,DT,impute
2766,0.7888888888888889,0.7888888888888889,0.7829390054390053,0.8145833333333333,0.7888888888888889,movement_libras,0,RF,impute
2767,0.8222222222222222,0.8222222222222223,0.8187153587153588,0.8478373015873016,0.8222222222222223,movement_libras,1,RF,impute
2768,0.8138888888888889,0.813888888888889,0.8112985162985161,0.8320039682539683,0.813888888888889,movement_libras,2,RF,impute
2769,0.8027777777777778,0.8027777777777778,0.7981832981832981,0.8246560846560846,0.8027777777777778,movement_libras,3,RF,impute
2770,0.7972222222222223,0.7972222222222223,0.7952043327043327,0.8186574074074073,0.7972222222222223,movement_libras,4,RF,impute
2771,0.7749999999999999,0.775,0.7691797554297554,0.7943981481481481,0.775,movement_libras,5,RF,impute
2772,0.9094031280823972,0.8919786151110027,0.8935588752776519,0.8957973963822906,0.8919786151110027,satimage,0,KNN,impute
2773,0.90505086052027,0.8863376160603542,0.888105864184937,0.8904794404611945,0.8863376160603542,satimage,1,KNN,impute
2774,0.9042727243212156,0.8853012157502499,0.8874124880466226,0.8903661892001314,0.8853012157502499,satimage,2,KNN,impute
2775,0.9025639747193184,0.8828406334471611,0.8850849863507518,0.8880948092613244,0.8828406334471611,satimage,3,KNN,impute
2776,0.9062920326892572,0.8864849438198207,0.8888337122205894,0.8922098507328909,0.8864849438198207,satimage,4,KNN,impute
2777,0.9095569580623916,0.8905088850134298,0.89294909800951,0.8961684855666893,0.8905088850134298,satimage,5,KNN,impute
2778,0.8722623674665826,0.8366708775376698,0.8403927346119575,0.8465759878677227,0.8366708775376698,satimage,0,SVC,impute
2779,0.8689981184815512,0.8340816732940942,0.8369643672790031,0.8415354605962749,0.8340816732940942,satimage,1,SVC,impute
2780,0.8691523349690331,0.8331839305254652,0.8365516190506684,0.8420770571999471,0.8331839305254652,satimage,2,SVC,impute
2781,0.8680651860337838,0.8324516406242167,0.8359229913955218,0.84203516786662,0.8324516406242167,satimage,3,SVC,impute
2782,0.8702411265611038,0.833583658134334,0.8370982691148346,0.8432253109933623,0.833583658134334,satimage,4,SVC,impute
2783,0.8708618575859051,0.8355255550986413,0.8388713029508769,0.8444009813195092,0.8355255550986413,satimage,5,SVC,impute
2784,0.8574991342232281,0.8107953282127216,0.815144962003811,0.8262682070659714,0.8107953282127216,satimage,0,LR,impute
2785,0.857032233178421,0.810963189956256,0.815082721443948,0.82546285174521,0.810963189956256,satimage,1,LR,impute
2786,0.8556335592083091,0.8078649839938378,0.8119050267206522,0.823027388890577,0.8078649839938378,satimage,2,LR,impute
2787,0.8601403331385336,0.8153944457331522,0.8205362770289045,0.8323228885481014,0.8153944457331522,satimage,3,LR,impute
2788,0.8576526743226071,0.8115116311653272,0.8156131436465898,0.8263623266755413,0.8115116311653272,satimage,4,LR,impute
2789,0.8582753378848456,0.8119269023785635,0.8162290163459823,0.8275348292840213,0.8119269023785635,satimage,5,LR,impute
2790,0.7964263131205378,0.7861107068830766,0.7786005833480588,0.7809878420839778,0.7861107068830766,satimage,0,NB,impute
2791,0.7961144982050592,0.7858165564729023,0.7782420092833555,0.7812640735526319,0.7858165564729023,satimage,1,NB,impute
2792,0.7959586390607558,0.7857801153872149,0.7780342415981165,0.780682117477415,0.7857801153872149,satimage,2,NB,impute
2793,0.7956502060857923,0.7858034477875956,0.7780607879647626,0.7814462861370354,0.7858034477875956,satimage,3,NB,impute
2794,0.7970469475184673,0.7863092524804982,0.7788771215673024,0.7819773788189566,0.7863092524804982,satimage,4,NB,impute
2795,0.7964263131205378,0.7861234671459996,0.7785082982884668,0.7814699576137111,0.7861234671459996,satimage,5,NB,impute
2796,0.8537693369695958,0.8274509610641008,0.8279724238247643,0.8292980461638195,0.8274509610641008,satimage,0,DT,impute
2797,0.8529933265617222,0.8300294999351528,0.8290840059767155,0.8288618837755313,0.8300294999351528,satimage,1,DT,impute
2798,0.8533007932679672,0.8278775887159949,0.8284938048941906,0.8297974067947987,0.8278775887159949,satimage,2,DT,impute
2799,0.8540797024819966,0.8299032118250356,0.830486571024811,0.831915361105471,0.8299032118250356,satimage,3,DT,impute
2800,0.852834665238135,0.8301694042722173,0.8304073315496494,0.8314676020831477,0.8301694042722173,satimage,4,DT,impute
2801,0.861537461078696,0.8379194109298689,0.8386225593702619,0.8399428186149203,0.8379194109298689,satimage,5,DT,impute
2802,0.9156195212563658,0.8906611043530974,0.8969767252811102,0.9070892684546932,0.8906611043530974,satimage,0,RF,impute
2803,0.9162403489080392,0.8904651475973394,0.8973661171903178,0.9096278346589,0.8904651475973394,satimage,1,RF,impute
2804,0.9154618262014972,0.8906646174599705,0.8968996026380975,0.9069199647441576,0.8906646174599705,satimage,2,RF,impute
2805,0.9156174920920568,0.8903145501747958,0.8968895185868714,0.9086091998518444,0.8903145501747958,satimage,3,RF,impute
2806,0.9163938890074176,0.8904166863266169,0.8971523911836018,0.9092187868620926,0.8904166863266169,satimage,4,RF,impute
2807,0.91639504852988,0.8908231346516738,0.8972866997229991,0.908327419195362,0.8908231346516738,satimage,5,RF,impute
2808,0.92991239048811,0.9292742951169788,0.9336353575573832,0.923841563974889,0.9436838089337144,chess,0,KNN,impute
2809,0.9330413016270338,0.932735206866139,0.9359978117282196,0.9329081147407468,0.9394713893956604,chess,1,KNN,impute
2810,0.92991239048811,0.9294283362913736,0.9334064290740418,0.9271391691912368,0.9400737782979358,chess,2,KNN,impute
2811,0.9321026282853568,0.9315265159053336,0.935653119519412,0.9275155786847624,0.9442718552430784,chess,3,KNN,impute
2812,0.9361702127659576,0.9357056357883092,0.9393378260174404,0.9327392729666996,0.9460718506534486,chess,4,KNN,impute
2813,0.931476846057572,0.931163900691031,0.9347118854518048,0.9313264424784128,0.9382852569618946,chess,5,KNN,impute
2814,0.9671464330413015,0.9677393288092048,0.968056908719447,0.982115843216513,0.95447661009948,chess,0,SVC,impute
2815,0.9705882352941178,0.9710901780534952,0.9714607352176442,0.9834602156796198,0.9598608194783886,chess,1,SVC,impute
2816,0.9671464330413015,0.9676024208160672,0.9681797629785028,0.9792850710330808,0.9574613036843252,chess,2,SVC,impute
2817,0.9687108886107634,0.969238838413266,0.9696447803138908,0.9821968841321344,0.9574670407214898,chess,3,SVC,impute
2818,0.968397997496871,0.968853106240878,0.9694002741246888,0.9804617830964394,0.958667515748167,chess,4,SVC,impute
2819,0.967459324155194,0.967954967981881,0.9684625828688068,0.9804658354898944,0.9568660860785057,chess,5,SVC,impute
2820,0.9668335419274092,0.9669959770285712,0.968043268046878,0.9727659237661168,0.9634679815955848,chess,0,LR,impute
2821,0.9680851063829788,0.9682460700830678,0.969288385218598,0.973996163403962,0.9646541140293508,chess,1,LR,impute
2822,0.969336670838548,0.9693907478882298,0.970538264465048,0.9729494443824632,0.9682454992943444,chess,2,LR,impute
2823,0.9696495619524406,0.969800659778999,0.9708061138700464,0.975294220606292,0.9664526751804298,chess,3,LR,impute
2824,0.967459324155194,0.9675979237743152,0.968696216478354,0.9728947384977736,0.9646598510665152,chess,4,LR,impute
2825,0.9677722152690864,0.967917694150818,0.96900447745296,0.9734474153747747,0.964648376992186,chess,5,LR,impute
2826,0.6057571964956195,0.5876443718117927,0.7250251480353296,0.5702493175231015,0.995206705449038,chess,0,NB,impute
2827,0.6154568210262829,0.5978288404165625,0.7300215793486886,0.5768372684593819,0.9946057508060536,chess,1,NB,impute
2828,0.6085732165206508,0.5906367398693546,0.7263770567600012,0.5724727030185663,0.9940062304223608,chess,2,NB,impute
2829,0.6038798498122654,0.5856464202971041,0.7243874093583962,0.5691209858096539,0.9964086147350062,chess,3,NB,impute
2830,0.6107634543178974,0.5928310745747422,0.7281008708241159,0.573591959100848,0.997005266600117,chess,4,NB,impute
2831,0.6101376720901127,0.5922185110463977,0.7274051976760951,0.5732889488216484,0.995208139708329,chess,5,NB,impute
2832,0.9921777221526908,0.9921499600686652,0.9925142452006936,0.9922219569472288,0.9928129266921392,chess,0,DT,impute
2833,0.9940550688360452,0.9940294817775835,0.994311348820078,0.9940276828434722,0.994608619324636,chess,1,DT,impute
2834,0.9934292866082604,0.993374889786838,0.9937147185096952,0.9928229459688578,0.9946100535839272,chess,2,DT,impute
2835,0.9906132665832292,0.9905693396929818,0.99101281030264,0.9904498978415353,0.9916167544433352,chess,3,DT,impute
2836,0.9921777221526908,0.9919797253399878,0.9925405739212628,0.9887324937543862,0.9964043119571327,chess,4,DT,impute
2837,0.9903003754693368,0.9901818813185544,0.99072697458073,0.988677117191311,0.9928086239142656,chess,5,DT,impute
2838,0.98811013767209,0.9879764270090712,0.988644925542066,0.9862909405883528,0.9910172340596424,chess,0,RF,impute
2839,0.9881101376720902,0.987945234692834,0.9886583957779004,0.9857366112020368,0.9916110174061707,chess,1,RF,impute
2840,0.9893617021276596,0.9891776106805767,0.9898678098217638,0.9864229011451288,0.993411012816541,chess,2,RF,impute
2841,0.9887359198998747,0.9886067060372872,0.9892335226007763,0.9869120376116608,0.9916181887026264,chess,3,RF,impute
2842,0.9887359198998747,0.9886044129193846,0.989241357028986,0.9869301854689412,0.9916153201840442,chess,4,RF,impute
2843,0.9887359198998747,0.9886617776443398,0.9892250183698535,0.9880704287138388,0.9904177136759492,chess,5,RF,impute
2844,0.922715894868586,0.9226340162385732,0.9258890606602354,0.927279128967447,0.9245063279519924,kr_vs_kp,0,KNN,impute
2845,0.9211514392991238,0.9208628674916248,0.924678470494273,0.9220734443085292,0.9275154039447868,kr_vs_kp,1,KNN,impute
2846,0.9217772215269088,0.9212892846280586,0.9256859196349442,0.9192616547392716,0.932300092940002,kr_vs_kp,2,KNN,impute
2847,0.9283479349186484,0.9279271359914238,0.9319383916024304,0.9265800635398084,0.937691473615366,kr_vs_kp,3,KNN,impute
2848,0.9211514392991238,0.9207994737867566,0.9248162638509132,0.9209748427343446,0.928695799341388,kr_vs_kp,4,KNN,impute
2849,0.9305381727158948,0.9300938184709514,0.933911630769735,0.9279699639420524,0.9400838181129736,kr_vs_kp,5,KNN,impute
2850,0.957133917396746,0.957520178765851,0.9584777227318356,0.9683789117167404,0.949083795164825,kr_vs_kp,0,SVC,impute
2851,0.9508760951188986,0.9511275744183252,0.9526505345496116,0.96020367815435,0.94547806730692,kr_vs_kp,1,SVC,impute
2852,0.9540050062578224,0.9543782310694952,0.9554970885104176,0.965240539306722,0.9460790219499042,kr_vs_kp,2,SVC,impute
2853,0.9552565707133918,0.9556286075819234,0.95669486326147,0.9664842382536004,0.9472622858650878,kr_vs_kp,3,SVC,impute
2854,0.9558823529411764,0.9563088220351588,0.9572821329398749,0.9681618856453124,0.9466799765928884,kr_vs_kp,4,SVC,impute
2855,0.9543178973717148,0.9546489503340414,0.9558589024415604,0.9646348749085978,0.9472766284579992,kr_vs_kp,5,SVC,impute
2856,0.9524405506883604,0.9523857783371246,0.954418433333564,0.9552197190254992,0.9538742211972048,kr_vs_kp,0,LR,impute
2857,0.9515018773466832,0.9514757577865358,0.953520212271974,0.9551585480408592,0.9520713572682524,kr_vs_kp,1,LR,impute
2858,0.9524405506883604,0.9524099495706888,0.954399972828332,0.9556364323840376,0.9532732665542208,kr_vs_kp,2,LR,impute
2859,0.9540050062578224,0.9540085704710576,0.9558039958821478,0.958064052974734,0.953852707307838,kr_vs_kp,3,LR,impute
2860,0.9552565707133918,0.9553136188580929,0.9570460892078938,0.9603652330301083,0.953865615641458,kr_vs_kp,4,LR,impute
2861,0.9527534418022529,0.9528069616126548,0.954647423932384,0.9579624191247408,0.9514632313288124,kr_vs_kp,5,LR,impute
2862,0.6026282853566959,0.5846551105276596,0.7223869527847668,0.5689201908766259,0.9898311016258764,kr_vs_kp,0,NB,impute
2863,0.5991864831038799,0.5807159779312753,0.7221905828669121,0.5668067267275729,0.9958062258327308,kr_vs_kp,1,NB,impute
2864,0.5954317897371715,0.5768536722199223,0.7198643357050012,0.5638975722824273,0.995206705449038,kr_vs_kp,2,NB,impute
2865,0.6029411764705882,0.5849183480164849,0.722753595276937,0.569216106884101,0.9904091081202024,kr_vs_kp,3,NB,impute
2866,0.6066958698372966,0.5885599521644295,0.7259655686113673,0.5711549174322819,0.996405746216424,kr_vs_kp,4,NB,impute
2867,0.6126408010012515,0.5948454946168273,0.728761975217712,0.5747915071496438,0.9958105286106044,kr_vs_kp,5,NB,impute
2868,0.975907384230288,0.9759045725707438,0.9768975481178278,0.97780988027053,0.976039264282354,kr_vs_kp,0,DT,impute
2869,0.972465581977472,0.9721873564334952,0.9737597453001248,0.9691839617509684,0.9784301745206704,kr_vs_kp,1,DT,impute
2870,0.9759073842302878,0.9758748145137978,0.9769231140524104,0.9772152189915349,0.9766359161474648,kr_vs_kp,2,DT,impute
2871,0.9705882352941176,0.9707567211939968,0.971720156908804,0.976493283178476,0.9670421557490848,kr_vs_kp,3,DT,impute
2872,0.9752816020025032,0.9751833016544676,0.9763706798700093,0.975610133687314,0.9772282652347022,kr_vs_kp,4,DT,impute
2873,0.975907384230288,0.9758161572585172,0.976953796461812,0.9760888477708124,0.9778292198776865,kr_vs_kp,5,DT,impute
2874,0.9737171464330412,0.973611703536611,0.9748714786036992,0.9738113084979032,0.9760363957637715,kr_vs_kp,0,RF,impute
2875,0.9737171464330414,0.97327496145645,0.9750572743689636,0.9671715404292012,0.9832249033309236,kr_vs_kp,1,RF,impute
2876,0.9774718397997496,0.9772040978739988,0.978539221871864,0.9739227832431938,0.9832263375902148,kr_vs_kp,2,RF,impute
2877,0.9774718397997496,0.9773198194266688,0.9784945928852422,0.9761945818433349,0.9808210847589872,kr_vs_kp,3,RF,impute
2878,0.972778473091364,0.9725167329533216,0.9740642763808436,0.9697852232263904,0.978434477298544,kr_vs_kp,4,RF,impute
2879,0.9752816020025032,0.9749941990576764,0.9764631223606574,0.9716303008603004,0.9814277764391358,kr_vs_kp,5,RF,impute
2880,0.9768683274021353,0.9768590007409064,0.9769110230274116,0.9772600910523068,0.9768590007409064,optdigits,0,KNN,impute
2881,0.9781138790035586,0.9781065926751024,0.9781585162568732,0.978447828240092,0.9781065926751024,optdigits,1,KNN,impute
2882,0.9781138790035586,0.9781229515638415,0.9781295079465472,0.9784137883092474,0.9781229515638415,optdigits,2,KNN,impute
2883,0.9784697508896796,0.9784813632283886,0.9785248186470844,0.9787849178623796,0.9784813632283886,optdigits,3,KNN,impute
2884,0.9775800711743772,0.9775629519516262,0.97760226558376,0.9780091813158404,0.9775629519516262,optdigits,4,KNN,impute
2885,0.9781138790035588,0.978106304502938,0.978134619192296,0.9783837463918904,0.978106304502938,optdigits,5,KNN,impute
2886,0.9772241992882562,0.9772121106909212,0.977267763084564,0.9776101015321188,0.9772121106909212,optdigits,0,SVC,impute
2887,0.9777580071174377,0.9777071628907869,0.9777419520057268,0.9781106247986624,0.9777071628907869,optdigits,1,SVC,impute
2888,0.9775800711743772,0.9775781734745718,0.9776072510707752,0.9778484889172948,0.9775781734745718,optdigits,2,SVC,impute
2889,0.9809608540925266,0.9809449363682818,0.9810099880206506,0.9812836832992544,0.9809449363682818,optdigits,3,SVC,impute
2890,0.9782918149466192,0.9782573492466352,0.9782879777487058,0.9785821486412982,0.9782573492466352,optdigits,4,SVC,impute
2891,0.9791814946619216,0.9791651250164786,0.979186930035094,0.9793530476975784,0.9791651250164786,optdigits,5,SVC,impute
2892,0.9713523131672596,0.971372838125178,0.97135290203222,0.971608644981382,0.971372838125178,optdigits,0,LR,impute
2893,0.9690391459074732,0.9690458555179072,0.9690422523646888,0.9693200430382314,0.9690458555179072,optdigits,1,LR,impute
2894,0.9709964412811388,0.9710132158525352,0.9710354554084946,0.9712943801463776,0.9710132158525352,optdigits,2,LR,impute
2895,0.9699288256227758,0.969970630542738,0.9700158176929672,0.9702639818238225,0.969970630542738,optdigits,3,LR,impute
2896,0.9720640569395018,0.9720326489652568,0.9720534427083634,0.972341983762747,0.9720326489652568,optdigits,4,LR,impute
2897,0.9674377224199288,0.96743585005457,0.9674743293160106,0.967709833416866,0.96743585005457,optdigits,5,LR,impute
2898,0.7265124555160143,0.7277156461291352,0.716403225362719,0.8186545290239786,0.7277156461291352,optdigits,0,NB,impute
2899,0.7391459074733097,0.7401712525482165,0.730417052342842,0.8249255089950801,0.7401712525482165,optdigits,1,NB,impute
2900,0.737900355871886,0.7388841507429665,0.7289669586379992,0.8220378508256789,0.7388841507429665,optdigits,2,NB,impute
2901,0.7135231316725978,0.7146754905229445,0.7069212272691495,0.8164301694563016,0.7146754905229445,optdigits,3,NB,impute
2902,0.7229537366548042,0.7240745877516372,0.717487143687603,0.8183688925219355,0.7240745877516372,optdigits,4,NB,impute
2903,0.7197508896797153,0.7209455190314815,0.7105224209236745,0.8153779371776504,0.7209455190314815,optdigits,5,NB,impute
2904,0.9023131672597864,0.9023921877410248,0.9023161534705936,0.9030236037499126,0.9023921877410248,optdigits,0,DT,impute
2905,0.8927046263345195,0.8927407010954667,0.8927313768558811,0.8934103926259889,0.8927407010954667,optdigits,1,DT,impute
2906,0.8959074733096085,0.8959796780013509,0.8959996161635955,0.8967227482879004,0.8959796780013509,optdigits,2,DT,impute
2907,0.9008896797153024,0.9008456786657472,0.900837824681569,0.9017205938794908,0.9008456786657472,optdigits,3,DT,impute
2908,0.898932384341637,0.8989235076399229,0.8989133397296909,0.8995493292058704,0.8989235076399229,optdigits,4,DT,impute
2909,0.8944839857651246,0.8945362573917243,0.8945234760538843,0.8953193648742742,0.8945362573917243,optdigits,5,DT,impute
2910,0.9823843416370106,0.9823664306009846,0.9823922852409231,0.9826696088369592,0.9823664306009846,optdigits,0,RF,impute
2911,0.9834519572953736,0.9834428559560452,0.9834714626767402,0.9836349738023492,0.9834428559560452,optdigits,1,RF,impute
2912,0.9813167259786476,0.9813341661385856,0.9813301808820608,0.9814336677101626,0.9813341661385856,optdigits,2,RF,impute
2913,0.9807829181494662,0.9807894020796972,0.980810326448564,0.9810268715476808,0.9807894020796972,optdigits,3,RF,impute
2914,0.9825622775800712,0.9825550445322798,0.982574116663648,0.9828004143006124,0.9825550445322798,optdigits,4,RF,impute
2915,0.9823843416370106,0.9823839493139994,0.9824050560581024,0.982558394568356,0.9823839493139994,optdigits,5,RF,impute
2916,0.6411543287327478,0.6642582612527645,0.6297035998392461,0.6643349659669767,0.6642582612527645,splice,0,KNN,impute
2917,0.6446047678795483,0.6701773695676426,0.6349918002303727,0.6683010414248995,0.6701773695676426,splice,1,KNN,impute
2918,0.6351944792973652,0.6634784350561198,0.6253028936400008,0.6606201570765521,0.6634784350561198,splice,2,KNN,impute
2919,0.6420953575909661,0.6651230148498475,0.6286956276675727,0.6619261876425335,0.6651230148498475,splice,3,KNN,impute
2920,0.6320577164366374,0.6574929027928934,0.6206001834512962,0.6553637690500418,0.6574929027928934,splice,4,KNN,impute
2921,0.6402132998745295,0.6676201117331575,0.629893672049037,0.6601504046671351,0.6676201117331575,splice,5,KNN,impute
2922,0.8240276035131744,0.8240150457678102,0.8131951912580779,0.8054249928176576,0.8240150457678102,splice,0,SVC,impute
2923,0.8337515683814304,0.8349407688454347,0.8237677281571898,0.8157228794633191,0.8349407688454347,splice,1,SVC,impute
2924,0.8281053952321205,0.8296848104585194,0.8172614424858581,0.8092969663751791,0.8296848104585194,splice,2,SVC,impute
2925,0.8227728983688833,0.8230262582847283,0.8118137631326499,0.8041030973415448,0.8230262582847283,splice,3,SVC,impute
2926,0.8255959849435383,0.825502308669561,0.8149031529450409,0.8079093363434913,0.825502308669561,splice,4,SVC,impute
2927,0.8268506900878293,0.8275097958682843,0.8166830479561565,0.809766550610955,0.8275097958682843,splice,5,SVC,impute
2928,0.8255959849435383,0.822689106583613,0.814863766321375,0.8094826135953611,0.822689106583613,splice,0,LR,impute
2929,0.8268506900878294,0.8237522709072186,0.8159965689523506,0.8101627945433841,0.8237522709072186,splice,1,LR,impute
2930,0.82465495608532,0.8225736029194802,0.8137996838044238,0.8071271613480877,0.8225736029194802,splice,2,LR,impute
2931,0.8268506900878293,0.825179012091037,0.8162692404791223,0.8099180341004982,0.825179012091037,splice,3,LR,impute
2932,0.8265370138017566,0.8246883398920152,0.8160691830089791,0.8100005235549532,0.8246883398920152,splice,4,LR,impute
2933,0.8243412797992471,0.8226133803063491,0.8132393980038748,0.8065342336812699,0.8226133803063491,splice,5,LR,impute
2934,0.9137390213299876,0.9230812618130584,0.9064156090225708,0.8965781344743332,0.9230812618130584,splice,0,NB,impute
2935,0.9093475533249686,0.9182380033080336,0.9010825080214996,0.8918196867346831,0.9182380033080336,splice,1,NB,impute
2936,0.9062107904642408,0.9138327201942908,0.8972241054092049,0.8899369212692124,0.9138327201942908,splice,2,NB,impute
2937,0.915621079046424,0.9252227030510785,0.9086374438249316,0.8987916361535381,0.9252227030510785,splice,3,NB,impute
2938,0.9162484316185696,0.9260976290332706,0.909456764344292,0.8994509929588187,0.9260976290332706,splice,4,NB,impute
2939,0.8905269761606023,0.8910639180982817,0.8735590726875602,0.8781160808122468,0.8910639180982817,splice,5,NB,impute
2940,0.9106022584692598,0.9050566777407107,0.901905439247085,0.8993661602645646,0.9050566777407107,splice,0,DT,impute
2941,0.9024466750313676,0.8919407299580497,0.8920896750516777,0.8927807753350566,0.8919407299580497,splice,1,DT,impute
2942,0.9165621079046424,0.9114415889101584,0.9089556628278026,0.9070421712283938,0.9114415889101584,splice,2,DT,impute
2943,0.9146800501882058,0.9083921121703163,0.9064489845080592,0.9049819144640636,0.9083921121703163,splice,3,DT,impute
2944,0.9178168130489336,0.9129617004078914,0.9098747829063556,0.908004236288469,0.9129617004078914,splice,4,DT,impute
2945,0.9049560853199498,0.8991088302341285,0.8959457607399689,0.8933026370938704,0.8991088302341285,splice,5,DT,impute
2946,0.9570263488080302,0.9549200599897704,0.9527679147034104,0.9508495930808988,0.9549200599897704,splice,0,RF,impute
2947,0.9498117942283564,0.945890497748726,0.9443873819682356,0.9433441085437042,0.945890497748726,splice,1,RF,impute
2948,0.954516938519448,0.9512053332117296,0.949589604533096,0.948216942666287,0.9512053332117296,splice,2,RF,impute
2949,0.9554579673776662,0.9518119341753566,0.9507272755910262,0.9498497865147476,0.9518119341753566,splice,3,RF,impute
2950,0.950439146800502,0.9486015040181796,0.9456161015629996,0.9430501581731834,0.9486015040181796,splice,4,RF,impute
2951,0.9526348808030112,0.9492982049194724,0.947561308148875,0.9460874766859404,0.9492982049194724,splice,5,RF,impute
2952,0.9821818181818182,0.982181818181818,0.9821786563752172,0.9824121548492126,0.982181818181818,texture,0,KNN,impute
2953,0.9807272727272728,0.9807272727272728,0.980753013410202,0.981075321778109,0.9807272727272728,texture,1,KNN,impute
2954,0.9834545454545454,0.9834545454545456,0.9834364654131812,0.9837775053330272,0.9834545454545456,texture,2,KNN,impute
2955,0.980909090909091,0.980909090909091,0.9809110999453984,0.9812406554098572,0.980909090909091,texture,3,KNN,impute
2956,0.9821818181818182,0.9821818181818182,0.982186286776354,0.9825467890503834,0.9821818181818182,texture,4,KNN,impute
2957,0.9805454545454544,0.9805454545454544,0.9805690475492426,0.9808498323530664,0.9805454545454544,texture,5,KNN,impute
2958,0.9972727272727272,0.9972727272727272,0.9972740917241076,0.9972912795545792,0.9972727272727272,texture,0,SVC,impute
2959,0.9972727272727272,0.9972727272727272,0.9972718922061614,0.9972941882818972,0.9972727272727272,texture,1,SVC,impute
2960,0.9974545454545456,0.9974545454545456,0.9974536929264508,0.9974788502827816,0.9974545454545456,texture,2,SVC,impute
2961,0.9972727272727272,0.9972727272727272,0.9972734051699024,0.997285622838201,0.9972727272727272,texture,3,SVC,impute
2962,0.996909090909091,0.996909090909091,0.9969125247790932,0.996950240849574,0.996909090909091,texture,4,SVC,impute
2963,0.9978181818181818,0.9978181818181816,0.997818164363357,0.997823930549737,0.9978181818181816,texture,5,SVC,impute
2964,0.994,0.994,0.9940040705614496,0.9940583415942948,0.994,texture,0,LR,impute
2965,0.9941818181818182,0.9941818181818182,0.9941873051837198,0.9942458743499318,0.9941818181818182,texture,1,LR,impute
2966,0.994,0.994,0.9940016403801784,0.9940831645005468,0.994,texture,2,LR,impute
2967,0.9947272727272728,0.9947272727272728,0.994727624182636,0.994782091678628,0.9947272727272728,texture,3,LR,impute
2968,0.9943636363636364,0.9943636363636364,0.9943625279883972,0.9944094280759016,0.9943636363636364,texture,4,LR,impute
2969,0.9943636363636364,0.9943636363636364,0.9943648211865992,0.9944088813765825,0.9943636363636364,texture,5,LR,impute
2970,0.7727272727272727,0.7727272727272727,0.7689804445556367,0.7753301649890683,0.7727272727272727,texture,0,NB,impute
2971,0.7756363636363637,0.7756363636363637,0.7725614784064405,0.7795897578752105,0.7756363636363637,texture,1,NB,impute
2972,0.7767272727272727,0.7767272727272727,0.7732264047933257,0.7793854853782726,0.7767272727272727,texture,2,NB,impute
2973,0.7767272727272727,0.7767272727272727,0.7734911443107848,0.7799721727618364,0.7767272727272727,texture,3,NB,impute
2974,0.7763636363636364,0.7763636363636364,0.772679331791504,0.7786393504609695,0.7763636363636364,texture,4,NB,impute
2975,0.7761818181818182,0.7761818181818182,0.7728216705434707,0.7800054325941241,0.7761818181818182,texture,5,NB,impute
2976,0.9214545454545456,0.9214545454545456,0.9218340454574174,0.9227984695176038,0.9214545454545456,texture,0,DT,impute
2977,0.9252727272727272,0.9252727272727272,0.9250651347026764,0.9258421987845966,0.9252727272727272,texture,1,DT,impute
2978,0.9270909090909092,0.9270909090909092,0.9271853954846816,0.92767631510514,0.9270909090909092,texture,2,DT,impute
2979,0.9256363636363636,0.9256363636363636,0.925680035744257,0.9263772910356788,0.9256363636363636,texture,3,DT,impute
2980,0.9183636363636364,0.9183636363636364,0.9184063175865944,0.9190976164797446,0.9183636363636364,texture,4,DT,impute
2981,0.9234545454545454,0.9234545454545456,0.9234931084702468,0.924704058663996,0.9234545454545456,texture,5,DT,impute
2982,0.9765454545454544,0.9765454545454544,0.9765835992472656,0.9769246494933392,0.9765454545454544,texture,0,RF,impute
2983,0.976909090909091,0.976909090909091,0.9769509356054268,0.9771974133161996,0.976909090909091,texture,1,RF,impute
2984,0.9778181818181818,0.9778181818181816,0.9778451278532316,0.978171363005146,0.9778181818181816,texture,2,RF,impute
2985,0.9761818181818182,0.9761818181818182,0.9762010572413518,0.976412620156678,0.9761818181818182,texture,3,RF,impute
2986,0.9756363636363636,0.9756363636363636,0.975673480402323,0.9760297302124196,0.9756363636363636,texture,4,RF,impute
2987,0.9758181818181818,0.9758181818181818,0.975877480737268,0.9761424253678774,0.9758181818181818,texture,5,RF,impute
2988,0.7692307692307693,0.7617096560846561,0.715859250398724,0.813330200501253,0.6487499999999999,sonar,0,KNN,impute
2989,0.7692307692307692,0.7596825396825397,0.7166575741043827,0.8492424242424242,0.6275,sonar,1,KNN,impute
2990,0.7836538461538461,0.775188492063492,0.7363107822410148,0.8529605263157894,0.6495833333333334,sonar,2,KNN,impute
2991,0.8076923076923077,0.8014351851851851,0.7747650702817108,0.8532030834662414,0.7116666666666667,sonar,3,KNN,impute
2992,0.8173076923076923,0.8115178571428572,0.7845574648928307,0.8680847338935574,0.72125,sonar,4,KNN,impute
2993,0.7980769230769231,0.7918849206349207,0.7596264875692235,0.8328558696205756,0.7008333333333332,sonar,5,KNN,impute
2994,0.7355769230769231,0.7350958994708996,0.7141655754051683,0.7297885895568962,0.7129166666666668,sonar,0,SVC,impute
2995,0.7355769230769231,0.7289781746031745,0.688510101010101,0.76875,0.6295833333333334,sonar,1,SVC,impute
2996,0.75,0.7505522486772488,0.7344131048645872,0.7191091954022988,0.75375,sonar,2,SVC,impute
2997,0.7692307692307692,0.7681580687830687,0.752549019607843,0.7553968253968253,0.7529166666666667,sonar,3,SVC,impute
2998,0.75,0.7467460317460317,0.7157364775178363,0.739489064856712,0.7008333333333334,sonar,4,SVC,impute
2999,0.7596153846153846,0.7543551587301588,0.7225177304964538,0.7863803530565544,0.6704166666666668,sonar,5,SVC,impute
3000,0.7596153846153846,0.7600198412698413,0.745600414078675,0.7477002164502164,0.7541666666666668,sonar,0,LR,impute
3001,0.7740384615384616,0.7703935185185186,0.7459793700088732,0.7906150793650794,0.7120833333333333,sonar,1,LR,impute
3002,0.7692307692307692,0.766630291005291,0.7444014030218934,0.7698628364389235,0.7220833333333333,sonar,2,LR,impute
3003,0.7692307692307692,0.767579365079365,0.7484695258888334,0.7638828612009785,0.7424999999999999,sonar,3,LR,impute
3004,0.7884615384615384,0.7858101851851851,0.7634329337870727,0.7905502392344497,0.7429166666666668,sonar,4,LR,impute
3005,0.7932692307692308,0.7905621693121694,0.7711050724637681,0.8054924242424243,0.7424999999999999,sonar,5,LR,impute
3006,0.6682692307692307,0.6767228835978836,0.6932048681541582,0.6189523702201187,0.7945833333333334,sonar,0,NB,impute
3007,0.6490384615384616,0.6564649470899471,0.6725218284540319,0.5954459203036053,0.7729166666666667,sonar,1,NB,impute
3008,0.6923076923076923,0.6994146825396825,0.7071446999852572,0.6323398636906701,0.8045833333333332,sonar,2,NB,impute
3009,0.7163461538461539,0.7236342592592593,0.7381807496408515,0.6581256581256582,0.8454166666666666,sonar,3,NB,impute
3010,0.6826923076923077,0.6901653439153439,0.6909567807953024,0.6348211175797382,0.7758333333333334,sonar,4,NB,impute
3011,0.6826923076923077,0.6908961640211639,0.704173813607776,0.6296146953405017,0.80375,sonar,5,NB,impute
3012,0.7163461538461539,0.7154960317460317,0.6993378050520906,0.7034340659340659,0.7008333333333332,sonar,0,DT,impute
3013,0.75,0.7490145502645502,0.7317334542512658,0.7353820816864295,0.7308333333333333,sonar,1,DT,impute
3014,0.735576923076923,0.7373181216931217,0.7284277777304775,0.7122727272727273,0.7520833333333332,sonar,2,DT,impute
3015,0.716346153846154,0.7144973544973545,0.6930654058313633,0.6896551724137931,0.6991666666666666,sonar,3,DT,impute
3016,0.6634615384615384,0.6639616402116403,0.6379148260377496,0.6352777777777778,0.6516666666666667,sonar,4,DT,impute
3017,0.7403846153846155,0.738640873015873,0.7196465542738835,0.7305731225296442,0.7104166666666667,sonar,5,DT,impute
3018,0.8028846153846154,0.7989550264550265,0.7757696647324308,0.8297530511060259,0.7325,sonar,0,RF,impute
3019,0.8076923076923077,0.7996527777777778,0.7675060097777058,0.8699970835015928,0.6895833333333334,sonar,1,RF,impute
3020,0.8076923076923077,0.805026455026455,0.786820579295548,0.8221801346801347,0.7625,sonar,2,RF,impute
3021,0.8221153846153846,0.8171792328042328,0.7988267770876467,0.8569264069264069,0.7520833333333334,sonar,3,RF,impute
3022,0.8125,0.8088789682539683,0.7851733514241467,0.8398550724637682,0.74375,sonar,4,RF,impute
3023,0.8125,0.8085813492063493,0.7903711661611055,0.8358621974897719,0.7520833333333334,sonar,5,RF,impute
3024,0.7735042735042734,0.7740384615384616,0.7763594164456233,0.7676864801864802,0.7925824175824177,molecular_biology_promoters,0,KNN,impute
3025,0.7731481481481481,0.7712912087912088,0.7668373745819399,0.7754273504273503,0.7706043956043956,molecular_biology_promoters,1,KNN,impute
3026,0.754985754985755,0.7548076923076923,0.7582183114791811,0.7566964285714286,0.7706043956043955,molecular_biology_promoters,2,KNN,impute
3027,0.7731481481481481,0.7726648351648352,0.7872773777946191,0.7500801282051281,0.8310439560439561,molecular_biology_promoters,3,KNN,impute
3028,0.8027065527065528,0.8021978021978021,0.8092592592592592,0.7909226190476191,0.831043956043956,molecular_biology_promoters,4,KNN,impute
3029,0.8479344729344729,0.8482142857142858,0.8474420024420024,0.848672161172161,0.8475274725274726,molecular_biology_promoters,5,KNN,impute
3030,0.7172364672364673,0.7184065934065935,0.7084957521239381,0.7282852564102564,0.6991758241758241,molecular_biology_promoters,0,SVC,impute
3031,0.7264957264957265,0.7259615384615385,0.7294899337325705,0.719747899159664,0.7513736263736264,molecular_biology_promoters,1,SVC,impute
3032,0.6784188034188033,0.676510989010989,0.6650345622119817,0.7023507130124776,0.6552197802197802,molecular_biology_promoters,2,SVC,impute
3033,0.7257834757834758,0.7273351648351648,0.733819628647215,0.705316742081448,0.7760989010989011,molecular_biology_promoters,3,SVC,impute
3034,0.745014245014245,0.7451923076923077,0.7203500203500204,0.780448717948718,0.6785714285714286,molecular_biology_promoters,4,SVC,impute
3035,0.7061965811965811,0.7067307692307693,0.6981818181818182,0.731439393939394,0.6978021978021978,molecular_biology_promoters,5,SVC,impute
3036,0.7457264957264957,0.7472527472527473,0.736645138968977,0.7677083333333333,0.7184065934065934,molecular_biology_promoters,0,LR,impute
3037,0.7264957264957266,0.7259615384615385,0.7217903064677258,0.727928607340372,0.7321428571428571,molecular_biology_promoters,1,LR,impute
3038,0.754985754985755,0.7527472527472527,0.7535314685314685,0.7512268433321065,0.7692307692307692,molecular_biology_promoters,2,LR,impute
3039,0.8009259259259259,0.8015109890109889,0.8025925925925926,0.7836673130790778,0.8310439560439561,molecular_biology_promoters,3,LR,impute
3040,0.7635327635327636,0.7630494505494505,0.7420613868889732,0.7881410256410257,0.7142857142857143,molecular_biology_promoters,4,LR,impute
3041,0.7635327635327636,0.7637362637362637,0.7533897939367784,0.7722222222222221,0.7541208791208791,molecular_biology_promoters,5,LR,impute
3042,0.8685897435897435,0.868131868131868,0.862986542443064,0.925595238095238,0.8118131868131868,molecular_biology_promoters,0,NB,impute
3043,0.8582621082621082,0.8571428571428572,0.849551414768806,0.9035714285714286,0.8104395604395604,molecular_biology_promoters,1,NB,impute
3044,0.8212250712250713,0.819368131868132,0.7972463768115943,0.871875,0.7513736263736264,molecular_biology_promoters,2,NB,impute
3045,0.8863960113960114,0.8859890109890111,0.8766883116883117,0.9404761904761904,0.8282967032967032,molecular_biology_promoters,3,NB,impute
3046,0.8863960113960114,0.8880494505494505,0.8740796160361379,0.9666666666666668,0.8118131868131868,molecular_biology_promoters,4,NB,impute
3047,0.8482905982905983,0.8489010989010989,0.8292857142857143,0.9291666666666668,0.7733516483516483,molecular_biology_promoters,5,NB,impute
3048,0.698005698005698,0.6971153846153846,0.6906468680662229,0.7064075630252101,0.6964285714285714,molecular_biology_promoters,0,DT,impute
3049,0.6702279202279202,0.6703296703296704,0.6715907151391022,0.6748949579831933,0.695054945054945,molecular_biology_promoters,1,DT,impute
3050,0.7553418803418803,0.7541208791208792,0.7738788191374398,0.7286515567765568,0.8296703296703297,molecular_biology_promoters,2,DT,impute
3051,0.7542735042735043,0.7548076923076923,0.7684981684981684,0.73383430295195,0.8118131868131868,molecular_biology_promoters,3,DT,impute
3052,0.7731481481481481,0.7726648351648352,0.7811965811965812,0.7548076923076923,0.8104395604395604,molecular_biology_promoters,4,DT,impute
3053,0.7542735042735043,0.7541208791208791,0.7554990361961875,0.7333333333333334,0.7912087912087913,molecular_biology_promoters,5,DT,impute
3054,0.8304843304843306,0.8303571428571429,0.8208458208458207,0.8852397602397603,0.7733516483516483,molecular_biology_promoters,0,RF,impute
3055,0.8967236467236468,0.8969780219780221,0.892094017094017,0.9423076923076924,0.8489010989010989,molecular_biology_promoters,1,RF,impute
3056,0.8304843304843303,0.8282967032967032,0.8209817671809256,0.8703431372549019,0.7898351648351649,molecular_biology_promoters,2,RF,impute
3057,0.8764245014245013,0.8756868131868132,0.8757404951370469,0.8571896853146854,0.903846153846154,molecular_biology_promoters,3,RF,impute
3058,0.8586182336182336,0.8585164835164835,0.8541575091575091,0.8822635697635697,0.8296703296703297,molecular_biology_promoters,4,RF,impute
3059,0.8294159544159544,0.8296703296703297,0.8204273504273504,0.8544372294372294,0.7925824175824177,molecular_biology_promoters,5,RF,impute
3060,0.792,0.792,0.7907750593378107,0.7970782064965628,0.792,mfeat_fourier,0,KNN,impute
3061,0.7909999999999999,0.7909999999999999,0.7903795682433243,0.7963917048023159,0.7909999999999999,mfeat_fourier,1,KNN,impute
3062,0.7885,0.7885,0.7874075101910543,0.7918339977420313,0.7885,mfeat_fourier,2,KNN,impute
3063,0.7945,0.7945,0.7935810122030595,0.7989581710074292,0.7945,mfeat_fourier,3,KNN,impute
3064,0.7969999999999999,0.7969999999999999,0.7958268884959709,0.8007703923011213,0.7969999999999999,mfeat_fourier,4,KNN,impute
3065,0.795,0.795,0.7937163222434769,0.7996486744164886,0.795,mfeat_fourier,5,KNN,impute
3066,0.8125,0.8125,0.8120292063509127,0.8148672712568298,0.8125,mfeat_fourier,0,SVC,impute
3067,0.824,0.8240000000000001,0.8240830540393951,0.8262426895047601,0.8240000000000001,mfeat_fourier,1,SVC,impute
3068,0.8145,0.8145,0.8155633763336776,0.8200006339445722,0.8145,mfeat_fourier,2,SVC,impute
3069,0.8150000000000001,0.815,0.8147995198500914,0.8190367797515865,0.815,mfeat_fourier,3,SVC,impute
3070,0.8085,0.8085,0.8082477486983766,0.8100500802453009,0.8085,mfeat_fourier,4,SVC,impute
3071,0.8205,0.8205,0.8204016559770653,0.8230483774788087,0.8205,mfeat_fourier,5,SVC,impute
3072,0.8085,0.8085,0.8082310069797305,0.8114521262465383,0.8085,mfeat_fourier,0,LR,impute
3073,0.8045,0.8044999999999999,0.8042333593373122,0.806884709744326,0.8044999999999999,mfeat_fourier,1,LR,impute
3074,0.7995000000000001,0.7995000000000001,0.799961768449337,0.8028268886510264,0.7995000000000001,mfeat_fourier,2,LR,impute
3075,0.806,0.806,0.8054292622590171,0.8078545148994575,0.806,mfeat_fourier,3,LR,impute
3076,0.8115,0.8115,0.8120101953965213,0.8148078412465074,0.8115,mfeat_fourier,4,LR,impute
3077,0.8115,0.8115000000000001,0.8114424863398229,0.8141441942115851,0.8115000000000001,mfeat_fourier,5,LR,impute
3078,0.7585,0.7585,0.7582056084266765,0.7683521737958497,0.7585,mfeat_fourier,0,NB,impute
3079,0.7555000000000001,0.7555000000000001,0.7560406376769625,0.7642479592783211,0.7555000000000001,mfeat_fourier,1,NB,impute
3080,0.761,0.761,0.7617435807708892,0.7702003467728025,0.761,mfeat_fourier,2,NB,impute
3081,0.7590000000000001,0.7590000000000001,0.7595211072162312,0.7666893085590981,0.7590000000000001,mfeat_fourier,3,NB,impute
3082,0.7590000000000001,0.7590000000000001,0.7595738076255217,0.7684292230103162,0.7590000000000001,mfeat_fourier,4,NB,impute
3083,0.7595000000000001,0.7595000000000001,0.7604637262425581,0.7691824741425868,0.7595000000000001,mfeat_fourier,5,NB,impute
3084,0.717,0.717,0.716544064863351,0.7196740879792605,0.717,mfeat_fourier,0,DT,impute
3085,0.73,0.73,0.7286033155854248,0.7319969843952895,0.73,mfeat_fourier,1,DT,impute
3086,0.718,0.7180000000000001,0.7186678844421421,0.7228502205762606,0.7180000000000001,mfeat_fourier,2,DT,impute
3087,0.718,0.718,0.7171454508834172,0.7189797759596726,0.718,mfeat_fourier,3,DT,impute
3088,0.7114999999999999,0.7115000000000001,0.7113869878028213,0.7148110866312236,0.7115000000000001,mfeat_fourier,4,DT,impute
3089,0.7224999999999999,0.7224999999999999,0.7234043188432064,0.7277479061736576,0.7224999999999999,mfeat_fourier,5,DT,impute
3090,0.8245,0.8245,0.8223800124235199,0.8246253484028834,0.8245,mfeat_fourier,0,RF,impute
3091,0.8305,0.8305,0.8290681476294779,0.8308392413242587,0.8305,mfeat_fourier,1,RF,impute
3092,0.8265,0.8265,0.8254222273619993,0.8268495076012727,0.8265,mfeat_fourier,2,RF,impute
3093,0.828,0.828,0.8266823293899069,0.827930702036618,0.828,mfeat_fourier,3,RF,impute
3094,0.829,0.829,0.828082582302208,0.8289218302403785,0.829,mfeat_fourier,4,RF,impute
3095,0.8235,0.8235,0.8216601122743751,0.8251021221566486,0.8235,mfeat_fourier,5,RF,impute
3096,0.9928684269916498,0.9950927984946972,0.994803093923926,0.9945872064926944,0.9950927984946972,analcatdata_authorship,0,KNN,impute
3097,0.9940532611148724,0.9958938269757098,0.9959142366799274,0.99600887345679,0.9958938269757098,analcatdata_authorship,1,KNN,impute
3098,0.9940532611148724,0.9958304823811152,0.9955994345222988,0.995432167399467,0.9958304823811152,analcatdata_authorship,2,KNN,impute
3099,0.9940476190476192,0.9958839377352036,0.9959087408548324,0.9959439212328768,0.9958839377352036,analcatdata_authorship,3,KNN,impute
3100,0.9952437373053488,0.9966750769757098,0.9967325752569188,0.9968325617283952,0.9966750769757098,analcatdata_authorship,4,KNN,impute
3101,0.9952380952380953,0.9967285323297982,0.996729091393298,0.9967508012820514,0.9967285323297982,analcatdata_authorship,5,KNN,impute
3102,0.997624689686301,0.998364266164899,0.998369078914986,0.9983950617283952,0.998364266164899,analcatdata_authorship,0,SVC,impute
3103,0.9988095238095238,0.9991554054054054,0.9991817481709664,0.99921875,0.9991554054054054,analcatdata_authorship,1,SVC,impute
3104,0.9952380952380953,0.9967819876838864,0.9967296507802836,0.9967195293227936,0.9967819876838864,analcatdata_authorship,2,SVC,impute
3105,0.9964285714285714,0.9975196715703044,0.9975452445128996,0.9975813356164384,0.9975196715703044,analcatdata_authorship,3,SVC,impute
3106,0.994058903182126,0.9958839377352036,0.995918944583843,0.9960065425876634,0.9958839377352036,analcatdata_authorship,4,SVC,impute
3107,0.9940476190476192,0.9958839377352036,0.9959108395642644,0.9959695512820512,0.9958839377352036,analcatdata_authorship,5,SVC,impute
3108,0.9988151658767772,0.9991554054054054,0.9991866311742088,0.9992283950617284,0.9991554054054054,analcatdata_authorship,0,LR,impute
3109,0.9988095238095238,0.9991554054054054,0.9991817481709664,0.99921875,0.9991554054054054,analcatdata_authorship,1,LR,impute
3110,0.997624689686301,0.9977349508599508,0.9980438942791204,0.9983854166666666,0.9977349508599508,analcatdata_authorship,2,LR,impute
3111,0.9976190476190476,0.9983108108108107,0.9983625856164384,0.9984567901234568,0.9983108108108107,analcatdata_authorship,3,LR,impute
3112,0.9976190476190476,0.998364266164899,0.998364266164899,0.998364266164899,0.998364266164899,analcatdata_authorship,4,LR,impute
3113,0.9952437373053488,0.99609921702485,0.9964081604440196,0.9967496828315658,0.99609921702485,analcatdata_authorship,5,LR,impute
3114,0.982165425411871,0.9747852709243274,0.9802049331644748,0.9875365167174528,0.9747852709243274,analcatdata_authorship,0,NB,impute
3115,0.988106522229745,0.9862244815505504,0.9886406612057868,0.9913333460545593,0.9862244815505504,analcatdata_authorship,1,NB,impute
3116,0.985742496050553,0.9769552265872548,0.9828512192081188,0.9897658761517556,0.9769552265872548,analcatdata_authorship,2,NB,impute
3117,0.9857199277815392,0.984525403120855,0.9869814880681742,0.9897049728299728,0.984525403120855,analcatdata_authorship,3,NB,impute
3118,0.9857368539832996,0.9769756481147048,0.9828475236349424,0.9896786849199084,0.9769756481147048,analcatdata_authorship,4,NB,impute
3119,0.985731211916046,0.984591470774132,0.987006560895161,0.9898469931122488,0.984591470774132,analcatdata_authorship,5,NB,impute
3120,0.9298465357707064,0.9099472808402562,0.9139959537489736,0.919625929403092,0.9099472808402562,analcatdata_authorship,0,DT,impute
3121,0.9227036786278492,0.9028944554642782,0.903362895700495,0.9059062603732608,0.9028944554642782,analcatdata_authorship,1,DT,impute
3122,0.9286504175129768,0.9198456027024892,0.9155103474774936,0.9133536797837674,0.9198456027024892,analcatdata_authorship,2,DT,impute
3123,0.9334236064093884,0.9057937547029484,0.913911070591963,0.928022300725613,0.9057937547029484,analcatdata_authorship,3,DT,impute
3124,0.9322500564206726,0.9087876539722838,0.9093991112727912,0.9120976611822113,0.9087876539722838,analcatdata_authorship,4,DT,impute
3125,0.9345971563981044,0.8974273945742337,0.9030626722032016,0.9117228986967526,0.8974273945742337,analcatdata_authorship,5,DT,impute
3126,0.9893026404874746,0.9847437725206712,0.98744795730923,0.9909979311846692,0.9847437725206712,analcatdata_authorship,0,RF,impute
3127,0.991683592868427,0.9903048846680176,0.9918695606759552,0.993737385924886,0.9903048846680176,analcatdata_authorship,1,RF,impute
3128,0.9916892349356804,0.9856392378148708,0.9889756861881456,0.9931642614759992,0.9856392378148708,analcatdata_authorship,2,RF,impute
3129,0.9892913563529676,0.9809841368661651,0.985806355257942,0.9915939589258418,0.9809841368661651,analcatdata_authorship,3,RF,impute
3130,0.9869160460392687,0.9817503065957583,0.9849991855422472,0.9887498382348964,0.9817503065957583,analcatdata_authorship,4,RF,impute
3131,0.9928627849243964,0.9874030989537318,0.9907750938001711,0.9945479782861112,0.9874030989537318,analcatdata_authorship,5,RF,impute
3132,0.9144874476987448,0.906673129507933,0.9331243264359866,0.9317515116990346,0.9347041847041848,tokyo1,0,KNN,impute
3133,0.9186759065550906,0.9112581170107468,0.9365934775024876,0.9356189639142892,0.9379933791698496,tokyo1,1,KNN,impute
3134,0.9249215481171548,0.9167024285838852,0.9414486226162612,0.9370006433050326,0.9461420932009168,tokyo1,2,KNN,impute
3135,0.924943340306834,0.9180027354675924,0.941428749661256,0.940150457514654,0.9428953399541636,tokyo1,3,KNN,impute
3136,0.9280509065550906,0.9192809666210534,0.9441353569380536,0.938111026011032,0.9510652745946864,tokyo1,4,KNN,impute
3137,0.9228338563458856,0.9143765213066832,0.9399190810616004,0.935859127193483,0.9444974959680844,tokyo1,5,KNN,impute
3138,0.9228382147838214,0.9118647465061211,0.940108057539894,0.9301033708139612,0.9510016127663188,tokyo1,0,SVC,impute
3139,0.9207679567642956,0.909112644474572,0.9387777482457444,0.9270944685489112,0.9510440539852304,tokyo1,1,SVC,impute
3140,0.915542189679219,0.9024156617763628,0.9347230330478548,0.9211034591499035,0.949378236142942,tokyo1,2,SVC,impute
3141,0.9239103905160392,0.9115249061885696,0.941256105232154,0.9275119304616982,0.9559354044648164,tokyo1,3,SVC,impute
3142,0.9186628312412832,0.9081408869105222,0.9368592609391038,0.9285259844286272,0.9462269756387404,tokyo1,4,SVC,impute
3143,0.9186759065550906,0.907948084825532,0.9372335724501252,0.9292056734974692,0.9461420932009168,tokyo1,5,SVC,impute
3144,0.925971931659693,0.915610728629621,0.9426275111091474,0.9331037725869262,0.9526462099991512,tokyo1,0,LR,impute
3145,0.9280552649930264,0.9172834342358848,0.944397238664634,0.9332960796055588,0.9559247941600884,tokyo1,1,LR,impute
3146,0.9217965481171548,0.9123594615363096,0.9388887333620352,0.932197346137316,0.946110262286733,tokyo1,2,LR,impute
3147,0.9228687238493724,0.9094569348236974,0.9407124413024256,0.924979258122718,0.9575800016976488,tokyo1,3,LR,impute
3148,0.9270266736401674,0.9191269938268618,0.9432088527055572,0.9395772281571452,0.9478503522621168,tokyo1,4,LR,impute
3149,0.9280465481171548,0.9184553921687748,0.9443263324553935,0.9362872878053144,0.952688651218063,tokyo1,5,LR,impute
3150,0.8957418061366806,0.8826521356033361,0.9194195338340052,0.909435925367298,0.9298658857482388,tokyo1,0,NB,impute
3151,0.8988668061366806,0.8864042141850057,0.9220272576180806,0.9133746524559776,0.9314892623716152,tokyo1,1,NB,impute
3152,0.8967747559274756,0.8845212084250483,0.9200464124072713,0.913509921882015,0.9281576266870384,tokyo1,2,NB,impute
3153,0.8894961645746164,0.8810252108668307,0.9135083008777494,0.9165830517215098,0.911976911976912,tokyo1,3,NB,impute
3154,0.8967965481171548,0.8835343735073675,0.9203155258753782,0.9106270609512372,0.931563534504711,tokyo1,4,NB,impute
3155,0.8894656555090655,0.8756622208553904,0.9145751266365596,0.9052387640101968,0.924974535268653,tokyo1,5,NB,impute
3156,0.9029942468619246,0.8944042775915741,0.9239815961382504,0.9240569547573524,0.9248684322213734,tokyo1,0,DT,impute
3157,0.9061453974895396,0.8995553210227252,0.9263439425284392,0.9294696727582632,0.9233087174263644,tokyo1,1,DT,impute
3158,0.9030029637377964,0.8907014641778074,0.9248228349271208,0.9156397983991676,0.9347041847041848,tokyo1,2,DT,impute
3159,0.9103077057182708,0.9015229879952272,0.9299872739002548,0.9270592997583608,0.933091418385536,tokyo1,3,DT,impute
3160,0.8998779637377964,0.8952723570777489,0.9208944784085258,0.9305633901789748,0.9119026398438164,tokyo1,4,DT,impute
3161,0.8998823221757322,0.8933302501336372,0.9212391023840246,0.9262506206554122,0.9167727697139462,tokyo1,5,DT,impute
3162,0.933259239888424,0.9263495099383584,0.94782945249615,0.9449961863513332,0.9510016127663186,tokyo1,0,RF,impute
3163,0.9322306485355648,0.9262957777215526,0.9470233571358972,0.9465947695385366,0.9477866904337492,tokyo1,1,RF,impute
3164,0.9332766736401674,0.9282642998148448,0.9473248052508574,0.9496236927671526,0.946110262286733,tokyo1,2,RF,impute
3165,0.9364147489539748,0.9276041465649466,0.9507289272144268,0.94241458080013,0.9592245989304812,tokyo1,3,RF,impute
3166,0.9322132147838216,0.9250113862949374,0.9471294434397328,0.9436805716489431,0.9510652745946864,tokyo1,4,RF,impute
3167,0.9270179567642958,0.9183030019861946,0.9432988718111852,0.9376601943154252,0.949410067057126,tokyo1,5,RF,impute
3168,0.8770868554522401,0.8883563899868249,0.8987150162745916,0.9285181542332572,0.8883563899868249,soybean,0,KNN,impute
3169,0.878486897717667,0.886786341677646,0.8950923095568055,0.9249994779463866,0.886786341677646,soybean,1,KNN,impute
3170,0.871090448013525,0.8809343434343435,0.8933664657054216,0.9245466346730178,0.8809343434343435,soybean,2,KNN,impute
3171,0.8755547337278107,0.8768555116381203,0.8864251818411304,0.9165836860069208,0.8768555116381203,soybean,3,KNN,impute
3172,0.868193505212736,0.8795289855072465,0.8880252522174886,0.9146991378333952,0.8795289855072465,soybean,4,KNN,impute
3173,0.8785485347985348,0.8911890645586299,0.9009863340736288,0.9288641171250585,0.8911890645586299,soybean,5,KNN,impute
3174,0.8963704564666102,0.931477821695213,0.9303655533802344,0.9385630005503376,0.931477821695213,soybean,0,SVC,impute
3175,0.8962647928994083,0.9227547211242864,0.9237820920940764,0.9456506957627696,0.9227547211242864,soybean,1,SVC,impute
3176,0.8903740490278952,0.9223759332454984,0.923568075949232,0.936431161937165,0.9223759332454984,soybean,2,SVC,impute
3177,0.903678853198084,0.9322683355292052,0.9359273034552896,0.9465243285744492,0.9322683355292052,soybean,3,SVC,impute
3178,0.8933502395040857,0.9259771629336848,0.9251770842326296,0.93646782129572,0.9259771629336848,soybean,4,SVC,impute
3179,0.8978321358129051,0.9298254281949934,0.9312054617987496,0.9425730445983752,0.9298254281949934,soybean,5,SVC,impute
3180,0.8978497464074386,0.9320542380324988,0.9332330427675354,0.944806999227289,0.9320542380324988,soybean,0,LR,impute
3181,0.8992585939701324,0.9305116381203338,0.9341690820759188,0.9417709581925828,0.9305116381203338,soybean,1,LR,impute
3182,0.8992585939701324,0.9282004830917874,0.9322704554179806,0.9425003165241216,0.9282004830917874,soybean,2,LR,impute
3183,0.9007466892082276,0.9266578831796224,0.9331407855245896,0.9450579909577982,0.9266578831796224,soybean,3,LR,impute
3184,0.8874066638489715,0.9213603425559946,0.9256904914179857,0.9381713984620756,0.9213603425559946,soybean,4,LR,impute
3185,0.8963528458720766,0.9291666666666668,0.9320299281510948,0.9431763437890842,0.9291666666666668,soybean,5,LR,impute
3186,0.845995350803043,0.9236605182257356,0.90427076515823,0.9277746064538984,0.9236605182257356,soybean,0,NB,impute
3187,0.8459161031276416,0.9323561703996488,0.9090712368712944,0.9287110138846956,0.9323561703996488,soybean,1,NB,impute
3188,0.8518684840800226,0.9347716293368468,0.9104146680288652,0.9289031395163072,0.9347716293368468,soybean,2,NB,impute
3189,0.8518420681882221,0.9347990777338602,0.9126824600732232,0.9311154204353576,0.9347990777338602,soybean,3,NB,impute
3190,0.8385108481262328,0.92284255599473,0.901076722810604,0.926252771730824,0.92284255599473,soybean,4,NB,impute
3191,0.854791842772612,0.9338328941589812,0.9127974914350924,0.9324266884821152,0.9338328941589812,soybean,5,NB,impute
3192,0.9126426458157226,0.9470136144049188,0.946358076057162,0.9520718841008696,0.9470136144049188,soybean,0,DT,impute
3193,0.9006938574246267,0.9362373737373736,0.9345325293334784,0.9379773007565884,0.9362373737373736,soybean,1,DT,impute
3194,0.9140955198647508,0.9401021080368906,0.9413135444832362,0.9488362704715008,0.9401021080368906,soybean,2,DT,impute
3195,0.9081431389123696,0.9372529644268774,0.937539429524318,0.9453881959766464,0.9372529644268774,soybean,3,DT,impute
3196,0.9244505494505496,0.948100570926658,0.9460413061867484,0.9488968044088462,0.948100570926658,soybean,4,DT,impute
3197,0.9066990701606086,0.9252031181379008,0.929192313883343,0.9465714468922568,0.9252031181379008,soybean,5,DT,impute
3198,0.928923640462102,0.9556324110671937,0.954304265379626,0.960765757994019,0.9556324110671937,soybean,0,RF,impute
3199,0.93627606367991,0.9674022837066316,0.9671131916861035,0.969483639162862,0.9674022837066316,soybean,1,RF,impute
3200,0.9377817695125388,0.9679238032498902,0.9672559681877694,0.9693967583007438,0.9679238032498902,soybean,2,RF,impute
3201,0.9452310510002816,0.9709705753184014,0.9716720996942958,0.9742751954137328,0.9709705753184014,soybean,3,RF,impute
3202,0.934823189630882,0.96459705753184,0.9619222931638862,0.962817481431612,0.96459705753184,soybean,4,RF,impute
3203,0.928923640462102,0.9578337725076856,0.9588853533379266,0.9636557709279626,0.9578337725076856,soybean,5,RF,impute
3204,0.9485,0.9485,0.9482570480236132,0.9518818182429594,0.9485,mfeat_karhunen,0,KNN,impute
3205,0.9505,0.9505,0.950338968061086,0.9535184608927882,0.9505,mfeat_karhunen,1,KNN,impute
3206,0.952,0.952,0.952015541791722,0.9554043141345394,0.952,mfeat_karhunen,2,KNN,impute
3207,0.95,0.95,0.9499454408005537,0.9535265836360642,0.95,mfeat_karhunen,3,KNN,impute
3208,0.949,0.949,0.9488793428930852,0.9522047861638612,0.949,mfeat_karhunen,4,KNN,impute
3209,0.9525,0.9525,0.9523073511628384,0.9553901864115226,0.9525,mfeat_karhunen,5,KNN,impute
3210,0.9535,0.9535,0.953404327058446,0.9547183077391576,0.9535,mfeat_karhunen,0,SVC,impute
3211,0.9465,0.9465,0.946380406333355,0.9476922750156448,0.9465,mfeat_karhunen,1,SVC,impute
3212,0.9555,0.9555,0.9555652226767736,0.9566174532024502,0.9555,mfeat_karhunen,2,SVC,impute
3213,0.9515,0.9515,0.9513768887031268,0.952369236283176,0.9515,mfeat_karhunen,3,SVC,impute
3214,0.953,0.953,0.9529623759949108,0.953933552393599,0.953,mfeat_karhunen,4,SVC,impute
3215,0.9505,0.9505,0.9505661927958796,0.9519724849272558,0.9505,mfeat_karhunen,5,SVC,impute
3216,0.946,0.946,0.9460673569105544,0.9471312862460174,0.946,mfeat_karhunen,0,LR,impute
3217,0.939,0.939,0.9389411831921056,0.9406692232547822,0.939,mfeat_karhunen,1,LR,impute
3218,0.9495,0.9495,0.949443290474578,0.9505292594827912,0.9495,mfeat_karhunen,2,LR,impute
3219,0.9475,0.9475,0.9473881396131558,0.94887251579368,0.9475,mfeat_karhunen,3,LR,impute
3220,0.944,0.944,0.9440467090485488,0.945150478968844,0.944,mfeat_karhunen,4,LR,impute
3221,0.949,0.949,0.9491041262640708,0.9502952642151844,0.949,mfeat_karhunen,5,LR,impute
3222,0.937,0.937,0.9372285842486384,0.939607745870796,0.937,mfeat_karhunen,0,NB,impute
3223,0.9355,0.9355,0.9357199363349656,0.9386437742028272,0.9355,mfeat_karhunen,1,NB,impute
3224,0.9345,0.9345,0.9347749312468596,0.9378621055959409,0.9345,mfeat_karhunen,2,NB,impute
3225,0.933,0.933,0.9333759538543572,0.936466477408236,0.933,mfeat_karhunen,3,NB,impute
3226,0.9325,0.9325,0.9326742576662116,0.9361015748388356,0.9325,mfeat_karhunen,4,NB,impute
3227,0.935,0.935,0.935308804537902,0.9378053690507454,0.935,mfeat_karhunen,5,NB,impute
3228,0.8165,0.8165,0.8166371618439223,0.8185170918065281,0.8165,mfeat_karhunen,0,DT,impute
3229,0.8165,0.8165,0.8162969343563584,0.8190916870209675,0.8165,mfeat_karhunen,1,DT,impute
3230,0.8140000000000001,0.8140000000000001,0.8141429021087796,0.8166388207400719,0.8140000000000001,mfeat_karhunen,2,DT,impute
3231,0.8115,0.8115000000000001,0.8116177656707105,0.8149986580432415,0.8115000000000001,mfeat_karhunen,3,DT,impute
3232,0.807,0.807,0.8065405423197421,0.8106711875863246,0.807,mfeat_karhunen,4,DT,impute
3233,0.8085,0.8085,0.8085218512091936,0.8119747792188969,0.8085,mfeat_karhunen,5,DT,impute
3234,0.959,0.959,0.9588979709094922,0.959491923099842,0.959,mfeat_karhunen,0,RF,impute
3235,0.9635,0.9635,0.9633976637395536,0.9641646508136416,0.9635,mfeat_karhunen,1,RF,impute
3236,0.958,0.958,0.9580199202908858,0.958972156708256,0.958,mfeat_karhunen,2,RF,impute
3237,0.958,0.958,0.9579512404454228,0.9586340623654176,0.958,mfeat_karhunen,3,RF,impute
3238,0.957,0.957,0.9569514332113064,0.9578619302500382,0.957,mfeat_karhunen,4,RF,impute
3239,0.958,0.958,0.9580078447763734,0.958863501413455,0.958,mfeat_karhunen,5,RF,impute
3240,0.51375,0.51375,0.4846962886315126,0.519371301267452,0.4574999999999999,GAMETES_Epistasis_2_Way_1000atts_0.4H_EDM_1_EDM_1_1,0,KNN,normalization
3241,0.5175000000000001,0.5175000000000001,0.4906590636992147,0.518446417923162,0.46875,GAMETES_Epistasis_2_Way_1000atts_0.4H_EDM_1_EDM_1_1,1,KNN,normalization
3242,0.5037499999999999,0.5037499999999999,0.4756073670615734,0.5043506710731553,0.4499999999999999,GAMETES_Epistasis_2_Way_1000atts_0.4H_EDM_1_EDM_1_1,2,KNN,normalization
3243,0.513125,0.513125,0.4883585929055467,0.5147589208272347,0.46625,GAMETES_Epistasis_2_Way_1000atts_0.4H_EDM_1_EDM_1_1,3,KNN,normalization
3244,0.513125,0.513125,0.4902903662579396,0.5149165399165399,0.47,GAMETES_Epistasis_2_Way_1000atts_0.4H_EDM_1_EDM_1_1,4,KNN,normalization
3245,0.501875,0.501875,0.4720716561146224,0.4997814813804847,0.44875,GAMETES_Epistasis_2_Way_1000atts_0.4H_EDM_1_EDM_1_1,5,KNN,normalization
3246,0.484375,0.484375,0.4831109993707933,0.4839647185361162,0.4825,GAMETES_Epistasis_2_Way_1000atts_0.4H_EDM_1_EDM_1_1,0,SVC,normalization
3247,0.50625,0.50625,0.4962096786825188,0.5059892698460764,0.4875,GAMETES_Epistasis_2_Way_1000atts_0.4H_EDM_1_EDM_1_1,1,SVC,normalization
3248,0.500625,0.500625,0.5067835827230851,0.4997606613918616,0.515,GAMETES_Epistasis_2_Way_1000atts_0.4H_EDM_1_EDM_1_1,2,SVC,normalization
3249,0.4962499999999999,0.4962499999999999,0.4853745269476706,0.4962970540098199,0.475,GAMETES_Epistasis_2_Way_1000atts_0.4H_EDM_1_EDM_1_1,3,SVC,normalization
3250,0.51125,0.51125,0.5073988814656739,0.5115964771513495,0.50375,GAMETES_Epistasis_2_Way_1000atts_0.4H_EDM_1_EDM_1_1,4,SVC,normalization
3251,0.50625,0.5062500000000001,0.5033866584900942,0.5059319870742285,0.50125,GAMETES_Epistasis_2_Way_1000atts_0.4H_EDM_1_EDM_1_1,5,SVC,normalization
3252,0.4912499999999999,0.49125,0.489212767251977,0.491002566217782,0.4875,GAMETES_Epistasis_2_Way_1000atts_0.4H_EDM_1_EDM_1_1,0,LR,normalization
3253,0.503125,0.503125,0.489949609262323,0.5023777658521357,0.47875,GAMETES_Epistasis_2_Way_1000atts_0.4H_EDM_1_EDM_1_1,1,LR,normalization
3254,0.498125,0.498125,0.5024478480641021,0.4974729690491306,0.50875,GAMETES_Epistasis_2_Way_1000atts_0.4H_EDM_1_EDM_1_1,2,LR,normalization
3255,0.4931249999999999,0.493125,0.4791150953700406,0.4928173408704205,0.4662499999999999,GAMETES_Epistasis_2_Way_1000atts_0.4H_EDM_1_EDM_1_1,3,LR,normalization
3256,0.519375,0.519375,0.5164943559524402,0.5197313722000451,0.51375,GAMETES_Epistasis_2_Way_1000atts_0.4H_EDM_1_EDM_1_1,4,LR,normalization
3257,0.50125,0.50125,0.4985961259297162,0.5011154669486498,0.49625,GAMETES_Epistasis_2_Way_1000atts_0.4H_EDM_1_EDM_1_1,5,LR,normalization
3258,0.50125,0.50125,0.486811571415142,0.5011526837524178,0.47375,GAMETES_Epistasis_2_Way_1000atts_0.4H_EDM_1_EDM_1_1,0,NB,normalization
3259,0.520625,0.520625,0.5095122796706006,0.5215171247911088,0.49875,GAMETES_Epistasis_2_Way_1000atts_0.4H_EDM_1_EDM_1_1,1,NB,normalization
3260,0.506875,0.506875,0.4939521271523551,0.5068853560232871,0.4825,GAMETES_Epistasis_2_Way_1000atts_0.4H_EDM_1_EDM_1_1,2,NB,normalization
3261,0.5062500000000001,0.50625,0.5067300767491615,0.5066988056066155,0.5075000000000001,GAMETES_Epistasis_2_Way_1000atts_0.4H_EDM_1_EDM_1_1,3,NB,normalization
3262,0.510625,0.510625,0.4971625426983844,0.5104992450783908,0.485,GAMETES_Epistasis_2_Way_1000atts_0.4H_EDM_1_EDM_1_1,4,NB,normalization
3263,0.5025,0.5025,0.4936916591388136,0.5028286910088036,0.4862499999999999,GAMETES_Epistasis_2_Way_1000atts_0.4H_EDM_1_EDM_1_1,5,NB,normalization
3264,0.49875,0.49875,0.4949307152004257,0.4987809354324767,0.4912499999999999,GAMETES_Epistasis_2_Way_1000atts_0.4H_EDM_1_EDM_1_1,0,DT,normalization
3265,0.4962499999999999,0.4962499999999999,0.4991827136881432,0.4962657022458948,0.5025,GAMETES_Epistasis_2_Way_1000atts_0.4H_EDM_1_EDM_1_1,1,DT,normalization
3266,0.50875,0.50875,0.5206489095278087,0.5087146621054631,0.53375,GAMETES_Epistasis_2_Way_1000atts_0.4H_EDM_1_EDM_1_1,2,DT,normalization
3267,0.519375,0.519375,0.522458376701666,0.518185310214672,0.5275,GAMETES_Epistasis_2_Way_1000atts_0.4H_EDM_1_EDM_1_1,3,DT,normalization
3268,0.4912499999999999,0.4912499999999999,0.486157292517084,0.4908019741421842,0.4825,GAMETES_Epistasis_2_Way_1000atts_0.4H_EDM_1_EDM_1_1,4,DT,normalization
3269,0.5031249999999999,0.503125,0.5103952279613506,0.5026447022309168,0.51875,GAMETES_Epistasis_2_Way_1000atts_0.4H_EDM_1_EDM_1_1,5,DT,normalization
3270,0.488125,0.488125,0.4535013979672136,0.4870295360573172,0.425,GAMETES_Epistasis_2_Way_1000atts_0.4H_EDM_1_EDM_1_1,0,RF,normalization
3271,0.4725,0.4725,0.4533611648084145,0.4694119585997758,0.4387500000000001,GAMETES_Epistasis_2_Way_1000atts_0.4H_EDM_1_EDM_1_1,1,RF,normalization
3272,0.5087499999999999,0.50875,0.4720357793926681,0.510177330558642,0.44,GAMETES_Epistasis_2_Way_1000atts_0.4H_EDM_1_EDM_1_1,2,RF,normalization
3273,0.4925,0.4925,0.4685076738617514,0.4894038723575621,0.45,GAMETES_Epistasis_2_Way_1000atts_0.4H_EDM_1_EDM_1_1,3,RF,normalization
3274,0.49125,0.49125,0.4720109670320318,0.4911436611000925,0.4549999999999999,GAMETES_Epistasis_2_Way_1000atts_0.4H_EDM_1_EDM_1_1,4,RF,normalization
3275,0.470625,0.470625,0.4429552535211983,0.4674295724317904,0.42125,GAMETES_Epistasis_2_Way_1000atts_0.4H_EDM_1_EDM_1_1,5,RF,normalization
3276,1.0,1.0,1.0,1.0,1.0,agaricus_lepiota,0,KNN,normalization
3277,1.0,1.0,1.0,1.0,1.0,agaricus_lepiota,1,KNN,normalization
3278,0.99987721021611,0.9998723186925432,0.9998722534491568,1.0,0.9997446373850868,agaricus_lepiota,2,KNN,normalization
3279,1.0,1.0,1.0,1.0,1.0,agaricus_lepiota,3,KNN,normalization
3280,1.0,1.0,1.0,1.0,1.0,agaricus_lepiota,4,KNN,normalization
3281,1.0,1.0,1.0,1.0,1.0,agaricus_lepiota,5,KNN,normalization
3282,0.9851435211842215,0.9853044587437692,0.9846044270856884,0.9797641017569576,0.9895303933626566,agaricus_lepiota,0,SVC,normalization
3283,0.9839164069816452,0.9840288182526392,0.9833277966160382,0.97972408127692,0.9869791123803966,agaricus_lepiota,1,SVC,normalization
3284,0.9840390762061006,0.9841282333103843,0.9834431725847452,0.9804538344685112,0.9864683871505702,agaricus_lepiota,2,SVC,normalization
3285,0.9829348120671314,0.9829713731916676,0.9822711831053108,0.9806789918265664,0.9839181484646976,agaricus_lepiota,3,SVC,normalization
3286,0.9845307778591152,0.984639349401356,0.9839633373656184,0.9804729180136936,0.9874906193325133,agaricus_lepiota,4,SVC,normalization
3287,0.9823197781127724,0.9823401738577984,0.9816015369851968,0.980403934347241,0.9828922682453984,agaricus_lepiota,5,SVC,normalization
3288,0.9555550411686358,0.9554047856382878,0.9536632483932624,0.9558774005329724,0.9514907444080798,agaricus_lepiota,0,LR,normalization
3289,0.9544502345122116,0.954267030260142,0.9524791369592872,0.9556416854803784,0.9494517521002273,agaricus_lepiota,1,LR,normalization
3290,0.955187395173572,0.9550150556606978,0.9532554035814648,0.9561096682829852,0.950474766004461,agaricus_lepiota,2,LR,normalization
3291,0.956538504754382,0.9563630175432978,0.954681966791685,0.9576861777967268,0.951751579079027,agaricus_lepiota,3,LR,normalization
3292,0.9560463208636298,0.9558795162667952,0.9541817954342846,0.9569185556855128,0.951494131871339,agaricus_lepiota,4,LR,normalization
3293,0.9553109685937852,0.9551427369681544,0.9533882051014032,0.9561001282725304,0.9507301286193742,agaricus_lepiota,5,LR,normalization
3294,0.9211781212596436,0.9212213425440122,0.918389391426892,0.9145018489308184,0.922385920660399,agaricus_lepiota,0,NB,normalization
3295,0.9189679654293412,0.9190756563602652,0.9163251413109706,0.911094587397176,0.9218788434679284,agaricus_lepiota,1,NB,normalization
3296,0.9216700037518096,0.9216971154689072,0.9188753515149418,0.9154571903844864,0.9223913927164328,agaricus_lepiota,2,NB,normalization
3297,0.9194596068026384,0.919492942480011,0.9166228822046067,0.9130342695730432,0.9203482312230306,agaricus_lepiota,3,NB,normalization
3298,0.9194599082012244,0.9195297188036204,0.9167008362489064,0.9121424431314756,0.9213678576640052,agaricus_lepiota,4,NB,normalization
3299,0.9210560548323596,0.9210861934590449,0.9182597960103952,0.9147098033725344,0.9218791040420252,agaricus_lepiota,5,NB,normalization
3300,1.0,1.0,1.0,1.0,1.0,agaricus_lepiota,0,DT,normalization
3301,1.0,1.0,1.0,1.0,1.0,agaricus_lepiota,1,DT,normalization
3302,1.0,1.0,1.0,1.0,1.0,agaricus_lepiota,2,DT,normalization
3303,1.0,1.0,1.0,1.0,1.0,agaricus_lepiota,3,DT,normalization
3304,1.0,1.0,1.0,1.0,1.0,agaricus_lepiota,4,DT,normalization
3305,1.0,1.0,1.0,1.0,1.0,agaricus_lepiota,5,DT,normalization
3306,1.0,1.0,1.0,1.0,1.0,agaricus_lepiota,0,RF,normalization
3307,1.0,1.0,1.0,1.0,1.0,agaricus_lepiota,1,RF,normalization
3308,1.0,1.0,1.0,1.0,1.0,agaricus_lepiota,2,RF,normalization
3309,1.0,1.0,1.0,1.0,1.0,agaricus_lepiota,3,RF,normalization
3310,1.0,1.0,1.0,1.0,1.0,agaricus_lepiota,4,RF,normalization
3311,1.0,1.0,1.0,1.0,1.0,agaricus_lepiota,5,RF,normalization
3312,1.0,1.0,1.0,1.0,1.0,mushroom,0,KNN,normalization
3313,1.0,1.0,1.0,1.0,1.0,mushroom,1,KNN,normalization
3314,1.0,1.0,1.0,1.0,1.0,mushroom,2,KNN,normalization
3315,1.0,1.0,1.0,1.0,1.0,mushroom,3,KNN,normalization
3316,0.9996307237813884,0.9996169560776302,0.999616368286445,1.0,0.9992339121552604,mushroom,4,KNN,normalization
3317,0.9998769079271296,0.9998723186925432,0.9998722534491568,1.0,0.9997446373850868,mushroom,5,KNN,normalization
3318,0.9714426390940424,0.9711576179619928,0.9701694814046926,0.9772311965758564,0.9632277834525026,mushroom,0,SVC,normalization
3319,0.972796651895618,0.9726241324467816,0.9716643316350024,0.9755959298841744,0.9678243105209398,mushroom,1,SVC,normalization
3320,0.9714426390940424,0.9711576179619928,0.9701591114776144,0.9772127629131492,0.9632277834525024,mushroom,2,SVC,normalization
3321,0.9714426390940424,0.9711576179619928,0.970165935672759,0.977212398075218,0.9632277834525024,mushroom,3,SVC,normalization
3322,0.9724273756770064,0.972241088524412,0.9712399570282184,0.9756186528228412,0.9670582226762,mushroom,4,SVC,normalization
3323,0.9714426390940424,0.9711576179619928,0.9701538658750576,0.9771929671837228,0.9632277834525024,mushroom,5,SVC,normalization
3324,0.9521171836533728,0.951722993704292,0.9498924194324184,0.9592756749686556,0.940755873340143,mushroom,0,LR,normalization
3325,0.9522402757262431,0.951806374938344,0.949922242829648,0.9603837873171068,0.9397344228804902,mushroom,1,LR,normalization
3326,0.9526095519448547,0.9521628388166712,0.9502600133036688,0.9611016425033968,0.9397344228804904,mushroom,2,LR,normalization
3327,0.9503938946331856,0.9498911553264952,0.947854167009274,0.9601881326845672,0.9359039836567926,mushroom,3,LR,normalization
3328,0.9526095519448547,0.9522248589194374,0.9503643291827106,0.9594101430379846,0.9415219611848824,mushroom,4,LR,normalization
3329,0.9528557360905958,0.952444781475627,0.9505956214321604,0.96039344010022,0.9410112359550562,mushroom,5,LR,normalization
3330,0.8570901033973413,0.857839972114014,0.855759375846542,0.834161605828826,0.8787027579162411,mushroom,0,NB,normalization
3331,0.8557360905957656,0.8565506579228437,0.8547321517939566,0.8319644718214314,0.8792134831460674,mushroom,1,NB,normalization
3332,0.8563515509601182,0.8571624844160838,0.8553189531695776,0.8324513153416282,0.8797242083758937,mushroom,2,NB,normalization
3333,0.8559822747415067,0.8567528604496712,0.854707340993223,0.8330259019887254,0.8781920326864148,mushroom,3,NB,normalization
3334,0.8581979320531758,0.8589713838517616,0.8568121375720268,0.8348216640655547,0.8804902962206334,mushroom,4,NB,normalization
3335,0.8562284588872476,0.8570702431673509,0.8552164970012318,0.8316313330362861,0.8804902962206334,mushroom,5,NB,normalization
3336,1.0,1.0,1.0,1.0,1.0,mushroom,0,DT,normalization
3337,1.0,1.0,1.0,1.0,1.0,mushroom,1,DT,normalization
3338,1.0,1.0,1.0,1.0,1.0,mushroom,2,DT,normalization
3339,1.0,1.0,1.0,1.0,1.0,mushroom,3,DT,normalization
3340,1.0,1.0,1.0,1.0,1.0,mushroom,4,DT,normalization
3341,1.0,1.0,1.0,1.0,1.0,mushroom,5,DT,normalization
3342,1.0,1.0,1.0,1.0,1.0,mushroom,0,RF,normalization
3343,1.0,1.0,1.0,1.0,1.0,mushroom,1,RF,normalization
3344,1.0,1.0,1.0,1.0,1.0,mushroom,2,RF,normalization
3345,1.0,1.0,1.0,1.0,1.0,mushroom,3,RF,normalization
3346,1.0,1.0,1.0,1.0,1.0,mushroom,4,RF,normalization
3347,1.0,1.0,1.0,1.0,1.0,mushroom,5,RF,normalization
3348,0.6832432432432433,0.6801310043668122,0.7612099249419089,0.614481537300899,1.0,ring,0,KNN,normalization
3349,0.6798648648648649,0.6767194323144105,0.7592799875763376,0.611973243890001,1.0,ring,1,KNN,normalization
3350,0.6833783783783783,0.6802674672489084,0.7613398097815643,0.6146923007332734,1.0,ring,2,KNN,normalization
3351,0.6837837837837838,0.6806768558951966,0.7615243994499037,0.6148947945837983,1.0,ring,3,KNN,normalization
3352,0.6835135135135135,0.6804039301310043,0.7613684792570036,0.6146909241004922,1.0,ring,4,KNN,normalization
3353,0.6816216216216217,0.6784934497816593,0.7602813598860987,0.6132729560872109,1.0,ring,5,KNN,normalization
3354,0.7643243243243244,0.7634025836193112,0.7861875940734864,0.7254362420034698,0.8581370449678801,ring,0,SVC,normalization
3355,0.7645945945945946,0.7637044383456608,0.7857547121149507,0.7268212927311685,0.8551927194860813,ring,1,SVC,normalization
3356,0.7645945945945947,0.7637149579682635,0.7855479905800344,0.7273548331457933,0.8541220556745182,ring,2,SVC,normalization
3357,0.764054054054054,0.7631612167229271,0.7853655722389166,0.7263221327334561,0.8549250535331906,ring,3,SVC,normalization
3358,0.7633783783783784,0.7624762724067962,0.7848862746781397,0.7253851055281958,0.8551927194860814,ring,4,SVC,normalization
3359,0.7650000000000001,0.7640927877467436,0.7865321614783336,0.726620334235862,0.8573340471092077,ring,5,SVC,normalization
3360,0.7567567567567568,0.756278753635114,0.7697919725705533,0.7372420803470416,0.8054068522483939,ring,0,LR,normalization
3361,0.757972972972973,0.7574963999513759,0.7708686531881461,0.738338628092081,0.8064775160599571,ring,1,LR,normalization
3362,0.757972972972973,0.7575069195739785,0.7705668388068843,0.738873023353671,0.805406852248394,ring,2,LR,normalization
3363,0.7601351351351351,0.7596508771027556,0.773134233611754,0.7401194018738888,0.8094218415417559,ring,3,LR,normalization
3364,0.7618918918918919,0.7614380440982579,0.7740709773505186,0.7429927195306525,0.808083511777302,ring,4,LR,normalization
3365,0.7612162162162162,0.7607504698764762,0.7737303286761625,0.7419080738386418,0.8086188436830835,ring,5,LR,normalization
3366,0.9795945945945946,0.9795177103690752,0.9799429782032408,0.9725843743037192,0.9874197002141328,ring,0,NB,normalization
3367,0.9793243243243244,0.9792474145105337,0.9796807070665592,0.97232493393457,0.987152034261242,ring,1,NB,normalization
3368,0.9798648648648648,0.9797906361332672,0.9802023224686708,0.973092742578996,0.9874197002141328,ring,2,NB,normalization
3369,0.9797297297297298,0.9796515433455206,0.9800777726832646,0.9725980761290498,0.9876873661670236,ring,3,NB,normalization
3370,0.9801351351351352,0.9800530422748568,0.9804940522317828,0.9726470506997154,0.988490364025696,ring,4,NB,normalization
3371,0.9797297297297298,0.9796541732511712,0.9800734647254312,0.9728432761329792,0.9874197002141328,ring,5,NB,normalization
3372,0.8713513513513513,0.8711892667121738,0.8744910346489859,0.8616858599859574,0.887847965738758,ring,0,DT,normalization
3373,0.8739189189189189,0.8738109904341564,0.876395839648953,0.8681530178232998,0.8849036402569593,ring,1,DT,normalization
3374,0.8728378378378379,0.8727008780378332,0.8756568582765546,0.8648909416621031,0.886777301927195,ring,2,DT,normalization
3375,0.8724324324324324,0.872291489391545,0.875312733682383,0.8642548377893412,0.8867773019271948,ring,3,DT,normalization
3376,0.8748648648648649,0.8747346717410209,0.877530106508212,0.867316051317004,0.8881156316916488,ring,4,DT,normalization
3377,0.8770270270270271,0.8769312273828114,0.8792054715351112,0.8718239008841534,0.8867773019271948,ring,5,DT,normalization
3378,0.9479729729729728,0.9482270929373592,0.9470815112007602,0.9735054275357768,0.9221092077087796,ring,0,RF,normalization
3379,0.949054054054054,0.949292496937621,0.9482586429284852,0.9729741043170922,0.9247858672376874,ring,1,RF,normalization
3380,0.9482432432432432,0.9485000187015512,0.9472550485396588,0.9739851847279216,0.9221092077087796,ring,2,RF,normalization
3381,0.9506756756756756,0.9509090122775684,0.9499258865497476,0.9741360795515276,0.9269271948608138,ring,3,RF,normalization
3382,0.9475675675675675,0.947841373441927,0.9465256369865518,0.9750713075073568,0.9197002141327624,ring,4,RF,normalization
3383,0.9516216216216216,0.9518563627352888,0.950857718894216,0.9752122341504024,0.927730192719486,ring,5,RF,normalization
3384,0.9686486486486486,0.9686457002709704,0.9686004388241592,0.9697026781942524,0.9675400725400726,twonorm,0,KNN,normalization
3385,0.9705405405405406,0.9705425589820836,0.970563008769345,0.9690049976864156,0.9721393471393472,twonorm,1,KNN,normalization
3386,0.9694594594594594,0.9694570963982412,0.9693749847992628,0.9712362160808194,0.9675415350415352,twonorm,2,KNN,normalization
3387,0.9694594594594594,0.9694604547817288,0.9694670127790486,0.9684412136721904,0.970516263016263,twonorm,3,KNN,normalization
3388,0.9682432432432432,0.9682429238935718,0.9682038461112726,0.9694737910452396,0.9670015795015796,twonorm,4,KNN,normalization
3389,0.968108108108108,0.9681050125326582,0.9680401675888456,0.9694480912550372,0.9667280917280916,twonorm,5,KNN,normalization
3390,0.9775675675675676,0.9775647730210364,0.9775478357911286,0.9781393074469792,0.9770068445068444,twonorm,0,SVC,normalization
3391,0.9789189189189188,0.9789184624794776,0.9788861007098884,0.9796868019685866,0.9780908505908504,twonorm,1,SVC,normalization
3392,0.9777027027027028,0.97770151438078,0.9776531219033228,0.9791306415179184,0.9761969111969112,twonorm,2,SVC,normalization
3393,0.9778378378378378,0.9778369410685824,0.977796215174524,0.9788621837915744,0.9767371592371592,twonorm,3,SVC,normalization
3394,0.977027027027027,0.977025692454958,0.9769811380763316,0.9783416795216276,0.975656078156078,twonorm,4,SVC,normalization
3395,0.9782432432432432,0.9782410314861718,0.9781956988023788,0.9791673491405056,0.9772762372762374,twonorm,5,SVC,normalization
3396,0.9779729729729728,0.9779703246765882,0.9779348901233696,0.9788998667020822,0.977007137007137,twonorm,0,LR,normalization
3397,0.9789189189189188,0.9789186084137488,0.9788855377587772,0.9796842430649312,0.9780908505908508,twonorm,1,LR,normalization
3398,0.9778378378378376,0.977836503581644,0.9777886557280682,0.9791405741147106,0.9764671814671816,twonorm,2,LR,normalization
3399,0.9785135135135136,0.9785129095604258,0.9784753491492816,0.9794074580037292,0.9775488475488476,twonorm,3,LR,normalization
3400,0.9775675675675676,0.9775663792456448,0.9775247639435958,0.9788755534746632,0.9761969111969112,twonorm,4,LR,normalization
3401,0.978108108108108,0.978106042285308,0.9780598249813048,0.979185271890238,0.977005967005967,twonorm,5,LR,normalization
3402,0.978108108108108,0.9781041448239072,0.9780362898637178,0.9804703945000808,0.9756543231543232,twonorm,0,NB,normalization
3403,0.9782432432432432,0.9782426392901554,0.9781918849129844,0.9796685519685732,0.9767380367380368,twonorm,1,NB,normalization
3404,0.9781081081081082,0.9781063363649756,0.9780467014695632,0.9799187385839524,0.9761972036972036,twonorm,2,NB,normalization
3405,0.9789189189189188,0.978917439360204,0.9788694966775808,0.9804716935861651,0.9772785772785773,twonorm,3,NB,normalization
3406,0.977972972972973,0.9779706171768808,0.9779144164873316,0.9802150757553184,0.9756563706563708,twonorm,4,NB,normalization
3407,0.9785135135135136,0.9785108642695036,0.9784534211375844,0.9804816579370162,0.9764657189657188,twonorm,5,NB,normalization
3408,0.8421621621621621,0.8421626107047273,0.8427494525407779,0.8392695625242218,0.8463612963612963,twonorm,0,DT,normalization
3409,0.8381081081081081,0.838114976179231,0.8390169881839722,0.8340050060244293,0.8441976716976718,twonorm,1,DT,normalization
3410,0.8460810810810812,0.8460746637636487,0.8452852337340075,0.8490025977244458,0.842030537030537,twonorm,2,DT,normalization
3411,0.8379729729729729,0.8379706383405088,0.8369229545993362,0.8417028168321287,0.8322975897975897,twonorm,3,DT,normalization
3412,0.8404054054054054,0.8404042410899862,0.8405201209896,0.8391095664437791,0.842029952029952,twonorm,4,DT,normalization
3413,0.8383783783783784,0.838376923773792,0.8383924426948843,0.8379161223434795,0.8390584415584416,twonorm,5,DT,normalization
3414,0.9727027027027028,0.9727003415367346,0.972626071013191,0.97475404176199,0.970516263016263,twonorm,0,RF,normalization
3415,0.971081081081081,0.9710787180198628,0.970997366038624,0.9728484387078026,0.9691631566631568,twonorm,1,RF,normalization
3416,0.97,0.9699973450702392,0.9698681947089992,0.973616476869106,0.9661901836901836,twonorm,2,RF,normalization
3417,0.9702702702702702,0.970269220933368,0.9701866574490148,0.972309601878504,0.968082368082368,twonorm,3,RF,normalization
3418,0.9683783783783784,0.9683765990542448,0.968267432890657,0.9712218873625642,0.9653793728793728,twonorm,4,RF,normalization
3419,0.972027027027027,0.9720224733723654,0.9718744195368524,0.9762981684628584,0.9675400725400726,twonorm,5,RF,normalization
3420,0.907563025210084,0.9137577103171924,0.9013438014584804,0.8520291161278137,0.9613499245852188,clean1,0,KNN,normalization
3421,0.8823529411764706,0.8893266979581729,0.8748053916748607,0.8172186233033667,0.9421191553544496,clean1,1,KNN,normalization
3422,0.907563025210084,0.9121234888903896,0.8990362338986192,0.8559977530031976,0.9468325791855204,clean1,2,KNN,normalization
3423,0.8949579831932772,0.9015422041376826,0.8876069745634962,0.8323823207443897,0.951734539969834,clean1,3,KNN,normalization
3424,0.8970588235294117,0.9000690833164495,0.8865255112254169,0.8538199924517944,0.9228883861236804,clean1,4,KNN,normalization
3425,0.9054621848739496,0.9119588708043492,0.8987815830854217,0.8451697857815442,0.9615384615384616,clean1,5,KNN,normalization
3426,1.0,1.0,1.0,1.0,1.0,clean1,0,SVC,normalization
3427,1.0,1.0,1.0,1.0,1.0,clean1,1,SVC,normalization
3428,1.0,1.0,1.0,1.0,1.0,clean1,2,SVC,normalization
3429,1.0,1.0,1.0,1.0,1.0,clean1,3,SVC,normalization
3430,1.0,1.0,1.0,1.0,1.0,clean1,4,SVC,normalization
3431,1.0,1.0,1.0,1.0,1.0,clean1,5,SVC,normalization
3432,0.9936974789915968,0.993872549019608,0.9927184466019418,0.9903846153846154,0.9950980392156864,clean1,0,LR,normalization
3433,0.9978991596638656,0.9975490196078431,0.9975247524752476,1.0,0.9950980392156864,clean1,1,LR,normalization
3434,0.9936974789915968,0.9938648105625718,0.9928571428571428,0.9905660377358492,0.9951923076923076,clean1,2,LR,normalization
3435,0.9978991596638656,0.997596153846154,0.9975728155339806,1.0,0.9951923076923076,clean1,3,LR,normalization
3436,0.9978991596638656,0.997596153846154,0.9975728155339806,1.0,0.9951923076923076,clean1,4,LR,normalization
3437,0.9957983193277312,0.9957304822043628,0.9951923076923076,0.9951923076923076,0.9951923076923076,clean1,5,LR,normalization
3438,0.8088235294117647,0.8119013248238446,0.7943806398060348,0.7623049335060976,0.835501508295626,clean1,0,NB,normalization
3439,0.8088235294117647,0.8135278077936112,0.7954415954415954,0.7484536108174947,0.8501131221719456,clean1,1,NB,normalization
3440,0.8151260504201681,0.8198634936178834,0.801047325473931,0.7534029038112522,0.8554864253393666,clean1,2,NB,normalization
3441,0.8046218487394958,0.8075769343328605,0.786502365908948,0.748361543599565,0.8306938159879336,clean1,3,NB,normalization
3442,0.8067226890756303,0.8112027532023143,0.7936006178172204,0.7495398094966044,0.8456825037707391,clean1,4,NB,normalization
3443,0.7920168067226891,0.798896496026654,0.7816378100288458,0.7253816032465159,0.8502073906485671,clean1,5,NB,normalization
3444,1.0,1.0,1.0,1.0,1.0,clean1,0,DT,normalization
3445,0.9915966386554622,0.9925373134328358,0.9907407407407408,0.9821428571428572,1.0,clean1,1,DT,normalization
3446,1.0,1.0,1.0,1.0,1.0,clean1,2,DT,normalization
3447,1.0,1.0,1.0,1.0,1.0,clean1,3,DT,normalization
3448,1.0,1.0,1.0,1.0,1.0,clean1,4,DT,normalization
3449,1.0,1.0,1.0,1.0,1.0,clean1,5,DT,normalization
3450,0.9936974789915968,0.9927884615384616,0.9925742574257426,1.0,0.9855769230769232,clean1,0,RF,normalization
3451,0.9852941176470588,0.9830316742081447,0.9825713153839656,1.0,0.9660633484162896,clean1,1,RF,normalization
3452,0.9915966386554622,0.9919991389207806,0.990430402930403,0.9857583454281568,0.9951923076923076,clean1,2,RF,normalization
3453,0.9936974789915968,0.9933266360505166,0.9927651232262884,0.9951923076923076,0.9903846153846154,clean1,3,RF,normalization
3454,0.9894957983193278,0.9890845546025528,0.9877661205787708,0.9904753265602322,0.9855769230769232,clean1,4,RF,normalization
3455,0.9915966386554622,0.9909227898966704,0.9901960784313726,0.995,0.9855769230769232,clean1,5,RF,normalization
3456,0.7558085282119507,0.8004878236706964,0.7544547255232824,0.7506199405626814,0.8004878236706964,dna,0,KNN,normalization
3457,0.7677384727905525,0.8125877235091065,0.7669018807025799,0.7628699584270844,0.8125877235091065,dna,1,KNN,normalization
3458,0.758321485091707,0.8009295642964969,0.7560543204926944,0.7527552931998898,0.8009295642964969,dna,2,KNN,normalization
3459,0.7523446908318253,0.7950156162497933,0.7508535517628665,0.7467175157551031,0.7950156162497933,dna,3,KNN,normalization
3460,0.7467024583393758,0.7916405867734656,0.7448837742424431,0.7448186958108797,0.7916405867734656,dna,4,KNN,normalization
3461,0.7579995334262277,0.8049216327784715,0.7571381768447308,0.7553967461898222,0.8049216327784715,dna,5,KNN,normalization
3462,0.9193355422028586,0.91381888115926,0.9104683312685896,0.9079757239486465,0.91381888115926,dna,0,SVC,normalization
3463,0.917453090420736,0.911004540560162,0.909009752949862,0.9080793681573784,0.911004540560162,dna,1,SVC,normalization
3464,0.9183917548848384,0.91230873178329,0.9098408302516606,0.9080152654910922,0.91230873178329,dna,2,SVC,normalization
3465,0.9152502632358784,0.910776418784211,0.9060823989001208,0.9024909309540275,0.910776418784211,dna,3,SVC,normalization
3466,0.9196464600291292,0.913602410669592,0.9108672114236694,0.909132260077544,0.913602410669592,dna,4,SVC,normalization
3467,0.9187050371052252,0.9134375664949362,0.9099444096221706,0.9073606916153396,0.9134375664949362,dna,5,SVC,normalization
3468,0.9331451801037812,0.9287961029579712,0.9262792899469736,0.9241490014634832,0.9287961029579712,dna,0,LR,normalization
3469,0.9328287453579062,0.927426578394768,0.9253108877129956,0.92368105153927,0.927426578394768,dna,1,LR,normalization
3470,0.9356573488521654,0.9316017617687088,0.9286005729924456,0.9259737948073666,0.9316017617687088,dna,2,LR,normalization
3471,0.9347104090086568,0.9307380471073337,0.9278985997126526,0.9253107418238472,0.9307380471073337,dna,3,LR,normalization
3472,0.9315748283449872,0.9268640586501068,0.9240934081484332,0.9218254192393468,0.9268640586501068,dna,4,LR,normalization
3473,0.9306294647642228,0.9269493229278718,0.9232439323744932,0.9199724778151536,0.9269493229278718,dna,5,LR,normalization
3474,0.93439712678827,0.9401155902906448,0.9281601970456924,0.919917225132024,0.9401155902906448,dna,0,NB,normalization
3475,0.925604339136082,0.9275093473182412,0.9162718163923004,0.9110807756114334,0.9275093473182412,dna,1,NB,normalization
3476,0.9275017654142734,0.930966564880134,0.9193402350515552,0.91253634466487,0.930966564880134,dna,2,NB,normalization
3477,0.9309455054444116,0.9367607749144746,0.9244127234833546,0.9160861568869502,0.9367607749144746,dna,3,NB,normalization
3478,0.9202694778787288,0.9212924587311764,0.9102637526335304,0.9072996521260872,0.9212924587311764,dna,4,NB,normalization
3479,0.9237270102078776,0.9265142286857636,0.9150773518087104,0.9091494778690086,0.9265142286857636,dna,5,NB,normalization
3480,0.9083501730736492,0.9000107117546517,0.8968656776446724,0.8953887793281069,0.9000107117546517,dna,0,DT,normalization
3481,0.909296324785786,0.8976254915547329,0.8966872307332007,0.8961871432795514,0.8976254915547329,dna,1,DT,normalization
3482,0.8992437091353884,0.8907030279656208,0.887500529652739,0.8853423906849576,0.8907030279656208,dna,2,DT,normalization
3483,0.9083446561540448,0.8967689169573753,0.8969895117429647,0.8974421561884239,0.8967689169573753,dna,3,DT,normalization
3484,0.9111732596483042,0.9070144759849188,0.902637784052121,0.8993046486956175,0.9070144759849188,dna,4,DT,normalization
3485,0.9008113024343802,0.8895847909940685,0.888691855747879,0.8885128209878499,0.8895847909940685,dna,5,DT,normalization
3486,0.9522955902473472,0.9450661664357912,0.9461445071916964,0.9478241513266314,0.9450661664357912,dna,0,RF,normalization
3487,0.9494642282932858,0.9409323735839498,0.942194866348532,0.9437979240267056,0.9409323735839498,dna,1,RF,normalization
3488,0.951977973304414,0.9441888961786756,0.9449249394268626,0.9463100296067792,0.9441888961786756,dna,2,RF,normalization
3489,0.949466198621716,0.9409391907741766,0.9422966304956808,0.9441522174673956,0.9409391907741766,dna,3,RF,normalization
3490,0.9526021733510716,0.9443718801349134,0.9460388173200092,0.9486272013655574,0.9443718801349134,dna,4,RF,normalization
3491,0.9526009911540136,0.9457491633975668,0.9468603119338864,0.9483658735068896,0.9457491633975668,dna,5,RF,normalization
3492,0.8754626202812732,0.8416369711437948,0.7815382787848786,0.8052512833654333,0.7597543444520776,phoneme,0,KNN,normalization
3493,0.8686158401184307,0.8319998974166489,0.7682404152597802,0.7959991158267021,0.7433608757601202,phoneme,1,KNN,normalization
3494,0.8739822353811991,0.8374622557837683,0.7773721622016276,0.8081440752935918,0.7490458743607359,phoneme,2,KNN,normalization
3495,0.8737971872686898,0.8364136195998791,0.7762598377575616,0.809283202987902,0.7459020303793604,phoneme,3,KNN,normalization
3496,0.8749074759437454,0.8399406519243124,0.7795592185691849,0.8072041951060049,0.7553192504388977,phoneme,4,KNN,normalization
3497,0.8752775721687638,0.8383878092103818,0.7791652787424348,0.8123428867049962,0.7490617764547236,phoneme,5,KNN,normalization
3498,0.7738712065136935,0.7175976640038515,0.6014239848559175,0.6230178209147148,0.5813487520036638,phoneme,0,SVC,normalization
3499,0.7744263508512212,0.7174184051163187,0.6011571901013499,0.6255516528758182,0.5794198280029514,phoneme,1,SVC,normalization
3500,0.7716506291635825,0.713623730999076,0.5957602207131114,0.6205514214872279,0.5731369106683968,phoneme,2,SVC,normalization
3501,0.7738712065136935,0.7166688707160582,0.599665887102815,0.6239874688094257,0.5781778744625092,phoneme,3,SVC,normalization
3502,0.7740562546262029,0.7160550446727851,0.5991137857450616,0.6255335293412769,0.5756462610996617,phoneme,4,SVC,normalization
3503,0.7738712065136937,0.7166668407995441,0.600208208534747,0.6246220124777639,0.5781762842531104,phoneme,5,SVC,normalization
3504,0.7505551443375278,0.6675543172488304,0.5231027722846042,0.5956577964360156,0.4665960613693611,phoneme,0,LR,normalization
3505,0.751480384900074,0.6683863780816166,0.5246900105886703,0.5992493418533087,0.4672130626160852,phoneme,1,LR,normalization
3506,0.750740192450037,0.6675007995000426,0.5232049865269631,0.5965856962959274,0.4659599776098517,phoneme,2,LR,normalization
3507,0.749259807549963,0.6659048642792299,0.5196526324991506,0.5927089057879795,0.4640739892629062,phoneme,3,LR,normalization
3508,0.7494448556624723,0.6650913829296392,0.5187089389041595,0.5943819250488916,0.4608840292089662,phoneme,4,LR,normalization
3509,0.7511102886750556,0.66849402190537,0.5247829164863923,0.5972583996391166,0.4684740986693128,phoneme,5,LR,normalization
3510,0.7603626943005182,0.7506092959964947,0.6404460285866538,0.572472888204768,0.7269976210467395,phoneme,0,NB,normalization
3511,0.7590673575129534,0.7500540459125773,0.6396013120773913,0.57057142148136,0.7282395745871817,phoneme,1,NB,normalization
3512,0.7598075499629904,0.7509461258476318,0.6406827226946488,0.5713130954349979,0.7294974302216115,phoneme,2,NB,normalization
3513,0.7605477424130275,0.7516594166062195,0.6414876966794902,0.5722687153539738,0.7301351041905197,phoneme,3,NB,normalization
3514,0.760177646188009,0.7506570579192926,0.6405359499124271,0.5722814743890635,0.7276178027122613,phoneme,4,NB,normalization
3515,0.7596225018504811,0.750085028306475,0.6401068694480763,0.5724344458553534,0.7269833091621504,phoneme,5,NB,normalization
3516,0.8682457438934122,0.8415181547284156,0.7758110742839466,0.7748351924427793,0.7768029794163296,phoneme,0,DT,normalization
3517,0.8656550703182828,0.8361779271607575,0.7696133678120258,0.7745422647811915,0.7648128005495763,phoneme,1,DT,normalization
3518,0.8615840118430791,0.8314513387793061,0.7632270545068195,0.7686571607845849,0.7585012594458438,phoneme,2,DT,normalization
3519,0.8693560325684678,0.8399062481060595,0.7754784826287315,0.7831407058582107,0.7686006793374552,phoneme,3,DT,normalization
3520,0.863619541080681,0.8327092969612709,0.765282421162246,0.7729802860456126,0.757874716942727,phoneme,4,DT,normalization
3521,0.8719467061435974,0.846720769457938,0.782702383867762,0.7799917172975357,0.7856334122077195,phoneme,5,DT,normalization
3522,0.90840118430792,0.8846737818174117,0.8412869442477149,0.8560088399934426,0.827231699870239,phoneme,0,RF,normalization
3523,0.9050703182827536,0.8804691915391629,0.835512257698064,0.8509699431005767,0.82091538813831,phoneme,1,RF,normalization
3524,0.9089563286454478,0.8857998431966505,0.8424759158894582,0.8557500746199532,0.8297442307203012,phoneme,2,RF,normalization
3525,0.9045151739452256,0.8782446211417643,0.8336067917496934,0.8537058376515307,0.8146340610131542,phoneme,3,RF,normalization
3526,0.9045151739452256,0.8809932227949074,0.8349261498124427,0.8466546099889256,0.8240640027478818,phoneme,4,RF,normalization
3527,0.9078460399703924,0.8828100263980981,0.8396792046234793,0.8579860369683099,0.8221939164949241,phoneme,5,RF,normalization
3528,0.976,0.976,0.9760054958579464,0.9765756025479052,0.976,mfeat_pixel,0,KNN,normalization
3529,0.975,0.975,0.9750189921132676,0.975655004423376,0.975,mfeat_pixel,1,KNN,normalization
3530,0.978,0.978,0.9780635556346724,0.9788270557144302,0.978,mfeat_pixel,2,KNN,normalization
3531,0.9755,0.9755,0.9755018191206216,0.9761202936383392,0.9755,mfeat_pixel,3,KNN,normalization
3532,0.9715,0.9715,0.9715263741903588,0.9721284430274004,0.9715,mfeat_pixel,4,KNN,normalization
3533,0.974,0.974,0.9739863287305616,0.9746036346253358,0.974,mfeat_pixel,5,KNN,normalization
3534,0.9735,0.9735,0.973494150188478,0.974136848563002,0.9735,mfeat_pixel,0,SVC,normalization
3535,0.969,0.969,0.9690991712638511,0.9702112170170856,0.969,mfeat_pixel,1,SVC,normalization
3536,0.975,0.975,0.9750263560740215,0.9755862593949044,0.975,mfeat_pixel,2,SVC,normalization
3537,0.973,0.973,0.9730409609969818,0.9736892956911578,0.973,mfeat_pixel,3,SVC,normalization
3538,0.9705,0.9705,0.9705088541358388,0.9714001311619632,0.9705,mfeat_pixel,4,SVC,normalization
3539,0.972,0.972,0.972027717795758,0.972445467620204,0.972,mfeat_pixel,5,SVC,normalization
3540,0.965,0.965,0.9650160769974364,0.9659050506034068,0.965,mfeat_pixel,0,LR,normalization
3541,0.962,0.962,0.9621024355282872,0.9630895348951336,0.962,mfeat_pixel,1,LR,normalization
3542,0.9665,0.9665,0.9666045136518332,0.967403674263026,0.9665,mfeat_pixel,2,LR,normalization
3543,0.9645,0.9645,0.9644939299610492,0.9651349122293372,0.9645,mfeat_pixel,3,LR,normalization
3544,0.9655,0.9655,0.9655280395108684,0.966414661035281,0.9655,mfeat_pixel,4,LR,normalization
3545,0.968,0.968,0.9680177911210625,0.9683806244921772,0.968,mfeat_pixel,5,LR,normalization
3546,0.919,0.919,0.9191355278041832,0.9223098447792444,0.919,mfeat_pixel,0,NB,normalization
3547,0.92,0.92,0.9205222812970776,0.924236161714082,0.92,mfeat_pixel,1,NB,normalization
3548,0.918,0.918,0.918188594215726,0.9215091143866376,0.918,mfeat_pixel,2,NB,normalization
3549,0.923,0.923,0.9232398525235092,0.925748601611398,0.923,mfeat_pixel,3,NB,normalization
3550,0.9195,0.9195,0.9197291124281108,0.923259822385562,0.9195,mfeat_pixel,4,NB,normalization
3551,0.926,0.926,0.9265792065665004,0.9297129120545136,0.926,mfeat_pixel,5,NB,normalization
3552,0.872,0.8720000000000001,0.8721899218763274,0.8752944967407965,0.8720000000000001,mfeat_pixel,0,DT,normalization
3553,0.866,0.8660000000000001,0.8661853911057477,0.8717592090844489,0.8660000000000001,mfeat_pixel,1,DT,normalization
3554,0.862,0.8620000000000001,0.8619589809966037,0.8653436907504308,0.8620000000000001,mfeat_pixel,2,DT,normalization
3555,0.861,0.861,0.8611969544871081,0.864557950415671,0.861,mfeat_pixel,3,DT,normalization
3556,0.871,0.871,0.8708126068445781,0.8747805818105467,0.871,mfeat_pixel,4,DT,normalization
3557,0.8685,0.8684999999999998,0.8683573583414627,0.8699335024185376,0.8684999999999998,mfeat_pixel,5,DT,normalization
3558,0.9755,0.9755,0.9755539761096458,0.9762273989058612,0.9755,mfeat_pixel,0,RF,normalization
3559,0.976,0.976,0.9759997299062644,0.9765298856995062,0.976,mfeat_pixel,1,RF,normalization
3560,0.977,0.977,0.9770461053483906,0.9776168673535184,0.977,mfeat_pixel,2,RF,normalization
3561,0.9735,0.9735,0.973523390453266,0.9741762424740168,0.9735,mfeat_pixel,3,RF,normalization
3562,0.9745,0.9745,0.97449614700565,0.9751835312204726,0.9745,mfeat_pixel,4,RF,normalization
3563,0.9735,0.9735,0.9735312893409308,0.9742771593192714,0.9735,mfeat_pixel,5,RF,normalization
3564,0.889811320754717,0.8872796593384829,0.8753150619797201,0.8882272822640064,0.8627946127946127,banana,0,KNN,normalization
3565,0.891132075471698,0.8886344060762665,0.8767405814081213,0.8898424205611436,0.8644781144781144,banana,1,KNN,normalization
3566,0.8866037735849057,0.8843726825942968,0.8721532676544312,0.8817611684567602,0.8627946127946128,banana,2,KNN,normalization
3567,0.889811320754717,0.8877923673580309,0.875986209703581,0.8841026047248898,0.8682659932659933,banana,3,KNN,normalization
3568,0.8856603773584906,0.8833993721989618,0.8710030763072663,0.8810399321633091,0.8615319865319866,banana,4,KNN,normalization
3569,0.8913207547169812,0.8895153081199593,0.8779947427399544,0.884111043814509,0.872053872053872,banana,5,KNN,normalization
3570,0.5516981132075471,0.5,0.0,0.0,0.0,banana,0,SVC,normalization
3571,0.5516981132075471,0.5,0.0,0.0,0.0,banana,1,SVC,normalization
3572,0.5516981132075471,0.5,0.0,0.0,0.0,banana,2,SVC,normalization
3573,0.5516981132075471,0.5,0.0,0.0,0.0,banana,3,SVC,normalization
3574,0.5516981132075471,0.5,0.0,0.0,0.0,banana,4,SVC,normalization
3575,0.5516981132075471,0.5,0.0,0.0,0.0,banana,5,SVC,normalization
3576,0.5588679245283019,0.518290232466019,0.2030063574934559,0.5539475534308211,0.1258417508417508,banana,0,LR,normalization
3577,0.5569811320754717,0.5165802461459097,0.2016396115621561,0.5758806700767953,0.1258417508417508,banana,1,LR,normalization
3578,0.5533962264150943,0.5131340767455679,0.1986024728219197,0.5216625498477668,0.1237373737373737,banana,2,LR,normalization
3579,0.558490566037736,0.5184609432215451,0.2083673370986013,0.5311320682923117,0.1313131313131313,banana,3,LR,normalization
3580,0.5537735849056604,0.5135549521664433,0.199237326431373,0.5424387131872141,0.1245791245791245,banana,4,LR,normalization
3581,0.5573584905660377,0.5166461698609441,0.1967825214602542,0.585787335065361,0.1228956228956228,banana,5,LR,normalization
3582,0.6126415094339623,0.5844569152537689,0.4191934529882775,0.6403544522804121,0.3118686868686868,banana,0,NB,normalization
3583,0.6113207547169811,0.5836543156139599,0.421648095852993,0.6332566230845491,0.316077441077441,banana,1,NB,normalization
3584,0.6122641509433963,0.5842332352250272,0.419981602944488,0.6379751868485182,0.3131313131313131,banana,2,NB,normalization
3585,0.6115094339622641,0.5838253142459708,0.4217500761627727,0.6347029770453523,0.316077441077441,banana,3,NB,normalization
3586,0.6128301886792453,0.5850223046700475,0.4226098931525817,0.63792110737798,0.316077441077441,banana,4,NB,normalization
3587,0.6133962264150943,0.5856536178013607,0.4237886653218224,0.6388233990886178,0.3173400673400673,banana,5,NB,normalization
3588,0.8641509433962264,0.8627617948753379,0.8486000274909377,0.8480185117822073,0.8493265993265993,banana,0,DT,normalization
3589,0.8679245283018868,0.866497280142971,0.8526790532093377,0.8531832768128981,0.8526936026936027,banana,1,DT,normalization
3590,0.8728301886792452,0.8709826836536823,0.8573964624023968,0.8619007811531767,0.8531144781144782,banana,2,DT,normalization
3591,0.8716981132075472,0.8708637906654323,0.857716123926559,0.8531288599703961,0.8627946127946128,banana,3,DT,normalization
3592,0.8705660377358491,0.8695617253243793,0.8562221527963716,0.8529653001480775,0.8598484848484848,banana,4,DT,normalization
3593,0.8724528301886793,0.8717449805856099,0.8587592872803345,0.8527303199812588,0.8648989898989898,banana,5,DT,normalization
3594,0.8883018867924528,0.8859511093608221,0.8738789075706604,0.8848207154934482,0.8632154882154882,banana,0,RF,normalization
3595,0.8947169811320755,0.8919228191629012,0.8803018735617234,0.8966855851359229,0.86489898989899,banana,1,RF,normalization
3596,0.8911320754716981,0.8888710405468271,0.8771867487453502,0.8877525958816008,0.867003367003367,banana,2,RF,normalization
3597,0.8954716981132076,0.8933955952594803,0.8822121948627973,0.891804720094628,0.8733164983164983,banana,3,RF,normalization
3598,0.8937735849056604,0.891501655865541,0.8800339454844758,0.8910688401366751,0.8695286195286195,banana,4,RF,normalization
3599,0.8950943396226415,0.8929747198386049,0.8817537101020266,0.891290313725416,0.8724747474747474,banana,5,RF,normalization
3600,0.965,0.965,0.9648118402298912,0.96591838268658,0.965,mfeat_factors,0,KNN,normalization
3601,0.964,0.9640000000000002,0.9638636934213816,0.9647416710049108,0.9640000000000002,mfeat_factors,1,KNN,normalization
3602,0.9675,0.9675,0.9674582588676802,0.9680400740798092,0.9675,mfeat_factors,2,KNN,normalization
3603,0.9685,0.9685,0.9684939204014118,0.9695803710360636,0.9685,mfeat_factors,3,KNN,normalization
3604,0.965,0.965,0.964894811725331,0.965713402539572,0.965,mfeat_factors,4,KNN,normalization
3605,0.965,0.965,0.9649636782951528,0.9658128139043574,0.965,mfeat_factors,5,KNN,normalization
3606,0.981,0.981,0.980972634462738,0.9814033065249969,0.981,mfeat_factors,0,SVC,normalization
3607,0.9775,0.9775,0.9774114505628392,0.9779892650628036,0.9775,mfeat_factors,1,SVC,normalization
3608,0.978,0.978,0.9780268567751028,0.9785630747995672,0.978,mfeat_factors,2,SVC,normalization
3609,0.9775,0.9775,0.9774439309475652,0.9779004443839728,0.9775,mfeat_factors,3,SVC,normalization
3610,0.973,0.973,0.9729914479751308,0.9734079362672058,0.973,mfeat_factors,4,SVC,normalization
3611,0.975,0.975,0.9750010925868192,0.9756118484026582,0.975,mfeat_factors,5,SVC,normalization
3612,0.9775,0.9775,0.9775119455000328,0.9780298175874124,0.9775,mfeat_factors,0,LR,normalization
3613,0.9755,0.9754999999999998,0.9755218396278562,0.9762783506729312,0.9754999999999998,mfeat_factors,1,LR,normalization
3614,0.977,0.977,0.9770348236991964,0.977612476495344,0.977,mfeat_factors,2,LR,normalization
3615,0.9735,0.9735,0.9734786735130714,0.9740533469012128,0.9735,mfeat_factors,3,LR,normalization
3616,0.974,0.9740000000000002,0.9739840255691452,0.9743640436944008,0.9740000000000002,mfeat_factors,4,LR,normalization
3617,0.978,0.978,0.9780469747291272,0.9785407073488964,0.978,mfeat_factors,5,LR,normalization
3618,0.926,0.926,0.925855510068077,0.9283420168273464,0.926,mfeat_factors,0,NB,normalization
3619,0.9235,0.9235,0.92367246414213,0.926340012921026,0.9235,mfeat_factors,1,NB,normalization
3620,0.9195,0.9195,0.91957919487458,0.9223670732525912,0.9195,mfeat_factors,2,NB,normalization
3621,0.925,0.925,0.9249283216923572,0.9271417532270284,0.925,mfeat_factors,3,NB,normalization
3622,0.9275,0.9275,0.927524546669078,0.930360042767753,0.9275,mfeat_factors,4,NB,normalization
3623,0.922,0.922,0.9220960539981934,0.9249052741464046,0.922,mfeat_factors,5,NB,normalization
3624,0.888,0.8879999999999999,0.8878556537173465,0.8904659218031523,0.8879999999999999,mfeat_factors,0,DT,normalization
3625,0.884,0.884,0.8834388680926918,0.885686953625924,0.884,mfeat_factors,1,DT,normalization
3626,0.876,0.8759999999999999,0.8759210064598205,0.8780611679005298,0.8759999999999999,mfeat_factors,2,DT,normalization
3627,0.885,0.885,0.8851566915559638,0.8888604523432599,0.885,mfeat_factors,3,DT,normalization
3628,0.8875,0.8875,0.8870992269059479,0.8888669020925457,0.8875,mfeat_factors,4,DT,normalization
3629,0.883,0.883,0.8829875078997688,0.8862475141037895,0.883,mfeat_factors,5,DT,normalization
3630,0.9685,0.9685,0.9685178939890546,0.9697150727305262,0.9685,mfeat_factors,0,RF,normalization
3631,0.965,0.965,0.9651006857768744,0.9659607620983932,0.965,mfeat_factors,1,RF,normalization
3632,0.968,0.968,0.9680923676057336,0.9688285037413684,0.968,mfeat_factors,2,RF,normalization
3633,0.9635,0.9635,0.9634104326854792,0.9640904750668208,0.9635,mfeat_factors,3,RF,normalization
3634,0.9675,0.9675,0.9675189808205698,0.9682651886801138,0.9675,mfeat_factors,4,RF,normalization
3635,0.969,0.969,0.9690247557962092,0.9697247268828136,0.969,mfeat_factors,5,RF,normalization
3636,0.9089351414648889,0.9018133285845574,0.88239351092764,0.8972572375623606,0.8681890674991004,spambase,0,KNN,normalization
3637,0.90458655989121,0.8967769478000335,0.8765770234927804,0.8942464494002292,0.8599097062169968,spambase,1,KNN,normalization
3638,0.909587315377932,0.9020554762534904,0.8831129595507112,0.9005877901345627,0.8665212824926335,spambase,2,KNN,normalization
3639,0.9058888301288104,0.8990960004064001,0.8788348498106682,0.8911761341188884,0.8670585718314516,spambase,3,KNN,normalization
3640,0.9067606618063688,0.8988564958102125,0.8792891892652527,0.897868212045334,0.8615580418356333,spambase,4,KNN,normalization
3641,0.9052357118573642,0.897981430320259,0.8777430442083374,0.8922057108152661,0.8637533914870029,spambase,5,KNN,normalization
3642,0.9298005515053072,0.923655742793817,0.9094231544678634,0.9247419182341988,0.8946572531629567,spambase,0,SVC,normalization
3643,0.9265376043516036,0.92077001486762,0.9056376064002944,0.9186459254348768,0.8935486380566172,spambase,1,SVC,normalization
3644,0.9295801382540702,0.9242358166001976,0.9095786853163592,0.9209359705762736,0.8990455212922173,spambase,2,SVC,normalization
3645,0.9282746571978998,0.9221962259899994,0.9073597941375388,0.9219841714982284,0.8935316198422655,spambase,3,SVC,normalization
3646,0.9280583991236354,0.9214433749280956,0.9069777645304832,0.924707447289892,0.8902325174315138,spambase,4,SVC,normalization
3647,0.9276249386167038,0.9214741264821597,0.9067188533297232,0.9214632150188078,0.8924461008839747,spambase,5,SVC,normalization
3648,0.9258876968987272,0.9188844828723792,0.9039179051357824,0.9229273518822698,0.8858320934348591,spambase,0,LR,normalization
3649,0.922843085407774,0.9155985060079704,0.9000983106765023,0.919980350059554,0.8814122200503739,spambase,1,LR,normalization
3650,0.9274060363389114,0.9213816599207008,0.9064772934612164,0.920850827239336,0.8929785278758351,spambase,2,LR,normalization
3651,0.9228400634608848,0.9150110157272576,0.899476078168425,0.9222514555633504,0.8780851591446158,spambase,3,LR,normalization
3652,0.9241459222604164,0.9163823205232048,0.9013789144382164,0.9245850609267044,0.8797517285643435,spambase,4,LR,normalization
3653,0.921755562270993,0.9144120113810452,0.8986504730925936,0.9184200763218296,0.8797565909113011,spambase,5,LR,normalization
3654,0.8154752011483398,0.8390628915558362,0.8023282063847438,0.694251656045593,0.9503639466697786,spambase,0,NB,normalization
3655,0.8119978846371775,0.836578020361221,0.79969852352438,0.6891687286384197,0.9525678054283242,spambase,1,NB,normalization
3656,0.8174317228874703,0.8413488843885555,0.8047433256042646,0.6958500250848805,0.9542185722204394,spambase,2,NB,normalization
3657,0.8178642390359989,0.841417769962491,0.8047600781141024,0.6966798499001032,0.9525629430813666,spambase,3,NB,normalization
3658,0.8176494919351792,0.8417238519130308,0.805038562444266,0.6956900007972536,0.9553271873267788,spambase,4,NB,normalization
3659,0.8159109281154383,0.839903346832241,0.8031792328025045,0.6940723018567707,0.9531208973947544,spambase,5,NB,normalization
3660,0.911759717447966,0.908190931445275,0.8883933367480251,0.8861537937009265,0.891345994884811,spambase,0,DT,normalization
3661,0.9080627431722889,0.9050479839697978,0.8842010110403545,0.8780353957740132,0.8907989808520776,spambase,1,DT,normalization
3662,0.9102360896007252,0.9080837888975724,0.8874392821272789,0.8774171056069566,0.8979466308797931,spambase,2,DT,normalization
3663,0.9117600951913272,0.9089594621808956,0.8889608677413555,0.8825225894929984,0.8957524968151627,spambase,3,DT,normalization
3664,0.9163215351490196,0.911957679841227,0.8935210355994961,0.896048396262947,0.8913472104715504,spambase,4,DT,normalization
3665,0.910236656215767,0.9086706713849152,0.8878302607644459,0.874865457475249,0.9012724761988116,spambase,5,DT,normalization
3666,0.9517508404789784,0.9466864750101108,0.9377289846632596,0.953359271374229,0.922784714726104,spambase,0,RF,normalization
3667,0.9502291013485438,0.9444699755446968,0.9355581597790854,0.954768579784002,0.9172756756231096,spambase,1,RF,normalization
3668,0.9521833566275072,0.9471356752949536,0.938369192404722,0.954036675242606,0.9233244352384008,spambase,2,RF,normalization
3669,0.953052732973218,0.948337241802226,0.9395742548803871,0.9535643100466976,0.9260862483103344,spambase,3,RF,normalization
3670,0.9530536773316208,0.9479538881244702,0.9394218690673952,0.9555697408757988,0.9238848207252676,spambase,4,RF,normalization
3671,0.9563130359233936,0.952283118327606,0.943937471546469,0.9549011818299572,0.9332606412463168,spambase,5,RF,normalization
3672,0.5115511551155115,0.5115077117462531,0.5342675705601583,0.5101265760381696,0.5609424015336354,Hill_Valley_with_noise,0,KNN,normalization
3673,0.5132013201320133,0.5132178023701638,0.5324866420969332,0.5122759677430062,0.5544505925409551,Hill_Valley_with_noise,1,KNN,normalization
3674,0.5156765676567656,0.5156685691878703,0.5332919906990639,0.5141966354485095,0.5544179156500523,Hill_Valley_with_noise,2,KNN,normalization
3675,0.5107260726072607,0.5107016817706518,0.5169071809728563,0.5097789210790591,0.5246601603346114,Hill_Valley_with_noise,3,KNN,normalization
3676,0.4975247524752475,0.4975383408853259,0.5161695095807652,0.4985700623645306,0.5363584872777971,Hill_Valley_with_noise,4,KNN,normalization
3677,0.5115511551155116,0.5115512809341234,0.5375393579381309,0.5106727946220816,0.567662948762635,Hill_Valley_with_noise,5,KNN,normalization
3678,0.6196369636963697,0.6197117898222377,0.3922896789902604,0.9376368087557604,0.2542697804112931,Hill_Valley_with_noise,0,SVC,normalization
3679,0.6039603960396039,0.6039288515162078,0.3561236023816209,0.9364766617790812,0.2210700592540955,Hill_Valley_with_noise,1,SVC,normalization
3680,0.6064356435643564,0.6064667567096549,0.359129149538839,0.9523238380809594,0.2228237190658766,Hill_Valley_with_noise,2,SVC,normalization
3681,0.5981848184818481,0.5981940571627745,0.3456882036069399,0.9277372531682876,0.2128681596375043,Hill_Valley_with_noise,3,SVC,normalization
3682,0.6031353135313531,0.6031064830951551,0.3574552238665611,0.9403273809523808,0.2210918438480306,Hill_Valley_with_noise,4,SVC,normalization
3683,0.6047854785478548,0.6048274660160335,0.3589829238432961,0.9352548036758564,0.2228781805507145,Hill_Valley_with_noise,5,SVC,normalization
3684,0.7178217821782178,0.7179112931334961,0.6112725586471219,0.9560091778646942,0.4556029975601254,Hill_Valley_with_noise,0,LR,normalization
3685,0.6988448844884488,0.6987517427675148,0.5765547612442365,0.9471277037052366,0.4189613105611711,Hill_Valley_with_noise,1,LR,normalization
3686,0.712046204620462,0.7120566835134193,0.6057202764335443,0.9557703021563873,0.4439046706169396,Hill_Valley_with_noise,2,LR,normalization
3687,0.7013201320132013,0.7012733095155107,0.5841445393678634,0.9584715959045916,0.420693185779017,Hill_Valley_with_noise,3,LR,normalization
3688,0.7029702970297029,0.7029507232485186,0.583799911212697,0.9576237969352606,0.4240697978389683,Hill_Valley_with_noise,4,LR,normalization
3689,0.7029702970297029,0.7030215231788078,0.5864655843209168,0.9572653090258724,0.4242005054025793,Hill_Valley_with_noise,5,LR,normalization
3690,0.4900990099009901,0.4907742244684558,0.3262559212166542,0.5077058531372756,0.324034942488672,Hill_Valley_with_noise,0,NB,normalization
3691,0.5024752475247525,0.5025923666782851,0.2914691809521881,0.5035347406718462,0.2080210874869292,Hill_Valley_with_noise,1,NB,normalization
3692,0.4958745874587459,0.4952291739281979,0.3438590239618199,0.501018246985989,0.3492615022655978,Hill_Valley_with_noise,2,NB,normalization
3693,0.5033003300330032,0.5039375653537819,0.348718497626134,0.5253419547931744,0.3471266120599512,Hill_Valley_with_noise,3,NB,normalization
3694,0.5181518151815182,0.5179995207389334,0.2816794731395013,0.5611721008062471,0.1929243638898571,Hill_Valley_with_noise,4,NB,normalization
3695,0.4909240924092409,0.4922337922621122,0.4250731862676451,0.5078711201079622,0.5194100731962356,Hill_Valley_with_noise,5,NB,normalization
3696,0.5495049504950495,0.5495381666085744,0.5485703301512947,0.549602374192606,0.5478825374695016,Hill_Valley_with_noise,0,DT,normalization
3697,0.528877887788779,0.5288373562216802,0.5403450183270812,0.5271212574615407,0.554374346462182,Hill_Valley_with_noise,1,DT,normalization
3698,0.5363036303630363,0.5362931334959917,0.5407323616289994,0.5356616027745909,0.5461506622516556,Hill_Valley_with_noise,2,DT,normalization
3699,0.5255775577557755,0.5255642209829209,0.525992732823771,0.5256693360112363,0.5263593586615546,Hill_Valley_with_noise,3,DT,normalization
3700,0.5288778877887789,0.5289027100034855,0.5398295059662311,0.5276127784041604,0.5528494248867201,Hill_Valley_with_noise,4,DT,normalization
3701,0.5305280528052805,0.5304712007668176,0.5450487264243673,0.527995126176769,0.5642536598117811,Hill_Valley_with_noise,5,DT,normalization
3702,0.5610561056105611,0.5610513245033113,0.5743760984974439,0.5581515082157517,0.5923666782851167,Hill_Valley_with_noise,0,RF,normalization
3703,0.5833333333333333,0.5832062565353782,0.5845295308286742,0.5834436267716825,0.5873562216800279,Hill_Valley_with_noise,1,RF,normalization
3704,0.5684818481848184,0.5685561171139769,0.5827727545499143,0.5650503534974654,0.6023331300104566,Hill_Valley_with_noise,2,RF,normalization
3705,0.5519801980198019,0.5519235796444755,0.5464343759714856,0.5513520085594786,0.5427958347856395,Hill_Valley_with_noise,3,RF,normalization
3706,0.5717821782178218,0.571807467758801,0.5871471880825078,0.5669188296399046,0.6105785988149182,Hill_Valley_with_noise,4,RF,normalization
3707,0.5412541254125413,0.5411946671314047,0.5442038996288866,0.5407964229153543,0.5494619205298014,Hill_Valley_with_noise,5,RF,normalization
3708,0.5627062706270627,0.5626633986928105,0.5672815415908173,0.5679287242443878,0.5669934640522876,Hill_Valley_without_noise,0,KNN,normalization
3709,0.5561056105610561,0.5560620915032679,0.5602616052702024,0.5605390666190428,0.5604575163398693,Hill_Valley_without_noise,1,KNN,normalization
3710,0.5445544554455446,0.5442483660130719,0.5601290388526048,0.5460705523085616,0.5751633986928104,Hill_Valley_without_noise,2,KNN,normalization
3711,0.5635313531353136,0.5634640522875818,0.5685201699262504,0.5680985752755356,0.5702614379084967,Hill_Valley_without_noise,3,KNN,normalization
3712,0.5594059405940595,0.5590196078431373,0.5775048283950087,0.5598740702067516,0.5980392156862745,Hill_Valley_without_noise,4,KNN,normalization
3713,0.5544554455445545,0.554297385620915,0.5636477631994199,0.5574445435347344,0.5702614379084967,Hill_Valley_without_noise,5,KNN,normalization
3714,0.5882838283828382,0.584281045751634,0.7081386894211561,0.5516977081361072,0.988562091503268,Hill_Valley_without_noise,0,SVC,normalization
3715,0.5915841584158416,0.5875490196078431,0.7111693163737324,0.5533904724797116,0.9950980392156864,Hill_Valley_without_noise,1,SVC,normalization
3716,0.5899339933993399,0.5859150326797385,0.7097438172372543,0.5527096999254755,0.9918300653594772,Hill_Valley_without_noise,2,SVC,normalization
3717,0.5874587458745875,0.5833986928104575,0.7086606043806896,0.5507847630924776,0.9934640522875816,Hill_Valley_without_noise,3,SVC,normalization
3718,0.5858085808580858,0.5817320261437908,0.707811125189563,0.5497482564160798,0.9934640522875816,Hill_Valley_without_noise,4,SVC,normalization
3719,0.5866336633663366,0.5825816993464052,0.7078849975766808,0.5503546178971171,0.9918300653594772,Hill_Valley_without_noise,5,SVC,normalization
3720,0.6633663366336633,0.6601470588235294,0.7475308902884032,0.6023158375194174,0.9852941176470588,Hill_Valley_without_noise,0,LR,normalization
3721,0.6716171617161716,0.6684313725490196,0.753220652805067,0.6082013821919974,0.9901960784313726,Hill_Valley_without_noise,1,LR,normalization
3722,0.6641914191419143,0.6609313725490196,0.7488951859326759,0.6023555561086048,0.9901960784313726,Hill_Valley_without_noise,2,LR,normalization
3723,0.6617161716171618,0.6584477124183006,0.7469378788231209,0.6002584165386585,0.988562091503268,Hill_Valley_without_noise,3,LR,normalization
3724,0.6666666666666666,0.6634313725490197,0.7500306350023282,0.6036398558661524,0.9901960784313726,Hill_Valley_without_noise,4,LR,normalization
3725,0.6625412541254125,0.659264705882353,0.7477369798108677,0.6006977961072203,0.9901960784313726,Hill_Valley_without_noise,5,LR,normalization
3726,0.5181518151815181,0.5145261437908497,0.6486021551214913,0.5134301026295571,0.880718954248366,Hill_Valley_without_noise,0,NB,normalization
3727,0.4884488448844885,0.4867320261437908,0.5061477182828698,0.4622102424225994,0.6601307189542484,Hill_Valley_without_noise,1,NB,normalization
3728,0.4966996699669966,0.4949183006535947,0.513316793255785,0.4710101334783393,0.6748366013071896,Hill_Valley_without_noise,2,NB,normalization
3729,0.5156765676567656,0.5120424836601307,0.6470359886167303,0.511984744182445,0.8790849673202614,Hill_Valley_without_noise,3,NB,normalization
3730,0.5008250825082509,0.4991339869281045,0.5097129880913963,0.4742868843059682,0.6699346405228759,Hill_Valley_without_noise,4,NB,normalization
3731,0.5016501650165016,0.4998529411764706,0.5188090751040391,0.4832234509457802,0.6813725490196079,Hill_Valley_without_noise,5,NB,normalization
3732,0.5957095709570956,0.5954575163398692,0.6076168700342333,0.5957953739808579,0.6209150326797386,Hill_Valley_without_noise,0,DT,normalization
3733,0.6047854785478548,0.6047875816993463,0.6051826388277459,0.6072297067144039,0.6045751633986929,Hill_Valley_without_noise,1,DT,normalization
3734,0.5965346534653465,0.5961274509803921,0.6145330744663164,0.5934313032937029,0.6372549019607843,Hill_Valley_without_noise,2,DT,normalization
3735,0.5882838283828382,0.5881699346405229,0.5951758634884827,0.5912745518202742,0.5996732026143791,Hill_Valley_without_noise,3,DT,normalization
3736,0.5750825082508251,0.5745588235294118,0.5972388100424391,0.5710503920443679,0.6274509803921569,Hill_Valley_without_noise,4,DT,normalization
3737,0.5775577557755776,0.5773529411764706,0.587746427816563,0.5790152017248756,0.5980392156862745,Hill_Valley_without_noise,5,DT,normalization
3738,0.5981848184818482,0.5981209150326796,0.603285013359622,0.602370407390479,0.6045751633986928,Hill_Valley_without_noise,0,RF,normalization
3739,0.6221122112211221,0.6220098039215686,0.6272180676845758,0.6235568661245847,0.6323529411764706,Hill_Valley_without_noise,1,RF,normalization
3740,0.5965346534653466,0.5962418300653595,0.6103555462318435,0.5957971810911873,0.6258169934640523,Hill_Valley_without_noise,2,RF,normalization
3741,0.5965346534653465,0.5963071895424836,0.6078137327186391,0.5968858618251351,0.619281045751634,Hill_Valley_without_noise,3,RF,normalization
3742,0.5990099009900991,0.5986928104575163,0.6133975916096264,0.5976454986460557,0.630718954248366,Hill_Valley_without_noise,4,RF,normalization
3743,0.5981848184818482,0.5978104575163399,0.6150213594105106,0.596387403446227,0.6356209150326797,Hill_Valley_without_noise,5,RF,normalization
3744,0.7684,0.7687433047367351,0.7682774935805682,0.7685764771436379,0.7687433047367351,waveform_40,0,KNN,normalization
3745,0.7686000000000001,0.7689493630908516,0.7685063416187512,0.7688616199672951,0.7689493630908516,waveform_40,1,KNN,normalization
3746,0.7686000000000001,0.7689250251633638,0.768462843483691,0.7685267340405023,0.7689250251633638,waveform_40,2,KNN,normalization
3747,0.7728,0.7730970976083003,0.7727041355072387,0.773228561700607,0.7730970976083003,waveform_40,3,KNN,normalization
3748,0.7642,0.7645403821280677,0.7640010184859818,0.7642483200198599,0.7645403821280677,waveform_40,4,KNN,normalization
3749,0.7786,0.778953360857279,0.7784459746992455,0.7785876862841478,0.778953360857279,waveform_40,5,KNN,normalization
3750,0.8648,0.8650664546747113,0.864704501382387,0.8653375850957917,0.8650664546747113,waveform_40,0,SVC,normalization
3751,0.86,0.8602709807867461,0.8598407551194687,0.8605259305996386,0.8602709807867461,waveform_40,1,SVC,normalization
3752,0.8638,0.8640308017160117,0.8637465601937221,0.8642174095149656,0.8640308017160117,waveform_40,2,SVC,normalization
3753,0.864,0.8642790236888608,0.8639289737852207,0.8648729585508775,0.8642790236888608,waveform_40,3,SVC,normalization
3754,0.8623999999999999,0.8626430213590565,0.8623795929822637,0.8626139884833723,0.8626430213590565,waveform_40,4,SVC,normalization
3755,0.8642,0.864501341893979,0.8640565709470727,0.8645893626478706,0.864501341893979,waveform_40,5,SVC,normalization
3756,0.867,0.8671959455563777,0.8669991738063307,0.8675184178287475,0.8671959455563777,waveform_40,0,LR,normalization
3757,0.8672,0.8674150594923891,0.8671528958408034,0.8673389166556057,0.8674150594923891,waveform_40,1,LR,normalization
3758,0.866,0.8661880421903314,0.8660319771053089,0.8663846306501891,0.8661880421903314,waveform_40,2,LR,normalization
3759,0.8674000000000001,0.8676228599733986,0.867389748972126,0.8678253954221363,0.8676228599733986,waveform_40,3,LR,normalization
3760,0.8666,0.8668163485501481,0.8665852777108762,0.8668024858998543,0.8668163485501481,waveform_40,4,LR,normalization
3761,0.8664000000000001,0.8666117523382453,0.8663724544901714,0.8665700858748869,0.8666117523382453,waveform_40,5,LR,normalization
3762,0.8006,0.8026725222040293,0.7894009929688253,0.8345927922570331,0.8026725222040293,waveform_40,0,NB,normalization
3763,0.8002,0.8023056696856066,0.788521991267217,0.8337535964913941,0.8023056696856066,waveform_40,1,NB,normalization
3764,0.7996000000000001,0.8016898278289175,0.7881621332199201,0.8331974118860256,0.8016898278289175,waveform_40,2,NB,normalization
3765,0.7994,0.8014939007722682,0.7880205115547138,0.8330926387297832,0.8014939007722682,waveform_40,3,NB,normalization
3766,0.8006,0.8026830371842053,0.7893506361963396,0.8336525331799485,0.8026830371842053,waveform_40,4,NB,normalization
3767,0.7988000000000001,0.8009020131603585,0.7870652095870311,0.8331100584182757,0.8009020131603585,waveform_40,5,NB,normalization
3768,0.7387999999999999,0.7389383030738336,0.7390682611527795,0.7394926707601853,0.7389383030738336,waveform_40,0,DT,normalization
3769,0.7478,0.7480029937206281,0.7478428398660459,0.74831612329025,0.7480029937206281,waveform_40,1,DT,normalization
3770,0.7482,0.7483082185002096,0.7484811401208563,0.7492353249545921,0.7483082185002096,waveform_40,2,DT,normalization
3771,0.7455999999999999,0.7458350619794826,0.7458369090794368,0.746546564840053,0.7458350619794826,waveform_40,3,DT,normalization
3772,0.7522,0.7523662231128638,0.752432680512521,0.7530104953408242,0.7523662231128638,waveform_40,4,DT,normalization
3773,0.7438,0.7438716953408309,0.7440585090372982,0.7445554799915277,0.7438716953408309,waveform_40,5,DT,normalization
3774,0.8506,0.8510776008855313,0.8501418297385728,0.8518038056228104,0.8510776008855313,waveform_40,0,RF,normalization
3775,0.8506,0.8511145070141762,0.8500796445750447,0.8516775068474484,0.8511145070141762,waveform_40,1,RF,normalization
3776,0.8512,0.8516981091535413,0.8507203479496488,0.8524670471288635,0.8516981091535413,waveform_40,2,RF,normalization
3777,0.854,0.8545657951967239,0.853427811853869,0.8560447504874513,0.8545657951967239,waveform_40,3,RF,normalization
3778,0.8576,0.8581435431260609,0.8571072996404361,0.8593531651523034,0.8581435431260609,waveform_40,4,RF,normalization
3779,0.8534,0.8539144367649832,0.8529005567044788,0.8544630104717338,0.8539144367649832,waveform_40,5,RF,normalization
3780,0.8150000000000002,0.8147187958453626,0.8139132897203115,0.8156547333651446,0.8147187958453626,waveform_21,0,KNN,normalization
3781,0.8096,0.8093173002199662,0.8082901938575137,0.8100524170366494,0.8093173002199662,waveform_21,1,KNN,normalization
3782,0.8109999999999999,0.8107921835434861,0.8099646174015488,0.8110522893003509,0.8107921835434861,waveform_21,2,KNN,normalization
3783,0.8188,0.8185698578945312,0.8180463370859938,0.8191978532963219,0.8185698578945312,waveform_21,3,KNN,normalization
3784,0.8096,0.8093613764062715,0.8084918128862386,0.8104555673799945,0.8093613764062715,waveform_21,4,KNN,normalization
3785,0.812,0.8117496677402809,0.810867367369806,0.812222232948446,0.8117496677402809,waveform_21,5,KNN,normalization
3786,0.8692,0.8689920158493537,0.8687862233891291,0.8694238464840772,0.8689920158493537,waveform_21,0,SVC,normalization
3787,0.8672000000000001,0.866972771443847,0.866765986860879,0.867137533472241,0.866972771443847,waveform_21,1,SVC,normalization
3788,0.8684,0.8682104330614548,0.8680137279713911,0.8683761819888355,0.8682104330614548,waveform_21,2,SVC,normalization
3789,0.8706,0.8703712246560591,0.8702592921758341,0.8705407429602424,0.8703712246560591,waveform_21,3,SVC,normalization
3790,0.8688,0.86858881605516,0.8683907304756656,0.8688878414984057,0.86858881605516,waveform_21,4,SVC,normalization
3791,0.8692000000000001,0.8690081837364254,0.8687426177903559,0.8691766273724073,0.8690081837364254,waveform_21,5,SVC,normalization
3792,0.8708,0.8706272866584305,0.8704560650904943,0.8709259118122094,0.8706272866584305,waveform_21,0,LR,normalization
3793,0.8700000000000001,0.8698075724534181,0.8697237377153039,0.869922655017682,0.8698075724534181,waveform_21,1,LR,normalization
3794,0.8695999999999999,0.8694396824719834,0.8693283841402117,0.8697057314190871,0.8694396824719834,waveform_21,2,LR,normalization
3795,0.8704000000000001,0.8702221715797054,0.8701453389798174,0.8703366946871496,0.8702221715797054,waveform_21,3,LR,normalization
3796,0.87,0.8698353703904664,0.869741421996821,0.870080616778602,0.8698353703904664,waveform_21,4,LR,normalization
3797,0.87,0.8698276489188421,0.8697085428234692,0.869919038142274,0.8698276489188421,waveform_21,5,LR,normalization
3798,0.808,0.8071881837882393,0.7954861976224711,0.8396159654210358,0.8071881837882393,waveform_21,0,NB,normalization
3799,0.8091999999999999,0.808383487077361,0.7970006243802389,0.8406138189764029,0.808383487077361,waveform_21,1,NB,normalization
3800,0.8095999999999999,0.8087742464961891,0.7969709736277074,0.8414997356860683,0.8087742464961891,waveform_21,2,NB,normalization
3801,0.8082,0.8073803167250961,0.7955278994302426,0.8396871438208504,0.8073803167250961,waveform_21,3,NB,normalization
3802,0.8088,0.8079841885917125,0.7963381238099825,0.8403507745943763,0.8079841885917125,waveform_21,4,NB,normalization
3803,0.8096000000000001,0.8087875043980058,0.7972769829112692,0.8406100569016705,0.8087875043980058,waveform_21,5,NB,normalization
3804,0.7535999999999999,0.7534067163506272,0.7533026874711697,0.7542038796690684,0.7534067163506272,waveform_21,0,DT,normalization
3805,0.7518,0.7517403912952478,0.751784770661298,0.7521146781942281,0.7517403912952478,waveform_21,1,DT,normalization
3806,0.7462,0.7461088614054912,0.7461072143186006,0.7463797967190284,0.7461088614054912,waveform_21,2,DT,normalization
3807,0.7492,0.7489700738522612,0.7487517094689735,0.748906623846429,0.7489700738522612,waveform_21,3,DT,normalization
3808,0.7526,0.7524392038172709,0.7521644755347814,0.7526984067737571,0.7524392038172709,waveform_21,4,DT,normalization
3809,0.7552,0.7549827818966763,0.7549726283367864,0.755511903172047,0.7549827818966763,waveform_21,5,DT,normalization
3810,0.8503999999999999,0.850109245851933,0.8496201090918211,0.8511764296042437,0.850109245851933,waveform_21,0,RF,normalization
3811,0.846,0.8456405280881462,0.8451621471066505,0.846323950443087,0.8456405280881462,waveform_21,1,RF,normalization
3812,0.854,0.8537688055730852,0.853531517392703,0.8544269679444584,0.8537688055730852,waveform_21,2,RF,normalization
3813,0.8477999999999999,0.8474909586395012,0.8470166827581885,0.8479321781884671,0.8474909586395012,waveform_21,3,RF,normalization
3814,0.8522000000000001,0.851893693882966,0.8514673613592599,0.8528673917490125,0.851893693882966,waveform_21,4,RF,normalization
3815,0.8482000000000001,0.8478612334601413,0.84738512636806,0.8483047942601116,0.8478612334601413,waveform_21,5,RF,normalization
3816,0.7,0.7000000000000001,0.6944395184440951,0.7603542699130936,0.7000000000000001,movement_libras,0,KNN,normalization
3817,0.7194444444444444,0.7194444444444443,0.7134338564485623,0.7720701058201059,0.7194444444444443,movement_libras,1,KNN,normalization
3818,0.7361111111111112,0.7361111111111112,0.7272696392463522,0.7924972195560431,0.7361111111111112,movement_libras,2,KNN,normalization
3819,0.7250000000000001,0.725,0.7138877407995055,0.7779719817219819,0.725,movement_libras,3,KNN,normalization
3820,0.711111111111111,0.7111111111111112,0.7048488804796853,0.7555795130795131,0.7111111111111112,movement_libras,4,KNN,normalization
3821,0.7027777777777778,0.7027777777777777,0.6915228480669657,0.7610143097643097,0.7027777777777777,movement_libras,5,KNN,normalization
3822,0.7944444444444445,0.7944444444444445,0.7880783214606745,0.8175793650793651,0.7944444444444445,movement_libras,0,SVC,normalization
3823,0.8250000000000001,0.8250000000000001,0.8202360956037427,0.8495670995670996,0.8250000000000001,movement_libras,1,SVC,normalization
3824,0.7722222222222224,0.7722222222222223,0.7625862672186201,0.7960648148148148,0.7722222222222223,movement_libras,2,SVC,normalization
3825,0.7861111111111111,0.7861111111111113,0.7788838013838014,0.8248809523809524,0.7861111111111113,movement_libras,3,SVC,normalization
3826,0.7666666666666667,0.7666666666666666,0.7630730843230843,0.8019047619047619,0.7666666666666666,movement_libras,4,SVC,normalization
3827,0.7583333333333333,0.7583333333333335,0.7414355551855552,0.7667724867724868,0.7583333333333335,movement_libras,5,SVC,normalization
3828,0.7444444444444445,0.7444444444444444,0.7415893365893366,0.7762698412698412,0.7444444444444444,movement_libras,0,LR,normalization
3829,0.7777777777777777,0.7777777777777779,0.772854044104044,0.8035185185185186,0.7777777777777779,movement_libras,1,LR,normalization
3830,0.7388888888888889,0.7388888888888889,0.7317059329559329,0.7601058201058202,0.7388888888888889,movement_libras,2,LR,normalization
3831,0.7722222222222223,0.7722222222222223,0.7657440244940246,0.8171097883597883,0.7722222222222223,movement_libras,3,LR,normalization
3832,0.775,0.7750000000000001,0.7734538609538609,0.8069444444444445,0.7750000000000001,movement_libras,4,LR,normalization
3833,0.725,0.725,0.7180704943204942,0.7544246031746031,0.725,movement_libras,5,LR,normalization
3834,0.5916666666666667,0.5916666666666667,0.5895459876380928,0.6475356125356126,0.5916666666666667,movement_libras,0,NB,normalization
3835,0.6027777777777779,0.6027777777777776,0.599694483076836,0.6380820105820105,0.6027777777777776,movement_libras,1,NB,normalization
3836,0.6305555555555555,0.6305555555555555,0.632178513207925,0.6766329966329966,0.6305555555555555,movement_libras,2,NB,normalization
3837,0.6333333333333333,0.6333333333333333,0.6338656006303065,0.6729130591630591,0.6333333333333333,movement_libras,3,NB,normalization
3838,0.6194444444444445,0.6194444444444444,0.61808531065884,0.6584042809042809,0.6194444444444444,movement_libras,4,NB,normalization
3839,0.6,0.6,0.5964662461721286,0.652759139009139,0.6,movement_libras,5,NB,normalization
3840,0.6222222222222222,0.6222222222222222,0.6182117746088334,0.668462000962001,0.6222222222222222,movement_libras,0,DT,normalization
3841,0.6944444444444444,0.6944444444444443,0.6861889961889962,0.7128703703703704,0.6944444444444443,movement_libras,1,DT,normalization
3842,0.6638888888888889,0.6638888888888889,0.6569389651742592,0.7087968975468976,0.6638888888888889,movement_libras,2,DT,normalization
3843,0.6472222222222221,0.6472222222222221,0.6421890364537423,0.6664249639249639,0.6472222222222221,movement_libras,3,DT,normalization
3844,0.6611111111111111,0.6611111111111111,0.664029119029119,0.7024338624338625,0.6611111111111111,movement_libras,4,DT,normalization
3845,0.6361111111111111,0.6361111111111111,0.6347779072779073,0.6729431216931219,0.6361111111111111,movement_libras,5,DT,normalization
3846,0.7916666666666666,0.7916666666666667,0.785832304949952,0.8200234487734488,0.7916666666666667,movement_libras,0,RF,normalization
3847,0.8111111111111111,0.8111111111111111,0.8059750434750433,0.8374933862433863,0.8111111111111111,movement_libras,1,RF,normalization
3848,0.8055555555555556,0.8055555555555556,0.8028192994369464,0.8236411736411737,0.8055555555555556,movement_libras,2,RF,normalization
3849,0.8027777777777778,0.802777777777778,0.7994731194731193,0.8215211640211639,0.802777777777778,movement_libras,3,RF,normalization
3850,0.7972222222222223,0.7972222222222223,0.7939120139120137,0.8201587301587301,0.7972222222222223,movement_libras,4,RF,normalization
3851,0.775,0.775,0.7689509455685926,0.7962205387205388,0.775,movement_libras,5,RF,normalization
3852,0.9076935088386532,0.8899351221857544,0.8915710660417725,0.893871562970846,0.8899351221857544,satimage,0,KNN,normalization
3853,0.9034971970477012,0.8841655952812139,0.8861180375794966,0.8887353188771214,0.8841655952812139,satimage,1,KNN,normalization
3854,0.9039619723013276,0.8851645945858788,0.8869765953202353,0.8896763761980133,0.8851645945858788,satimage,2,KNN,normalization
3855,0.9017867081621104,0.8811850363561143,0.8838436271205787,0.8874539494771825,0.8811850363561143,satimage,3,KNN,normalization
3856,0.9066025914554016,0.8863935089982544,0.8888298363983281,0.892176133085581,0.8863935089982544,satimage,4,KNN,normalization
3857,0.9083137567290954,0.8891237132248958,0.8914957287358515,0.8946879994723126,0.8891237132248958,satimage,5,KNN,normalization
3858,0.8717961428098785,0.8373927334841103,0.8406941059406825,0.8457721158426219,0.8373927334841103,satimage,0,SVC,normalization
3859,0.8688428390984789,0.8335847741717489,0.8367122729270935,0.8417293884794717,0.8335847741717489,satimage,1,SVC,normalization
3860,0.8688418728297604,0.8323778604493874,0.8357009648018399,0.8412237533013022,0.8323778604493874,satimage,2,SVC,normalization
3861,0.86899753872032,0.8340257663549516,0.8374818141092687,0.8434042878670094,0.8340257663549516,satimage,3,SVC,normalization
3862,0.8710180066108241,0.8333235177009976,0.8368456101604214,0.8434776192052841,0.8333235177009976,satimage,4,SVC,normalization
3863,0.8700848809093129,0.8337239426499606,0.837108312067993,0.8430529246155742,0.8337239426499606,satimage,5,SVC,normalization
3864,0.8564114055267478,0.8091511998513023,0.8135128782186637,0.8245656433667342,0.8091511998513023,satimage,0,LR,normalization
3865,0.8564104392580293,0.8101861713119344,0.8147204972866725,0.82543282393274,0.8101861713119344,satimage,1,LR,normalization
3866,0.8556336558351809,0.8075888324732402,0.8118638359376054,0.8235259045262349,0.8075888324732402,satimage,2,LR,normalization
3867,0.8588966486708781,0.8144874315833918,0.8191608792097442,0.8302870701290054,0.8144874315833918,satimage,3,LR,normalization
3868,0.8559432483326067,0.8088762301736369,0.8129353125744258,0.8239599557249689,0.8088762301736369,satimage,4,LR,normalization
3869,0.8584311970291489,0.8126621496091997,0.8167905427884429,0.8274752817336785,0.8126621496091997,satimage,5,LR,normalization
3870,0.7965818823842256,0.786364072307031,0.7787712744860871,0.7812546194828452,0.786364072307031,satimage,0,NB,normalization
3871,0.7954927042846673,0.7853514235159819,0.7777239704841501,0.780812477688616,0.7853514235159819,satimage,1,NB,normalization
3872,0.7961139184438282,0.786221572480379,0.7782924314879953,0.7810571358093368,0.786221572480379,satimage,2,NB,normalization
3873,0.7959609581056805,0.7861617632051581,0.7783552057859099,0.7817021465472006,0.7861617632051581,satimage,3,NB,normalization
3874,0.7967361954985792,0.7862010650328206,0.7786882184755453,0.7817896124068406,0.7862010650328206,satimage,4,NB,normalization
3875,0.7965816891304818,0.7863451456557059,0.7786874981328126,0.7817977508886008,0.7863451456557059,satimage,5,NB,normalization
3876,0.8556339457157964,0.8304674750374393,0.8303726177781157,0.8306713096253889,0.8304674750374393,satimage,0,DT,normalization
3877,0.8458437110593707,0.8196367623138084,0.8194414815597159,0.8201148273952825,0.8196367623138084,satimage,1,DT,normalization
3878,0.852212291556512,0.8278269258996488,0.828539993666025,0.829874517872868,0.8278269258996488,satimage,2,DT,normalization
3879,0.8601415892878677,0.8355934745260226,0.8366423545011779,0.8383432886987383,0.8355934745260226,satimage,3,DT,normalization
3880,0.853767790939646,0.8288958700700572,0.8299659766950777,0.8314302125410394,0.8288958700700572,satimage,4,DT,normalization
3881,0.8588955857752876,0.8359713535474828,0.8363325197816414,0.837103100750672,0.8359713535474828,satimage,5,DT,normalization
3882,0.9142207506593818,0.8877302255601099,0.894720919935528,0.9063710314359772,0.8877302255601099,satimage,0,RF,normalization
3883,0.9167055106691526,0.8916730367810763,0.898157870219857,0.909228359595367,0.8916730367810763,satimage,1,RF,normalization
3884,0.9142184316144571,0.8899407046134715,0.8963627188938074,0.9062180800400932,0.8899407046134715,satimage,2,RF,normalization
3885,0.9132862721816648,0.8874489378483597,0.8933484760644594,0.9040217111637496,0.8874489378483597,satimage,3,RF,normalization
3886,0.9151508809278652,0.8892893851709224,0.8955772813515991,0.9072055003775716,0.8892893851709224,satimage,4,RF,normalization
3887,0.914996277932896,0.8892154665677596,0.8955049125491119,0.9064047123266252,0.8892154665677596,satimage,5,RF,normalization
3888,0.9321026282853566,0.9316778827658968,0.935446999616297,0.9298234729303544,0.9412885959175245,chess,0,KNN,normalization
3889,0.9327284105131414,0.9324374563342634,0.9357173198223172,0.9327712015105066,0.938877606049132,chess,1,KNN,normalization
3890,0.9355444305381728,0.9351287106499236,0.9386405554862056,0.9332756198199594,0.9442704209837872,chess,2,KNN,normalization
3891,0.939299123904881,0.9388098037574693,0.9423409927470082,0.935252031474722,0.9496675386963156,chess,3,KNN,normalization
3892,0.936795994993742,0.9364738149124228,0.9397527674321312,0.935910119178572,0.9436780718965498,chess,4,KNN,normalization
3893,0.9361702127659576,0.9359933182716962,0.9390159694707996,0.9381036118017024,0.9400838181129736,chess,5,KNN,normalization
3894,0.9683979974968712,0.9690480876037992,0.9692338741850184,0.9845084918223642,0.9544780443587711,chess,0,SVC,normalization
3895,0.9680851063829788,0.9686061245381818,0.9690346609617754,0.9815933214700728,0.9568646518192144,chess,1,SVC,normalization
3896,0.9671464330413015,0.9676313200144018,0.9681498318198684,0.9799330788558176,0.9568646518192144,chess,2,SVC,normalization
3897,0.9671464330413015,0.967768361251688,0.9680566851558724,0.9827209328479524,0.9538699184193316,chess,3,SVC,normalization
3898,0.9677722152690864,0.968253585857185,0.9687772334427602,0.980445442729533,0.9574684749807808,chess,4,SVC,normalization
3899,0.9662077596996244,0.9667567860731062,0.9672098831362588,0.980419542614664,0.9544680045437334,chess,5,SVC,normalization
3900,0.9671464330413015,0.9673522430867616,0.9683108231601584,0.9739469589622216,0.9628698954711828,chess,0,LR,normalization
3901,0.9693366708385482,0.96949918186993,0.9705109617067404,0.9752614110980672,0.9658531547967368,chess,1,LR,normalization
3902,0.969336670838548,0.96939074788823,0.97054038178556,0.9729549993394148,0.9682454992943444,chess,2,LR,normalization
3903,0.9690237797246556,0.9692011393953058,0.9702018096619236,0.9752710262828256,0.9652536344130436,chess,3,LR,normalization
3904,0.9687108886107636,0.9688504601604973,0.969904736077268,0.9740657429438524,0.965856023315319,chess,4,LR,normalization
3905,0.9687108886107634,0.9689010872607108,0.969877421275898,0.9752054871185232,0.964648376992186,chess,5,LR,normalization
3906,0.6016896120150188,0.5833080502930914,0.7233359202405267,0.567555341986193,0.997005266600117,chess,0,NB,normalization
3907,0.6054443053817271,0.5872477764719066,0.7252470177796904,0.5699392683947635,0.997003832340826,chess,1,NB,normalization
3908,0.6104505632040049,0.5926018083719176,0.7273130087347655,0.5736178036214372,0.9940062304223608,chess,2,NB,normalization
3909,0.6041927409261577,0.585972786569383,0.7245405196933425,0.5693052088679116,0.9964086147350062,chess,3,NB,normalization
3910,0.6032540675844806,0.5849561999680994,0.7241507818977299,0.568586349409915,0.997005266600117,chess,4,NB,normalization
3911,0.6107634543178974,0.5928447792394886,0.7278491420527606,0.573651101215246,0.9958062258327308,chess,5,NB,normalization
3912,0.9946808510638298,0.9946314370081448,0.9949108787346944,0.9940290621848532,0.9958090943513132,chess,0,DT,normalization
3913,0.9943679599499374,0.9942710183858638,0.9946250055060496,0.992871227826945,0.996405746216424,chess,1,DT,normalization
3914,0.9946808510638298,0.994574931141801,0.9949187492788204,0.9928527255421016,0.997006700859408,chess,2,DT,normalization
3915,0.9918648310387984,0.9918235937963864,0.9922140797537888,0.991640741715902,0.9928129266921392,chess,3,DT,normalization
3916,0.9924906132665832,0.992476760012658,0.99280717586402,0.9928085275745906,0.9928172294700124,chess,4,DT,normalization
3917,0.991239048811014,0.9910263737449726,0.991643882433356,0.9875252282889913,0.9958047915734398,chess,5,DT,normalization
3918,0.9890488110137672,0.9888734144667084,0.9895531031663204,0.9863165324066464,0.9928129266921392,chess,0,RF,normalization
3919,0.9909261576971214,0.9908630793897324,0.9913314877165416,0.9904984876078836,0.9922076692712816,chess,1,RF,normalization
3920,0.9909261576971212,0.9907569470107518,0.9913472310914913,0.9881422036248906,0.9946114878432184,chess,2,RF,normalization
3921,0.9890488110137672,0.9889056073705222,0.9895365336025056,0.9869135344804896,0.9922177090863196,chess,3,RF,normalization
3922,0.9890488110137672,0.9889316380502748,0.9895380284521164,0.9874964251763706,0.9916153201840442,chess,4,RF,normalization
3923,0.9893617021276596,0.9892574289218736,0.9898318119125232,0.988058261296548,0.991612451665462,chess,5,RF,normalization
3924,0.935857321652065,0.9356609399891388,0.9386821613243131,0.937285174315698,0.9400838181129736,kr_vs_kp,0,KNN,normalization
3925,0.934918648310388,0.9346598298124918,0.937801396281152,0.9352393629843716,0.940697681089578,kr_vs_kp,1,KNN,normalization
3926,0.9346057571964956,0.9342951084123374,0.9376523335742588,0.9341394436796084,0.941285727398942,kr_vs_kp,2,KNN,normalization
3927,0.9380475594493116,0.9377114942656156,0.9409681685201334,0.9366425698505328,0.9454852386033756,kr_vs_kp,3,KNN,normalization
3928,0.9386733416770964,0.9383835198651842,0.9415076003291633,0.9382691913171206,0.9448728098860624,kr_vs_kp,4,KNN,normalization
3929,0.9411764705882352,0.940804054916298,0.9439924308647708,0.9390411748492145,0.9490680183126226,kr_vs_kp,5,KNN,normalization
3930,0.9677722152690864,0.968314961417265,0.9686447289607574,0.98162601724472,0.9562737369912684,kr_vs_kp,0,SVC,normalization
3931,0.967459324155194,0.9680013007890385,0.9684269307749116,0.9816297131111102,0.9556584397553728,kr_vs_kp,1,SVC,normalization
3932,0.968397997496871,0.9689932824850438,0.9693109420527184,0.9838162723237688,0.9556584397553728,kr_vs_kp,2,SVC,normalization
3933,0.9668335419274092,0.9673747406531988,0.967770353946886,0.9809997190084918,0.9550546165938062,kr_vs_kp,3,SVC,normalization
3934,0.9680851063829788,0.9685507609883806,0.9690545762619596,0.9805604005906156,0.9580593898087272,kr_vs_kp,4,SVC,normalization
3935,0.9677722152690864,0.9684541455586708,0.9686301529475038,0.9845906006174902,0.9532747008135118,kr_vs_kp,5,SVC,normalization
3936,0.9671464330413015,0.9673263456511576,0.9683318589320804,0.9734552847724252,0.9634622445584202,kr_vs_kp,0,LR,normalization
3937,0.9668335419274092,0.9669596230758496,0.9681341210168808,0.972264698137729,0.9640531593863666,kr_vs_kp,1,LR,normalization
3938,0.9668335419274092,0.9670224244104036,0.9680847416740564,0.9734202024509432,0.9628526843596894,kr_vs_kp,2,LR,normalization
3939,0.9690237797246558,0.9692233009688992,0.970156264387641,0.9759182195094565,0.964646942732895,kr_vs_kp,3,LR,normalization
3940,0.9702753441802252,0.9704781304729836,0.971373913243913,0.9771965729682092,0.9658459835002812,kr_vs_kp,4,LR,normalization
3941,0.969336670838548,0.9693824427600486,0.9705859013934668,0.9729783953170495,0.968242630775762,kr_vs_kp,5,LR,normalization
3942,0.6023153942428036,0.5843270265381584,0.7222233748386547,0.5687094062544652,0.9898311016258764,kr_vs_kp,0,NB,normalization
3943,0.5998122653316647,0.5814004697079327,0.7223521224685624,0.5671919044651869,0.995206705449038,kr_vs_kp,1,NB,normalization
3944,0.5963704630788486,0.5778379241884263,0.7203432232124838,0.5644936177499982,0.995206705449038,kr_vs_kp,2,NB,normalization
3945,0.6045056320400501,0.5865561913881576,0.723547129536028,0.5702019041652276,0.9904091081202024,kr_vs_kp,3,NB,normalization
3946,0.6073216520650814,0.5892144024262096,0.7262680053800848,0.5715189281756163,0.996405746216424,kr_vs_kp,4,NB,normalization
3947,0.6135794743429287,0.5958280288681088,0.7292522686006716,0.5754099941733062,0.9958105286106044,kr_vs_kp,5,NB,normalization
3948,0.994055068836045,0.9940284811900066,0.9943091794079336,0.9940133052794476,0.9946100535839272,kr_vs_kp,0,DT,normalization
3949,0.993116395494368,0.9929357952398028,0.9934380771112984,0.9899283898684258,0.9970023980815348,kr_vs_kp,1,DT,normalization
3950,0.9956195244055068,0.9954727774580494,0.9958183990442054,0.9928543016251848,0.998802393491905,kr_vs_kp,2,DT,normalization
3951,0.994993742177722,0.9949283286814092,0.9952124433481186,0.9940262689757982,0.9964028776978416,kr_vs_kp,3,DT,normalization
3952,0.9959324155193992,0.9959371855551912,0.996103437712898,0.996408552623954,0.9958062258327308,kr_vs_kp,4,DT,normalization
3953,0.9956195244055068,0.9955830708859376,0.9958119577230098,0.995222420832985,0.9964086147350062,kr_vs_kp,5,DT,normalization
3954,0.9918648310387984,0.9917918345642864,0.9922276940337642,0.9910543127162588,0.9934124470758322,kr_vs_kp,0,RF,normalization
3955,0.9912390488110138,0.9910286668628748,0.9916431857228414,0.9875252282889913,0.995807660092022,kr_vs_kp,1,RF,normalization
3956,0.991551939924906,0.9914368525516044,0.9919268603561116,0.9898637550562042,0.9940062304223608,kr_vs_kp,2,RF,normalization
3957,0.9893617021276596,0.989282884200946,0.9898102147353643,0.9886287752884596,0.9910071942446044,kr_vs_kp,3,RF,normalization
3958,0.9909261576971214,0.9907844119497952,0.9913345326878438,0.9886776161680192,0.9940119674595252,kr_vs_kp,4,RF,normalization
3959,0.9903003754693366,0.9901547083222592,0.990754193647872,0.988131722499048,0.9934138813351232,kr_vs_kp,5,RF,normalization
3960,0.9768683274021353,0.9768527211741128,0.9769081753814228,0.9772729502454556,0.9768527211741128,optdigits,0,KNN,normalization
3961,0.9772241992882562,0.9772212466583834,0.9772579876875368,0.9775347018545668,0.9772212466583834,optdigits,1,KNN,normalization
3962,0.9768683274021353,0.9768652802638448,0.9768760891814958,0.9771990276625808,0.9768652802638448,optdigits,2,KNN,normalization
3963,0.9775800711743772,0.9775908051462794,0.9776456759189616,0.9779249330954404,0.9775908051462794,optdigits,3,KNN,normalization
3964,0.9779359430604982,0.9779200249663064,0.97795764573133,0.9783505328583108,0.9779200249663064,optdigits,4,KNN,normalization
3965,0.9772241992882564,0.977223383212279,0.977244098677188,0.9774689183325512,0.977223383212279,optdigits,5,KNN,normalization
3966,0.9770462633451956,0.977042550719837,0.9771151442747136,0.977476736850116,0.977042550719837,optdigits,0,SVC,normalization
3967,0.9797153024911032,0.9796831038440416,0.9797120218559824,0.9800028500764668,0.9796831038440416,optdigits,1,SVC,normalization
3968,0.9791814946619216,0.979171671826116,0.979219023178748,0.97945826120319,0.979171671826116,optdigits,2,SVC,normalization
3969,0.9814946619217082,0.9814920332811236,0.9815509966871244,0.981772993704019,0.9814920332811236,optdigits,3,SVC,normalization
3970,0.9779359430604982,0.9779000795688424,0.9779162537778968,0.9782242856746616,0.9779000795688424,optdigits,4,SVC,normalization
3971,0.9798932384341636,0.979893595464872,0.9799063159598354,0.9800623557572908,0.979893595464872,optdigits,5,SVC,normalization
3972,0.9704626334519572,0.9704913078085264,0.9704714271844582,0.9707196074141154,0.9704913078085264,optdigits,0,LR,normalization
3973,0.9699288256227758,0.9699388766856188,0.9699219969577728,0.9701391889222865,0.9699388766856188,optdigits,1,LR,normalization
3974,0.9702846975088968,0.9702925222324134,0.970299259087026,0.970537048944293,0.9702925222324134,optdigits,2,LR,normalization
3975,0.9701067615658364,0.9701452939702976,0.9701848416227216,0.9704203314549136,0.9701452939702976,optdigits,3,LR,normalization
3976,0.9711743772241992,0.9711750448824734,0.9711849469240422,0.971476859644158,0.9711750448824734,optdigits,4,LR,normalization
3977,0.9685053380782918,0.9684985204136698,0.9685048007255536,0.9687077954702312,0.9684985204136698,optdigits,5,LR,normalization
3978,0.7147686832740213,0.7160441702478646,0.7059418975466749,0.8171010597513466,0.7160441702478646,optdigits,0,NB,normalization
3979,0.7286476868327403,0.7297149727336295,0.720449885793037,0.82318555412511,0.7297149727336295,optdigits,1,NB,normalization
3980,0.7282918149466192,0.7293622617764999,0.7200862335289073,0.8222915478600608,0.7293622617764999,optdigits,2,NB,normalization
3981,0.7046263345195729,0.7058200398312873,0.6986571177748866,0.816061012535486,0.7058200398312873,optdigits,3,NB,normalization
3982,0.7103202846975089,0.7115686333225055,0.7062085736103654,0.8167108132402651,0.7115686333225055,optdigits,4,NB,normalization
3983,0.7097864768683274,0.7110158559277752,0.7012183481903476,0.814364384384725,0.7110158559277752,optdigits,5,NB,normalization
3984,0.896797153024911,0.89689317251633,0.8970832338440405,0.8983376975529085,0.89689317251633,optdigits,0,DT,normalization
3985,0.8937722419928826,0.893810173038524,0.8939433639905006,0.8952571330219172,0.893810173038524,optdigits,1,DT,normalization
3986,0.893594306049822,0.8937170364714699,0.8938988038256169,0.8947746609222099,0.8937170364714699,optdigits,2,DT,normalization
3987,0.894661921708185,0.8946773058394134,0.8946741801508353,0.895281182992292,0.8946773058394134,optdigits,3,DT,normalization
3988,0.8976868327402135,0.8977253124116222,0.8979271824515548,0.8987891132295345,0.8977253124116222,optdigits,4,DT,normalization
3989,0.901423487544484,0.9015034313674416,0.9017767135162138,0.9029910710544546,0.9015034313674416,optdigits,5,DT,normalization
3990,0.9827402135231316,0.9827425025122224,0.9827700354507524,0.9830108853774832,0.9827425025122224,optdigits,0,RF,normalization
3991,0.9806049822064056,0.9805955396049172,0.9806144678142952,0.9807815208918074,0.9805955396049172,optdigits,1,RF,normalization
3992,0.9800711743772242,0.9800814850867264,0.9800765561608712,0.9802193755440674,0.9800814850867264,optdigits,2,RF,normalization
3993,0.980782918149466,0.9807970027672668,0.980820450782678,0.981019362467128,0.9807970027672668,optdigits,3,RF,normalization
3994,0.9822064056939502,0.9821964172667752,0.9822048590798588,0.9824238486402392,0.9821964172667752,optdigits,4,RF,normalization
3995,0.9823843416370108,0.9823992057747196,0.9824194915937048,0.982586168699207,0.9823992057747196,optdigits,5,RF,normalization
3996,0.6474278544542033,0.6708634968616288,0.635033379354804,0.6685553810470938,0.6708634968616288,splice,0,KNN,normalization
3997,0.6342534504391468,0.6577155288921586,0.6236895485588365,0.6613334381284844,0.6577155288921586,splice,1,KNN,normalization
3998,0.6411543287327478,0.6680042836014463,0.6299666611278425,0.6639502685397571,0.6680042836014463,splice,2,KNN,normalization
3999,0.6398996235884568,0.6625605518749709,0.6256043846366984,0.6604242065758685,0.6625605518749709,splice,3,KNN,normalization
4000,0.6370765370138017,0.664471762202367,0.6265141695896456,0.6638454201678818,0.664471762202367,splice,4,KNN,normalization
4001,0.6452321204516939,0.6706143436141562,0.6348274865245905,0.6697978836333638,0.6706143436141562,splice,5,KNN,normalization
4002,0.8252823086574657,0.8253047140075492,0.8144291695991378,0.8067167953525313,0.8253047140075492,splice,0,SVC,normalization
4003,0.8309284818067754,0.8312584274910353,0.8210870685533036,0.813699761199663,0.8312584274910353,splice,1,SVC,normalization
4004,0.8252823086574654,0.8269331920847591,0.8146224333460588,0.8064372773247748,0.8269331920847591,splice,2,SVC,normalization
4005,0.8290464240903388,0.8300814658407721,0.8184910097730127,0.8104443813469381,0.8300814658407721,splice,3,SVC,normalization
4006,0.8299874529485571,0.8294845762383918,0.8192033247694898,0.8123752934720362,0.8294845762383918,splice,4,SVC,normalization
4007,0.8252823086574655,0.8241668932755227,0.8139274388747784,0.8070910764140703,0.8241668932755227,splice,5,SVC,normalization
4008,0.8281053952321205,0.8263963878318943,0.8179431203301748,0.8118777366289894,0.8263963878318943,splice,0,LR,normalization
4009,0.8306148055207025,0.8287360501774922,0.8203635052503131,0.8140187235029945,0.8287360501774922,splice,1,LR,normalization
4010,0.8255959849435383,0.8233926095862016,0.814515287514383,0.8078335674809523,0.8233926095862016,splice,2,LR,normalization
4011,0.8293601003764116,0.8284333796996625,0.819134820268921,0.8126147369320955,0.8284333796996625,splice,3,LR,normalization
4012,0.828732747804266,0.8272538213439307,0.8184720885325966,0.812424473177685,0.8272538213439307,splice,4,LR,normalization
4013,0.8259096612296111,0.8240908201511645,0.8147598092594784,0.8083268709219494,0.8240908201511645,splice,5,LR,normalization
4014,0.9134253450439148,0.9226494828838702,0.9059944542828514,0.8961058106380961,0.9226494828838702,splice,0,NB,normalization
4015,0.9099749058971142,0.9188783515048008,0.9017714983010324,0.8923722353678344,0.9188783515048008,splice,1,NB,normalization
4016,0.907465495608532,0.9153361153205434,0.8987739712210935,0.8916310280583243,0.9153361153205434,splice,2,NB,normalization
4017,0.9159347553324968,0.9256567308288562,0.9090557843117912,0.8992579473004554,0.9256567308288562,splice,3,NB,normalization
4018,0.9149937264742786,0.9245897126616864,0.9079247510066634,0.8980886509425311,0.9245897126616864,splice,4,NB,normalization
4019,0.890840652446675,0.8912629574944587,0.8738544762076355,0.878834582158938,0.8912629574944587,splice,5,NB,normalization
4020,0.9077791718946048,0.8988139192754762,0.8987760859106025,0.8992922461537346,0.8988139192754762,splice,0,DT,normalization
4021,0.9065244667503136,0.8973437224010228,0.897018795678065,0.8971446714169825,0.8973437224010228,splice,1,DT,normalization
4022,0.9140526976160602,0.9065825296756064,0.9055952186350532,0.9050656710818692,0.9065825296756064,splice,2,DT,normalization
4023,0.9118569636135508,0.906571499024907,0.903787817719212,0.901740056146405,0.906571499024907,splice,3,DT,normalization
4024,0.915621079046424,0.9108533309671728,0.9067741739081168,0.9039514196668456,0.9108533309671728,splice,4,DT,normalization
4025,0.901819322459222,0.8928960138186192,0.8919501403664865,0.8912255167823131,0.8928960138186192,splice,5,DT,normalization
4026,0.95138017565872,0.9468567586934628,0.945729787349704,0.944911272175721,0.9468567586934628,splice,0,RF,normalization
4027,0.9551442910915936,0.9513858393080764,0.9503478814646074,0.9495926694758284,0.9513858393080764,splice,1,RF,normalization
4028,0.9548306148055208,0.9493116192374514,0.9492466451738796,0.9494485271187608,0.9493116192374514,splice,2,RF,normalization
4029,0.9535759096612296,0.949216762903048,0.9483245879487198,0.9477036635235706,0.949216762903048,splice,3,RF,normalization
4030,0.9532622333751568,0.9499510949944532,0.947913082666244,0.9465581918165792,0.9499510949944532,splice,4,RF,normalization
4031,0.954516938519448,0.951208674232437,0.9497490864506066,0.9486389397889754,0.951208674232437,splice,5,RF,normalization
4032,0.9818181818181816,0.9818181818181818,0.9818127989146834,0.9820764266002469,0.9818181818181818,texture,0,KNN,normalization
4033,0.9812727272727272,0.9812727272727272,0.9812980935090012,0.9816081478683724,0.9812727272727272,texture,1,KNN,normalization
4034,0.984,0.984,0.9839841750785452,0.9843002693436552,0.984,texture,2,KNN,normalization
4035,0.9812727272727272,0.9812727272727272,0.9812707784999956,0.9816083371262504,0.9812727272727272,texture,3,KNN,normalization
4036,0.983090909090909,0.9830909090909092,0.9830884057749883,0.9834055374114332,0.9830909090909092,texture,4,KNN,normalization
4037,0.9814545454545456,0.9814545454545454,0.981472137321098,0.9817590970785188,0.9814545454545454,texture,5,KNN,normalization
4038,0.9976363636363637,0.9976363636363638,0.9976377310672636,0.9976548926439984,0.9976363636363638,texture,0,SVC,normalization
4039,0.997818181818182,0.997818181818182,0.997818132361728,0.9978310768338708,0.997818181818182,texture,1,SVC,normalization
4040,0.9974545454545456,0.9974545454545456,0.9974544115526676,0.9974816908368034,0.9974545454545456,texture,2,SVC,normalization
4041,0.996909090909091,0.9969090909090912,0.9969097716461384,0.9969234522004398,0.9969090909090912,texture,3,SVC,normalization
4042,0.9981818181818184,0.9981818181818182,0.998182501828003,0.998194736471724,0.9981818181818182,texture,4,SVC,normalization
4043,0.9981818181818184,0.9981818181818184,0.9981817920688464,0.9981904074673952,0.9981818181818184,texture,5,SVC,normalization
4044,0.9941818181818182,0.9941818181818182,0.9941873810626344,0.994241765165168,0.9941818181818182,texture,0,LR,normalization
4045,0.9941818181818182,0.9941818181818182,0.9941871414691184,0.9942623910834318,0.9941818181818182,texture,1,LR,normalization
4046,0.9943636363636364,0.9943636363636364,0.9943653465027869,0.9944369260503768,0.9943636363636364,texture,2,LR,normalization
4047,0.9949090909090909,0.9949090909090909,0.9949094278176498,0.9949682166901276,0.9949090909090909,texture,3,LR,normalization
4048,0.994,0.994,0.9939959474368916,0.9940442317720743,0.994,texture,4,LR,normalization
4049,0.994909090909091,0.994909090909091,0.9949125337204794,0.9949501699094748,0.994909090909091,texture,5,LR,normalization
4050,0.7729090909090909,0.7729090909090909,0.7690234076105816,0.7756020879543107,0.7729090909090909,texture,0,NB,normalization
4051,0.776,0.776,0.7728667980718047,0.7798842211497967,0.776,texture,1,NB,normalization
4052,0.7763636363636364,0.7763636363636364,0.7728520376387484,0.7791483634114973,0.7763636363636364,texture,2,NB,normalization
4053,0.776,0.776,0.7726482780547281,0.7791706301561759,0.776,texture,3,NB,normalization
4054,0.7756363636363636,0.7756363636363636,0.7718508909206828,0.7778517620386091,0.7756363636363636,texture,4,NB,normalization
4055,0.7759999999999999,0.776,0.7725810288339546,0.7797937602153814,0.776,texture,5,NB,normalization
4056,0.9201818181818182,0.9201818181818182,0.9203438238732432,0.9211593618307812,0.9201818181818182,texture,0,DT,normalization
4057,0.9261818181818182,0.926181818181818,0.9262294569231724,0.9274161782113406,0.926181818181818,texture,1,DT,normalization
4058,0.9236363636363636,0.9236363636363636,0.9237790586528978,0.9243980512180224,0.9236363636363636,texture,2,DT,normalization
4059,0.9223636363636364,0.9223636363636364,0.9223926516138252,0.9229555861118311,0.9223636363636364,texture,3,DT,normalization
4060,0.919818181818182,0.9198181818181816,0.9198328640137968,0.9205432365412424,0.9198181818181816,texture,4,DT,normalization
4061,0.9245454545454546,0.9245454545454544,0.9246430545226038,0.9256202230720793,0.9245454545454544,texture,5,DT,normalization
4062,0.9767272727272728,0.9767272727272728,0.9767538316541968,0.97710738660166,0.9767272727272728,texture,0,RF,normalization
4063,0.978,0.978,0.9780472454878452,0.978259815784858,0.978,texture,1,RF,normalization
4064,0.9772727272727272,0.9772727272727272,0.9773109180859229,0.9776540295350792,0.9772727272727272,texture,2,RF,normalization
4065,0.976,0.976,0.9760255690968632,0.9762464387081744,0.976,texture,3,RF,normalization
4066,0.9763636363636364,0.9763636363636364,0.9763921928119094,0.97670398688326,0.9763636363636364,texture,4,RF,normalization
4067,0.9754545454545456,0.9754545454545454,0.9754757080382912,0.9756863813312102,0.9754545454545454,texture,5,RF,normalization
4068,0.7403846153846153,0.7316633597883598,0.6760583422931401,0.7921802588312212,0.5979166666666667,sonar,0,KNN,normalization
4069,0.7596153846153847,0.7486871693121693,0.6943422519509477,0.8553571428571428,0.59625,sonar,1,KNN,normalization
4070,0.7788461538461537,0.7699801587301588,0.7303215077605321,0.8539086687306501,0.6391666666666667,sonar,2,KNN,normalization
4071,0.798076923076923,0.7910185185185185,0.7597406260173347,0.8493761140819964,0.6908333333333334,sonar,3,KNN,normalization
4072,0.8125000000000001,0.8072619047619047,0.7814425947325341,0.8607954545454546,0.7216666666666667,sonar,4,KNN,normalization
4073,0.8028846153846154,0.7963492063492064,0.7656187444347606,0.8488260292675422,0.7008333333333332,sonar,5,KNN,normalization
4074,0.7403846153846154,0.7403042328042329,0.7228090500204444,0.7403602589361103,0.7233333333333334,sonar,0,SVC,normalization
4075,0.7548076923076923,0.749811507936508,0.7178381642512077,0.7852491258741259,0.67125,sonar,1,SVC,normalization
4076,0.75,0.7495601851851852,0.730002091208646,0.7325569358178053,0.7329166666666667,sonar,2,SVC,normalization
4077,0.7355769230769231,0.7355853174603175,0.7198879551820728,0.7093518518518519,0.7320833333333334,sonar,3,SVC,normalization
4078,0.764423076923077,0.7618353174603174,0.734951550387597,0.7529337557941678,0.7220833333333334,sonar,4,SVC,normalization
4079,0.7596153846153846,0.7554695767195767,0.7283045629318922,0.773452380952381,0.6908333333333334,sonar,5,SVC,normalization
4080,0.7451923076923077,0.7453042328042327,0.7305555555555555,0.7421536796536796,0.7333333333333334,sonar,0,LR,normalization
4081,0.7692307692307693,0.7653935185185186,0.7387329931972789,0.7876388888888889,0.7020833333333333,sonar,1,LR,normalization
4082,0.7692307692307693,0.7672089947089947,0.7471187943262412,0.763381093544137,0.7325,sonar,2,LR,normalization
4083,0.7644230769230769,0.7636507936507937,0.7469789879931388,0.748405172413793,0.7525,sonar,3,LR,normalization
4084,0.798076923076923,0.7952744708994709,0.772447393591583,0.8043123046319978,0.7529166666666667,sonar,4,LR,normalization
4085,0.783653846153846,0.7812599206349207,0.7628844622955565,0.7872781385281385,0.7420833333333334,sonar,5,LR,normalization
4086,0.6682692307692307,0.6767228835978836,0.6932048681541582,0.6189523702201187,0.7945833333333334,sonar,0,NB,normalization
4087,0.6538461538461539,0.6609292328042328,0.6755521314843348,0.6002846299810247,0.7729166666666667,sonar,1,NB,normalization
4088,0.6923076923076923,0.6994146825396825,0.7071446999852572,0.6323398636906701,0.8045833333333332,sonar,2,NB,normalization
4089,0.7163461538461539,0.7236342592592593,0.7381807496408515,0.6581256581256582,0.8454166666666666,sonar,3,NB,normalization
4090,0.6971153846153846,0.7050033068783068,0.7074222322800865,0.649622492675231,0.79625,sonar,4,NB,normalization
4091,0.6826923076923077,0.6908961640211639,0.704173813607776,0.6296146953405017,0.80375,sonar,5,NB,normalization
4092,0.7163461538461539,0.7162400793650794,0.7027095572362736,0.7013569604086846,0.7112499999999999,sonar,0,DT,normalization
4093,0.7451923076923077,0.743806216931217,0.7249307331628304,0.7320487483530962,0.7204166666666666,sonar,1,DT,normalization
4094,0.7403846153846153,0.7410383597883599,0.7290405228285168,0.7226893939393939,0.7416666666666667,sonar,2,DT,normalization
4095,0.7019230769230769,0.6988723544973545,0.669675925925926,0.6762623152709359,0.6679166666666667,sonar,3,DT,normalization
4096,0.6826923076923077,0.6827248677248677,0.6626254180602007,0.660443722943723,0.6716666666666667,sonar,4,DT,normalization
4097,0.7307692307692308,0.7288029100529101,0.7083795474711624,0.7177651515151515,0.7,sonar,5,DT,normalization
4098,0.826923076923077,0.8230919312169311,0.8042404839762207,0.8543130925138934,0.7629166666666667,sonar,0,RF,normalization
4099,0.8076923076923077,0.7998611111111111,0.768775419075319,0.8707078525189981,0.69,sonar,1,RF,normalization
4100,0.8076923076923077,0.8046527777777777,0.7826680672268909,0.8194444444444444,0.7620833333333333,sonar,2,RF,normalization
4101,0.8076923076923077,0.8024636243386243,0.7801340826185548,0.840007215007215,0.73125,sonar,3,RF,normalization
4102,0.8269230769230769,0.823181216931217,0.8002859114660358,0.8626878023936847,0.7541666666666667,sonar,4,RF,normalization
4103,0.8221153846153846,0.8184193121693122,0.8012792759360055,0.8477199049996533,0.7625,sonar,5,RF,normalization
4104,0.8201566951566952,0.820054945054945,0.817078640167096,0.8315934065934065,0.8104395604395604,molecular_biology_promoters,0,KNN,normalization
4105,0.792022792022792,0.790521978021978,0.789059596804162,0.7813797313797313,0.8090659340659341,molecular_biology_promoters,1,KNN,normalization
4106,0.7742165242165242,0.7733516483516484,0.7722985347985348,0.7615166083916085,0.7898351648351649,molecular_biology_promoters,2,KNN,normalization
4107,0.8108974358974359,0.8111263736263736,0.8185672883948745,0.7939102564102564,0.8502747252747254,molecular_biology_promoters,3,KNN,normalization
4108,0.8019943019943019,0.801510989010989,0.8048973376559583,0.7996336996336996,0.8118131868131868,molecular_biology_promoters,4,KNN,normalization
4109,0.8012820512820512,0.8028846153846153,0.8051016799292661,0.806547619047619,0.8118131868131868,molecular_biology_promoters,5,KNN,normalization
4110,0.7364672364672364,0.7376373626373627,0.7302348825587206,0.7532852564102565,0.7184065934065934,molecular_biology_promoters,0,SVC,normalization
4111,0.7357549857549858,0.7355769230769231,0.7425661375661375,0.7191964285714286,0.7706043956043955,molecular_biology_promoters,1,SVC,normalization
4112,0.7450142450142451,0.743131868131868,0.7386629266012155,0.7587089381207028,0.7321428571428572,molecular_biology_promoters,2,SVC,normalization
4113,0.7539173789173789,0.7548076923076923,0.7594708994708995,0.7354449472096531,0.7939560439560439,molecular_biology_promoters,3,SVC,normalization
4114,0.7638888888888888,0.7630494505494505,0.7423076923076923,0.80242673992674,0.7142857142857143,molecular_biology_promoters,4,SVC,normalization
4115,0.7346866096866097,0.7342032967032968,0.709752090800478,0.7613220113220113,0.6964285714285714,molecular_biology_promoters,5,SVC,normalization
4116,0.746082621082621,0.7472527472527473,0.7381400208986417,0.7755074786324786,0.7184065934065934,molecular_biology_promoters,0,LR,normalization
4117,0.735042735042735,0.7348901098901099,0.7363612703573772,0.7135309543397779,0.7692307692307692,molecular_biology_promoters,1,LR,normalization
4118,0.7453703703703705,0.7431318681318682,0.7476883730080661,0.7461538461538462,0.7692307692307692,molecular_biology_promoters,2,LR,normalization
4119,0.7731481481481481,0.7747252747252747,0.7758709106984969,0.7536764705882353,0.8131868131868132,molecular_biology_promoters,3,LR,normalization
4120,0.792022792022792,0.7918956043956044,0.7721387169663032,0.8222527472527473,0.7527472527472527,molecular_biology_promoters,4,LR,normalization
4121,0.7824074074074074,0.7822802197802197,0.7724720321494514,0.7948717948717949,0.7733516483516484,molecular_biology_promoters,5,LR,normalization
4122,0.8782051282051282,0.8777472527472527,0.8738198757763975,0.925595238095238,0.831043956043956,molecular_biology_promoters,0,NB,normalization
4123,0.8582621082621082,0.8571428571428572,0.8473291925465838,0.9184523809523808,0.7912087912087913,molecular_biology_promoters,1,NB,normalization
4124,0.8490028490028491,0.8468406593406594,0.8278787878787879,0.921875,0.7706043956043955,molecular_biology_promoters,2,NB,normalization
4125,0.8960113960113961,0.8956043956043956,0.8858549783549783,0.9613095238095238,0.8282967032967032,molecular_biology_promoters,3,NB,normalization
4126,0.8863960113960114,0.8880494505494505,0.8740796160361379,0.9666666666666668,0.8118131868131868,molecular_biology_promoters,4,NB,normalization
4127,0.8671652421652422,0.8674450549450549,0.847991452991453,0.9434523809523808,0.7912087912087913,molecular_biology_promoters,5,NB,normalization
4128,0.698005698005698,0.6978021978021979,0.6856413063309615,0.7113095238095238,0.6785714285714286,molecular_biology_promoters,0,DT,normalization
4129,0.6794871794871795,0.6792582417582418,0.6767631289322057,0.6831670168067228,0.695054945054945,molecular_biology_promoters,1,DT,normalization
4130,0.7460826210826211,0.7445054945054945,0.7681970009556217,0.7198796269519954,0.8296703296703297,molecular_biology_promoters,2,DT,normalization
4131,0.7542735042735043,0.7534340659340659,0.7572669220945084,0.7446428571428572,0.7719780219780219,molecular_biology_promoters,3,DT,normalization
4132,0.7827635327635327,0.7822802197802198,0.7925925925925926,0.7589285714285714,0.8296703296703296,molecular_biology_promoters,4,DT,normalization
4133,0.7353988603988604,0.7348901098901098,0.7341367777649638,0.7271116138763198,0.7541208791208791,molecular_biology_promoters,5,DT,normalization
4134,0.8493589743589743,0.8489010989010989,0.8403717721558801,0.9115384615384616,0.7912087912087912,molecular_biology_promoters,0,RF,normalization
4135,0.8967236467236468,0.8962912087912089,0.8956122900088418,0.9089743589743592,0.8859890109890111,molecular_biology_promoters,1,RF,normalization
4136,0.849002849002849,0.8475274725274724,0.8401536098310292,0.8995098039215685,0.8090659340659341,molecular_biology_promoters,2,RF,normalization
4137,0.8767806267806268,0.8763736263736264,0.8688682007647526,0.8863247863247864,0.8667582417582418,molecular_biology_promoters,3,RF,normalization
4138,0.8963675213675213,0.8962912087912087,0.8887801932367149,0.9599358974358976,0.8296703296703297,molecular_biology_promoters,4,RF,normalization
4139,0.8664529914529915,0.8660714285714286,0.8553589124241299,0.9115384615384616,0.8090659340659341,molecular_biology_promoters,5,RF,normalization
4140,0.7915,0.7915000000000001,0.7898491718685476,0.794961172096631,0.7915000000000001,mfeat_fourier,0,KNN,normalization
4141,0.792,0.792,0.7912283261380915,0.7972227236020539,0.792,mfeat_fourier,1,KNN,normalization
4142,0.788,0.7879999999999999,0.7875028793773704,0.7927777880503205,0.7879999999999999,mfeat_fourier,2,KNN,normalization
4143,0.7935000000000001,0.7935,0.7926504799887639,0.7984335450216694,0.7935,mfeat_fourier,3,KNN,normalization
4144,0.792,0.792,0.7909663902830468,0.7965682940247871,0.792,mfeat_fourier,4,KNN,normalization
4145,0.7905,0.7905,0.7893446847257979,0.7951979927633465,0.7905,mfeat_fourier,5,KNN,normalization
4146,0.817,0.817,0.8169787050197088,0.820507670814036,0.817,mfeat_fourier,0,SVC,normalization
4147,0.823,0.823,0.8234725768153461,0.8263430058535772,0.823,mfeat_fourier,1,SVC,normalization
4148,0.8140000000000001,0.8140000000000001,0.8149212891042726,0.8181837644812713,0.8140000000000001,mfeat_fourier,2,SVC,normalization
4149,0.8165,0.8164999999999999,0.8166993945265764,0.8211957768374912,0.8164999999999999,mfeat_fourier,3,SVC,normalization
4150,0.8045,0.8045,0.8036754094850952,0.8050182810419807,0.8045,mfeat_fourier,4,SVC,normalization
4151,0.8245,0.8245,0.8246482624340807,0.8276119718433349,0.8245,mfeat_fourier,5,SVC,normalization
4152,0.811,0.811,0.8108220724075492,0.8143154166580502,0.811,mfeat_fourier,0,LR,normalization
4153,0.8125,0.8125,0.8124871564164857,0.8152816519660312,0.8125,mfeat_fourier,1,LR,normalization
4154,0.804,0.804,0.8043209062356949,0.8066851289713988,0.804,mfeat_fourier,2,LR,normalization
4155,0.8025,0.8025,0.8017859168891619,0.8042978258249578,0.8025,mfeat_fourier,3,LR,normalization
4156,0.8105,0.8104999999999999,0.8109467876737466,0.8134451588423504,0.8104999999999999,mfeat_fourier,4,LR,normalization
4157,0.8115000000000001,0.8115000000000001,0.8113716232285212,0.8142226095011733,0.8115000000000001,mfeat_fourier,5,LR,normalization
4158,0.761,0.7610000000000001,0.7603398088875593,0.7698141871396381,0.7610000000000001,mfeat_fourier,0,NB,normalization
4159,0.757,0.757,0.7571823176181972,0.7652155594595218,0.757,mfeat_fourier,1,NB,normalization
4160,0.7635,0.7635,0.7641971012928443,0.7723629809785729,0.7635,mfeat_fourier,2,NB,normalization
4161,0.7615000000000001,0.7615,0.7618552267697165,0.7689015009097229,0.7615,mfeat_fourier,3,NB,normalization
4162,0.7605000000000001,0.7605000000000001,0.760772549917601,0.768686852457423,0.7605000000000001,mfeat_fourier,4,NB,normalization
4163,0.7645,0.7645,0.7649347086220784,0.771854141425652,0.7645,mfeat_fourier,5,NB,normalization
4164,0.7135,0.7135,0.7124979883673817,0.7154958815860862,0.7135,mfeat_fourier,0,DT,normalization
4165,0.7395,0.7395,0.7398478743293293,0.7430038776029776,0.7395,mfeat_fourier,1,DT,normalization
4166,0.7295,0.7295,0.7302773034609036,0.7341612370745129,0.7295,mfeat_fourier,2,DT,normalization
4167,0.734,0.734,0.7322787684249251,0.7365060551112734,0.734,mfeat_fourier,3,DT,normalization
4168,0.728,0.728,0.7287340105123246,0.7312807478588832,0.728,mfeat_fourier,4,DT,normalization
4169,0.7045000000000001,0.7045000000000001,0.7032470256255855,0.7064493055348446,0.7045000000000001,mfeat_fourier,5,DT,normalization
4170,0.819,0.819,0.8172001323440963,0.8192315132882517,0.819,mfeat_fourier,0,RF,normalization
4171,0.8275,0.8274999999999999,0.8258305032709555,0.8265577071361809,0.8274999999999999,mfeat_fourier,1,RF,normalization
4172,0.8245,0.8245,0.8234374795077465,0.8248384923543743,0.8245,mfeat_fourier,2,RF,normalization
4173,0.831,0.831,0.8297418960430257,0.8322020075596579,0.831,mfeat_fourier,3,RF,normalization
4174,0.8275,0.8275,0.8265843059542493,0.8283300340132106,0.8275,mfeat_fourier,4,RF,normalization
4175,0.827,0.827,0.8254332828932965,0.8287861932576397,0.827,mfeat_fourier,5,RF,normalization
4176,0.994058903182126,0.9958839377352036,0.9959195739004982,0.9960076610381488,0.9958839377352036,analcatdata_authorship,0,KNN,normalization
4177,0.9952380952380953,0.9966750769757098,0.996726781528182,0.9968422067901236,0.9966750769757098,analcatdata_authorship,1,KNN,normalization
4178,0.9940476190476192,0.9958304823811152,0.995907830129338,0.9960381257398953,0.9958304823811152,analcatdata_authorship,2,KNN,normalization
4179,0.9940476190476192,0.9958839377352036,0.9959087408548324,0.9959439212328768,0.9958839377352036,analcatdata_authorship,3,KNN,normalization
4180,0.9940532611148724,0.9958839377352036,0.9959150932508516,0.995978077893294,0.9958839377352036,analcatdata_authorship,4,KNN,normalization
4181,0.9940476190476192,0.9958839377352036,0.9959108395642644,0.9959695512820512,0.9958839377352036,analcatdata_authorship,5,KNN,normalization
4182,0.997624689686301,0.998364266164899,0.998369078914986,0.9983950617283952,0.998364266164899,analcatdata_authorship,0,SVC,normalization
4183,0.9976190476190476,0.9983108108108107,0.9983625856164384,0.9984567901234568,0.9983108108108107,analcatdata_authorship,1,SVC,normalization
4184,0.9964285714285714,0.9975731269243928,0.9975467139056762,0.9975309328315658,0.9975731269243928,analcatdata_authorship,2,SVC,normalization
4185,0.9952380952380953,0.99667507697571,0.9967251712328768,0.9968171296296297,0.99667507697571,analcatdata_authorship,3,SVC,normalization
4186,0.994058903182126,0.9958839377352036,0.995918944583843,0.9960065425876634,0.9958839377352036,analcatdata_authorship,4,SVC,normalization
4187,0.9952380952380953,0.99667507697571,0.996727762506832,0.9968017661648992,0.99667507697571,analcatdata_authorship,5,SVC,normalization
4188,0.997624689686301,0.9977019170333123,0.9980318739693136,0.9983950617283952,0.9977019170333123,analcatdata_authorship,0,LR,normalization
4189,0.9988095238095238,0.9991554054054054,0.9991817481709664,0.99921875,0.9991554054054054,analcatdata_authorship,1,LR,normalization
4190,0.997624689686301,0.9977349508599508,0.9980438942791204,0.9983854166666666,0.9977349508599508,analcatdata_authorship,2,LR,normalization
4191,0.9964285714285714,0.9974662162162162,0.9975423002784324,0.9977134146341464,0.9974662162162162,analcatdata_authorship,3,LR,normalization
4192,0.997624689686301,0.9983108108108107,0.9983683793451752,0.9984471450617284,0.9983108108108107,analcatdata_authorship,4,LR,normalization
4193,0.9952437373053488,0.99609921702485,0.9964081604440196,0.9967496828315658,0.99609921702485,analcatdata_authorship,5,LR,normalization
4194,0.9809749492213948,0.9739406763297328,0.9793849257402358,0.9867700016502082,0.9739406763297328,analcatdata_authorship,0,NB,normalization
4195,0.9869160460392687,0.985379886955956,0.9878263206169604,0.9905899705652488,0.985379886955956,analcatdata_authorship,1,NB,normalization
4196,0.985742496050553,0.9769552265872548,0.9828512192081188,0.9897658761517556,0.9769552265872548,analcatdata_authorship,2,NB,normalization
4197,0.9857199277815392,0.984525403120855,0.9869814880681742,0.9897049728299728,0.984525403120855,analcatdata_authorship,3,NB,normalization
4198,0.9857368539832996,0.9769756481147048,0.9828475236349424,0.9896786849199084,0.9769756481147048,analcatdata_authorship,4,NB,normalization
4199,0.98454073572557,0.9837468761795374,0.9861833892833902,0.989138803209782,0.9837468761795374,analcatdata_authorship,5,NB,normalization
4200,0.9369611825772964,0.919373661528504,0.921880050018504,0.9257562161346444,0.919373661528504,analcatdata_authorship,0,DT,normalization
4201,0.919137892123674,0.90691728326084,0.901921910957639,0.8990671886205241,0.90691728326084,analcatdata_authorship,1,DT,normalization
4202,0.9274599413225006,0.9171208714213112,0.9102347269889304,0.9071457195130064,0.9171208714213112,analcatdata_authorship,2,DT,normalization
4203,0.9358045587903407,0.9111026350118288,0.9177969590130352,0.9310110976572668,0.9111026350118288,analcatdata_authorship,3,DT,normalization
4204,0.9358271270593546,0.9142055405812948,0.9135638556480818,0.9157152061728604,0.9142055405812948,analcatdata_authorship,4,DT,normalization
4205,0.9369724667118032,0.8990631284093347,0.9023702815087942,0.9082335003580742,0.8990631284093347,analcatdata_authorship,5,DT,normalization
4206,0.9893026404874746,0.9853829770661258,0.9877371737814248,0.9909164727015752,0.9853829770661258,analcatdata_authorship,0,RF,normalization
4207,0.9916779508011736,0.9896326462959244,0.9915478590403994,0.9937035409507008,0.9896326462959244,analcatdata_authorship,1,RF,normalization
4208,0.9905044008124576,0.9842490940373724,0.98818407831174,0.992963946337496,0.9842490940373724,analcatdata_authorship,2,RF,normalization
4209,0.9904761904761904,0.9855018779345392,0.988835588599607,0.9929105639025496,0.9855018779345392,analcatdata_authorship,3,RF,normalization
4210,0.9881121642969984,0.9826047904308594,0.9861158401049256,0.9901742803506912,0.9826047904308594,analcatdata_authorship,4,RF,normalization
4211,0.990481832543444,0.988831617814912,0.9910505893882126,0.9935007376838864,0.988831617814912,analcatdata_authorship,5,RF,normalization
4212,0.9124041143654116,0.9031630713815016,0.9317534111689796,0.9273336997299382,0.9363381716322892,tokyo1,0,KNN,normalization
4213,0.9197175732217572,0.9120865120853328,0.9374291652706304,0.935682204556942,0.9396167557932265,tokyo1,1,KNN,normalization
4214,0.92282949790795,0.915051734892883,0.939719178277418,0.936917456416322,0.9428741193447076,tokyo1,2,KNN,normalization
4215,0.9207766736401674,0.9122275006573796,0.9383813137344136,0.93396288035319,0.9429059502588916,tokyo1,3,KNN,normalization
4216,0.9301429567642956,0.9215013281685058,0.9457704166715016,0.9393789490888632,0.9526992615227908,tokyo1,4,KNN,normalization
4217,0.9186628312412832,0.9105107712205924,0.9365631657677028,0.9339425484267284,0.9396061454884984,tokyo1,5,KNN,normalization
4218,0.9228469316596932,0.9125171568712536,0.9401520956044715,0.9313926741206616,0.949399456752398,tokyo1,0,SVC,normalization
4219,0.9259850069735008,0.9138455083134078,0.943010063753106,0.9291786926787584,0.9575693913929209,tokyo1,1,SVC,normalization
4220,0.9186715481171548,0.9080597270134512,0.9369120135943948,0.928143180954956,0.9461314828961888,tokyo1,2,SVC,normalization
4221,0.9270484658298466,0.9152541815491718,0.9437372260530024,0.9307196471682712,0.9575800016976488,tokyo1,3,SVC,normalization
4222,0.9270179567642955,0.917815285332621,0.9433072517327014,0.9361127982447,0.951107715813598,tokyo1,4,SVC,normalization
4223,0.9176211645746164,0.907114384598582,0.936304448816746,0.9288784461981114,0.9445081062728122,tokyo1,5,SVC,normalization
4224,0.9228382147838214,0.9124951449559922,0.9401796767975216,0.93153606841389,0.94938884644767,tokyo1,0,LR,normalization
4225,0.9249389818688982,0.9135981827058056,0.9420475760793664,0.9302619664837336,0.9543014175367116,tokyo1,1,LR,normalization
4226,0.9249302649930264,0.9148104419284664,0.941612605009158,0.9326822063273132,0.9510122230710468,tokyo1,2,LR,normalization
4227,0.9228687238493724,0.910093429731738,0.9406239193557276,0.9262305777172788,0.9559460147695442,tokyo1,3,LR,normalization
4228,0.9228512900976288,0.9126932521933464,0.9401885574762964,0.9317722276058386,0.9494843391902216,tokyo1,4,LR,normalization
4229,0.9217878312412832,0.9110241585151958,0.9396114300997402,0.930284521957938,0.949420677361854,tokyo1,5,LR,normalization
4230,0.8967834728033474,0.8828273290069837,0.920417679547025,0.9082080540867612,0.93312324929972,tokyo1,0,NB,normalization
4231,0.8999084728033473,0.8872159024966941,0.9228948141955432,0.913471401681984,0.933112638994992,tokyo1,1,NB,normalization
4232,0.895733089260809,0.8830844268158529,0.91929732434057,0.911986743074068,0.9281576266870384,tokyo1,2,NB,normalization
4233,0.8665794979079497,0.8644463629781334,0.8910673697147965,0.9184195673261412,0.8730052627111451,tokyo1,3,NB,normalization
4234,0.895759239888424,0.882102897050536,0.9195751267688574,0.9092657563988727,0.931574144809439,tokyo1,4,NB,normalization
4235,0.8873823221757322,0.8727552441112043,0.913104569642358,0.9024880655376064,0.924974535268653,tokyo1,5,NB,normalization
4236,0.915511680613668,0.9048887178987656,0.9344249057211076,0.9264153319524742,0.9428635090399796,tokyo1,0,DT,normalization
4237,0.8988711645746165,0.890710108981018,0.9207878307894592,0.9217199563949662,0.9200195229606992,tokyo1,1,DT,normalization
4238,0.907169630404463,0.8972081293210827,0.9273438503572222,0.9228120216895036,0.9330489771666244,tokyo1,2,DT,normalization
4239,0.9124128312412833,0.900694529105657,0.9322846816220558,0.9220328642839164,0.9428953399541636,tokyo1,3,DT,normalization
4240,0.9061497559274756,0.8995378229540218,0.9264072722954274,0.929859582056712,0.9233405483405484,tokyo1,4,DT,normalization
4241,0.901983089260809,0.8962250339614838,0.92285297026869,0.929063488622312,0.916815210932858,tokyo1,5,DT,normalization
4242,0.9342965481171548,0.9271832101653084,0.948681310956738,0.9449088407292744,0.9526355996944232,tokyo1,0,RF,normalization
4243,0.9270179567642958,0.9202960205248047,0.9429894219066756,0.9416958708359984,0.9445081062728122,tokyo1,1,RF,normalization
4244,0.928063981868898,0.9216887783034772,0.9434804225139036,0.943166198913072,0.9444868856633564,tokyo1,2,RF,normalization
4245,0.9384937238493724,0.930489111393871,0.9522047937751308,0.9453693794751454,0.9592139886257534,tokyo1,3,RF,normalization
4246,0.9332505230125524,0.9264314611412352,0.9478618565474944,0.9450475336564046,0.9510652745946864,tokyo1,4,RF,normalization
4247,0.9280639818688984,0.9210461869372668,0.9438968495390592,0.9420076115673932,0.9461420932009168,tokyo1,5,RF,normalization
4248,0.8726313750352211,0.8865173473869126,0.9003314449101367,0.9375224752924008,0.8865173473869126,soybean,0,KNN,normalization
4249,0.8799749929557622,0.8895915678524374,0.8971473494680908,0.925233378916638,0.8895915678524374,soybean,1,KNN,normalization
4250,0.8666525781910398,0.876921387790953,0.8881816155467118,0.9187663643463704,0.876921387790953,soybean,2,KNN,normalization
4251,0.8800102141448295,0.8852162933684673,0.8982187358964923,0.926786580852441,0.8852162933684673,soybean,3,KNN,normalization
4252,0.8711608903916596,0.8801054018445322,0.8906245132292989,0.920549931488076,0.8801054018445322,soybean,4,KNN,normalization
4253,0.8696639898562976,0.8831906016688627,0.8919895394364856,0.9166408393966872,0.8831906016688627,soybean,5,KNN,normalization
4254,0.8963792617638773,0.9336517347386912,0.9321034922097317,0.940552830321852,0.9336517347386912,soybean,0,SVC,normalization
4255,0.8977528881375035,0.9298803249890206,0.9309228825378943,0.9448923279406016,0.9298803249890206,soybean,1,SVC,normalization
4256,0.8948207241476472,0.9285353535353535,0.9302212849880916,0.9404486437816592,0.9285353535353535,soybean,2,SVC,normalization
4257,0.8977528881375035,0.9276789635485287,0.9310868990887348,0.9404756621255635,0.9276789635485287,soybean,3,SVC,normalization
4258,0.8962912087912087,0.9271848924022836,0.930467603665326,0.9423163167453096,0.9271848924022836,soybean,4,SVC,normalization
4259,0.8948559453367146,0.9242424242424242,0.925027836016567,0.938129962528762,0.9242424242424242,soybean,5,SVC,normalization
4260,0.9008171315863622,0.933261967501098,0.9354410492780612,0.9478239688561008,0.933261967501098,soybean,0,LR,normalization
4261,0.9007378839109608,0.9332894158981117,0.9367266952335768,0.9453045733294588,0.9332894158981117,soybean,1,LR,normalization
4262,0.8948207241476471,0.9285628019323672,0.930217129920116,0.9380916625421456,0.9285628019323672,soybean,2,LR,normalization
4263,0.9007466892082276,0.9288317962231004,0.9340277994956108,0.9452669997012896,0.9288317962231004,soybean,3,LR,normalization
4264,0.8903652437306283,0.9269158981115502,0.9316162192480556,0.941112685754937,0.9269158981115502,soybean,4,LR,normalization
4265,0.8919061707523246,0.9273276240667546,0.9291236079178762,0.937176102646776,0.9273276240667546,soybean,5,LR,normalization
4266,0.844498450267681,0.9186539306104524,0.9068159611999874,0.929324323770918,0.9186539306104524,soybean,0,NB,normalization
4267,0.8503539729501268,0.9319938515590688,0.9172213713244128,0.9336868134517128,0.9319938515590688,soybean,1,NB,normalization
4268,0.8503715835446605,0.9298199385155906,0.9166085144590224,0.9348055393024906,0.9298199385155906,soybean,2,NB,normalization
4269,0.85329494223725,0.9331741326306544,0.91789385303427,0.9341834022220202,0.9331741326306544,soybean,3,NB,normalization
4270,0.84739539306847,0.9264382960035134,0.911535834469574,0.9309507805141112,0.9264382960035134,soybean,4,NB,normalization
4271,0.8488746830092985,0.929161176987264,0.9161218275960836,0.9318431088733874,0.929161176987264,soybean,5,NB,normalization
4272,0.9155836151028458,0.9458498023715416,0.9431763904495648,0.951048406102754,0.9458498023715416,soybean,0,DT,normalization
4273,0.9022083685545224,0.9347222222222222,0.9316339190085028,0.9368624139548052,0.9347222222222222,soybean,1,DT,normalization
4274,0.9155924204001128,0.9500329380764164,0.945978127836114,0.9490203511263292,0.9500329380764164,soybean,2,DT,normalization
4275,0.9110929134967596,0.936945542380325,0.9411046735985222,0.9527836173488348,0.936945542380325,soybean,3,DT,normalization
4276,0.9244593547478164,0.941661176987264,0.942806950769028,0.9517184559938184,0.941661176987264,soybean,4,DT,normalization
4277,0.903722879684418,0.9283432147562584,0.9293035135331092,0.941691458568585,0.9283432147562584,soybean,5,DT,normalization
4278,0.936320090166244,0.958596837944664,0.9591615765649074,0.9668479281386888,0.958596837944664,soybean,0,RF,normalization
4279,0.937772964215272,0.9701800614844092,0.969140758493304,0.9702982579579644,0.9701800614844092,soybean,1,RF,normalization
4280,0.9392610594533672,0.9641798418972332,0.9644438210528634,0.969501871123818,0.9641798418972332,soybean,2,RF,normalization
4281,0.9467015356438434,0.9737758014931928,0.9714690793742506,0.9717269635681154,0.9737758014931928,soybean,3,RF,normalization
4282,0.9333527049873204,0.959645366710584,0.95839364462333,0.962167653135395,0.959645366710584,soybean,4,RF,normalization
4283,0.9170629050436744,0.9486001317523056,0.9484307377948716,0.9536605822384808,0.9486001317523056,soybean,5,RF,normalization
4284,0.95,0.95,0.9500718247400994,0.953786232669027,0.95,mfeat_karhunen,0,KNN,normalization
4285,0.951,0.951,0.9509307052426929,0.9543819412068836,0.951,mfeat_karhunen,1,KNN,normalization
4286,0.949,0.949,0.9490560386044088,0.9528824765713408,0.949,mfeat_karhunen,2,KNN,normalization
4287,0.949,0.949,0.948875344713894,0.9527774458969772,0.949,mfeat_karhunen,3,KNN,normalization
4288,0.947,0.947,0.9468554445065172,0.9505926896667476,0.947,mfeat_karhunen,4,KNN,normalization
4289,0.948,0.948,0.947876551236738,0.9512971452405712,0.948,mfeat_karhunen,5,KNN,normalization
4290,0.9555,0.9555,0.9554769922902422,0.95669140410632,0.9555,mfeat_karhunen,0,SVC,normalization
4291,0.9475,0.9475,0.94745151747378,0.9488442122336624,0.9475,mfeat_karhunen,1,SVC,normalization
4292,0.955,0.955,0.9550517257771308,0.95627493619771,0.955,mfeat_karhunen,2,SVC,normalization
4293,0.95,0.95,0.9498888910595652,0.9506904450957536,0.95,mfeat_karhunen,3,SVC,normalization
4294,0.955,0.955,0.9550295559655722,0.9560178319778626,0.955,mfeat_karhunen,4,SVC,normalization
4295,0.9515,0.9515,0.951498695968674,0.9524797911022236,0.9515,mfeat_karhunen,5,SVC,normalization
4296,0.948,0.948,0.9480832894538154,0.9493090453030014,0.948,mfeat_karhunen,0,LR,normalization
4297,0.9385,0.9385,0.9384419246991388,0.940161067027248,0.9385,mfeat_karhunen,1,LR,normalization
4298,0.95,0.95,0.9499752773858132,0.951228154291015,0.95,mfeat_karhunen,2,LR,normalization
4299,0.9495,0.9495,0.9493771704752456,0.9506528512778096,0.9495,mfeat_karhunen,3,LR,normalization
4300,0.9465,0.9465,0.9465645383897348,0.9477290601320802,0.9465,mfeat_karhunen,4,LR,normalization
4301,0.948,0.9479999999999998,0.9481668775732126,0.9494560573995032,0.9479999999999998,mfeat_karhunen,5,LR,normalization
4302,0.9375,0.9375,0.9376777283675276,0.9400715297073492,0.9375,mfeat_karhunen,0,NB,normalization
4303,0.9355,0.9355,0.9356996278890604,0.9386279874385886,0.9355,mfeat_karhunen,1,NB,normalization
4304,0.9345,0.9345,0.9348211871732272,0.9379038084633003,0.9345,mfeat_karhunen,2,NB,normalization
4305,0.9335,0.9335,0.9339627821938596,0.9371218437928076,0.9335,mfeat_karhunen,3,NB,normalization
4306,0.934,0.934,0.9341519829849262,0.9374884812785764,0.934,mfeat_karhunen,4,NB,normalization
4307,0.9325,0.9325,0.9329203907019912,0.9355660230909444,0.9325,mfeat_karhunen,5,NB,normalization
4308,0.817,0.817,0.8166956879832397,0.8185924288324057,0.817,mfeat_karhunen,0,DT,normalization
4309,0.8165,0.8165,0.8163432686873442,0.8195338410881919,0.8165,mfeat_karhunen,1,DT,normalization
4310,0.814,0.8140000000000001,0.8142381894892796,0.8173693181325017,0.8140000000000001,mfeat_karhunen,2,DT,normalization
4311,0.809,0.809,0.8085970596160111,0.811983192437265,0.809,mfeat_karhunen,3,DT,normalization
4312,0.8109999999999999,0.8109999999999999,0.8110913384419236,0.8147036804505208,0.8109999999999999,mfeat_karhunen,4,DT,normalization
4313,0.804,0.804,0.8038046847551639,0.8072322062989963,0.804,mfeat_karhunen,5,DT,normalization
4314,0.958,0.958,0.9579624384647883,0.9586437415890264,0.958,mfeat_karhunen,0,RF,normalization
4315,0.9585,0.9585,0.958446443860049,0.9593950366625528,0.9585,mfeat_karhunen,1,RF,normalization
4316,0.962,0.962,0.9620347128495972,0.9630785636790672,0.962,mfeat_karhunen,2,RF,normalization
4317,0.9575,0.9575,0.9574187240413006,0.958216418623964,0.9575,mfeat_karhunen,3,RF,normalization
4318,0.96,0.96,0.9599941118796864,0.9607304928157246,0.96,mfeat_karhunen,4,RF,normalization
4319,0.959,0.959,0.958962197425008,0.9597334772638052,0.959,mfeat_karhunen,5,RF,normalization
