,test_accuracy,test_balanced_accuracy,test_f1,test_precision,test_recall,ds,iteration,alg,task
0,0.503125,0.503243327732406,0.5046728971962617,0.5126582278481012,0.4969325153374233,GAMETES_Epistasis_2_Way_1000atts_0.4H_EDM_1_EDM_1_1,0,LR,feat
1,0.48125,0.4812470698546648,0.4779874213836478,0.475,0.4810126582278481,GAMETES_Epistasis_2_Way_1000atts_0.4H_EDM_1_EDM_1_1,1,LR,feat
2,0.525,0.5250156347717323,0.5189873417721518,0.5125,0.5256410256410257,GAMETES_Epistasis_2_Way_1000atts_0.4H_EDM_1_EDM_1_1,2,LR,feat
3,0.465625,0.4623664362036455,0.4203389830508475,0.4217687074829932,0.4189189189189189,GAMETES_Epistasis_2_Way_1000atts_0.4H_EDM_1_EDM_1_1,3,LR,feat
4,0.534375,0.5346041055718476,0.5386996904024769,0.5506329113924051,0.5272727272727272,GAMETES_Epistasis_2_Way_1000atts_0.4H_EDM_1_EDM_1_1,4,LR,feat
5,0.471875,0.4726295210166178,0.4767801857585139,0.4583333333333333,0.4967741935483871,GAMETES_Epistasis_2_Way_1000atts_0.4H_EDM_1_EDM_1_1,5,LR,feat
6,0.8004910988336402,0.7985765608018356,0.7828991315965265,0.8218793828892006,0.7474489795918368,agaricus_lepiota,0,LR,feat
7,0.809085328422345,0.8090698060023214,0.8040327662255828,0.8253557567917206,0.7837837837837838,agaricus_lepiota,1,LR,feat
8,0.7955801104972375,0.7941316750686751,0.7804878048780488,0.8087431693989071,0.7541401273885351,agaricus_lepiota,2,LR,feat
9,0.7894413750767342,0.7885142087582846,0.7750819672131148,0.7766097240473062,0.7735602094240838,agaricus_lepiota,3,LR,feat
10,0.809085328422345,0.8086144858121802,0.8012779552715654,0.81640625,0.7867001254705144,agaricus_lepiota,4,LR,feat
11,0.7980356046654389,0.7972623795531475,0.7873303167420815,0.8076923076923077,0.7679697351828499,agaricus_lepiota,5,LR,feat
12,0.8646153846153846,0.8655574718937071,0.858974358974359,0.8385481852315394,0.8804204993429697,mushroom,0,LR,feat
13,0.7163076923076923,0.7097985523226322,0.6607799852832965,0.7636054421768708,0.582360570687419,mushroom,1,LR,feat
14,0.6781538461538461,0.6749147533530349,0.6145910095799557,0.7419928825622776,0.5245283018867924,mushroom,2,LR,feat
15,0.707076923076923,0.7028268840586303,0.6540697674418604,0.7627118644067796,0.5725190839694656,mushroom,3,LR,feat
16,0.7058461538461539,0.7041651895416519,0.6531204644412193,0.782608695652174,0.5603985056039851,mushroom,4,LR,feat
17,0.8726153846153846,0.8750148156927817,0.8718266253869968,0.8301886792452831,0.9178617992177314,mushroom,5,LR,feat
18,0.6162162162162163,0.612166918049271,0.6635071090047392,0.6067172264355363,0.7320261437908496,ring,0,LR,feat
19,0.6182432432432432,0.6192433008971099,0.6484131922837586,0.5954285714285714,0.7117486338797814,ring,1,LR,feat
20,0.6074324324324324,0.6066450679737894,0.6437768240343348,0.5932203389830508,0.7037533512064343,ring,2,LR,feat
21,0.6148648648648649,0.6121109789324226,0.6570397111913356,0.6046511627906976,0.7193675889328063,ring,3,LR,feat
22,0.6195945945945946,0.6189152170935488,0.6556574923547401,0.6022471910112359,0.7194630872483222,ring,4,LR,feat
23,0.5945945945945946,0.5982977525728352,0.6359223300970874,0.5640473627556513,0.7287899860917941,ring,5,LR,feat
24,0.7385135135135135,0.7381653557709895,0.7482108002602472,0.7496740547588006,0.7467532467532467,twonorm,0,LR,feat
25,0.7412162162162163,0.7413900807154248,0.7410412440838405,0.7527472527472527,0.729693741677763,twonorm,1,LR,feat
26,0.7405405405405405,0.7405694834034595,0.7408906882591094,0.7359249329758714,0.7459239130434783,twonorm,2,LR,feat
27,0.731081081081081,0.7312855043537385,0.7350199733688416,0.745945945945946,0.7244094488188977,twonorm,3,LR,feat
28,0.7290540540540541,0.7293444587327567,0.730691739422431,0.7148488830486203,0.7472527472527473,twonorm,4,LR,feat
29,0.7385135135135135,0.7384994858625911,0.7411371237458194,0.7426273458445041,0.739652870493992,twonorm,5,LR,feat
30,0.9479166666666666,0.9475492441594136,0.9333333333333332,0.9210526315789472,0.945945945945946,clean1,0,LR,feat
31,0.9895833333333334,0.9916666666666668,0.9863013698630138,0.972972972972973,1.0,clean1,1,LR,feat
32,0.96875,0.9696230598669624,0.963855421686747,0.9523809523809524,0.975609756097561,clean1,2,LR,feat
33,0.9791666666666666,0.98,0.979591836734694,1.0,0.96,clean1,3,LR,feat
34,0.9583333333333334,0.9582608695652174,0.9565217391304348,0.9565217391304348,0.9565217391304348,clean1,4,LR,feat
35,0.9895833333333334,0.9878048780487804,0.9876543209876544,1.0,0.975609756097561,clean1,5,LR,feat
36,0.9467084639498432,0.9422827594524512,0.94061024721633,0.9390562534005156,0.9422827594524512,dna,0,LR,feat
37,0.945141065830721,0.9478119315465128,0.9397068788815538,0.9327875918669624,0.9478119315465128,dna,1,LR,feat
38,0.9482758620689656,0.9452227000053088,0.9395208552006796,0.9345796399367828,0.9452227000053088,dna,2,LR,feat
39,0.962382445141066,0.9600650932887774,0.9589735599379844,0.9579883159348178,0.9600650932887774,dna,3,LR,feat
40,0.9498432601880876,0.9484428406933512,0.9408673158636116,0.9343840227236074,0.9484428406933512,dna,4,LR,feat
41,0.9357366771159876,0.9330084748443724,0.9260130789666654,0.9200270555348734,0.9330084748443724,dna,5,LR,feat
42,0.7178538390379279,0.576378413577652,0.3267108167770419,0.5481481481481482,0.2327044025157232,phoneme,0,LR,feat
43,0.7123034227567068,0.5626568426595578,0.2883295194508009,0.5338983050847458,0.1974921630094044,phoneme,1,LR,feat
44,0.7012025901942646,0.557655589123867,0.2774049217002237,0.5344827586206896,0.1873111782477341,phoneme,2,LR,feat
45,0.7113783533765032,0.5701811098677939,0.3187772925764192,0.5104895104895105,0.2317460317460317,phoneme,3,LR,feat
46,0.7086031452358927,0.5555712403538491,0.2657342657342657,0.5327102803738317,0.1770186335403726,phoneme,4,LR,feat
47,0.7335800185013877,0.5921158897890826,0.3628318584070796,0.5466666666666666,0.271523178807947,phoneme,5,LR,feat
48,0.7575,0.7584994525627641,0.7539673207724211,0.7589972503824325,0.7584994525627641,mfeat_pixel,0,LR,feat
49,0.795,0.7972769439232853,0.7946549838896176,0.798800623788456,0.7972769439232853,mfeat_pixel,1,LR,feat
50,0.7225,0.7325385721201537,0.7255974293983214,0.7322209754866716,0.7325385721201537,mfeat_pixel,2,LR,feat
51,0.7375,0.7392601496373883,0.7345948990760524,0.7353532537860533,0.7392601496373883,mfeat_pixel,3,LR,feat
52,0.8025,0.8031616225498934,0.8007299232461389,0.8016746552426184,0.8031616225498934,mfeat_pixel,4,LR,feat
53,0.8,0.7903105210826515,0.7858151736986936,0.7887393923905552,0.7903105210826515,mfeat_pixel,5,LR,feat
54,0.5471698113207547,0.5127265694669776,0.1208791208791208,0.5789473684210527,0.0674846625766871,banana,0,LR,feat
55,0.5452830188679245,0.5117943432955456,0.0836501901140684,0.6470588235294118,0.0447154471544715,banana,1,LR,feat
56,0.5575471698113208,0.5083857442348009,0.0329896907216494,1.0,0.0167714884696016,banana,2,LR,feat
57,0.5264150943396226,0.4767760548142805,0.0669144981412639,0.2647058823529412,0.0382978723404255,banana,3,LR,feat
58,0.5641509433962264,0.5090032073136854,0.0571428571428571,0.6666666666666666,0.0298507462686567,banana,4,LR,feat
59,0.5528301886792453,0.5103305785123967,0.0404858299595141,1.0,0.0206611570247933,banana,5,LR,feat
60,0.9275,0.9289272785449928,0.9293282706241368,0.9316823654345974,0.9289272785449928,mfeat_factors,0,LR,feat
61,0.92,0.9209615384615384,0.9201811572609208,0.920416826028,0.9209615384615384,mfeat_factors,1,LR,feat
62,0.9225,0.9215228773821984,0.9200850350810564,0.9197584506602692,0.9215228773821984,mfeat_factors,2,LR,feat
63,0.9425,0.9402462330720214,0.9412318850535936,0.9432961565771568,0.9402462330720214,mfeat_factors,3,LR,feat
64,0.945,0.9424212985345974,0.9425614654366248,0.944816537390908,0.9424212985345974,mfeat_factors,4,LR,feat
65,0.935,0.9360252399409376,0.9315570659054904,0.9299712203064926,0.9360252399409376,mfeat_factors,5,LR,feat
66,0.8306188925081434,0.8076280974890078,0.7671641791044777,0.8954703832752613,0.6710182767624021,spambase,0,LR,feat
67,0.8686210640608035,0.8402988855116515,0.8082408874801901,0.9306569343065694,0.7142857142857143,spambase,1,LR,feat
68,0.8610206297502715,0.8392714229943392,0.808955223880597,0.9217687074829932,0.7207446808510638,spambase,2,LR,feat
69,0.8360477741585234,0.8033455054228643,0.756843800322061,0.8935361216730038,0.6564245810055865,spambase,3,LR,feat
70,0.8642779587404995,0.8440160984942356,0.81203007518797,0.8823529411764706,0.7520891364902507,spambase,4,LR,feat
71,0.8610206297502715,0.8351721538074893,0.7981072555205048,0.8784722222222222,0.7312138728323699,spambase,5,LR,feat
72,0.522633744855967,0.5108474576271187,0.6647398843930636,0.5203619909502263,0.92,Hill_Valley_with_noise,0,LR,feat
73,0.5308641975308642,0.5207457627118643,0.6566265060240963,0.5265700483091788,0.872,Hill_Valley_with_noise,1,LR,feat
74,0.5185185185185185,0.5284406779661017,0.6377708978328174,0.5024390243902439,0.8728813559322034,Hill_Valley_with_noise,2,LR,feat
75,0.4938271604938271,0.4955290611028315,0.641399416909621,0.4954954954954955,0.9090909090909092,Hill_Valley_with_noise,3,LR,feat
76,0.4938271604938271,0.494953258366075,0.6019417475728155,0.4946808510638298,0.768595041322314,Hill_Valley_with_noise,4,LR,feat
77,0.48559670781893,0.4839452648692589,0.6334310850439883,0.4931506849315068,0.8852459016393442,Hill_Valley_with_noise,5,LR,feat
78,0.7407407407407407,0.7352941176470589,0.6399999999999999,1.0,0.4705882352941176,Hill_Valley_without_noise,0,LR,feat
79,0.7078189300411523,0.6896164830681355,0.5590062111801242,0.9574468085106383,0.3947368421052631,Hill_Valley_without_noise,1,LR,feat
80,0.6502057613168725,0.6626984126984127,0.4910179640718563,1.0,0.3253968253968254,Hill_Valley_without_noise,2,LR,feat
81,0.5596707818930041,0.6385135135135135,0.4338624338624339,1.0,0.277027027027027,Hill_Valley_without_noise,3,LR,feat
82,0.654320987654321,0.6692913385826772,0.5058823529411764,1.0,0.3385826771653543,Hill_Valley_without_noise,4,LR,feat
83,0.6831275720164609,0.6844262295081968,0.5389221556886228,1.0,0.3688524590163934,Hill_Valley_without_noise,5,LR,feat
84,0.728,0.729868994977288,0.7258985564339304,0.7253544241916335,0.729868994977288,waveform_40,0,LR,feat
85,0.733,0.729286375629838,0.7277966300133114,0.7287245530483343,0.729286375629838,waveform_40,1,LR,feat
86,0.71,0.712227751536962,0.7077480926932885,0.7070131660779361,0.712227751536962,waveform_40,2,LR,feat
87,0.712,0.7175431839493546,0.709181661512467,0.7101690540914708,0.7175431839493546,waveform_40,3,LR,feat
88,0.732,0.7348596071490462,0.7322635810173574,0.7311311151073691,0.7348596071490462,waveform_40,4,LR,feat
89,0.708,0.7183320766481867,0.707841856325295,0.7086365164058975,0.7183320766481867,waveform_40,5,LR,feat
90,0.575,0.5693545313143609,0.559373212835635,0.554828039229114,0.5693545313143609,waveform_21,0,LR,feat
91,0.632,0.627853479091541,0.6239351056631285,0.6223536805693137,0.627853479091541,waveform_21,1,LR,feat
92,0.644,0.6434314989922033,0.634209029142339,0.632359689289156,0.6434314989922033,waveform_21,2,LR,feat
93,0.626,0.6255446968472445,0.6180563707766403,0.6155668182444076,0.6255446968472445,waveform_21,3,LR,feat
94,0.601,0.6063499689383258,0.5982457933716924,0.595076731060869,0.6063499689383258,waveform_21,4,LR,feat
95,0.591,0.5913468459212702,0.5750804730757463,0.5703540760497027,0.5913468459212702,waveform_21,5,LR,feat
96,0.125,0.1622222222222222,0.0951690821256038,0.0892735042735042,0.1622222222222222,movement_libras,0,LR,feat
97,0.2222222222222222,0.263015873015873,0.1658201058201058,0.1981532356532356,0.263015873015873,movement_libras,1,LR,feat
98,0.1805555555555555,0.2142857142857142,0.1229603729603729,0.1151771336553945,0.2142857142857142,movement_libras,2,LR,feat
99,0.3194444444444444,0.3484126984126984,0.228968253968254,0.2711363636363636,0.3484126984126984,movement_libras,3,LR,feat
100,0.1805555555555555,0.23,0.1457796451914099,0.1319763460939931,0.23,movement_libras,4,LR,feat
101,0.0833333333333333,0.0977777777777777,0.0589873089873089,0.1253623188405797,0.0977777777777777,movement_libras,5,LR,feat
102,0.7498057498057498,0.6676616221176676,0.6322402559701029,0.6413627934395478,0.6676616221176676,satimage,0,LR,feat
103,0.7552447552447552,0.651708952831305,0.6303035580171473,0.635423710956878,0.651708952831305,satimage,1,LR,feat
104,0.7591297591297591,0.6718055942245087,0.6520506623615155,0.7386507674791966,0.6718055942245087,satimage,2,LR,feat
105,0.7645687645687645,0.6630102209390244,0.6404286278689325,0.7250708660756359,0.6630102209390244,satimage,3,LR,feat
106,0.7606837606837606,0.6603965963074582,0.6405505045039177,0.6962898728969772,0.6603965963074582,satimage,4,LR,feat
107,0.7653457653457654,0.6704632765485982,0.6541247573101326,0.698858139037761,0.6704632765485982,satimage,5,LR,feat
108,0.8984375,0.8995604395604395,0.9039881831610044,0.8453038674033149,0.9714285714285714,chess,0,LR,feat
109,0.9109375,0.9049173386898256,0.9224489795918368,0.8782383419689119,0.97134670487106,chess,1,LR,feat
110,0.90625,0.9001187776697981,0.9184782608695652,0.8600508905852418,0.9854227405247812,chess,2,LR,feat
111,0.91875,0.9157817470026914,0.9265536723163842,0.8793565683646113,0.9791044776119404,chess,3,LR,feat
112,0.9015625,0.9010605883042306,0.9093525179856116,0.8471849865951743,0.9813664596273292,chess,4,LR,feat
113,0.9203125,0.918894621638524,0.9261939218523878,0.8815426997245179,0.975609756097561,chess,5,LR,feat
114,0.9,0.8989010989010989,0.9077809798270894,0.8536585365853658,0.9692307692307692,kr_vs_kp,0,LR,feat
115,0.8859375,0.8808698377256123,0.9001367989056087,0.8350253807106599,0.9762611275964392,kr_vs_kp,1,LR,feat
116,0.89375,0.8911045943304008,0.9044943820224718,0.8429319371727748,0.9757575757575756,kr_vs_kp,2,LR,feat
117,0.890625,0.8885240775484677,0.9011299435028248,0.8394736842105263,0.972560975609756,kr_vs_kp,3,LR,feat
118,0.9109375,0.90566251638916,0.9220246238030096,0.8868421052631579,0.96011396011396,kr_vs_kp,4,LR,feat
119,0.8984375,0.8937381868750673,0.9105914718019256,0.8487179487179487,0.9821958456973294,kr_vs_kp,5,LR,feat
120,0.7642348754448398,0.7600516639298475,0.755241622062691,0.7576787118685505,0.7600516639298475,optdigits,0,LR,feat
121,0.798932384341637,0.8024952220915378,0.7994571809466352,0.7998188811420557,0.8024952220915378,optdigits,1,LR,feat
122,0.7927046263345195,0.7952020802462588,0.7916038065503697,0.7930399407294504,0.7952020802462588,optdigits,2,LR,feat
123,0.7944839857651246,0.7935054082279842,0.7912546852845018,0.792310539328697,0.7935054082279842,optdigits,3,LR,feat
124,0.7784697508896797,0.7849932824886101,0.7792303989346732,0.7821099415983134,0.7849932824886101,optdigits,4,LR,feat
125,0.7357651245551602,0.7381376310162852,0.7318694619815258,0.7300585998091904,0.7381376310162852,optdigits,5,LR,feat
126,0.8025078369905956,0.7974162155646826,0.7809469432053335,0.7706223513241159,0.7974162155646826,splice,0,LR,feat
127,0.7946708463949843,0.7924978826872113,0.7810094556401573,0.7734833315465424,0.7924978826872113,splice,1,LR,feat
128,0.7711598746081505,0.7908481963191633,0.7668805204859389,0.7632511423720955,0.7908481963191633,splice,2,LR,feat
129,0.780564263322884,0.7716292792878354,0.7641570280311617,0.758385910698877,0.7716292792878354,splice,3,LR,feat
130,0.774294670846395,0.7754164362013545,0.765225603819163,0.7579233243685071,0.7754164362013545,splice,4,LR,feat
131,0.7601880877742947,0.7763157894736842,0.7476391903147032,0.7387574444927213,0.7763157894736842,splice,5,LR,feat
132,0.8027272727272727,0.8000677809284383,0.7970124982496233,0.7965394361550053,0.8000677809284383,texture,0,LR,feat
133,0.7781818181818182,0.7803487876982724,0.7752567918539782,0.7750449664764504,0.7803487876982724,texture,1,LR,feat
134,0.7963636363636364,0.8011970132063863,0.7945549079171528,0.7938070676043371,0.8011970132063863,texture,2,LR,feat
135,0.8027272727272727,0.7945877527134949,0.7900054809269108,0.7906047118648253,0.7945877527134949,texture,3,LR,feat
136,0.7972727272727272,0.7945880571059424,0.7898404534630431,0.7903262618561353,0.7945880571059424,texture,4,LR,feat
137,0.7909090909090909,0.7922014477683444,0.7866431273533171,0.7881110939110848,0.7922014477683444,texture,5,LR,feat
138,0.7857142857142857,0.7906178489702517,0.7906976744186046,0.85,0.7391304347826086,sonar,0,LR,feat
139,0.7857142857142857,0.7863636363636364,0.7804878048780488,0.7619047619047619,0.8,sonar,1,LR,feat
140,0.6666666666666666,0.6527777777777778,0.5882352941176471,0.625,0.5555555555555556,sonar,2,LR,feat
141,0.6190476190476191,0.6190476190476191,0.4666666666666666,0.7777777777777778,0.3333333333333333,sonar,3,LR,feat
142,0.5952380952380952,0.5752941176470588,0.4848484848484848,0.5,0.4705882352941176,sonar,4,LR,feat
143,0.7380952380952381,0.7386363636363636,0.7317073170731706,0.7142857142857143,0.75,sonar,5,LR,feat
144,0.7727272727272727,0.7666666666666666,0.7368421052631577,0.7777777777777778,0.7,molecular_biology_promoters,0,LR,feat
145,0.8181818181818182,0.8285714285714285,0.75,0.6666666666666666,0.8571428571428571,molecular_biology_promoters,1,LR,feat
146,0.8636363636363636,0.8392857142857143,0.896551724137931,0.8666666666666667,0.9285714285714286,molecular_biology_promoters,2,LR,feat
147,0.8181818181818182,0.8333333333333333,0.8333333333333333,0.7142857142857143,1.0,molecular_biology_promoters,3,LR,feat
148,0.7727272727272727,0.7946428571428572,0.8,0.9090909090909092,0.7142857142857143,molecular_biology_promoters,4,LR,feat
149,0.9090909090909092,0.9090909090909092,0.9,1.0,0.8181818181818182,molecular_biology_promoters,5,LR,feat
150,0.7675,0.7666091455774684,0.7616653696413687,0.7670395879433759,0.7666091455774684,mfeat_fourier,0,LR,feat
151,0.7725,0.7749373120104828,0.7723096063978416,0.7744044854036469,0.7749373120104828,mfeat_fourier,1,LR,feat
152,0.7625,0.7582188488470751,0.7464164409924781,0.7661288289195266,0.7582188488470751,mfeat_fourier,2,LR,feat
153,0.765,0.7651249263176626,0.7492798245473409,0.7723222077140739,0.7651249263176626,mfeat_fourier,3,LR,feat
154,0.745,0.7419183199027273,0.7335204497414229,0.7408407823646501,0.7419183199027273,mfeat_fourier,4,LR,feat
155,0.7025,0.7189890314840615,0.7020138765087828,0.7050776866330895,0.7189890314840615,mfeat_fourier,5,LR,feat
156,0.9467455621301776,0.9340391018526424,0.9414996819338424,0.9512432012432012,0.9340391018526424,analcatdata_authorship,0,LR,feat
157,0.9467455621301776,0.8929487179487179,0.9176132581745567,0.9566188263923456,0.8929487179487179,analcatdata_authorship,1,LR,feat
158,0.9467455621301776,0.918625992063492,0.9318467558043118,0.9519455953882184,0.918625992063492,analcatdata_authorship,2,LR,feat
159,0.9585798816568049,0.9590186403508772,0.9614467240797028,0.9643633919843596,0.9590186403508772,analcatdata_authorship,3,LR,feat
160,0.9644970414201184,0.9483709273182958,0.957947157205632,0.9688697318007664,0.9483709273182958,analcatdata_authorship,4,LR,feat
161,0.9526627218934912,0.9168321439776664,0.9236925033171164,0.932338494838495,0.9168321439776664,analcatdata_authorship,5,LR,feat
162,0.34375,0.5,0.0,0.0,0.0,tokyo1,0,LR,feat
163,0.3541666666666667,0.5,0.0,0.0,0.0,tokyo1,1,LR,feat
164,0.3958333333333333,0.5,0.0,0.0,0.0,tokyo1,2,LR,feat
165,0.375,0.5,0.0,0.0,0.0,tokyo1,3,LR,feat
166,0.3333333333333333,0.5,0.0,0.0,0.0,tokyo1,4,LR,feat
167,0.359375,0.5,0.0,0.0,0.0,tokyo1,5,LR,feat
168,0.4444444444444444,0.5263157894736842,0.4617149758454106,0.4588057999348321,0.5263157894736842,soybean,0,LR,feat
169,0.5333333333333333,0.5784313725490197,0.5146424888568321,0.5026964945570758,0.5784313725490197,soybean,1,LR,feat
170,0.4592592592592592,0.5294117647058824,0.4766557843553964,0.4620844339734895,0.5294117647058824,soybean,2,LR,feat
171,0.4296296296296296,0.441358024691358,0.3694569133593524,0.374705581157194,0.441358024691358,soybean,3,LR,feat
172,0.4962962962962963,0.4662698412698412,0.4046033396033396,0.3919407205697528,0.4662698412698412,soybean,4,LR,feat
173,0.4888888888888889,0.5151515151515151,0.470748504715896,0.4732823403113257,0.5151515151515151,soybean,5,LR,feat
174,0.83,0.8297051898810253,0.8310786216518847,0.8341909011952463,0.8297051898810253,mfeat_karhunen,0,LR,feat
175,0.8225,0.8247062896453141,0.8238299915587272,0.8258119776043769,0.8247062896453141,mfeat_karhunen,1,LR,feat
176,0.8425,0.8420714847340625,0.8395329653845194,0.8403753756416537,0.8420714847340625,mfeat_karhunen,2,LR,feat
177,0.8425,0.8404224153144279,0.8402520714570816,0.8422299271680191,0.8404224153144279,mfeat_karhunen,3,LR,feat
178,0.8175,0.8131460632652694,0.8140401710958098,0.8180981455212633,0.8131460632652694,mfeat_karhunen,4,LR,feat
179,0.7975,0.8014163421807833,0.7941586124282518,0.7972161773668929,0.8014163421807833,mfeat_karhunen,5,LR,feat
180,0.4987499999999999,0.4987499999999999,0.5017650869980337,0.5001604498834229,0.5075000000000001,GAMETES_Epistasis_2_Way_1000atts_0.4H_EDM_1_EDM_1_1,0,KNN,feat
181,0.5075000000000001,0.5075000000000001,0.5248087971055769,0.5071924871269256,0.5449999999999999,GAMETES_Epistasis_2_Way_1000atts_0.4H_EDM_1_EDM_1_1,1,KNN,feat
182,0.5106249999999999,0.5106249999999999,0.4940859433813317,0.5122981071171511,0.47875,GAMETES_Epistasis_2_Way_1000atts_0.4H_EDM_1_EDM_1_1,2,KNN,feat
183,0.50875,0.50875,0.5121295450466186,0.5083553560948154,0.51625,GAMETES_Epistasis_2_Way_1000atts_0.4H_EDM_1_EDM_1_1,3,KNN,feat
184,0.5131249999999999,0.5131249999999999,0.5200832057179007,0.5131335015497862,0.5275000000000001,GAMETES_Epistasis_2_Way_1000atts_0.4H_EDM_1_EDM_1_1,4,KNN,feat
185,0.488125,0.488125,0.4825633252993794,0.4872509088340729,0.48,GAMETES_Epistasis_2_Way_1000atts_0.4H_EDM_1_EDM_1_1,5,KNN,feat
186,0.491875,0.491875,0.4907768739265316,0.4919227190733248,0.49,GAMETES_Epistasis_2_Way_1000atts_0.4H_EDM_1_EDM_1_1,0,SVC,feat
187,0.4943749999999999,0.4943749999999999,0.496380571313579,0.4949224562967512,0.5,GAMETES_Epistasis_2_Way_1000atts_0.4H_EDM_1_EDM_1_1,1,SVC,feat
188,0.4962499999999999,0.4962499999999999,0.4825192546924454,0.49478013958503,0.4712499999999999,GAMETES_Epistasis_2_Way_1000atts_0.4H_EDM_1_EDM_1_1,2,SVC,feat
189,0.486875,0.486875,0.4843641025203408,0.4866262284440479,0.4825,GAMETES_Epistasis_2_Way_1000atts_0.4H_EDM_1_EDM_1_1,3,SVC,feat
190,0.498125,0.498125,0.4859943401795262,0.4982433356117567,0.4762499999999999,GAMETES_Epistasis_2_Way_1000atts_0.4H_EDM_1_EDM_1_1,4,SVC,feat
191,0.486875,0.486875,0.4956036505508486,0.4863679255714719,0.50625,GAMETES_Epistasis_2_Way_1000atts_0.4H_EDM_1_EDM_1_1,5,SVC,feat
192,0.4943749999999999,0.4943749999999999,0.4535743967892532,0.4928492814691362,0.4212499999999999,GAMETES_Epistasis_2_Way_1000atts_0.4H_EDM_1_EDM_1_1,0,NB,feat
193,0.50625,0.50625,0.4906640507507244,0.5061406169293219,0.4825,GAMETES_Epistasis_2_Way_1000atts_0.4H_EDM_1_EDM_1_1,1,NB,feat
194,0.5,0.5,0.4707392182879344,0.4992697056677257,0.4474999999999999,GAMETES_Epistasis_2_Way_1000atts_0.4H_EDM_1_EDM_1_1,2,NB,feat
195,0.515,0.515,0.5094252820233744,0.5146888702209564,0.50625,GAMETES_Epistasis_2_Way_1000atts_0.4H_EDM_1_EDM_1_1,3,NB,feat
196,0.5268750000000001,0.5268750000000001,0.5063380498378198,0.5288534377097184,0.4912499999999999,GAMETES_Epistasis_2_Way_1000atts_0.4H_EDM_1_EDM_1_1,4,NB,feat
197,0.485,0.485,0.476699841138967,0.4829234808537617,0.47375,GAMETES_Epistasis_2_Way_1000atts_0.4H_EDM_1_EDM_1_1,5,NB,feat
198,0.4875,0.4875,0.4803145475065613,0.4882840897967373,0.47375,GAMETES_Epistasis_2_Way_1000atts_0.4H_EDM_1_EDM_1_1,0,DT,feat
199,0.506875,0.506875,0.5164390581031004,0.5075629108327311,0.5262500000000001,GAMETES_Epistasis_2_Way_1000atts_0.4H_EDM_1_EDM_1_1,1,DT,feat
200,0.52625,0.52625,0.5244159732785286,0.5254695734739554,0.5237499999999999,GAMETES_Epistasis_2_Way_1000atts_0.4H_EDM_1_EDM_1_1,2,DT,feat
201,0.53125,0.53125,0.5292275966115211,0.5316120689612839,0.5275,GAMETES_Epistasis_2_Way_1000atts_0.4H_EDM_1_EDM_1_1,3,DT,feat
202,0.5137499999999999,0.5137499999999999,0.522574978531997,0.5139468399080028,0.5325,GAMETES_Epistasis_2_Way_1000atts_0.4H_EDM_1_EDM_1_1,4,DT,feat
203,0.52125,0.52125,0.5235484823705248,0.5212716342703534,0.52625,GAMETES_Epistasis_2_Way_1000atts_0.4H_EDM_1_EDM_1_1,5,DT,feat
204,0.4999999999999999,0.4999999999999999,0.4941505214714222,0.5003692547969656,0.4887499999999999,GAMETES_Epistasis_2_Way_1000atts_0.4H_EDM_1_EDM_1_1,0,RF,feat
205,0.48875,0.48875,0.4545499162252215,0.4865950645286803,0.4274999999999999,GAMETES_Epistasis_2_Way_1000atts_0.4H_EDM_1_EDM_1_1,1,RF,feat
206,0.501875,0.501875,0.4783584829475956,0.5032729260796807,0.45625,GAMETES_Epistasis_2_Way_1000atts_0.4H_EDM_1_EDM_1_1,2,RF,feat
207,0.4943749999999999,0.4943749999999999,0.4764011579157771,0.4937585406510615,0.46125,GAMETES_Epistasis_2_Way_1000atts_0.4H_EDM_1_EDM_1_1,3,RF,feat
208,0.5037499999999999,0.5037499999999999,0.474996028800228,0.5031568240705433,0.45125,GAMETES_Epistasis_2_Way_1000atts_0.4H_EDM_1_EDM_1_1,4,RF,feat
209,0.5043749999999999,0.5043749999999999,0.4897764945648697,0.504284747510554,0.4775,GAMETES_Epistasis_2_Way_1000atts_0.4H_EDM_1_EDM_1_1,5,RF,feat
210,0.8024554941682014,0.7967734717262364,0.7592968726372552,0.9170808323619832,0.6479425678317303,agaricus_lepiota,0,KNN,feat
211,0.8045426642111725,0.7987966970276115,0.7612197192203436,0.9228554798489746,0.6482067922954622,agaricus_lepiota,1,KNN,feat
212,0.8068753836709638,0.8013353189775494,0.7656503937255961,0.9195747187990964,0.6561195167722262,agaricus_lepiota,2,KNN,feat
213,0.8036832412523021,0.7978233318733124,0.7593707295974143,0.9246588096418084,0.644370487658665,agaricus_lepiota,3,KNN,feat
214,0.8082259054634745,0.8023995147626056,0.7648660450527327,0.931004129327817,0.6497344723329945,agaricus_lepiota,4,KNN,feat
215,0.8062615101289135,0.800431716810493,0.7625729294430895,0.9284278848495504,0.6479380066202726,agaricus_lepiota,5,KNN,feat
216,0.756169429097606,0.7492493523754055,0.6913824465877785,0.8835005687696043,0.5680347043031772,agaricus_lepiota,0,SVC,feat
217,0.756169429097606,0.7492520296230196,0.6914039429104267,0.8834403358405378,0.5680389397138166,agaricus_lepiota,1,SVC,feat
218,0.7561694290976059,0.7492490744008182,0.6913078276875169,0.883520846741274,0.5680327494982668,agaricus_lepiota,2,SVC,feat
219,0.7561694290976059,0.7492528707330212,0.6914497928198213,0.8836083917370459,0.568036984908906,agaricus_lepiota,3,SVC,feat
220,0.7505217925107427,0.7449923375445716,0.6955797596783799,0.8494255044309508,0.5997123178773425,agaricus_lepiota,4,SVC,feat
221,0.7561694290976059,0.7492469991320498,0.6913830016417017,0.8833756613038725,0.5680330752990852,agaricus_lepiota,5,SVC,feat
222,0.8267648864333947,0.8253548306885625,0.8138076293770092,0.8410997049906989,0.7885979487580472,agaricus_lepiota,0,NB,feat
223,0.8267648864333946,0.8253611341817304,0.8140799411906299,0.8414732913185345,0.7886139129981494,agaricus_lepiota,1,NB,feat
224,0.8267648864333947,0.8253641390267227,0.8140294094297668,0.8412420900531984,0.7886168452055151,agaricus_lepiota,2,NB,feat
225,0.8267648864333947,0.8253655857086901,0.8140781954030819,0.8413861147730899,0.7886155420022416,agaricus_lepiota,3,NB,feat
226,0.8206261510128913,0.8194484985830031,0.8088619004492706,0.8305582184248583,0.7886126097948758,agaricus_lepiota,4,NB,feat
227,0.8267648864333947,0.8253593174658335,0.8140657080303914,0.8412779211886721,0.7886119581932389,agaricus_lepiota,5,NB,feat
228,0.8664211172498465,0.868404792785905,0.8688768089908248,0.8228868432976242,0.9203436547032606,agaricus_lepiota,0,DT,feat
229,0.8664211172498465,0.8684006900745995,0.8689047027699776,0.8230907958265037,0.9203430031016238,agaricus_lepiota,1,DT,feat
230,0.8664211172498465,0.8684066749531887,0.8688711081342724,0.8228724692359594,0.9203504965204472,agaricus_lepiota,2,DT,feat
231,0.8664211172498465,0.8684070025505672,0.8688842544260977,0.8229056689214012,0.9203491933171736,agaricus_lepiota,3,DT,feat
232,0.8664211172498465,0.8684002474030429,0.8689019395555387,0.8230973390033759,0.9203426773008054,agaricus_lepiota,4,DT,feat
233,0.8664211172498465,0.8684012726317295,0.868905742606545,0.8230706330852685,0.920343328902442,agaricus_lepiota,5,DT,feat
234,0.8664211172498465,0.868404792785905,0.8688768089908248,0.8228868432976242,0.9203436547032606,agaricus_lepiota,0,RF,feat
235,0.8664211172498465,0.8684006900745995,0.8689047027699776,0.8230907958265037,0.9203430031016238,agaricus_lepiota,1,RF,feat
236,0.8664211172498465,0.8684066749531887,0.8688711081342724,0.8228724692359594,0.9203504965204472,agaricus_lepiota,2,RF,feat
237,0.8664211172498465,0.8684070025505672,0.8688842544260977,0.8229056689214012,0.9203491933171736,agaricus_lepiota,3,RF,feat
238,0.8664211172498465,0.8684002474030429,0.8689019395555387,0.8230973390033759,0.9203426773008054,agaricus_lepiota,4,RF,feat
239,0.8664211172498465,0.8684012726317295,0.868905742606545,0.8230706330852685,0.920343328902442,agaricus_lepiota,5,RF,feat
240,0.9677504357711256,0.9681042998171032,0.9668825934279022,0.9561922582602328,0.9780361378267782,mushroom,0,KNN,feat
241,0.967134293292914,0.9673959194287814,0.966130804586457,0.9583750426340388,0.97447285427581,mushroom,1,KNN,feat
242,0.9698433497536948,0.9702217965111096,0.9690690089446108,0.9577930956970826,0.9808445408814868,mushroom,2,KNN,feat
243,0.9639313376278894,0.963792354178444,0.9621720191430814,0.9656937488193448,0.9599017384731672,mushroom,3,KNN,feat
244,0.9635658203865102,0.963652053349024,0.9622290201552144,0.958992030323361,0.9660375452863136,mushroom,4,KNN,feat
245,0.9683661235316408,0.9686992321121548,0.967496861957363,0.9573519121989124,0.97803581202596,mushroom,5,KNN,feat
246,0.7562754073512694,0.7497387027134549,0.6917083335225661,0.885218162322072,0.5679187192118226,mushroom,0,SVC,feat
247,0.7562772262220538,0.7497421347498181,0.6919804185124877,0.8855809747775997,0.5679236062240988,mushroom,1,SVC,feat
248,0.7562774535809019,0.7497457402406261,0.6918369905691408,0.885279543288114,0.5679310996429222,mushroom,2,SVC,feat
249,0.7562773020083365,0.7497419173580278,0.691687565926262,0.8852128760710116,0.5679245836265541,mushroom,3,SVC,feat
250,0.7562761652140962,0.7497438182452912,0.691795099104032,0.8854402331177843,0.5679255610290093,mushroom,4,SVC,feat
251,0.7562777567260326,0.7497481731927285,0.6917147827599239,0.885719209607941,0.5679337060494696,mushroom,5,SVC,feat
252,0.7114697233800682,0.706805839665931,0.6582385832998485,0.7663941060835221,0.5771111893033075,mushroom,0,NB,feat
253,0.7114718453959833,0.7068116396089794,0.6585148313845812,0.7667832314198278,0.5771177053196757,mushroom,1,NB,feat
254,0.7114703296703297,0.7068114105156855,0.6583968275672031,0.7664956828778267,0.5771248729376808,mushroom,2,NB,feat
255,0.7114720727548314,0.7068109663255371,0.6582573019138946,0.7663817407781807,0.5771160763155837,mushroom,3,NB,feat
256,0.7114712391057219,0.7068115417539871,0.6583246839835244,0.7667313199421473,0.5771183569213126,mushroom,4,NB,feat
257,0.7114725274725275,0.706817026450253,0.6583240251960432,0.766845347193215,0.577126501941773,mushroom,5,NB,feat
258,0.9719350511557407,0.9725897583282808,0.9714653523279788,0.952880455249288,0.9908075299085152,mushroom,0,DT,feat
259,0.9719348995831756,0.972589791137856,0.9714659834657862,0.952881066800106,0.9908059009044232,mushroom,1,DT,feat
260,0.9719356574460022,0.9725898128196616,0.971459047197644,0.9528575411375112,0.9908062267052417,mushroom,2,DT,feat
261,0.9719349753694582,0.9725903882481118,0.9714556983394106,0.952858129329227,0.9908085073109704,mushroom,3,DT,feat
262,0.9719350511557407,0.9725917137069252,0.9714697875386852,0.9529198322427164,0.9908072041076968,mushroom,4,DT,feat
263,0.9719353543008716,0.9725908663953036,0.9714589115368218,0.9528692020646826,0.9908072041076968,mushroom,5,DT,feat
264,0.9719350511557407,0.9725897583282808,0.9714653523279788,0.952880455249288,0.9908075299085152,mushroom,0,RF,feat
265,0.9719348995831756,0.972589791137856,0.9714659834657862,0.952881066800106,0.9908059009044232,mushroom,1,RF,feat
266,0.9719356574460022,0.9725898128196616,0.971459047197644,0.9528575411375112,0.9908062267052417,mushroom,2,RF,feat
267,0.9719349753694582,0.9725903882481118,0.9714556983394106,0.952858129329227,0.9908085073109704,mushroom,3,RF,feat
268,0.9719350511557407,0.9725917137069252,0.9714697875386852,0.9529198322427164,0.9908072041076968,mushroom,4,RF,feat
269,0.9719353543008716,0.9725908663953036,0.9714589115368218,0.9528692020646826,0.9908072041076968,mushroom,5,RF,feat
270,0.677027027027027,0.6765080633775021,0.6952577298391117,0.663927781145212,0.7299314906685566,ring,0,KNN,feat
271,0.6806756756756757,0.6801782569843561,0.69800117162284,0.6678053588580011,0.7312680311262877,ring,1,KNN,feat
272,0.6845945945945946,0.6840403310671,0.703274949630875,0.6696299406276973,0.740626677834332,ring,2,KNN,feat
273,0.6864864864864865,0.6859323124910774,0.7053354170571906,0.6711812946252846,0.7433155080213902,ring,3,KNN,feat
274,0.6877027027027027,0.6871950875389675,0.7049680029981307,0.6739556339178697,0.7390227576974565,ring,4,KNN,feat
275,0.6843243243243243,0.6838031045196271,0.7021733682929036,0.6704853934878316,0.7371478785015283,ring,5,KNN,feat
276,0.49,0.4901542624394691,0.4510888509563051,0.4664742951092167,0.480809870498035,ring,0,SVC,feat
277,0.4806756756756757,0.4806905535062647,0.4650787350068662,0.471932423783158,0.4791350786389766,ring,1,SVC,feat
278,0.508108108108108,0.5074084964780201,0.5178802935945757,0.4942300444995506,0.5795159246612117,ring,2,SVC,feat
279,0.4791891891891892,0.4790476079417303,0.4622188958798044,0.4590766733046829,0.4905794300195435,ring,3,SVC,feat
280,0.5177027027027028,0.5170737798082137,0.540802407825151,0.5159546990158078,0.5832667568670403,ring,4,SVC,feat
281,0.5295945945945946,0.5295669756782254,0.5273126730909969,0.5293331099664348,0.5367172790985689,ring,5,SVC,feat
282,0.7252702702702702,0.7240738247737685,0.7568973490305803,0.6840698876176814,0.8471662049266586,ring,0,NB,feat
283,0.7240540540540541,0.7228496975226729,0.7559112485396056,0.6829674790107954,0.8463565491914181,ring,1,NB,feat
284,0.7248648648648649,0.7236077519291504,0.7577495382960139,0.6820112846149997,0.8525152302615095,ring,2,NB,feat
285,0.720135135135135,0.7189051764387677,0.7530515339822135,0.6791958973223747,0.8450192928577053,ring,3,NB,feat
286,0.7256756756756757,0.7244972116257471,0.7568367287537093,0.6852148565099152,0.845285956660868,ring,4,NB,feat
287,0.726081081081081,0.7248752849594233,0.7578319701196903,0.6845508042133137,0.8487672615596074,ring,5,NB,feat
288,0.6212162162162163,0.6211771411610014,0.6250527769663442,0.6249568051050852,0.6252682745241215,ring,0,DT,feat
289,0.641081081081081,0.6410708972409449,0.6434381488427706,0.6454515699261811,0.6415913207195986,ring,1,DT,feat
290,0.6305405405405405,0.6305569053659521,0.6319740024910268,0.6354876618488319,0.6287395571591178,ring,2,DT,feat
291,0.6371621621621621,0.6372722977767576,0.6353831883951624,0.644766733065404,0.6263445940625246,ring,3,DT,feat
292,0.6345945945945946,0.6346736280092677,0.6339254024918574,0.6413396207680596,0.6268789954828226,ring,4,DT,feat
293,0.6299999999999999,0.6299672748973826,0.6334016470029761,0.6339243508329405,0.6332953919063062,ring,5,DT,feat
294,0.67,0.6695653138310445,0.6860648298722226,0.6599953934555366,0.7146768893756845,ring,0,RF,feat
295,0.6804054054054054,0.6799305026987019,0.6968660051949523,0.6685349796710859,0.7280458733329038,ring,1,RF,feat
296,0.6828378378378378,0.6823563399783314,0.6996358693366995,0.6702252848618825,0.7317938420348059,ring,2,RF,feat
297,0.6786486486486486,0.678168623220823,0.6957478904748077,0.6663362784271412,0.7280591170385643,ring,3,RF,feat
298,0.6789189189189189,0.6784881661400624,0.6942459218194339,0.6682617919560584,0.7224237413110552,ring,4,RF,feat
299,0.6791891891891892,0.6786992959115801,0.6964661213777563,0.6667658422303578,0.7291189714293896,ring,5,RF,feat
300,0.7105405405405405,0.7105389436430672,0.7101460736681904,0.7104555485969424,0.710032915188531,twonorm,0,KNN,feat
301,0.7018918918918919,0.7018899233474407,0.7035043058548709,0.6991063450426525,0.7086764436967414,twonorm,1,KNN,feat
302,0.6906756756756757,0.6906718790031944,0.6906495571363105,0.6903613604963547,0.6911055846103207,twonorm,2,KNN,feat
303,0.701081081081081,0.7010719853544438,0.6989186962022265,0.7036598201191435,0.6943411476429068,twonorm,3,KNN,feat
304,0.701081081081081,0.7010811180977123,0.700383459662897,0.7012981794451266,0.6997571590535056,twonorm,4,KNN,feat
305,0.7064864864864865,0.7064954733842278,0.7068243390796176,0.7057093359870247,0.7081457777127601,twonorm,5,KNN,feat
306,0.735,0.7350022664049443,0.7349024846263952,0.7345070875360247,0.7354631898474929,twonorm,0,SVC,feat
307,0.74,0.7399984371578275,0.7394966345810725,0.7400743312298634,0.7395176096258641,twonorm,1,SVC,feat
308,0.7337837837837837,0.7337807585378984,0.7330990864508532,0.7343674828319173,0.7319474819880774,twonorm,2,SVC,feat
309,0.7305405405405405,0.7305331182124146,0.7274317807374588,0.7355903999570936,0.7195000548586477,twonorm,3,SVC,feat
310,0.7356756756756757,0.7356702727281746,0.7350730500555931,0.7362760552524825,0.7341045240098014,twonorm,4,SVC,feat
311,0.7410810810810811,0.7410873689728472,0.740846274787212,0.741343084159133,0.7406052737446511,twonorm,5,SVC,feat
312,0.7347297297297297,0.7347314485353087,0.7347726396201477,0.7339584452056436,0.7357330943934463,twonorm,0,NB,feat
313,0.7397297297297298,0.7397298111663184,0.7402687623485443,0.7379799185705966,0.7430333174852797,twonorm,1,NB,feat
314,0.7341891891891892,0.7341887205586372,0.7342671072861713,0.7334624181461877,0.7351932853015397,twonorm,2,NB,feat
315,0.7312162162162161,0.7312115353398025,0.728685122709935,0.7353860390657969,0.7222071462531543,twonorm,3,NB,feat
316,0.7370270270270269,0.7370254612235241,0.7376388561920806,0.7355068896129906,0.7400559558205025,twonorm,4,NB,feat
317,0.740945945945946,0.7409502248217439,0.7407469044408421,0.7410474084820977,0.7406030793987493,twonorm,5,NB,feat
318,0.6586486486486486,0.658648459863829,0.6594771154984843,0.6573393479944888,0.6618871374757707,twonorm,0,DT,feat
319,0.6566216216216216,0.6566091943981694,0.6535111855385626,0.6588456298985454,0.6486292652598471,twonorm,1,DT,feat
320,0.6537837837837837,0.6537803054543316,0.6522627126791952,0.6546533906052431,0.6499901254434407,twonorm,2,DT,feat
321,0.6406756756756757,0.6406729055977685,0.6393331662399993,0.6412211799698004,0.6375419668653769,twonorm,3,DT,feat
322,0.6454054054054055,0.6453955234455199,0.6434887264173137,0.6466080735047274,0.6405153055626668,twonorm,4,DT,feat
323,0.6436486486486486,0.6436540970032174,0.6426161595258172,0.6441189647672344,0.6413345280327689,twonorm,5,DT,feat
324,0.7009459459459458,0.7009383136101318,0.6982311528587077,0.7045134932449966,0.6924525472698679,twonorm,0,RF,feat
325,0.7054054054054053,0.7054010655755545,0.7044983544531643,0.7064783088815659,0.7030004022967488,twonorm,1,RF,feat
326,0.6944594594594594,0.6944514613993283,0.6924561454960592,0.6966433677266173,0.6883977617671799,twonorm,2,RF,feat
327,0.6977027027027027,0.6976945119093113,0.6960043011282553,0.6994696650217345,0.692714405880847,twonorm,3,RF,feat
328,0.6972972972972973,0.6972940501984017,0.6964759150345368,0.6976722084833213,0.6954317375562301,twonorm,4,RF,feat
329,0.7013513513513513,0.7013541278454747,0.7003322204710469,0.7021241736877766,0.6986790037669605,twonorm,5,RF,feat
330,0.8130482456140351,0.8041624360538304,0.7695912276363017,0.8213951266125179,0.7384436701509871,clean1,0,KNN,feat
331,0.8235526315789474,0.8176189502236442,0.7914113001747303,0.82739088029838,0.7686411149825784,clean1,1,KNN,feat
332,0.8214035087719299,0.8118139406910692,0.7828245614035089,0.8334260991846131,0.7387921022067363,clean1,2,KNN,feat
333,0.80890350877193,0.7983127463799345,0.7586872455250211,0.8229415039759868,0.7155632984901278,clean1,3,KNN,feat
334,0.7836842105263158,0.7728874328276077,0.7334655740077427,0.7865352530887335,0.6907084785133566,clean1,4,KNN,feat
335,0.7941008771929825,0.7862568998556114,0.7525358315575034,0.7878895264941776,0.7248548199767711,clean1,5,KNN,feat
336,0.9916008771929824,0.9908542063857296,0.9902991486643742,0.9953488372093025,0.9854819976771196,clean1,0,SVC,feat
337,0.9979166666666668,0.9976190476190476,0.9975903614457832,1.0,0.9952380952380953,clean1,1,SVC,feat
338,0.9936842105263156,0.9944444444444444,0.9928284566838784,0.9859357696567,1.0,clean1,2,SVC,feat
339,0.9937061403508772,0.9927409988385598,0.9926520898408449,1.0,0.9854819976771196,clean1,3,SVC,feat
340,0.9957894736842106,0.9951219512195122,0.995,1.0,0.9902439024390244,clean1,4,SVC,feat
341,0.995811403508772,0.9957322551662172,0.9952374202693124,0.9953488372093025,0.9952380952380953,clean1,5,SVC,feat
342,0.9180263157894736,0.9167258343742468,0.9054605744869934,0.9042539223322577,0.9076655052264808,clean1,0,NB,feat
343,0.8864912280701753,0.8861864099323832,0.872407314298697,0.8651011707745535,0.883623693379791,clean1,1,NB,feat
344,0.9095394736842106,0.9117365113453472,0.9012204908927216,0.8807801346332902,0.927526132404181,clean1,2,NB,feat
345,0.8885964912280702,0.8874619244844741,0.8737903630384061,0.8709298167304886,0.8793263646922183,clean1,3,NB,feat
346,0.9075657894736844,0.9074660881379704,0.8949125643632518,0.885682434820823,0.9080139372822298,clean1,4,NB,feat
347,0.928640350877193,0.9281299839054096,0.9183776316367236,0.9154635661263444,0.9229965156794424,clean1,5,NB,feat
348,1.0,1.0,1.0,1.0,1.0,clean1,0,DT,feat
349,1.0,1.0,1.0,1.0,1.0,clean1,1,DT,feat
350,1.0,1.0,1.0,1.0,1.0,clean1,2,DT,feat
351,1.0,1.0,1.0,1.0,1.0,clean1,3,DT,feat
352,1.0,1.0,1.0,1.0,1.0,clean1,4,DT,feat
353,1.0,1.0,1.0,1.0,1.0,clean1,5,DT,feat
354,1.0,1.0,1.0,1.0,1.0,clean1,0,RF,feat
355,1.0,1.0,1.0,1.0,1.0,clean1,1,RF,feat
356,1.0,1.0,1.0,1.0,1.0,clean1,2,RF,feat
357,1.0,1.0,1.0,1.0,1.0,clean1,3,RF,feat
358,1.0,1.0,1.0,1.0,1.0,clean1,4,RF,feat
359,1.0,1.0,1.0,1.0,1.0,clean1,5,RF,feat
360,0.9036402021623696,0.9142922723729549,0.8964212859915334,0.8848334233989213,0.9142922723729549,dna,0,KNN,feat
361,0.9045850701023116,0.9148754754121736,0.8967964233430843,0.8857426283268038,0.9148754754121736,dna,1,KNN,feat
362,0.9067799195878014,0.915371698314652,0.8986463673164682,0.8879442947371965,0.915371698314652,dna,2,KNN,feat
363,0.907405402479294,0.9178664213709532,0.9001558554255024,0.8886314685694572,0.9178664213709532,dna,3,KNN,feat
364,0.905211045112523,0.9178841090588026,0.8989985712487563,0.8869130254611214,0.9178841090588026,dna,4,KNN,feat
365,0.9048887073517616,0.9169614856837178,0.8984222560802653,0.8866235811865557,0.9169614856837178,dna,5,KNN,feat
366,0.9403630851906714,0.9376538648051,0.931948620848727,0.9274106196996502,0.9376538648051,dna,0,SVC,feat
367,0.9428753512497356,0.9397307884672378,0.9343712009706436,0.9299533699911382,0.9397307884672378,dna,1,SVC,feat
368,0.9416219248731564,0.9380026264831668,0.932630411235502,0.9283246441173384,0.9380026264831668,dna,2,SVC,feat
369,0.9422488841208054,0.9402611985622472,0.934241018740338,0.9292870247323938,0.9402611985622472,dna,3,SVC,feat
370,0.940676564814496,0.9378536659254626,0.9322941182378722,0.9283680399678144,0.9378536659254626,dna,4,SVC,feat
371,0.942872890656142,0.9399729863564944,0.9347479835559314,0.9304407518800456,0.9399729863564944,dna,5,SVC,feat
372,0.9080313774895056,0.911120107110866,0.8966709166594388,0.8904595567142938,0.911120107110866,dna,0,NB,feat
373,0.9083542073689858,0.91060907038515,0.8972866966897118,0.8910700780399872,0.91060907038515,dna,1,NB,feat
374,0.9055284616860972,0.905929396446546,0.8927107811190137,0.8876420326676472,0.905929396446546,dna,2,NB,feat
375,0.910859583765988,0.9132796052291342,0.8997891209099546,0.8939614831381398,0.9132796052291342,dna,3,NB,feat
376,0.9026938578662718,0.902701244677431,0.8896142790714819,0.8864697251454056,0.902701244677431,dna,4,NB,feat
377,0.9027027160032086,0.9032319659225648,0.8899207746416844,0.8871329825657277,0.9032319659225648,dna,5,NB,feat
378,0.9328326845568226,0.9339819189294932,0.9259904128436546,0.919336392080114,0.9339819189294932,dna,0,DT,feat
379,0.9362853894873598,0.9361919909103132,0.9286766667916864,0.9223628789980348,0.9361919909103132,dna,1,DT,feat
380,0.935969449269942,0.9357508244837196,0.9288500022432244,0.9230555442457902,0.9357508244837196,dna,2,DT,feat
381,0.9322012962407052,0.9342606444756792,0.9254940874419132,0.9185211505292936,0.9342606444756792,dna,3,DT,feat
382,0.9353429821410116,0.9362844520761706,0.9284160221497402,0.922663992171404,0.9362844520761706,dna,4,DT,feat
383,0.936910380260134,0.9363635423347526,0.929376814605352,0.9238798483752566,0.9363635423347526,dna,5,DT,feat
384,0.9450736455662564,0.9413709274487664,0.9380046021529462,0.934995318170459,0.9413709274487664,dna,0,RF,feat
385,0.9435057553284156,0.939419940944732,0.9359885167947478,0.9329193711686492,0.939419940944732,dna,1,RF,feat
386,0.9406800096455268,0.9364390919784558,0.9331247470143378,0.930350020530101,0.9364390919784558,dna,2,RF,feat
387,0.9435032947348218,0.940816762238479,0.9362805928105676,0.9323190929831264,0.940816762238479,dna,3,RF,feat
388,0.9447562289926822,0.9420920400874196,0.9377218674077106,0.934926254825374,0.9420920400874196,dna,4,RF,feat
389,0.942872890656142,0.9392548809325068,0.9352914963410492,0.9320697271288264,0.9392548809325068,dna,5,RF,feat
390,0.7387117552334943,0.675016727710932,0.5387661139313178,0.5595465503955116,0.5208043172033411,phoneme,0,KNN,feat
391,0.7387127830883613,0.6711529857284387,0.5329340388144252,0.5615549906368158,0.5075828819713113,phoneme,1,KNN,feat
392,0.7359404872032068,0.670839523324189,0.5325679795538039,0.5545844198243998,0.5132373073031367,phoneme,2,KNN,feat
393,0.7357565011820331,0.6729040788783252,0.5358793885356927,0.5534260238551693,0.5207705890522389,phoneme,3,KNN,feat
394,0.7333436118820023,0.6686453717112658,0.5300539136025132,0.5495976607292516,0.5119992857568001,phoneme,4,KNN,feat
395,0.737786000616713,0.6725060721596536,0.5349535424655766,0.557712047544844,0.5144713608316966,phoneme,5,KNN,feat
396,0.706513687600644,0.5,0.0,0.0,0.0,phoneme,0,SVC,feat
397,0.706513687600644,0.5,0.0,0.0,0.0,phoneme,1,SVC,feat
398,0.706513687600644,0.5,0.0,0.0,0.0,phoneme,2,SVC,feat
399,0.706513687600644,0.5,0.0,0.0,0.0,phoneme,3,SVC,feat
400,0.706513687600644,0.5,0.0,0.0,0.0,phoneme,4,SVC,feat
401,0.706513687600644,0.5,0.0,0.0,0.0,phoneme,5,SVC,feat
402,0.7228002192757049,0.5881927545833013,0.3570649120480574,0.5595271246277959,0.2622919270678333,phoneme,0,NB,feat
403,0.7224255661767225,0.5877333992345356,0.3553324041720281,0.5578428263849049,0.2616411721524512,phoneme,1,NB,feat
404,0.7231685339363415,0.5891901339363159,0.3594166624800608,0.5600415896558661,0.2648116183560502,phoneme,2,NB,feat
405,0.7242787885017302,0.5907191810809035,0.3620065098955704,0.5633831771065826,0.267347181715374,phoneme,3,NB,feat
406,0.7233528625758043,0.5891338461537178,0.3592583631700432,0.5632523494817925,0.2641826875384401,phoneme,4,NB,feat
407,0.7240925754616782,0.5902158744753663,0.3605419374715585,0.563518366369989,0.2660774160268238,phoneme,5,NB,feat
408,0.7248321170384076,0.6399372478197233,0.4805510604146703,0.5386225208096288,0.4344046981330477,phoneme,0,DT,feat
409,0.723538904306712,0.6384759600385674,0.4789077036541947,0.537378664701686,0.4325357617602126,phoneme,1,DT,feat
410,0.7192822146846198,0.6380360436354033,0.4795748014368429,0.5267702007611661,0.4413507132511954,phoneme,2,DT,feat
411,0.7181733305923871,0.6337521801469604,0.4719696814519607,0.525985592155019,0.4293712675832788,phoneme,3,DT,feat
412,0.7183542330489601,0.6357276027032892,0.475934182265768,0.5249557821659359,0.4356863678749281,phoneme,4,DT,feat
413,0.7227979922568266,0.6410767460921529,0.4838528238134967,0.5334602322860716,0.4432295696684721,phoneme,5,DT,feat
414,0.7220572515160859,0.6571340557572939,0.512893581062903,0.5274082059876513,0.4999662718488978,phoneme,0,RF,feat
415,0.7276090382704629,0.6647613981251076,0.5245654426929971,0.5382153733685552,0.512610360494415,phoneme,1,RF,feat
416,0.7194675711789495,0.6553048993017849,0.5110026145140131,0.523379119710221,0.4999821439200048,phoneme,2,RF,feat
417,0.7209499092061533,0.6567199311701705,0.512979228873063,0.5265944361986745,0.5012360375374482,phoneme,3,RF,feat
418,0.7205747421797375,0.6592292795699497,0.517532639673554,0.5253228963638169,0.5107156320060314,phoneme,4,RF,feat
419,0.7226112652893412,0.6625146615875079,0.5225435535505223,0.528740596337227,0.5170108922087971,phoneme,5,RF,feat
420,0.7545,0.7545,0.7507773949776119,0.7661328466893211,0.7545,mfeat_pixel,0,KNN,feat
421,0.757,0.7569999999999999,0.7541623362631661,0.7669641707097538,0.7569999999999999,mfeat_pixel,1,KNN,feat
422,0.7425,0.7425,0.739949716056119,0.7528936346224471,0.7425,mfeat_pixel,2,KNN,feat
423,0.7464999999999999,0.7464999999999999,0.7444782825119847,0.7554911441212175,0.7464999999999999,mfeat_pixel,3,KNN,feat
424,0.7539999999999999,0.7539999999999999,0.7513256828742543,0.7623166836681431,0.7539999999999999,mfeat_pixel,4,KNN,feat
425,0.7605,0.7605,0.7581543737202596,0.7686467895008168,0.7605,mfeat_pixel,5,KNN,feat
426,0.7555000000000001,0.7555,0.753811454687921,0.7656034831183595,0.7555,mfeat_pixel,0,SVC,feat
427,0.768,0.768,0.765937619817396,0.7786568896055177,0.768,mfeat_pixel,1,SVC,feat
428,0.7579999999999999,0.758,0.7561451041881467,0.766487498252002,0.758,mfeat_pixel,2,SVC,feat
429,0.7464999999999999,0.7464999999999999,0.7438794135938497,0.7541457957467121,0.7464999999999999,mfeat_pixel,3,SVC,feat
430,0.7575000000000001,0.7575000000000001,0.7539873778837956,0.7624788928801356,0.7575000000000001,mfeat_pixel,4,SVC,feat
431,0.7685,0.7685000000000001,0.7679396675923309,0.7733560413611317,0.7685000000000001,mfeat_pixel,5,SVC,feat
432,0.6575,0.6575,0.6439298325106579,0.6716969529745709,0.6575,mfeat_pixel,0,NB,feat
433,0.675,0.675,0.6623458026393216,0.6892694656496243,0.675,mfeat_pixel,1,NB,feat
434,0.6615,0.6615,0.6499401278718135,0.6783198369608915,0.6615,mfeat_pixel,2,NB,feat
435,0.6659999999999999,0.6660000000000001,0.6525245001393336,0.6789440347423193,0.6660000000000001,mfeat_pixel,3,NB,feat
436,0.6635,0.6635,0.6478457458992187,0.6733669022594431,0.6635,mfeat_pixel,4,NB,feat
437,0.6675000000000001,0.6675000000000001,0.6523995047613685,0.6752069295272065,0.6675000000000001,mfeat_pixel,5,NB,feat
438,0.722,0.7220000000000001,0.7214851818423105,0.7296414599539973,0.7220000000000001,mfeat_pixel,0,DT,feat
439,0.7190000000000001,0.7190000000000001,0.7175325227752839,0.7236157856519755,0.7190000000000001,mfeat_pixel,1,DT,feat
440,0.7135,0.7135,0.7121015608975931,0.7169651509303888,0.7135,mfeat_pixel,2,DT,feat
441,0.7195,0.7195,0.7177119777074956,0.7244695270518946,0.7195,mfeat_pixel,3,DT,feat
442,0.7274999999999999,0.7275,0.7261733654688619,0.7326408337889676,0.7275,mfeat_pixel,4,DT,feat
443,0.72,0.72,0.7186789436297223,0.7226287193260867,0.72,mfeat_pixel,5,DT,feat
444,0.7845000000000001,0.7845000000000001,0.7829397073701827,0.7857374821785228,0.7845000000000001,mfeat_pixel,0,RF,feat
445,0.7845,0.7845,0.783328932452817,0.7874284879968989,0.7845,mfeat_pixel,1,RF,feat
446,0.773,0.773,0.7714982069615817,0.7750530799538139,0.773,mfeat_pixel,2,RF,feat
447,0.7715,0.7715,0.7698375035335051,0.7734549376780916,0.7715,mfeat_pixel,3,RF,feat
448,0.7805,0.7805,0.7785123861811402,0.7814367975064078,0.7805,mfeat_pixel,4,RF,feat
449,0.7945,0.7945,0.7931809494333024,0.796983294034984,0.7945,mfeat_pixel,5,RF,feat
450,0.6356603773584906,0.6268016747896726,0.5692437804956689,0.6017004744686817,0.5412242370632463,banana,0,KNN,feat
451,0.6390566037735849,0.6324502337529396,0.5853816222369129,0.6032620293168007,0.5685926581158779,banana,1,KNN,feat
452,0.6584905660377358,0.6515575267949414,0.6053055653906516,0.6284383692411848,0.5845891198584697,banana,2,KNN,feat
453,0.6424528301886793,0.6356072136839133,0.5877184912057057,0.6076206917527011,0.56943653250774,banana,3,KNN,feat
454,0.6630188679245282,0.6565855453526687,0.6125680444892009,0.6324853495384236,0.5942857142857143,banana,4,KNN,feat
455,0.6650943396226416,0.6581399552777686,0.6123323330126988,0.636132082457088,0.5909111012826183,banana,5,KNN,feat
456,0.5516981132075471,0.5,0.0,0.0,0.0,banana,0,SVC,feat
457,0.5516981132075471,0.5,0.0,0.0,0.0,banana,1,SVC,feat
458,0.5516981132075471,0.5,0.0,0.0,0.0,banana,2,SVC,feat
459,0.5516981132075471,0.5,0.0,0.0,0.0,banana,3,SVC,feat
460,0.5516981132075471,0.5,0.0,0.0,0.0,banana,4,SVC,feat
461,0.5516981132075471,0.5,0.0,0.0,0.0,banana,5,SVC,feat
462,0.6458490566037736,0.6139732996150783,0.4340840164047749,0.7615940727553496,0.3055727554179566,banana,0,NB,feat
463,0.6449056603773584,0.6117767677163114,0.4225979814270717,0.7837786729822673,0.2912569659442724,banana,1,NB,feat
464,0.6530188679245283,0.6199065662979739,0.4335591093150777,0.8053500790073012,0.2996620964175144,banana,2,NB,feat
465,0.6413207547169811,0.6088512066131984,0.4227424161319724,0.7614442130186894,0.2946395400265369,banana,3,NB,feat
466,0.6549056603773585,0.6222602280148191,0.4410171100292157,0.8041517273487907,0.3064130915524105,banana,4,NB,feat
467,0.6411320754716981,0.60696245210228,0.4013351012088965,0.7906890269666098,0.2765077399380805,banana,5,NB,feat
468,0.6179245283018868,0.6011937135344405,0.5077205742376609,0.6018848365571685,0.4393737284387439,banana,0,DT,feat
469,0.6171698113207548,0.6011046747170204,0.5113985658194558,0.6004189154299485,0.4457036709420611,banana,1,DT,feat
470,0.6413207547169811,0.6255971102988365,0.5417062048011531,0.6345997337205509,0.4734913754975675,banana,2,DT,feat
471,0.6239622641509435,0.6087104142823638,0.5242291937657759,0.6088282124362132,0.461265811587793,banana,3,DT,feat
472,0.6350943396226415,0.6195194597943442,0.5353694764973527,0.6241424675797348,0.4688580274214949,banana,4,DT,feat
473,0.6328301886792452,0.6172737917232594,0.532346891003421,0.6201587815001944,0.4667616099071207,banana,5,DT,feat
474,0.6211320754716981,0.6095459724125909,0.5412888302143677,0.5944709349064188,0.4974586466165413,banana,0,RF,feat
475,0.6233962264150944,0.6124650859105034,0.5476307620923746,0.5967281855029456,0.5067244582043344,banana,1,RF,feat
476,0.6462264150943395,0.6349736337734768,0.5710007178563147,0.625746215012063,0.5260981866430783,banana,2,RF,feat
477,0.6271698113207547,0.616668411923215,0.5542763494032419,0.6013415197027459,0.5151375497567449,banana,3,RF,feat
478,0.6437735849056604,0.6331032769272092,0.5715216024243441,0.6205589923647772,0.5298823529411765,banana,4,RF,feat
479,0.6413207547169811,0.6306827074867067,0.5686029380215426,0.6167015134892299,0.5277832817337461,banana,5,RF,feat
480,0.9045,0.9045,0.903472882809146,0.9074813743756716,0.9045,mfeat_factors,0,KNN,feat
481,0.9035,0.9035,0.9027547320053348,0.9045592054294656,0.9035,mfeat_factors,1,KNN,feat
482,0.899,0.8989999999999998,0.8978528058110339,0.9013020432937802,0.8989999999999998,mfeat_factors,2,KNN,feat
483,0.8965,0.8965,0.8959162186167596,0.8990976990084636,0.8965,mfeat_factors,3,KNN,feat
484,0.902,0.902,0.9011602966891938,0.904363323020514,0.902,mfeat_factors,4,KNN,feat
485,0.8985,0.8985,0.8976813800415311,0.9004407726598732,0.8985,mfeat_factors,5,KNN,feat
486,0.938,0.938,0.9378093445296928,0.9390012906635772,0.938,mfeat_factors,0,SVC,feat
487,0.9355,0.9355,0.9354251561465678,0.9373496874637592,0.9355,mfeat_factors,1,SVC,feat
488,0.931,0.9309999999999998,0.931024203004762,0.9328382936605418,0.9309999999999998,mfeat_factors,2,SVC,feat
489,0.9305,0.9305,0.9304577311892748,0.931583754793744,0.9305,mfeat_factors,3,SVC,feat
490,0.9375,0.9375,0.9373165869695076,0.9390322554999092,0.9375,mfeat_factors,4,SVC,feat
491,0.932,0.932,0.9315700822607856,0.9331584611672096,0.932,mfeat_factors,5,SVC,feat
492,0.8459999999999999,0.8459999999999999,0.8455583442955591,0.850288920246476,0.8459999999999999,mfeat_factors,0,NB,feat
493,0.8470000000000001,0.8469999999999999,0.8468061650317372,0.8521459825778386,0.8469999999999999,mfeat_factors,1,NB,feat
494,0.8390000000000001,0.8390000000000001,0.8386919483726452,0.8430534949486415,0.8390000000000001,mfeat_factors,2,NB,feat
495,0.8425,0.8425,0.8424842867244932,0.8464712951691258,0.8425,mfeat_factors,3,NB,feat
496,0.8459999999999999,0.8459999999999999,0.8457214203007938,0.8511940788282036,0.8459999999999999,mfeat_factors,4,NB,feat
497,0.844,0.844,0.8438622947220662,0.8480876902682786,0.844,mfeat_factors,5,NB,feat
498,0.8265,0.8265,0.8262544085369938,0.8284032837763069,0.8265,mfeat_factors,0,DT,feat
499,0.8515,0.8515,0.8521494971544229,0.856052608311578,0.8515,mfeat_factors,1,DT,feat
500,0.845,0.845,0.8450785731559222,0.8482585697908009,0.845,mfeat_factors,2,DT,feat
501,0.833,0.833,0.8326788412555116,0.8352207938469091,0.833,mfeat_factors,3,DT,feat
502,0.8445,0.8445,0.8446242299661384,0.8486850615937378,0.8445,mfeat_factors,4,DT,feat
503,0.845,0.845,0.8447931615838631,0.8482205678388992,0.845,mfeat_factors,5,DT,feat
504,0.9185,0.9185,0.9182116940067871,0.9199783350933604,0.9185,mfeat_factors,0,RF,feat
505,0.923,0.923,0.9229170541829292,0.9247921576991368,0.923,mfeat_factors,1,RF,feat
506,0.92,0.92,0.9197426183252768,0.9218413444368692,0.92,mfeat_factors,2,RF,feat
507,0.924,0.924,0.9239161733550706,0.925600345300156,0.924,mfeat_factors,3,RF,feat
508,0.9265,0.9265,0.9260232371329384,0.9285233658134696,0.9265,mfeat_factors,4,RF,feat
509,0.927,0.9270000000000002,0.926933632785732,0.9287425702485856,0.9270000000000002,mfeat_factors,5,RF,feat
510,0.6965864136335741,0.7088904100197085,0.6672039456299633,0.5998594125949015,0.7672039328493371,spambase,0,KNN,feat
511,0.7389427843081717,0.7468273991618517,0.7105505594047747,0.6637517184815176,0.7838120024960809,spambase,1,KNN,feat
512,0.696805693244583,0.7142592665659938,0.6779100373203282,0.5975883049439534,0.796468958799446,spambase,2,KNN,feat
513,0.7461572959448615,0.7550180511608968,0.7194827342276745,0.6713883255133111,0.7964887448061733,spambase,3,KNN,feat
514,0.6955048859934854,0.7112328344254069,0.6729730341870696,0.5942269963019042,0.785416191041505,spambase,4,KNN,feat
515,0.7139831468630505,0.7225346991591627,0.6814830708393107,0.6296246042501942,0.7633045675235529,spambase,5,KNN,feat
516,0.7848147099088891,0.7821313979247911,0.7612026802256454,0.8040803914252607,0.768955755444957,spambase,0,SVC,feat
517,0.8530718028607845,0.8278539565171782,0.791453905081441,0.8974989057032451,0.7087834649863781,spambase,1,SVC,feat
518,0.8545935419912194,0.8288063969750208,0.7923099829002579,0.9037873774484334,0.7071092644171499,spambase,2,SVC,feat
519,0.8558985979323044,0.8315139102889271,0.7964711993179063,0.8976410836410912,0.7164817436037929,spambase,3,SVC,feat
520,0.8535094179294717,0.8290566342098478,0.7928375344215718,0.8930723682681381,0.7137132246624963,spambase,4,SVC,feat
521,0.7656826228579522,0.7603641438522775,0.7452809592940224,0.8014522377126791,0.7347350958099327,spambase,5,SVC,feat
522,0.8154725487419157,0.7784647379750709,0.7198223156640994,0.8931166942513868,0.6039176293319939,spambase,0,NB,feat
523,0.8176509465137138,0.7806044042107908,0.72287254687625,0.9001213465931677,0.6056770619302011,spambase,1,NB,feat
524,0.820692772506255,0.7827050130238375,0.7261447907817533,0.9119222200181736,0.6034260231648478,spambase,2,NB,feat
525,0.8250349336732284,0.789749224281208,0.7370011140863644,0.9028011940567636,0.623265299910202,spambase,3,NB,feat
526,0.8159092196572724,0.7773033163510414,0.7181073667685991,0.9053218964231792,0.5951341643456158,spambase,4,NB,feat
527,0.8193848841051787,0.7820949120897763,0.7252339403180111,0.9037602446909692,0.6061504040911374,spambase,5,NB,feat
528,0.86220105745173,0.8534149538805298,0.8228323272985332,0.8349289809934778,0.8119218300534221,spambase,0,DT,feat
529,0.8685068215078129,0.8564009872071265,0.8272552612948635,0.8577096286233925,0.7992359557402249,spambase,1,DT,feat
530,0.863289430203465,0.8525662549418304,0.8219778402263123,0.8434064358783404,0.8019755566716892,spambase,2,DT,feat
531,0.8682910824717934,0.8585210656008746,0.829298092943764,0.8470218006090683,0.8124514862335053,spambase,3,DT,feat
532,0.8646041637161874,0.8547067928586058,0.8247151883745578,0.8424376617310324,0.8080468167359177,spambase,4,DT,feat
533,0.8622074304867111,0.8525542229373148,0.821692928927936,0.8375893638902754,0.8069661963685067,spambase,5,DT,feat
534,0.8871979889534061,0.8779833653743662,0.853544843597672,0.8739105236578449,0.8345250597385203,spambase,0,RF,feat
535,0.8937178397771799,0.8833758582499172,0.8609474252162931,0.8894329597707884,0.8345341917416252,spambase,1,RF,feat
536,0.8858922248973233,0.8766262763351678,0.8516328839056856,0.8718010641813745,0.8328752111775717,spambase,2,RF,feat
537,0.8882868337818062,0.8785889097530859,0.8544780388065163,0.8774120168473727,0.8328584691718796,spambase,3,RF,feat
538,0.8924191568710759,0.8832509770218048,0.8601271485108686,0.8814516255330929,0.8400301356102462,spambase,4,RF,feat
539,0.890679554359628,0.8807641613780983,0.8572016560574364,0.8820559625852414,0.8339786615527449,spambase,5,RF,feat
540,0.472778287929803,0.4727746917761821,0.4751308520400054,0.4725738903874272,0.4786072347920336,Hill_Valley_with_noise,0,KNN,feat
541,0.4967078189300412,0.4967822788240076,0.4911115025998168,0.4976655377407805,0.4869123425010161,Hill_Valley_with_noise,1,KNN,feat
542,0.4686834676733666,0.468662782820756,0.4698197226195946,0.4680980400094444,0.4720227611434765,Hill_Valley_with_noise,2,KNN,feat
543,0.4777233615617454,0.4777062728627557,0.4749311328807978,0.4777077197223449,0.4735943639073296,Hill_Valley_with_noise,3,KNN,feat
544,0.5099003503043906,0.5099444519712776,0.5252644922329133,0.5096691341600879,0.544533261075735,Hill_Valley_with_noise,4,KNN,feat
545,0.475223616637758,0.4752404823194689,0.4805573488002445,0.4763520074696545,0.4850697737433952,Hill_Valley_with_noise,5,KNN,feat
546,0.5206203448627691,0.5211488958135753,0.3540709117284613,0.5512537136066549,0.3235875897574854,Hill_Valley_with_noise,0,SVC,feat
547,0.5000340101350202,0.5000135482996884,0.4899433157820924,0.5146339936201265,0.5837420403739331,Hill_Valley_with_noise,1,SVC,feat
548,0.4983062952759922,0.4977713047012599,0.5648723630788837,0.5151644462538753,0.7175992412952175,Hill_Valley_with_noise,2,SVC,feat
549,0.4950583273815597,0.4950684189134263,0.4726438747900266,0.5141291114908414,0.5638802330307546,Hill_Valley_with_noise,3,SVC,feat
550,0.5132299425228718,0.5126202411597344,0.4936609209463048,0.5388642426193042,0.5803956103509009,Hill_Valley_with_noise,4,SVC,feat
551,0.49423528211407,0.4942622950819672,0.5427826171539598,0.5082941359765728,0.6863026690150387,Hill_Valley_with_noise,5,SVC,feat
552,0.4975648743325511,0.4969787291694892,0.3001084882377733,0.5186744550179814,0.2796233572686628,Hill_Valley_with_noise,0,NB,feat
553,0.5173009556847941,0.5172944045522286,0.2449548439361682,0.5650001192094032,0.1567538273946619,Hill_Valley_with_noise,1,NB,feat
554,0.5165051185253204,0.5165221514699905,0.2455619189473901,0.5634149670735036,0.1584338165560222,Hill_Valley_with_noise,2,NB,feat
555,0.5033465972859912,0.5039967484080747,0.3035097215906855,0.514641018210998,0.2924265004741905,Hill_Valley_with_noise,3,NB,feat
556,0.5173247627793083,0.5173011787020727,0.2494421273132451,0.5645857463219892,0.1617531499796775,Hill_Valley_with_noise,4,NB,feat
557,0.5140257796823453,0.5140834575260805,0.2564425608426898,0.5522041214146477,0.1699363229914645,Hill_Valley_with_noise,5,NB,feat
558,0.4736081352242968,0.4735875897574854,0.4776359096463724,0.4738313845303435,0.481791085218805,Hill_Valley_with_noise,0,DT,feat
559,0.5148862360983573,0.5148895813575396,0.5171661998132586,0.5137268362977915,0.5215011516054735,Hill_Valley_with_noise,1,DT,feat
560,0.4901098527361154,0.4901029670776317,0.4971262314930865,0.4908193917291371,0.5049586776859504,Hill_Valley_with_noise,2,DT,feat
561,0.5222766384382546,0.5222530822381792,0.5219301797004561,0.5228000704536685,0.5215011516054735,Hill_Valley_with_noise,3,DT,feat
562,0.4818896031017243,0.4818994716163122,0.4895495649401901,0.4827044570666475,0.4967213114754099,Hill_Valley_with_noise,4,DT,feat
563,0.4843111247151651,0.484263649911936,0.4843915559674596,0.4842129398425756,0.4851104186424603,Hill_Valley_with_noise,5,DT,feat
564,0.4868108696391524,0.4867971819536648,0.4843141022493316,0.4868593287709001,0.4819130199160005,Hill_Valley_with_noise,0,RF,feat
565,0.4868312757201646,0.4868581493022626,0.4835596067795228,0.486646456733695,0.4819807614144425,Hill_Valley_with_noise,1,RF,feat
566,0.4876441179471483,0.4876168540848123,0.4864342253909265,0.4881839912342072,0.4851781601409023,Hill_Valley_with_noise,2,RF,feat
567,0.4818862020882223,0.4818656008670912,0.4700473326937465,0.4796621635033019,0.4620241159734453,Hill_Valley_with_noise,3,RF,feat
568,0.4777913818317859,0.4778146592602629,0.4855801565580188,0.4785266580370638,0.4934697195501965,Hill_Valley_with_noise,4,RF,feat
569,0.4884127469986056,0.4884433003658041,0.4965812655673605,0.4887881584370052,0.5048909361875085,Hill_Valley_with_noise,5,RF,feat
570,0.5049280685644323,0.5047364387578301,0.512352199178485,0.5082779092474305,0.5178062108489938,Hill_Valley_without_noise,0,KNN,feat
571,0.5107165935448764,0.5106094228975077,0.516823385583044,0.5145451926784774,0.5195521791283487,Hill_Valley_without_noise,1,KNN,feat
572,0.4958405604870252,0.4956294149007064,0.5097765553362088,0.5008581578364579,0.5195921631347462,Hill_Valley_without_noise,2,KNN,feat
573,0.4925857905655886,0.4925679728108756,0.4943990385895679,0.4976111203657843,0.4934692789550846,Hill_Valley_without_noise,3,KNN,feat
574,0.5074346155154237,0.5075056644009063,0.5079338485878137,0.5125103507808783,0.5050113288018125,Hill_Valley_without_noise,4,KNN,feat
575,0.5065945651804238,0.5064900706384113,0.51376872284975,0.5114164904862579,0.5163134746101559,Hill_Valley_without_noise,5,KNN,feat
576,0.5692344318606944,0.5686385445821671,0.5524933997907314,0.6250683697596316,0.6406104224976676,Hill_Valley_without_noise,0,SVC,feat
577,0.5693330612522531,0.5715193922431027,0.4197203410162269,0.6995307945501995,0.3697054511528722,Hill_Valley_without_noise,1,SVC,feat
578,0.590630207801925,0.5887418365986938,0.5931519694385544,0.5331205667155,0.7574836731973877,Hill_Valley_without_noise,2,SVC,feat
579,0.5990307111519232,0.5965273890443823,0.6685168093179873,0.6204657052968168,0.8297214447554312,Hill_Valley_without_noise,3,SVC,feat
580,0.5866578240315614,0.5862375049980008,0.5517073120702076,0.6586424665796378,0.6458083433293349,Hill_Valley_without_noise,4,SVC,feat
581,0.5899806142230385,0.5899750099960016,0.5565146487717241,0.6361846879944177,0.6582833533253365,Hill_Valley_without_noise,5,SVC,feat
582,0.5148488249498351,0.5111765293882446,0.6478858238741406,0.511393119129212,0.8840197254431562,Hill_Valley_without_noise,0,NB,feat
583,0.5131619222528314,0.5095788351326137,0.6439370127757944,0.5105230752432313,0.8724910035985605,Hill_Valley_without_noise,1,NB,feat
584,0.4999727918919838,0.4975709716113554,0.5338053186283764,0.4701254327980992,0.7118086098893777,Hill_Valley_without_noise,2,NB,feat
585,0.5156820732578309,0.5119558843129415,0.6489565922496435,0.5116751227040155,0.8872451019592165,Hill_Valley_without_noise,3,NB,feat
586,0.5131959323878515,0.5094698787151806,0.6468461029026018,0.5101811866185679,0.8839397574303612,Hill_Valley_without_noise,4,NB,feat
587,0.5008808624970242,0.4990690390510462,0.5387549484737076,0.4736693860294806,0.7214714114354257,Hill_Valley_without_noise,5,NB,feat
588,0.5362820120395877,0.5362588298014128,0.5391045690999416,0.5398312227549003,0.5391843262694922,Hill_Valley_without_noise,0,DT,feat
589,0.547845457946468,0.5478501932560309,0.5504647005472447,0.5530440236093963,0.5490337198453952,Hill_Valley_without_noise,1,DT,feat
590,0.527228514097201,0.5270238571238172,0.5380949892287303,0.5306059768490716,0.5473810475809676,Hill_Valley_without_noise,2,DT,feat
591,0.5189538482467776,0.5190520458483273,0.5142772478649638,0.5235524165519244,0.506437425029988,Hill_Valley_without_noise,3,DT,feat
592,0.5173349658198144,0.5172411035585766,0.524654606472874,0.5226569019596559,0.5278155404504865,Hill_Valley_without_noise,4,DT,feat
593,0.5453151039009625,0.5452219112355058,0.5531988913252269,0.5496837853020431,0.5571104891376782,Hill_Valley_without_noise,5,DT,feat
594,0.5461993674114887,0.5460692389710783,0.5507169788216253,0.5495443176612718,0.553805144608823,Hill_Valley_without_noise,0,RF,feat
595,0.5445090637009828,0.5445851659336265,0.5446075612031748,0.550367231638418,0.5408369985339198,Hill_Valley_without_noise,1,RF,feat
596,0.5131755263068395,0.5130407836865254,0.5227234988599483,0.5176593096324644,0.5294149007063842,Hill_Valley_without_noise,2,RF,feat
597,0.5305138931401557,0.5306510729041717,0.522651100545668,0.5363492691458792,0.5113021458083433,Hill_Valley_without_noise,3,RF,feat
598,0.5222936435057647,0.5222004531520725,0.5285222310304201,0.5267154933972791,0.5310675729708116,Hill_Valley_without_noise,4,RF,feat
599,0.5453355099819746,0.5453028788484606,0.5504741246459179,0.5497231528111739,0.5522724243635878,Hill_Valley_without_noise,5,RF,feat
600,0.6726000000000001,0.6736168158360538,0.6704617780887205,0.6702543832714107,0.6736168158360538,waveform_40,0,KNN,feat
601,0.6774000000000001,0.6784603183389788,0.6750371370862596,0.6742848674503265,0.6784603183389788,waveform_40,1,KNN,feat
602,0.6716,0.6726411368109793,0.6694142390157127,0.6689432383865558,0.6726411368109793,waveform_40,2,KNN,feat
603,0.6752,0.6762851082760016,0.6727905202818774,0.6719761019949085,0.6762851082760016,waveform_40,3,KNN,feat
604,0.6788000000000001,0.6798134619026814,0.6768194862732619,0.6758124065699906,0.6798134619026814,waveform_40,4,KNN,feat
605,0.6799999999999999,0.6810312975594657,0.6778042492470318,0.6772217806554434,0.6810312975594657,waveform_40,5,KNN,feat
606,0.7236,0.7248523289200817,0.7191442368196536,0.7218020362883213,0.7248523289200817,waveform_40,0,SVC,feat
607,0.7224,0.7236378818463349,0.718446148078166,0.7200405352277363,0.7236378818463349,waveform_40,1,SVC,feat
608,0.7224,0.7236845207171733,0.7181325819420527,0.7202114031677416,0.7236845207171733,waveform_40,2,SVC,feat
609,0.721,0.7222889031968929,0.7166279831835007,0.7188770566611329,0.7222889031968929,waveform_40,3,SVC,feat
610,0.722,0.723263041160865,0.7177456504695742,0.7192244497210218,0.723263041160865,waveform_40,4,SVC,feat
611,0.7252000000000001,0.7264677649249434,0.7208197964899428,0.7230522201629908,0.7264677649249434,waveform_40,5,SVC,feat
612,0.6729999999999999,0.6759170158651072,0.6413726333710611,0.6680627168487054,0.6759170158651072,waveform_40,0,NB,feat
613,0.6748000000000001,0.677706945024252,0.6434317213491632,0.6711074049747092,0.677706945024252,waveform_40,1,NB,feat
614,0.6752,0.6781258161319406,0.6437074165542651,0.6713674313712847,0.6781258161319406,waveform_40,2,NB,feat
615,0.6752,0.678130841335356,0.6436423990840787,0.6718564496372779,0.678130841335356,waveform_40,3,NB,feat
616,0.6748000000000001,0.6777226087554958,0.6428334995569907,0.671755075327111,0.6777226087554958,waveform_40,4,NB,feat
617,0.6746000000000001,0.6775270897481992,0.6428467693972942,0.6709846695748213,0.6775270897481992,waveform_40,5,NB,feat
618,0.6082,0.6089160207878369,0.6087917764432018,0.6103497442532299,0.6089160207878369,waveform_40,0,DT,feat
619,0.6209999999999999,0.6216681022370406,0.621850566949124,0.6222699580671189,0.6216681022370406,waveform_40,1,DT,feat
620,0.6134000000000001,0.6142105014840027,0.6130270474855386,0.6129646229446997,0.6142105014840027,waveform_40,2,DT,feat
621,0.6298,0.6303942176615902,0.6310686248750199,0.6320121512215333,0.6303942176615902,waveform_40,3,DT,feat
622,0.6197999999999999,0.6204979626115322,0.6210495261051123,0.6220960237335376,0.6204979626115322,waveform_40,4,DT,feat
623,0.6088,0.6094132071640253,0.6096262098681753,0.61090188665164,0.6094132071640253,waveform_40,5,DT,feat
624,0.6976000000000001,0.698768060017898,0.6941126990691538,0.6950694375902253,0.698768060017898,waveform_40,0,RF,feat
625,0.694,0.6952213861760402,0.6901395485486579,0.6906776860583916,0.6952213861760402,waveform_40,1,RF,feat
626,0.6921999999999999,0.6934645518465821,0.6878824590905526,0.6891047142886464,0.6934645518465821,waveform_40,2,RF,feat
627,0.6954,0.6966738084441106,0.6911737949623211,0.6924139820430856,0.6966738084441106,waveform_40,3,RF,feat
628,0.6904,0.6916057631210879,0.6866541469694863,0.6866764828767008,0.6916057631210879,waveform_40,4,RF,feat
629,0.6974,0.6986280792304579,0.6931334699828506,0.6942206649010412,0.6986280792304579,waveform_40,5,RF,feat
630,0.571,0.5702760802347264,0.5640905341257826,0.561367698882941,0.5702760802347264,waveform_21,0,KNN,feat
631,0.57,0.5693102136880925,0.5638476128026051,0.5610027723919725,0.5693102136880925,waveform_21,1,KNN,feat
632,0.5724,0.5716809061231253,0.5664637993093719,0.5636853414178072,0.5716809061231253,waveform_21,2,KNN,feat
633,0.5820000000000001,0.5813464237875985,0.5768663660722109,0.5752026122003187,0.5813464237875985,waveform_21,3,KNN,feat
634,0.5666,0.5659119815408139,0.5620763205392822,0.5596937549629755,0.5659119815408139,waveform_21,4,KNN,feat
635,0.5626,0.5616243939952974,0.5563718606146894,0.5532242401557161,0.5616243939952974,waveform_21,5,KNN,feat
636,0.6304000000000001,0.6293183234560359,0.6107864796973528,0.6149566657974435,0.6293183234560359,waveform_21,0,SVC,feat
637,0.6312,0.6301913487495796,0.6122424330606959,0.6150642409312655,0.6301913487495796,waveform_21,1,SVC,feat
638,0.6277999999999999,0.6267209119473884,0.6075287465818765,0.609804455114663,0.6267209119473884,waveform_21,2,SVC,feat
639,0.6354,0.6343890605281867,0.615928740328354,0.6207655971955621,0.6343890605281867,waveform_21,3,SVC,feat
640,0.628,0.6269091662611863,0.6091325487236635,0.6115200563196138,0.6269091662611863,waveform_21,4,SVC,feat
641,0.616,0.6146400935987277,0.5934806330321292,0.5939816140460985,0.6146400935987277,waveform_21,5,SVC,feat
642,0.6204000000000001,0.6189808200388288,0.5712062064084688,0.5956698596948622,0.6189808200388288,waveform_21,0,NB,feat
643,0.625,0.6236354247173017,0.5762449450936815,0.6038814531154604,0.6236354247173017,waveform_21,1,NB,feat
644,0.6228,0.6213582732133264,0.5746348484663961,0.5974146008271195,0.6213582732133264,waveform_21,2,NB,feat
645,0.626,0.6246389163499095,0.5776701159040675,0.6043945519700201,0.6246389163499095,waveform_21,3,NB,feat
646,0.6222,0.6207785849277532,0.5736769215235004,0.5982154854153068,0.6207785849277532,waveform_21,4,NB,feat
647,0.6086,0.6069761572977624,0.5566730533755166,0.57210533276576,0.6069761572977624,waveform_21,5,NB,feat
648,0.5262,0.5257632060813003,0.5259742147934652,0.5262410472244657,0.5257632060813003,waveform_21,0,DT,feat
649,0.5269999999999999,0.5265305186491057,0.5274880135751212,0.5291945473396333,0.5265305186491057,waveform_21,1,DT,feat
650,0.5248,0.5242894253743241,0.5238789930259515,0.5237396484958831,0.5242894253743241,waveform_21,2,DT,feat
651,0.5242000000000001,0.5236055497619743,0.5236134792840161,0.5244716785998482,0.5236055497619743,waveform_21,3,DT,feat
652,0.5228,0.5223304082019481,0.5228081595220615,0.5234191055365642,0.5223304082019481,waveform_21,4,DT,feat
653,0.514,0.5132185627671803,0.5136814648157382,0.5148927637521973,0.5132185627671803,waveform_21,5,DT,feat
654,0.5666,0.5657502328811864,0.5584518007451335,0.5551581210617986,0.5657502328811864,waveform_21,0,RF,feat
655,0.5614000000000001,0.560592612218718,0.5552144906500519,0.5522802246986385,0.560592612218718,waveform_21,1,RF,feat
656,0.567,0.5661027257737286,0.5578290084043854,0.5545966902314283,0.5661027257737286,waveform_21,2,RF,feat
657,0.5660000000000001,0.5651452466502356,0.5581538168464435,0.5553336921398535,0.5651452466502356,waveform_21,3,RF,feat
658,0.5682,0.5674293265849161,0.5620637474370188,0.5592977747128598,0.5674293265849161,waveform_21,4,RF,feat
659,0.5532,0.5521738490030981,0.5453948696875124,0.5419492400997271,0.5521738490030981,waveform_21,5,RF,feat
660,0.3916666666666667,0.3926666666666666,0.3748784548784548,0.3966931216931216,0.3926666666666666,movement_libras,0,KNN,feat
661,0.3722222222222222,0.3713333333333334,0.3500162234279881,0.3818840418840418,0.3713333333333334,movement_libras,1,KNN,feat
662,0.4111111111111111,0.4126666666666667,0.4035404595404596,0.4472857142857143,0.4126666666666667,movement_libras,2,KNN,feat
663,0.3583333333333333,0.3606666666666667,0.3432258808729397,0.3675108225108224,0.3606666666666667,movement_libras,3,KNN,feat
664,0.4083333333333334,0.412,0.4017248851366498,0.4527883597883598,0.412,movement_libras,4,KNN,feat
665,0.3472222222222222,0.3473333333333334,0.3369719605013722,0.3787532467532467,0.3473333333333334,movement_libras,5,KNN,feat
666,0.2722222222222222,0.2813333333333333,0.2352944297532532,0.2508998648410413,0.2813333333333333,movement_libras,0,SVC,feat
667,0.25,0.2526666666666667,0.2107557701557701,0.2346128370540134,0.2526666666666667,movement_libras,1,SVC,feat
668,0.2833333333333333,0.29,0.2501122198063374,0.3028215858215858,0.29,movement_libras,2,SVC,feat
669,0.2611111111111111,0.272,0.2170567258678714,0.230590317090317,0.272,movement_libras,3,SVC,feat
670,0.2722222222222222,0.2813333333333333,0.2392503866503866,0.2595266955266955,0.2813333333333333,movement_libras,4,SVC,feat
671,0.2527777777777777,0.2633333333333333,0.2174120502770388,0.2422601453127768,0.2633333333333333,movement_libras,5,SVC,feat
672,0.2722222222222222,0.274,0.2389999738823268,0.2477160247160247,0.274,movement_libras,0,NB,feat
673,0.2611111111111111,0.2626666666666667,0.2239252624802497,0.2333689273689273,0.2626666666666667,movement_libras,1,NB,feat
674,0.2861111111111111,0.2846666666666667,0.2471585995703643,0.293797496621026,0.2846666666666667,movement_libras,2,NB,feat
675,0.2305555555555555,0.2353333333333333,0.1929108259314209,0.1921843341843341,0.2353333333333333,movement_libras,3,NB,feat
676,0.2833333333333333,0.2846666666666667,0.2559876816223566,0.3033525733525734,0.2846666666666667,movement_libras,4,NB,feat
677,0.2694444444444444,0.272,0.225543124110899,0.2390224940751256,0.272,movement_libras,5,NB,feat
678,0.4666666666666666,0.4653333333333333,0.4524757464757464,0.4875291005291005,0.4653333333333333,movement_libras,0,DT,feat
679,0.4555555555555555,0.4526666666666666,0.4387768527768527,0.468044252044252,0.4526666666666666,movement_libras,1,DT,feat
680,0.4583333333333333,0.4606666666666667,0.4564535464535464,0.4823492063492064,0.4606666666666667,movement_libras,2,DT,feat
681,0.4111111111111111,0.408,0.4008230397053927,0.4386214526214527,0.408,movement_libras,3,DT,feat
682,0.45,0.452,0.4579193399193398,0.4930952380952381,0.452,movement_libras,4,DT,feat
683,0.3833333333333333,0.3853333333333334,0.37394301994302,0.3912433862433863,0.3853333333333334,movement_libras,5,DT,feat
684,0.4722222222222222,0.474,0.4643582343582343,0.4955026455026455,0.474,movement_libras,0,RF,feat
685,0.4638888888888889,0.4653333333333333,0.4512962592962593,0.4789153439153439,0.4653333333333333,movement_libras,1,RF,feat
686,0.4833333333333333,0.4859999999999999,0.4772059792059792,0.5055978835978836,0.4859999999999999,movement_libras,2,RF,feat
687,0.4083333333333333,0.4066666666666666,0.4073374773374773,0.4580707070707071,0.4066666666666666,movement_libras,3,RF,feat
688,0.4888888888888889,0.488,0.4886299626299625,0.5283597883597884,0.488,movement_libras,4,RF,feat
689,0.4083333333333333,0.4086666666666667,0.3998736296383355,0.4288652828652829,0.4086666666666667,movement_libras,5,RF,feat
690,0.838850038850039,0.7986401313984995,0.8054884310929642,0.8152444609078353,0.7986401313984995,satimage,0,KNN,feat
691,0.8376068376068376,0.7974789783124969,0.8047929505125676,0.8157644430902788,0.7974789783124969,satimage,1,KNN,feat
692,0.8358974358974359,0.7954045761181466,0.8027208011714702,0.8130651063535366,0.7954045761181466,satimage,2,KNN,feat
693,0.8404040404040405,0.8012932471011803,0.8079693169808368,0.817448929120216,0.8012932471011803,satimage,3,KNN,feat
694,0.8376068376068376,0.7991613827390578,0.8054977228062246,0.815599246852529,0.7991613827390578,satimage,4,KNN,feat
695,0.8338772338772339,0.7942673805845664,0.8010902552648844,0.8110428713727188,0.7942673805845664,satimage,5,KNN,feat
696,0.827972027972028,0.7688459298545751,0.7820319804577699,0.8085148408210492,0.7688459298545751,satimage,0,SVC,feat
697,0.8273504273504274,0.7678030253873451,0.7809371863643603,0.8067844252577056,0.7678030253873451,satimage,1,SVC,feat
698,0.829059829059829,0.7700194901828589,0.7835025189456273,0.8097687256802144,0.7700194901828589,satimage,2,SVC,feat
699,0.8273504273504273,0.7671817227912017,0.7802023029405544,0.8066352480101815,0.7671817227912017,satimage,3,SVC,feat
700,0.8287490287490288,0.7690855264932602,0.7823269852584082,0.8089017399791842,0.7690855264932602,satimage,4,SVC,feat
701,0.8275058275058276,0.7684174057572866,0.7817210377588858,0.8081727028878699,0.7684174057572866,satimage,5,SVC,feat
702,0.7682983682983683,0.7481882688214838,0.7429088160017882,0.7470019042073909,0.7481882688214838,satimage,0,NB,feat
703,0.7678321678321678,0.7479198438801937,0.7423065261873478,0.7465326278411817,0.7479198438801937,satimage,1,NB,feat
704,0.7656565656565657,0.7459479544957397,0.7405435843438544,0.7445288111531878,0.7459479544957397,satimage,2,NB,feat
705,0.767055167055167,0.7474928488178063,0.7418880195646544,0.7458958997839248,0.7474928488178063,satimage,3,NB,feat
706,0.7670551670551671,0.7473752433849727,0.7417271712327398,0.7458498924068367,0.7473752433849727,satimage,4,NB,feat
707,0.7662781662781663,0.7467319444678007,0.7411922112356802,0.7454470620768552,0.7467319444678007,satimage,5,NB,feat
708,0.8037296037296038,0.7688790740523974,0.769466554324278,0.7712411797311821,0.7688790740523974,satimage,0,DT,feat
709,0.7981351981351982,0.7661542044471633,0.7652339592776849,0.7654770590486777,0.7661542044471633,satimage,1,DT,feat
710,0.7993783993783994,0.7644045254210103,0.7639684392584971,0.7640915236540311,0.7644045254210103,satimage,2,DT,feat
711,0.799067599067599,0.7642071352494972,0.7644007375581772,0.7658404895702651,0.7642071352494972,satimage,3,DT,feat
712,0.8031080031080032,0.7688657769731178,0.7684311952941467,0.7690765076662701,0.7688657769731178,satimage,4,DT,feat
713,0.8007770007770008,0.7668291126271953,0.7662183204550522,0.76708907767161,0.7668291126271953,satimage,5,DT,feat
714,0.828904428904429,0.7872474352207212,0.7934390881300402,0.8023329514744756,0.7872474352207212,satimage,0,RF,feat
715,0.8257964257964259,0.7856427370820154,0.7907882275946456,0.7991942291267653,0.7856427370820154,satimage,1,RF,feat
716,0.8284382284382283,0.787855888659275,0.7933373079585262,0.8011159034107831,0.787855888659275,satimage,2,RF,feat
717,0.8273504273504273,0.7864980023820587,0.7923594025237788,0.8012405174045221,0.7864980023820587,satimage,3,RF,feat
718,0.8273504273504273,0.7879777270207955,0.7931974428015836,0.8014145738356172,0.7879777270207955,satimage,4,RF,feat
719,0.8292152292152292,0.7888662087152152,0.7952633853797267,0.8046034898037799,0.7888662087152152,satimage,5,RF,feat
720,0.9042507824726134,0.90108335805649,0.9139566345355912,0.8622760098897551,0.972433511355667,chess,0,KNN,feat
721,0.9042571400625976,0.9010857106362912,0.9138602213406308,0.8620555076772961,0.972442502382622,chess,1,KNN,feat
722,0.9042522496087636,0.9010806980303858,0.913893237476494,0.8620728859159676,0.97243890597184,chess,2,KNN,feat
723,0.9042566510172144,0.901082840964062,0.9139123426090464,0.8621377068742954,0.97243890597184,chess,3,KNN,feat
724,0.83008313771518,0.8328132295617963,0.8032290737159213,0.9052736986821396,0.7742389095682509,chess,4,KNN,feat
725,0.8663835093896715,0.8659451299040395,0.8582288750250477,0.8784216048424647,0.8727410044775313,chess,5,KNN,feat
726,0.9042507824726134,0.90108335805649,0.9139566345355912,0.8622760098897551,0.972433511355667,chess,0,SVC,feat
727,0.9042571400625976,0.9010857106362912,0.9138602213406308,0.8620555076772961,0.972442502382622,chess,1,SVC,feat
728,0.9042522496087636,0.9010806980303858,0.913893237476494,0.8620728859159676,0.97243890597184,chess,2,SVC,feat
729,0.9042566510172144,0.901082840964062,0.9139123426090464,0.8621377068742954,0.97243890597184,chess,3,SVC,feat
730,0.9042615414710486,0.901095353837834,0.91393708230945,0.8621665002902101,0.972442502382622,chess,4,SVC,feat
731,0.9042551838810642,0.901089097400948,0.9138603522680324,0.8619664558537353,0.9724407041772312,chess,5,SVC,feat
732,0.6605134976525822,0.6749474024923126,0.5181460349917952,1.0,0.3498948049846254,chess,0,NB,feat
733,0.6605105633802817,0.6749581917246588,0.5175455890371696,1.0,0.3499163834493176,chess,1,NB,feat
734,0.660516920970266,0.6749527971084858,0.5181644050165112,1.0,0.3499055942169715,chess,2,NB,feat
735,0.6605159428794993,0.6749680818543095,0.5177661418485621,1.0,0.3499361637086188,chess,3,NB,feat
736,0.6605149647887324,0.6749653845462229,0.5177385438079611,1.0,0.3499307690924457,chess,4,NB,feat
737,0.660514475743349,0.6749617881354408,0.5183187118088799,1.0,0.3499235762708816,chess,5,NB,feat
738,0.9042507824726134,0.90108335805649,0.9139566345355912,0.8622760098897551,0.972433511355667,chess,0,DT,feat
739,0.9042571400625976,0.9010857106362912,0.9138602213406308,0.8620555076772961,0.972442502382622,chess,1,DT,feat
740,0.9004963810641629,0.8977440925528164,0.9096442225040746,0.86516984981634,0.959864055672439,chess,2,DT,feat
741,0.9042566510172144,0.901082840964062,0.9139123426090464,0.8621377068742954,0.97243890597184,chess,3,DT,feat
742,0.9020706181533648,0.8992582225889383,0.9112604869188182,0.8659329321970048,0.962232292172412,chess,4,DT,feat
743,0.9042551838810642,0.901089097400948,0.9138603522680324,0.8619664558537353,0.9724407041772312,chess,5,DT,feat
744,0.9042507824726134,0.90108335805649,0.9139566345355912,0.8622760098897551,0.972433511355667,chess,0,RF,feat
745,0.9042571400625976,0.9010857106362912,0.9138602213406308,0.8620555076772961,0.972442502382622,chess,1,RF,feat
746,0.9004963810641629,0.8977440925528164,0.9096442225040746,0.86516984981634,0.959864055672439,chess,2,RF,feat
747,0.9042566510172144,0.901082840964062,0.9139123426090464,0.8621377068742954,0.97243890597184,chess,3,RF,feat
748,0.9042615414710486,0.901095353837834,0.91393708230945,0.8621665002902101,0.972442502382622,chess,4,RF,feat
749,0.9042551838810642,0.901089097400948,0.9138603522680324,0.8619664558537353,0.9724407041772312,chess,5,RF,feat
750,0.7881734154929576,0.7783263687988857,0.8314029592705203,0.711476752050608,1.0,kr_vs_kp,0,KNN,feat
751,0.788169014084507,0.778318868531019,0.8314862407790239,0.7116861563883663,1.0,kr_vs_kp,1,KNN,feat
752,0.7800366784037559,0.7698039215686274,0.8261019471185238,0.703792807638381,1.0,kr_vs_kp,2,KNN,feat
753,0.7794033646322378,0.7696901407727779,0.8239767886434552,0.7065723393600766,0.988622754491018,kr_vs_kp,3,KNN,feat
754,0.7881704812206574,0.7783145826636665,0.8314720797519113,0.7116460369681946,1.0,kr_vs_kp,4,KNN,feat
755,0.7881763497652582,0.7783306546662381,0.8315909969252397,0.7119531069437554,1.0,kr_vs_kp,5,KNN,feat
756,0.9042576291079812,0.9010873364775398,0.913828391271996,0.861945737515408,0.9724478969987952,kr_vs_kp,0,SVC,feat
757,0.9042551838810642,0.9011017453568804,0.914171223287278,0.8628788704848234,0.972431713150276,kr_vs_kp,1,SVC,feat
758,0.9042600743348984,0.9010875088416824,0.913917753704926,0.8622020243765066,0.972446098793404,kr_vs_kp,2,SVC,feat
759,0.904252738654147,0.9010846018874707,0.9138541878774844,0.8619691172215083,0.972431713150276,kr_vs_kp,3,SVC,feat
760,0.9042542057902974,0.9010830506101872,0.913936532489564,0.8621704088486736,0.9724478969987952,kr_vs_kp,4,SVC,feat
761,0.9042546948356808,0.9010799712918331,0.9138609794031404,0.8619909066549688,0.9724353095610582,kr_vs_kp,5,SVC,feat
762,0.6605125195618153,0.6749554944165721,0.518021213643674,1.0,0.3499109888331445,kr_vs_kp,0,NB,feat
763,0.660514475743349,0.6749581917246588,0.5183842416320698,1.0,0.3499163834493176,kr_vs_kp,1,NB,feat
764,0.660516920970266,0.6749608890327454,0.5178144678906633,1.0,0.3499217780654906,kr_vs_kp,2,NB,feat
765,0.6605110524256651,0.6749518980057903,0.5183103760507238,1.0,0.3499037960115804,kr_vs_kp,3,NB,feat
766,0.6605183881064163,0.6749662836489183,0.5179966521222946,1.0,0.3499325672978367,kr_vs_kp,4,NB,feat
767,0.660508607198748,0.6749438060815306,0.5180080191765714,1.0,0.3498876121630613,kr_vs_kp,5,NB,feat
768,0.9042576291079812,0.9010873364775398,0.913828391271996,0.861945737515408,0.9724478969987952,kr_vs_kp,0,DT,feat
769,0.9042551838810642,0.9011017453568804,0.914171223287278,0.8628788704848234,0.972431713150276,kr_vs_kp,1,DT,feat
770,0.9042600743348984,0.9010875088416824,0.913917753704926,0.8622020243765066,0.972446098793404,kr_vs_kp,2,DT,feat
771,0.904252738654147,0.9010846018874707,0.9138541878774844,0.8619691172215083,0.972431713150276,kr_vs_kp,3,DT,feat
772,0.9042542057902974,0.9010830506101872,0.913936532489564,0.8621704088486736,0.9724478969987952,kr_vs_kp,4,DT,feat
773,0.9042546948356808,0.9010799712918331,0.9138609794031404,0.8619909066549688,0.9724353095610582,kr_vs_kp,5,DT,feat
774,0.9042576291079812,0.9010873364775398,0.913828391271996,0.861945737515408,0.9724478969987952,kr_vs_kp,0,RF,feat
775,0.9042551838810642,0.9011017453568804,0.914171223287278,0.8628788704848234,0.972431713150276,kr_vs_kp,1,RF,feat
776,0.9042600743348984,0.9010875088416824,0.913917753704926,0.8622020243765066,0.972446098793404,kr_vs_kp,2,RF,feat
777,0.904252738654147,0.9010846018874707,0.9138541878774844,0.8619691172215083,0.972431713150276,kr_vs_kp,3,RF,feat
778,0.9042542057902974,0.9010830506101872,0.913936532489564,0.8621704088486736,0.9724478969987952,kr_vs_kp,4,RF,feat
779,0.9042546948356808,0.9010799712918331,0.9138609794031404,0.8619909066549688,0.9724353095610582,kr_vs_kp,5,RF,feat
780,0.8250889679715302,0.8256465009687606,0.8249789536008534,0.8275014737335524,0.8256465009687606,optdigits,0,KNN,feat
781,0.8320284697508897,0.8324577814296887,0.832075336372427,0.8345824164704198,0.8324577814296887,optdigits,1,KNN,feat
782,0.8261565836298933,0.8267186398424476,0.8256790232294856,0.8273139207189143,0.8267186398424476,optdigits,2,KNN,feat
783,0.8179715302491102,0.8185976030739198,0.8174767220604998,0.8191480742185698,0.8185976030739198,optdigits,3,KNN,feat
784,0.8261565836298932,0.826593518138905,0.8260045197317772,0.8285653124146034,0.826593518138905,optdigits,4,KNN,feat
785,0.8188612099644128,0.8193905630931715,0.8193424733445676,0.8214581771832732,0.8193905630931715,optdigits,5,KNN,feat
786,0.7930604982206406,0.7938118743086088,0.7926962316688783,0.7956781507218024,0.7938118743086088,optdigits,0,SVC,feat
787,0.8103202846975088,0.810874896475178,0.8095891212999542,0.813341673864619,0.810874896475178,optdigits,1,SVC,feat
788,0.799288256227758,0.799885495268679,0.7988518959938137,0.801830273209489,0.799885495268679,optdigits,2,SVC,feat
789,0.7930604982206406,0.7938930693629818,0.7920831353114947,0.7957150191479293,0.7938930693629818,optdigits,3,SVC,feat
790,0.8021352313167259,0.8027233724771594,0.8018212700770839,0.8061444571979381,0.8027233724771594,optdigits,4,SVC,feat
791,0.7983985765124555,0.7990923976965167,0.7986088969263858,0.8019788727968024,0.7990923976965167,optdigits,5,SVC,feat
792,0.7290035587188612,0.7300237356053054,0.7236990942468617,0.7359663018061797,0.7300237356053054,optdigits,0,NB,feat
793,0.7396797153024911,0.7407019025226939,0.7340934521856636,0.7407740612141106,0.7407019025226939,optdigits,1,NB,feat
794,0.7282918149466192,0.7294850983762103,0.7205076871299738,0.7295499177685445,0.7294850983762103,optdigits,2,NB,feat
795,0.7202846975088968,0.7216430347185697,0.7116705491834454,0.7226194280398344,0.7216430347185697,optdigits,3,NB,feat
796,0.7291814946619217,0.7303275312413543,0.7215258083742438,0.7316241249276212,0.7303275312413543,optdigits,4,NB,feat
797,0.7307829181494662,0.7318742797586786,0.7258491310184795,0.7344806784508006,0.7318742797586786,optdigits,5,NB,feat
798,0.7663701067615658,0.7670342627388708,0.7672932120410055,0.7689126164276707,0.7670342627388708,optdigits,0,DT,feat
799,0.7829181494661921,0.7834453197047211,0.7825838197479348,0.7832085564886919,0.7834453197047211,optdigits,1,DT,feat
800,0.7759786476868327,0.7765533911740297,0.7761179592936889,0.7773624428970228,0.7765533911740297,optdigits,2,DT,feat
801,0.7681494661921707,0.7687989363846829,0.7682044269704358,0.7700621030321972,0.7687989363846829,optdigits,3,DT,feat
802,0.7782918149466193,0.7788121081631288,0.7782225163966521,0.7791201598030619,0.7788121081631288,optdigits,4,DT,feat
803,0.7672597864768683,0.7678703196313309,0.7681878626473777,0.7696660159972063,0.7678703196313309,optdigits,5,DT,feat
804,0.85,0.850528515665213,0.8498228405806658,0.85134693066239,0.850528515665213,optdigits,0,RF,feat
805,0.856049822064057,0.8564746719986033,0.8559515551866461,0.8573767995393095,0.8564746719986033,optdigits,1,RF,feat
806,0.8441281138790035,0.8446903445395781,0.84398558303757,0.8457620119778071,0.8446903445395781,optdigits,2,RF,feat
807,0.8444839857651246,0.845059431071394,0.8442661753523343,0.845693190929443,0.845059431071394,optdigits,3,RF,feat
808,0.8455516014234876,0.8460062994206643,0.8452270580351724,0.8468268049785689,0.8460062994206643,optdigits,4,RF,feat
809,0.8487544483985765,0.8493289385130327,0.8487447535967954,0.849964197759039,0.8493289385130327,optdigits,5,RF,feat
810,0.7829264331727387,0.7902608438619028,0.7729481799451963,0.7639819309983271,0.7902608438619028,splice,0,KNN,feat
811,0.7860725481415136,0.7904146042567002,0.7756418973739463,0.7675504466631092,0.7904146042567002,splice,1,KNN,feat
812,0.7879568707154914,0.7971985312175466,0.7788616475288836,0.7685602001441427,0.7971985312175466,splice,2,KNN,feat
813,0.7719556305763202,0.7792846098737337,0.7617482844805681,0.7527841832235165,0.7792846098737337,splice,3,KNN,feat
814,0.7810617953475096,0.7881263107047156,0.7714153982931637,0.7618012795468478,0.7881263107047156,splice,4,KNN,feat
815,0.7794939051096685,0.7840986408295809,0.768948376784264,0.759664420374792,0.7840986408295809,splice,5,KNN,feat
816,0.7722627126568014,0.8022257794158779,0.7658104502502516,0.761666012882414,0.8022257794158779,splice,0,SVC,feat
817,0.7757316575050565,0.8058416979336325,0.7696106462129437,0.7651760970990225,0.8058416979336325,splice,1,SVC,feat
818,0.7735264735264736,0.8034631647718925,0.7671158695261868,0.7638877837246106,0.8034631647718925,splice,2,SVC,feat
819,0.7719556305763202,0.7998871211368755,0.7650054386414902,0.7609572741157373,0.7998871211368755,splice,3,SVC,feat
820,0.767571837029965,0.7949782718370261,0.7601982427454471,0.7564920275420148,0.7949782718370261,splice,4,SVC,feat
821,0.7732228362770235,0.8011983691054525,0.7660210757478794,0.762060611705659,0.8011983691054525,splice,5,SVC,feat
822,0.7393340649498286,0.7760920215380851,0.7326515723800069,0.7396390176178036,0.7760920215380851,splice,0,NB,feat
823,0.7525179254243294,0.7927467764547913,0.748204240810654,0.7510658512214038,0.7927467764547913,splice,1,NB,feat
824,0.7427852935242099,0.7818134692389929,0.7377975313520583,0.7437594239217102,0.7818134692389929,splice,2,NB,feat
825,0.7474825666943893,0.786438186421818,0.7429328628850511,0.7471686566687429,0.786438186421818,splice,3,NB,feat
826,0.74310418645394,0.7815205510450711,0.7379959761875248,0.7423786171557984,0.7815205510450711,splice,4,NB,feat
827,0.7462468565916842,0.7844978783597101,0.7412010184679707,0.7450891127476248,0.7844978783597101,splice,5,NB,feat
828,0.8051982500258361,0.8036490549262616,0.7918772501668359,0.7844824392557573,0.8036490549262616,splice,0,DT,feat
829,0.8026973026973027,0.8043925540200549,0.7912245292935061,0.7824808174820083,0.8043925540200549,splice,1,DT,feat
830,0.8086588288558731,0.8072337381960628,0.7960062402545919,0.7885693415395995,0.8072337381960628,splice,2,DT,feat
831,0.8092818511537724,0.8079161857752861,0.7965660561119347,0.7886710872812569,0.8079161857752861,splice,3,DT,feat
832,0.8080367907954115,0.8047871524170009,0.7947273373074314,0.7881739478101618,0.8047871524170009,splice,4,DT,feat
833,0.8011284282220243,0.7995851577242521,0.7882185664403926,0.7804942617652879,0.7995851577242521,splice,5,DT,feat
834,0.8196271708586979,0.8112735945969509,0.8058605631536138,0.8021625056159991,0.8112735945969509,splice,0,RF,feat
835,0.8177512143029386,0.8126600039239289,0.8053724804721327,0.7999078079646561,0.8126600039239289,splice,1,RF,feat
836,0.8205774521045457,0.8122899503274201,0.8064069751256824,0.8022719289366712,0.8122899503274201,splice,2,RF,feat
837,0.8177546591339693,0.8126399374177943,0.8052501244752545,0.7998035190281716,0.8126399374177943,splice,3,RF,feat
838,0.8193255020841228,0.8124867789878125,0.806485923292248,0.8018118869944608,0.8124867789878125,splice,4,RF,feat
839,0.8086568603809983,0.800220891956462,0.7952585682832497,0.7912970965367867,0.800220891956462,splice,5,RF,feat
840,0.8270909090909091,0.8270909090909091,0.826418733969074,0.8272156920061768,0.8270909090909091,texture,0,KNN,feat
841,0.8292727272727273,0.8292727272727273,0.8286090106970192,0.8298708255564385,0.8292727272727273,texture,1,KNN,feat
842,0.8261818181818181,0.8261818181818181,0.8256093813867287,0.8265738307173525,0.8261818181818181,texture,2,KNN,feat
843,0.8274545454545453,0.8274545454545456,0.8269898518902078,0.8275563741436901,0.8274545454545456,texture,3,KNN,feat
844,0.8289090909090909,0.8289090909090909,0.8285670073337486,0.8300900628351222,0.8289090909090909,texture,4,KNN,feat
845,0.8310909090909092,0.8310909090909091,0.830457677975722,0.8319175743041896,0.8310909090909091,texture,5,KNN,feat
846,0.8069090909090908,0.806909090909091,0.8046528518451819,0.8096327234976817,0.806909090909091,texture,0,SVC,feat
847,0.8067272727272726,0.8067272727272726,0.8043620467771738,0.809961970815732,0.8067272727272726,texture,1,SVC,feat
848,0.806909090909091,0.806909090909091,0.8049480319711559,0.8095238044614307,0.806909090909091,texture,2,SVC,feat
849,0.8085454545454546,0.8085454545454546,0.806554954989851,0.8117224610801361,0.8085454545454546,texture,3,SVC,feat
850,0.8074545454545454,0.8074545454545454,0.8053959713863916,0.8108634791767588,0.8074545454545454,texture,4,SVC,feat
851,0.8081818181818182,0.808181818181818,0.8058245016298269,0.8114944640081825,0.808181818181818,texture,5,SVC,feat
852,0.7343636363636363,0.7343636363636363,0.7293535877354047,0.7351965802322469,0.7343636363636363,texture,0,NB,feat
853,0.7334545454545455,0.7334545454545455,0.7283368241717081,0.7341295495465684,0.7334545454545455,texture,1,NB,feat
854,0.734909090909091,0.734909090909091,0.7296934007584562,0.7359257400138907,0.734909090909091,texture,2,NB,feat
855,0.7336363636363636,0.7336363636363636,0.7286051005188227,0.7342181855106021,0.7336363636363636,texture,3,NB,feat
856,0.734909090909091,0.734909090909091,0.7297010214816885,0.735833377030559,0.734909090909091,texture,4,NB,feat
857,0.7354545454545456,0.7354545454545456,0.7303563602113239,0.7368657455308012,0.7354545454545456,texture,5,NB,feat
858,0.7850909090909091,0.7850909090909092,0.7852751994461812,0.7865470525806925,0.7850909090909092,texture,0,DT,feat
859,0.7721818181818182,0.7721818181818182,0.7722797409748708,0.7734267467965233,0.7721818181818182,texture,1,DT,feat
860,0.7816363636363637,0.7816363636363637,0.7821188633536689,0.7840387612393798,0.7816363636363637,texture,2,DT,feat
861,0.7790909090909091,0.7790909090909091,0.7792356694178261,0.7809784336430107,0.7790909090909091,texture,3,DT,feat
862,0.7767272727272727,0.7767272727272727,0.7765315343874681,0.7773918492235437,0.7767272727272727,texture,4,DT,feat
863,0.7794545454545456,0.7794545454545456,0.7792335968165199,0.7805936157176137,0.7794545454545456,texture,5,DT,feat
864,0.8376363636363637,0.8376363636363637,0.8371314296737224,0.8387254121848162,0.8376363636363637,texture,0,RF,feat
865,0.8345454545454546,0.8345454545454546,0.833969481238961,0.8352054772240953,0.8345454545454546,texture,1,RF,feat
866,0.8363636363636363,0.8363636363636363,0.8358877935650056,0.8369927870104872,0.8363636363636363,texture,2,RF,feat
867,0.8356363636363635,0.8356363636363635,0.834974376195053,0.8364346666938426,0.8356363636363635,texture,3,RF,feat
868,0.8354545454545456,0.8354545454545456,0.8348551706651284,0.8366483815988162,0.8354545454545456,texture,4,RF,feat
869,0.8381818181818183,0.8381818181818183,0.8375378589983958,0.8393525367617706,0.8381818181818183,texture,5,RF,feat
870,0.759698025551684,0.7546900353650926,0.7250847840321525,0.7762254901960784,0.6805263157894736,sonar,0,KNN,feat
871,0.7789779326364691,0.7729373829831496,0.7392859617859617,0.8180052790346908,0.6810526315789474,sonar,1,KNN,feat
872,0.7551684088269454,0.7517183274391512,0.7254365079365079,0.7783612040133779,0.6915789473684211,sonar,2,KNN,feat
873,0.7694541231126596,0.7621479092989392,0.7249227799227799,0.8082579185520362,0.6594736842105263,sonar,3,KNN,feat
874,0.7257839721254356,0.7211795298522988,0.6822181591281761,0.7300438596491228,0.6494736842105262,sonar,4,KNN,feat
875,0.7551684088269455,0.7487809444560016,0.7063934319961485,0.7830650154798762,0.6505263157894737,sonar,5,KNN,feat
876,0.7114982578397213,0.7112575410859164,0.6975318214593373,0.688102766798419,0.7110526315789473,sonar,0,SVC,feat
877,0.7118466898954704,0.7106178489702517,0.6857225615633832,0.697177033492823,0.6821052631578948,sonar,1,SVC,feat
878,0.6871080139372823,0.6860006240898688,0.6571106821106822,0.6834161490683229,0.6510526315789473,sonar,2,SVC,feat
879,0.716376306620209,0.7123517786561264,0.6798879551820729,0.7216526610644257,0.65,sonar,3,SVC,feat
880,0.7166085946573753,0.713984813813189,0.6812726605595875,0.708001525553013,0.6710526315789475,sonar,4,SVC,feat
881,0.7254355400696865,0.724247971707926,0.6958913625988289,0.7081699346405228,0.6915789473684211,sonar,5,SVC,feat
882,0.648664343786295,0.6547742874973995,0.6688296722718781,0.6070117322291235,0.7526315789473685,sonar,0,NB,feat
883,0.6681765389082462,0.6766829623465779,0.6915970208653135,0.619102766798419,0.7952631578947369,sonar,1,NB,feat
884,0.6872241579558653,0.694535053047639,0.7038683521402774,0.6345476986781334,0.7957894736842105,sonar,2,NB,feat
885,0.6636469221835075,0.6682265446224256,0.671233238306409,0.6227627445018749,0.7321052631578947,sonar,3,NB,feat
886,0.6728222996515678,0.6765206989806531,0.6713991350745648,0.6249402771141901,0.7415789473684211,sonar,4,NB,feat
887,0.6295005807200929,0.6364614104431038,0.651331489295434,0.5787031302031302,0.751578947368421,sonar,5,NB,feat
888,0.6490127758420442,0.6496973164135635,0.6344863336402877,0.6136466165413534,0.6594736842105264,sonar,0,DT,feat
889,0.7311265969802555,0.7293852714790929,0.7028165528165528,0.7185881370091896,0.6931578947368422,sonar,1,DT,feat
890,0.7405342624854819,0.7412096941959642,0.7260187891766839,0.713078612209047,0.7436842105263158,sonar,2,DT,feat
891,0.6873403019744483,0.6879623465779072,0.6585460389487616,0.6637901572112098,0.6731578947368421,sonar,3,DT,feat
892,0.7349593495934961,0.7354139796130642,0.7136455716716635,0.6997002997002997,0.7415789473684211,sonar,4,DT,feat
893,0.7022067363530778,0.7047222800083213,0.6962643030728136,0.675344611528822,0.7315789473684211,sonar,5,DT,feat
894,0.7454123112659697,0.7443800707301852,0.7282441466039996,0.7281362827358251,0.7310526315789474,sonar,0,RF,feat
895,0.7308943089430896,0.7265737466195132,0.6933333333333334,0.7358897243107769,0.6610526315789473,sonar,1,RF,feat
896,0.7212543554006968,0.7187278968171418,0.6872580359422465,0.717125195439908,0.6710526315789473,sonar,2,RF,feat
897,0.7353077816492452,0.728439775327647,0.6880031680031681,0.768990585437954,0.6284210526315789,sonar,3,RF,feat
898,0.7301974448315913,0.7272862492198875,0.6910619835262393,0.7301515151515151,0.6794736842105263,sonar,4,RF,feat
899,0.7355400696864113,0.7314364468483461,0.7035932828615754,0.7346872082166199,0.6794736842105263,sonar,5,RF,feat
900,0.8025974025974026,0.801818181818182,0.8151243493348757,0.7932090132090133,0.849090909090909,molecular_biology_promoters,0,KNN,feat
901,0.8034632034632034,0.8045454545454547,0.8030530872636137,0.8183838383838383,0.7927272727272727,molecular_biology_promoters,1,KNN,feat
902,0.7649350649350649,0.7645454545454546,0.7725033587102553,0.7594949494949496,0.809090909090909,molecular_biology_promoters,2,KNN,feat
903,0.8012987012987013,0.8054545454545454,0.8046115288220552,0.8187878787878787,0.8145454545454545,molecular_biology_promoters,3,KNN,feat
904,0.8034632034632034,0.8036363636363637,0.8005194805194806,0.809090909090909,0.7927272727272727,molecular_biology_promoters,4,KNN,feat
905,0.8116883116883116,0.8109090909090909,0.8014455110107284,0.8418181818181818,0.809090909090909,molecular_biology_promoters,5,KNN,feat
906,0.7930735930735932,0.7927272727272727,0.7910192147034253,0.805944055944056,0.7927272727272727,molecular_biology_promoters,0,SVC,feat
907,0.8025974025974026,0.8027272727272727,0.8033638443935927,0.8234615384615385,0.7945454545454546,molecular_biology_promoters,1,SVC,feat
908,0.745887445887446,0.7454545454545455,0.7486938349007315,0.7536363636363637,0.769090909090909,molecular_biology_promoters,2,SVC,feat
909,0.8493506493506494,0.85,0.8416678058783322,0.8787878787878789,0.8127272727272727,molecular_biology_promoters,3,SVC,feat
910,0.7844155844155843,0.7845454545454545,0.7802688539530644,0.7882828282828284,0.7745454545454545,molecular_biology_promoters,4,SVC,feat
911,0.7922077922077921,0.7899999999999999,0.7869565217391303,0.808974358974359,0.8072727272727273,molecular_biology_promoters,5,SVC,feat
912,0.8584415584415584,0.8590909090909091,0.8555808493565931,0.868888888888889,0.850909090909091,molecular_biology_promoters,0,NB,feat
913,0.8502164502164501,0.8509090909090908,0.8451674641148326,0.8872727272727273,0.8127272727272727,molecular_biology_promoters,1,NB,feat
914,0.8303030303030303,0.8309090909090908,0.8188282924505834,0.878095238095238,0.7890909090909092,molecular_biology_promoters,2,NB,feat
915,0.8774891774891775,0.8772727272727273,0.8745479641131816,0.9103030303030304,0.849090909090909,molecular_biology_promoters,3,NB,feat
916,0.8502164502164502,0.850909090909091,0.8414809751651857,0.8595959595959595,0.8309090909090908,molecular_biology_promoters,4,NB,feat
917,0.848917748917749,0.8481818181818183,0.8295804729214341,0.9205128205128206,0.7909090909090909,molecular_biology_promoters,5,NB,feat
918,0.8303030303030303,0.8290909090909091,0.8282900115394394,0.8466666666666667,0.8272727272727274,molecular_biology_promoters,0,DT,feat
919,0.7826839826839828,0.7845454545454544,0.7812692138779095,0.8136363636363637,0.7763636363636365,molecular_biology_promoters,1,DT,feat
920,0.7653679653679655,0.7654545454545456,0.7791053391053391,0.7776581605528975,0.8109090909090909,molecular_biology_promoters,2,DT,feat
921,0.8112554112554113,0.8136363636363637,0.8164935064935065,0.8122077922077923,0.8309090909090908,molecular_biology_promoters,3,DT,feat
922,0.8484848484848484,0.8472727272727273,0.8503030303030303,0.8374825174825175,0.8654545454545455,molecular_biology_promoters,4,DT,feat
923,0.7541125541125541,0.7536363636363637,0.757198529921642,0.7336729936729937,0.7927272727272727,molecular_biology_promoters,5,DT,feat
924,0.8493506493506494,0.8472727272727273,0.84621501051707,0.8689393939393939,0.8290909090909091,molecular_biology_promoters,0,RF,feat
925,0.8406926406926407,0.840909090909091,0.8346608946608948,0.8832323232323234,0.7945454545454547,molecular_biology_promoters,1,RF,feat
926,0.8406926406926407,0.8418181818181818,0.8430242272347535,0.8680481283422459,0.8472727272727273,molecular_biology_promoters,2,RF,feat
927,0.82987012987013,0.8309090909090908,0.8264935064935065,0.845050505050505,0.8127272727272727,molecular_biology_promoters,3,RF,feat
928,0.8303030303030303,0.8290909090909091,0.8247674522274064,0.8436363636363637,0.8090909090909092,molecular_biology_promoters,4,RF,feat
929,0.8294372294372293,0.8281818181818181,0.8153585544889893,0.8623310023310025,0.809090909090909,molecular_biology_promoters,5,RF,feat
930,0.8084999999999999,0.8084999999999999,0.8080791956324183,0.8098686763130237,0.8084999999999999,mfeat_fourier,0,KNN,feat
931,0.808,0.808,0.8079343451554781,0.8120285208193214,0.808,mfeat_fourier,1,KNN,feat
932,0.8115,0.8115,0.811044017697139,0.8135753432211693,0.8115,mfeat_fourier,2,KNN,feat
933,0.8055,0.8055,0.8052462346789786,0.8082642222582928,0.8055,mfeat_fourier,3,KNN,feat
934,0.8095000000000001,0.8095000000000001,0.8097301010667319,0.8127309013589084,0.8095000000000001,mfeat_fourier,4,KNN,feat
935,0.8155000000000001,0.8155000000000001,0.8152435088852812,0.8198444492156988,0.8155000000000001,mfeat_fourier,5,KNN,feat
936,0.772,0.772,0.7706427012888236,0.7746106232199794,0.772,mfeat_fourier,0,SVC,feat
937,0.7785,0.7785,0.7760691745799454,0.7821584361187801,0.7785,mfeat_fourier,1,SVC,feat
938,0.7785,0.7785,0.7775886112484688,0.7810433118303937,0.7785,mfeat_fourier,2,SVC,feat
939,0.7855,0.7855,0.7843286200798062,0.7888569186878799,0.7855,mfeat_fourier,3,SVC,feat
940,0.7845,0.7845,0.783076992041634,0.7878190657461183,0.7845,mfeat_fourier,4,SVC,feat
941,0.7815000000000001,0.7815,0.7794544550115556,0.7854813890857998,0.7815,mfeat_fourier,5,SVC,feat
942,0.758,0.758,0.7579840196438166,0.762922818049131,0.758,mfeat_fourier,0,NB,feat
943,0.756,0.756,0.7548296775388159,0.759039346829492,0.756,mfeat_fourier,1,NB,feat
944,0.754,0.754,0.753758087371121,0.7566511579762036,0.754,mfeat_fourier,2,NB,feat
945,0.761,0.7609999999999999,0.7609994827549513,0.7647568382083461,0.7609999999999999,mfeat_fourier,3,NB,feat
946,0.7575,0.7575,0.7568452727154303,0.76030892882888,0.7575,mfeat_fourier,4,NB,feat
947,0.757,0.757,0.7565356464413184,0.762232049435681,0.757,mfeat_fourier,5,NB,feat
948,0.7380000000000001,0.7380000000000001,0.7398668493031819,0.7457071608285994,0.7380000000000001,mfeat_fourier,0,DT,feat
949,0.7489999999999999,0.749,0.7486663910955584,0.7509131925493471,0.749,mfeat_fourier,1,DT,feat
950,0.751,0.751,0.7528894118425333,0.7592354668283005,0.751,mfeat_fourier,2,DT,feat
951,0.7445,0.7445,0.744984401573468,0.7478810982147811,0.7445,mfeat_fourier,3,DT,feat
952,0.7430000000000001,0.7430000000000001,0.7443871304065317,0.747657580842241,0.7430000000000001,mfeat_fourier,4,DT,feat
953,0.744,0.744,0.7432814063228941,0.7466342324796942,0.744,mfeat_fourier,5,DT,feat
954,0.8099999999999999,0.8099999999999999,0.8096881371491232,0.8123414690852758,0.8099999999999999,mfeat_fourier,0,RF,feat
955,0.8154999999999999,0.8154999999999999,0.814716253152131,0.8168893139755472,0.8154999999999999,mfeat_fourier,1,RF,feat
956,0.8065,0.8065,0.8056054873913817,0.8084196686956385,0.8065,mfeat_fourier,2,RF,feat
957,0.8095000000000001,0.8095000000000001,0.8092450507625465,0.8115901252717764,0.8095000000000001,mfeat_fourier,3,RF,feat
958,0.8135,0.8135,0.8127787680398223,0.8140241543387475,0.8135,mfeat_fourier,4,RF,feat
959,0.8175000000000001,0.8175000000000001,0.8162817336172553,0.8194943202925564,0.8175000000000001,mfeat_fourier,5,RF,feat
960,0.9262750070442378,0.850456105978601,0.8621071850291792,0.8949437787658276,0.850456105978601,analcatdata_authorship,0,KNN,feat
961,0.9297900817131588,0.8605824182844684,0.8727684740982793,0.8977667495933004,0.8605824182844684,analcatdata_authorship,1,KNN,feat
962,0.9322555649478728,0.8782619214866223,0.8897722956904819,0.9122189081700494,0.8782619214866223,analcatdata_authorship,2,KNN,feat
963,0.923887010425472,0.850600364311107,0.8616456643428816,0.8876568876452751,0.850600364311107,analcatdata_authorship,3,KNN,feat
964,0.9334389969005354,0.8839672408190292,0.8910068713024064,0.9050847424969086,0.8839672408190292,analcatdata_authorship,4,KNN,feat
965,0.9381797689489998,0.8811442220057002,0.8894842550910382,0.9040323929866776,0.8811442220057002,analcatdata_authorship,5,KNN,feat
966,0.9547830374753452,0.9390269748114964,0.9345225009834948,0.933161652213683,0.9390269748114964,analcatdata_authorship,0,SVC,feat
967,0.9571921668075516,0.9375541451493284,0.9418744814631508,0.9476988850041128,0.9375541451493284,analcatdata_authorship,1,SVC,feat
968,0.9583896872358412,0.9358038294927626,0.94237386401716,0.9520694127764447,0.9358038294927626,analcatdata_authorship,2,SVC,feat
969,0.9500422654268807,0.9280778976652296,0.92792115147944,0.9349228978388184,0.9280778976652296,analcatdata_authorship,3,SVC,feat
970,0.9607706396167934,0.9382094375693268,0.9460830909620366,0.9568379908500876,0.9382094375693268,analcatdata_authorship,4,SVC,feat
971,0.950091575091575,0.9110028522836974,0.9211695402660288,0.9350241105780258,0.9110028522836974,analcatdata_authorship,5,SVC,feat
972,0.9583615102845872,0.9277959931083372,0.9344624402838384,0.9463239589230806,0.9277959931083372,analcatdata_authorship,0,NB,feat
973,0.964313891236968,0.9498782786740788,0.9509850961548072,0.9543821164162296,0.9498782786740788,analcatdata_authorship,1,NB,feat
974,0.9607847280924204,0.9367841029580812,0.9443222531779808,0.9543757272451368,0.9367841029580812,analcatdata_authorship,2,NB,feat
975,0.953606649760496,0.9286173507345928,0.9312132750096376,0.9389717067015182,0.9286173507345928,analcatdata_authorship,3,NB,feat
976,0.9655395886165116,0.9519400472374364,0.9572778409124584,0.9646657922484746,0.9519400472374364,analcatdata_authorship,4,NB,feat
977,0.9548393913778528,0.912308063633774,0.9182171637207152,0.9254733684098748,0.912308063633774,analcatdata_authorship,5,NB,feat
978,0.925077486615948,0.8999278056433153,0.8945980856801408,0.8938925453929472,0.8999278056433153,analcatdata_authorship,0,DT,feat
979,0.9227387996618768,0.8969527207069268,0.8952997979600985,0.9001503695500406,0.8969527207069268,analcatdata_authorship,1,DT,feat
980,0.9215060580445196,0.8806170789129725,0.8786360480876769,0.8784327730382182,0.8806170789129725,analcatdata_authorship,2,DT,feat
981,0.9120174697097774,0.8546681615956603,0.8577924447273304,0.8644148110166174,0.8546681615956603,analcatdata_authorship,3,DT,feat
982,0.9203578472809244,0.8926477201692181,0.88185575222607,0.8775767545116302,0.8926477201692181,analcatdata_authorship,4,DT,feat
983,0.9096435615666384,0.850231898325586,0.8484439066353758,0.8541496965025764,0.850231898325586,analcatdata_authorship,5,DT,feat
984,0.9571921668075511,0.9234522523698744,0.9296447765638608,0.9411124487611732,0.9234522523698744,analcatdata_authorship,0,RF,feat
985,0.9667230205691744,0.9481180264221768,0.9543129195859714,0.962405515808352,0.9481180264221768,analcatdata_authorship,1,RF,feat
986,0.9583967314736546,0.923051964012364,0.9339154567829946,0.949942084120672,0.923051964012364,analcatdata_authorship,2,RF,feat
987,0.9547900817131586,0.9109433669140486,0.9214212625745424,0.9421885329561912,0.9109433669140486,analcatdata_authorship,3,RF,feat
988,0.9607776838546068,0.9358350887543,0.94336483122301,0.9549874144133044,0.9358350887543,analcatdata_authorship,4,RF,feat
989,0.9536277824739364,0.901734003661814,0.910347910780582,0.9234951515558972,0.901734003661814,analcatdata_authorship,5,RF,feat
990,0.8758780541012217,0.8683051499896935,0.902190566512474,0.908960348263408,0.8955751032920165,tokyo1,0,KNN,feat
991,0.8759107766143106,0.867101391327527,0.9026112507500864,0.9067225563453012,0.8988404638144744,tokyo1,1,KNN,feat
992,0.8738274432809773,0.8628948503414371,0.9012584605465148,0.9008883085178072,0.9021458083433294,tokyo1,2,KNN,feat
993,0.8696444153577663,0.8572153084935797,0.8985053133799739,0.8951923670278189,0.9021324803411968,tokyo1,3,KNN,feat
994,0.874869109947644,0.867007466164673,0.9013679656865876,0.9084883501825146,0.8955884312941491,tokyo1,4,KNN,feat
995,0.8811191099476441,0.8711797599800659,0.9069247487729768,0.9075600133754362,0.9069972011195524,tokyo1,5,KNN,feat
996,0.5873309336823734,0.582989454321791,0.5623159419752094,0.5408593948639715,0.5999333599893376,tokyo1,0,SVC,feat
997,0.7228184991273997,0.6931319314924134,0.7486845726935231,0.7113974508843842,0.7985205917632947,tokyo1,1,SVC,feat
998,0.4825698080279232,0.5105638572728257,0.3866245694603903,0.3866336487215088,0.4113554578168733,tokyo1,2,SVC,feat
999,0.3186245636998254,0.3660565670212246,0.202352324309195,0.2189927210145438,0.1966679994668799,tokyo1,3,SVC,feat
1000,0.3168139179755672,0.3521035064235175,0.223874781854804,0.2481994269228312,0.2244968679194988,tokyo1,4,SVC,feat
1001,0.6102530541012217,0.631871458455955,0.5410222736126084,0.5387555972844142,0.5526456084232974,tokyo1,5,SVC,feat
1002,0.9009162303664924,0.8778893328796846,0.9255025991792069,0.8929295361205846,0.9607890177262428,tokyo1,0,NB,feat
1003,0.8988710732984293,0.875550897653361,0.9238326357169162,0.8911598929223491,0.9591763294682129,tokyo1,1,NB,feat
1004,0.9019742582897032,0.8792270007111027,0.9260521555469672,0.8939356220990714,0.9608556577369052,tokyo1,2,NB,feat
1005,0.9009707678883072,0.8790443077427416,0.925141796505951,0.8953053629556577,0.9575503132080504,tokyo1,3,NB,feat
1006,0.8967550174520069,0.873425453835029,0.9223265612677696,0.8901231850160454,0.9576169532187124,tokyo1,4,NB,feat
1007,0.8988601657940662,0.8756537053915494,0.923936307354746,0.892165284708868,0.95921631347461,tokyo1,5,NB,feat
1008,0.8946498691099476,0.8817281617373756,0.9182770009405145,0.9090216351005074,0.928135412501666,tokyo1,0,DT,feat
1009,0.9030268324607332,0.8920210383755401,0.9247767234590126,0.9185656138326684,0.9314540850326536,tokyo1,1,DT,feat
1010,0.908218804537522,0.9023725996143984,0.927995046221225,0.9330400413527083,0.9233373317339733,tokyo1,2,DT,feat
1011,0.897823952879581,0.8847946535671447,0.9211419095826836,0.9117943254718854,0.9314940690390512,tokyo1,3,DT,feat
1012,0.8988656195462477,0.8882081784263519,0.9213540644396264,0.9170235645155052,0.9266026922564308,tokyo1,4,DT,feat
1013,0.9040575916230368,0.8946814483316405,0.9250750111756424,0.9232830491460408,0.9281620685059307,tokyo1,5,DT,feat
1014,0.9280213787085516,0.9229313078081396,0.9433971484139076,0.9458042238452112,0.9411835265893644,tokyo1,0,RF,feat
1015,0.925959860383944,0.919423857786078,0.9421459481797634,0.9420500493924708,0.9428228708516594,tokyo1,1,RF,feat
1016,0.9217986474694588,0.9167378928345846,0.9385820988258556,0.9426075613316848,0.9347594295615088,tokyo1,2,RF,feat
1017,0.92285667539267,0.9144723725416666,0.9400798456866428,0.9364428626967924,0.944555511128882,tokyo1,3,RF,feat
1018,0.921787739965096,0.9163219929419536,0.938640967962535,0.9421975664818198,0.9364121018259364,tokyo1,4,RF,feat
1019,0.9280431937172776,0.9210558261167584,0.9438375633999044,0.9418914585392753,0.9461282153805144,tokyo1,5,RF,feat
1020,0.4162962962962963,0.4938997821350762,0.4179877046336287,0.4189726206736958,0.4938997821350762,soybean,0,KNN,feat
1021,0.3940740740740741,0.508315177923021,0.4160450913148178,0.4045023724582588,0.508315177923021,soybean,1,KNN,feat
1022,0.3540740740740741,0.4874001452432825,0.3981932490039848,0.3956553893125986,0.4874001452432825,soybean,2,KNN,feat
1023,0.4074074074074074,0.5046114742193173,0.4191585966951508,0.4095539599872421,0.5046114742193173,soybean,3,KNN,feat
1024,0.3985185185185185,0.5041031227305737,0.4259479479951306,0.4241915663245317,0.5041031227305737,soybean,4,KNN,feat
1025,0.4074074074074074,0.5102214960058097,0.4274988876373337,0.4210571321704991,0.5102214960058097,soybean,5,KNN,feat
1026,0.482962962962963,0.4874183006535947,0.435975931012912,0.4351405840397267,0.4874183006535947,soybean,0,SVC,feat
1027,0.4874074074074074,0.492883079157589,0.438028010978335,0.4308871527185821,0.492883079157589,soybean,1,SVC,feat
1028,0.4814814814814815,0.4796840958605665,0.4263545363464354,0.4208502217063706,0.4796840958605665,soybean,2,SVC,feat
1029,0.4918518518518519,0.504920116194626,0.4519998445172918,0.4438199895476771,0.504920116194626,soybean,3,SVC,feat
1030,0.4903703703703703,0.5021423384168482,0.4516294072507333,0.4460791310361037,0.5021423384168482,soybean,4,SVC,feat
1031,0.4933333333333333,0.5031227305737109,0.4498613160039219,0.4425542568672506,0.5031227305737109,soybean,5,SVC,feat
1032,0.4251851851851851,0.5083333333333334,0.4184137924038703,0.4046742407874276,0.5083333333333334,soybean,0,NB,feat
1033,0.4503703703703704,0.5020152505446623,0.4247595410588015,0.4125148444157958,0.5020152505446623,soybean,1,NB,feat
1034,0.4385185185185184,0.4840777051561365,0.4080073739580497,0.4014126991350452,0.4840777051561365,soybean,2,NB,feat
1035,0.4474074074074073,0.5245098039215687,0.4393217136173654,0.4193019637932383,0.5245098039215687,soybean,3,NB,feat
1036,0.4444444444444445,0.5185185185185184,0.4375286504325196,0.421952810337549,0.5185185185185184,soybean,4,NB,feat
1037,0.4459259259259259,0.5191358024691357,0.436024202464868,0.4190638468143406,0.5191358024691357,soybean,5,NB,feat
1038,0.4874074074074074,0.4929738562091502,0.4413689694963241,0.4353934630855973,0.4929738562091502,soybean,0,DT,feat
1039,0.4903703703703703,0.4956608569353667,0.4388075491509274,0.4283084952094465,0.4956608569353667,soybean,1,DT,feat
1040,0.482962962962963,0.4796840958605665,0.4249642107613532,0.4182289384512845,0.4796840958605665,soybean,2,DT,feat
1041,0.4948148148148147,0.5076978939724037,0.4538483586536453,0.4440350085262831,0.5076978939724037,soybean,3,DT,feat
1042,0.4933333333333333,0.504920116194626,0.4534714597315907,0.4462852099640663,0.504920116194626,soybean,4,DT,feat
1043,0.4948148148148147,0.5031227305737109,0.4484829803617013,0.439950090200584,0.5031227305737109,soybean,5,DT,feat
1044,0.4859259259259259,0.4929738562091502,0.4411686908477696,0.4352324324897841,0.4929738562091502,soybean,0,RF,feat
1045,0.4903703703703703,0.4984386347131445,0.4417851763233111,0.4309297784645326,0.4984386347131445,soybean,1,RF,feat
1046,0.482962962962963,0.4824618736383442,0.427941837933737,0.4208502217063706,0.4824618736383442,soybean,2,RF,feat
1047,0.4948148148148147,0.5076978939724037,0.4538396713571186,0.4440224280109851,0.5076978939724037,soybean,3,RF,feat
1048,0.4918518518518517,0.504920116194626,0.4532677813610176,0.4461193724847959,0.504920116194626,soybean,4,RF,feat
1049,0.4962962962962963,0.5059005083514887,0.4516505837915858,0.4427176555600612,0.5059005083514887,soybean,5,RF,feat
1050,0.8985,0.8985,0.897889102775963,0.9002760114696093,0.8985,mfeat_karhunen,0,KNN,feat
1051,0.898,0.898,0.8974750307551622,0.9001238265504063,0.898,mfeat_karhunen,1,KNN,feat
1052,0.8965,0.8965,0.8961151099849225,0.8987381740044759,0.8965,mfeat_karhunen,2,KNN,feat
1053,0.903,0.903,0.9025484971270566,0.9044779782560084,0.903,mfeat_karhunen,3,KNN,feat
1054,0.9,0.9,0.8997191229914442,0.9023196345211464,0.9,mfeat_karhunen,4,KNN,feat
1055,0.909,0.909,0.908300541086485,0.9106043881425258,0.909,mfeat_karhunen,5,KNN,feat
1056,0.8605,0.8605,0.8600711727793989,0.8628570549672038,0.8605,mfeat_karhunen,0,SVC,feat
1057,0.8545,0.8545,0.8533667407898223,0.8566128201639096,0.8545,mfeat_karhunen,1,SVC,feat
1058,0.8465,0.8465,0.8460842598680507,0.8486260872196697,0.8465,mfeat_karhunen,2,SVC,feat
1059,0.861,0.8610000000000001,0.8605944998828192,0.8629102991904813,0.8610000000000001,mfeat_karhunen,3,SVC,feat
1060,0.861,0.861,0.8608405926872524,0.8639071835200598,0.861,mfeat_karhunen,4,SVC,feat
1061,0.8515,0.8514999999999999,0.8510229031323518,0.8546200579564165,0.8514999999999999,mfeat_karhunen,5,SVC,feat
1062,0.8165000000000001,0.8165000000000001,0.8165575461204628,0.8203268856125299,0.8165000000000001,mfeat_karhunen,0,NB,feat
1063,0.808,0.808,0.8081579345947253,0.8159445569802811,0.808,mfeat_karhunen,1,NB,feat
1064,0.8089999999999999,0.8090000000000002,0.809085736838993,0.8132845637451049,0.8090000000000002,mfeat_karhunen,2,NB,feat
1065,0.818,0.818,0.818680369748332,0.8225152757687584,0.818,mfeat_karhunen,3,NB,feat
1066,0.8150000000000001,0.8150000000000001,0.8149855862526245,0.820298337775269,0.8150000000000001,mfeat_karhunen,4,NB,feat
1067,0.8170000000000002,0.817,0.8176011801038408,0.8238804811087299,0.817,mfeat_karhunen,5,NB,feat
1068,0.7779999999999999,0.7779999999999999,0.7776474495452547,0.7809082917276304,0.7779999999999999,mfeat_karhunen,0,DT,feat
1069,0.7775000000000001,0.7775000000000001,0.7778798828464142,0.7857557078023591,0.7775000000000001,mfeat_karhunen,1,DT,feat
1070,0.7785,0.7785,0.7783730885000342,0.7820719218496103,0.7785,mfeat_karhunen,2,DT,feat
1071,0.7715,0.7715,0.7719940892280678,0.7757547793826279,0.7715,mfeat_karhunen,3,DT,feat
1072,0.779,0.779,0.7784328303395663,0.7822568676152282,0.779,mfeat_karhunen,4,DT,feat
1073,0.7834999999999999,0.7835000000000001,0.7837752498583634,0.7891606957317281,0.7835000000000001,mfeat_karhunen,5,DT,feat
1074,0.8805,0.8805,0.8804095247134699,0.8823005205240504,0.8805,mfeat_karhunen,0,RF,feat
1075,0.8755,0.8755,0.8754306358689593,0.8788985548649817,0.8755,mfeat_karhunen,1,RF,feat
1076,0.8719999999999999,0.8719999999999999,0.8718507197372011,0.8746972754942798,0.8719999999999999,mfeat_karhunen,2,RF,feat
1077,0.8805,0.8805,0.8803562379001558,0.8829771247394117,0.8805,mfeat_karhunen,3,RF,feat
1078,0.8775000000000001,0.8775000000000001,0.8769996314456385,0.8799151362531799,0.8775000000000001,mfeat_karhunen,4,RF,feat
1079,0.875,0.875,0.8753915407772993,0.8797078599101615,0.875,mfeat_karhunen,5,RF,feat
1080,0.515,0.515,0.522191742132935,0.5155901876088175,0.53,GAMETES_Epistasis_2_Way_1000atts_0.4H_EDM_1_EDM_1_1,0,KNN,hyperparameter
1081,0.515625,0.515625,0.5146916574278223,0.5157911941134582,0.51375,GAMETES_Epistasis_2_Way_1000atts_0.4H_EDM_1_EDM_1_1,1,KNN,hyperparameter
1082,0.50625,0.50625,0.5263802390747458,0.5060480248329071,0.54875,GAMETES_Epistasis_2_Way_1000atts_0.4H_EDM_1_EDM_1_1,2,KNN,hyperparameter
1083,0.51125,0.51125,0.5141522035020503,0.5112777158264892,0.5175000000000001,GAMETES_Epistasis_2_Way_1000atts_0.4H_EDM_1_EDM_1_1,3,KNN,hyperparameter
1084,0.525625,0.525625,0.5256560639560566,0.5257814950508599,0.52625,GAMETES_Epistasis_2_Way_1000atts_0.4H_EDM_1_EDM_1_1,4,KNN,hyperparameter
1085,0.5125,0.5125,0.5185876337602898,0.5121347359614812,0.52625,GAMETES_Epistasis_2_Way_1000atts_0.4H_EDM_1_EDM_1_1,5,KNN,hyperparameter
1086,0.4825,0.4825,0.4781157627230649,0.4815336253208687,0.475,GAMETES_Epistasis_2_Way_1000atts_0.4H_EDM_1_EDM_1_1,0,SVC,hyperparameter
1087,0.499375,0.499375,0.5158863366472564,0.504445805996421,0.5387500000000001,GAMETES_Epistasis_2_Way_1000atts_0.4H_EDM_1_EDM_1_1,1,SVC,hyperparameter
1088,0.4962499999999999,0.4962499999999999,0.4991883617836974,0.4957600321909114,0.50375,GAMETES_Epistasis_2_Way_1000atts_0.4H_EDM_1_EDM_1_1,2,SVC,hyperparameter
1089,0.499375,0.499375,0.5037399369034118,0.4997305367817293,0.50875,GAMETES_Epistasis_2_Way_1000atts_0.4H_EDM_1_EDM_1_1,3,SVC,hyperparameter
1090,0.494375,0.494375,0.4724445675672153,0.4919020376053989,0.45625,GAMETES_Epistasis_2_Way_1000atts_0.4H_EDM_1_EDM_1_1,4,SVC,hyperparameter
1091,0.5075,0.5075,0.5153481725459859,0.506785378408838,0.5249999999999999,GAMETES_Epistasis_2_Way_1000atts_0.4H_EDM_1_EDM_1_1,5,SVC,hyperparameter
1092,0.48875,0.48875,0.4871498189555259,0.4882981878668532,0.48625,GAMETES_Epistasis_2_Way_1000atts_0.4H_EDM_1_EDM_1_1,0,LR,hyperparameter
1093,0.510625,0.510625,0.5027147082421957,0.5108266809220988,0.4962499999999999,GAMETES_Epistasis_2_Way_1000atts_0.4H_EDM_1_EDM_1_1,1,LR,hyperparameter
1094,0.499375,0.499375,0.4990087629774167,0.4978714746580877,0.50125,GAMETES_Epistasis_2_Way_1000atts_0.4H_EDM_1_EDM_1_1,2,LR,hyperparameter
1095,0.494375,0.494375,0.4855823789366797,0.4944029850746269,0.4775,GAMETES_Epistasis_2_Way_1000atts_0.4H_EDM_1_EDM_1_1,3,LR,hyperparameter
1096,0.5043749999999999,0.504375,0.502196449861025,0.5048648041600116,0.5,GAMETES_Epistasis_2_Way_1000atts_0.4H_EDM_1_EDM_1_1,4,LR,hyperparameter
1097,0.495625,0.495625,0.496931364725521,0.495323719310705,0.49875,GAMETES_Epistasis_2_Way_1000atts_0.4H_EDM_1_EDM_1_1,5,LR,hyperparameter
1098,0.50125,0.50125,0.486811571415142,0.5011526837524178,0.47375,GAMETES_Epistasis_2_Way_1000atts_0.4H_EDM_1_EDM_1_1,0,NB,hyperparameter
1099,0.520625,0.520625,0.5095122796706006,0.5215171247911088,0.49875,GAMETES_Epistasis_2_Way_1000atts_0.4H_EDM_1_EDM_1_1,1,NB,hyperparameter
1100,0.506875,0.506875,0.4939521271523551,0.5068853560232871,0.4825,GAMETES_Epistasis_2_Way_1000atts_0.4H_EDM_1_EDM_1_1,2,NB,hyperparameter
1101,0.5062500000000001,0.50625,0.5067300767491615,0.5066988056066155,0.5075000000000001,GAMETES_Epistasis_2_Way_1000atts_0.4H_EDM_1_EDM_1_1,3,NB,hyperparameter
1102,0.510625,0.510625,0.4971625426983844,0.5104992450783908,0.485,GAMETES_Epistasis_2_Way_1000atts_0.4H_EDM_1_EDM_1_1,4,NB,hyperparameter
1103,0.5025,0.5025,0.4936916591388136,0.5028286910088036,0.4862499999999999,GAMETES_Epistasis_2_Way_1000atts_0.4H_EDM_1_EDM_1_1,5,NB,hyperparameter
1104,0.48875,0.48875,0.4972619289139625,0.4871199272233872,0.5487500000000001,GAMETES_Epistasis_2_Way_1000atts_0.4H_EDM_1_EDM_1_1,0,DT,hyperparameter
1105,0.4924999999999999,0.4925,0.4575606019757131,0.486894669466659,0.4425,GAMETES_Epistasis_2_Way_1000atts_0.4H_EDM_1_EDM_1_1,1,DT,hyperparameter
1106,0.50625,0.50625,0.4651576949674267,0.507198109977154,0.4325,GAMETES_Epistasis_2_Way_1000atts_0.4H_EDM_1_EDM_1_1,2,DT,hyperparameter
1107,0.49875,0.49875,0.4443293465320737,0.5019354112145523,0.40625,GAMETES_Epistasis_2_Way_1000atts_0.4H_EDM_1_EDM_1_1,3,DT,hyperparameter
1108,0.498125,0.498125,0.5334981522245218,0.4988094764408248,0.5925,GAMETES_Epistasis_2_Way_1000atts_0.4H_EDM_1_EDM_1_1,4,DT,hyperparameter
1109,0.5025,0.5025,0.5272360506681197,0.5014260509023891,0.5587500000000001,GAMETES_Epistasis_2_Way_1000atts_0.4H_EDM_1_EDM_1_1,5,DT,hyperparameter
1110,0.476875,0.4768749999999999,0.4511002592391632,0.4748478744387091,0.43,GAMETES_Epistasis_2_Way_1000atts_0.4H_EDM_1_EDM_1_1,0,RF,hyperparameter
1111,0.489375,0.489375,0.47916462954834,0.4890072637659275,0.47,GAMETES_Epistasis_2_Way_1000atts_0.4H_EDM_1_EDM_1_1,1,RF,hyperparameter
1112,0.485,0.485,0.4772260282907129,0.4848966158336846,0.47,GAMETES_Epistasis_2_Way_1000atts_0.4H_EDM_1_EDM_1_1,2,RF,hyperparameter
1113,0.48875,0.48875,0.4685388078138294,0.4873185985351762,0.45125,GAMETES_Epistasis_2_Way_1000atts_0.4H_EDM_1_EDM_1_1,3,RF,hyperparameter
1114,0.499375,0.499375,0.4781805373867802,0.4997016660808207,0.45875,GAMETES_Epistasis_2_Way_1000atts_0.4H_EDM_1_EDM_1_1,4,RF,hyperparameter
1115,0.48375,0.48375,0.4627568509204418,0.483069879303999,0.445,GAMETES_Epistasis_2_Way_1000atts_0.4H_EDM_1_EDM_1_1,5,RF,hyperparameter
1116,1.0,1.0,1.0,1.0,1.0,agaricus_lepiota,0,KNN,hyperparameter
1117,1.0,1.0,1.0,1.0,1.0,agaricus_lepiota,1,KNN,hyperparameter
1118,1.0,1.0,1.0,1.0,1.0,agaricus_lepiota,2,KNN,hyperparameter
1119,1.0,1.0,1.0,1.0,1.0,agaricus_lepiota,3,KNN,hyperparameter
1120,1.0,1.0,1.0,1.0,1.0,agaricus_lepiota,4,KNN,hyperparameter
1121,1.0,1.0,1.0,1.0,1.0,agaricus_lepiota,5,KNN,hyperparameter
1122,1.0,1.0,1.0,1.0,1.0,agaricus_lepiota,0,SVC,hyperparameter
1123,1.0,1.0,1.0,1.0,1.0,agaricus_lepiota,1,SVC,hyperparameter
1124,1.0,1.0,1.0,1.0,1.0,agaricus_lepiota,2,SVC,hyperparameter
1125,1.0,1.0,1.0,1.0,1.0,agaricus_lepiota,3,SVC,hyperparameter
1126,1.0,1.0,1.0,1.0,1.0,agaricus_lepiota,4,SVC,hyperparameter
1127,1.0,1.0,1.0,1.0,1.0,agaricus_lepiota,5,SVC,hyperparameter
1128,0.9677107475360064,0.9676585388026238,0.966419124841544,0.9665529894566705,0.9663009943507536,agaricus_lepiota,0,LR,hyperparameter
1129,0.9677101447388344,0.9676120798216804,0.9663697810973642,0.9677805648391063,0.965025484146672,agaricus_lepiota,1,LR,hyperparameter
1130,0.9670964972179704,0.9670494408114396,0.9657847560230364,0.9658242178894398,0.965792353713702,agaricus_lepiota,2,LR,hyperparameter
1131,0.9669739485529492,0.9669309210131232,0.965682199024843,0.9656546104294016,0.9657918325655084,agaricus_lepiota,3,LR,hyperparameter
1132,0.9672190458829918,0.9671671788874652,0.9659214985501596,0.9660797329611476,0.9657913114173146,agaricus_lepiota,4,LR,hyperparameter
1133,0.9674651076885092,0.9673756916602898,0.9661323550364114,0.9672464174389926,0.9650257447207689,agaricus_lepiota,5,LR,hyperparameter
1134,0.9213007904840992,0.9212924913520462,0.918395430790912,0.9157702539556364,0.9211091075858332,agaricus_lepiota,0,NB,hyperparameter
1135,0.9211778198610576,0.921204322396216,0.9183964250360804,0.915125789347758,0.9218788434679284,agaricus_lepiota,1,NB,hyperparameter
1136,0.9214244844637468,0.9214137471783794,0.9185372624908148,0.9160541841127804,0.9211151007900606,agaricus_lepiota,2,NB,hyperparameter
1137,0.9198279158745912,0.9198477201526696,0.9169694441773,0.9137142697757532,0.9203482312230306,agaricus_lepiota,3,NB,hyperparameter
1138,0.9216699434720924,0.92163011858986,0.9187376940452552,0.9169311351809216,0.9206017698192658,agaricus_lepiota,4,NB,hyperparameter
1139,0.9210560548323596,0.9210485051260964,0.9181764895613748,0.9155568471202082,0.9208576535823726,agaricus_lepiota,5,NB,hyperparameter
1140,1.0,1.0,1.0,1.0,1.0,agaricus_lepiota,0,DT,hyperparameter
1141,1.0,1.0,1.0,1.0,1.0,agaricus_lepiota,1,DT,hyperparameter
1142,1.0,1.0,1.0,1.0,1.0,agaricus_lepiota,2,DT,hyperparameter
1143,1.0,1.0,1.0,1.0,1.0,agaricus_lepiota,3,DT,hyperparameter
1144,1.0,1.0,1.0,1.0,1.0,agaricus_lepiota,4,DT,hyperparameter
1145,1.0,1.0,1.0,1.0,1.0,agaricus_lepiota,5,DT,hyperparameter
1146,1.0,1.0,1.0,1.0,1.0,agaricus_lepiota,0,RF,hyperparameter
1147,1.0,1.0,1.0,1.0,1.0,agaricus_lepiota,1,RF,hyperparameter
1148,1.0,1.0,1.0,1.0,1.0,agaricus_lepiota,2,RF,hyperparameter
1149,1.0,1.0,1.0,1.0,1.0,agaricus_lepiota,3,RF,hyperparameter
1150,1.0,1.0,1.0,1.0,1.0,agaricus_lepiota,4,RF,hyperparameter
1151,1.0,1.0,1.0,1.0,1.0,agaricus_lepiota,5,RF,hyperparameter
1152,1.0,1.0,1.0,1.0,1.0,mushroom,0,KNN,hyperparameter
1153,1.0,1.0,1.0,1.0,1.0,mushroom,1,KNN,hyperparameter
1154,1.0,1.0,1.0,1.0,1.0,mushroom,2,KNN,hyperparameter
1155,1.0,1.0,1.0,1.0,1.0,mushroom,3,KNN,hyperparameter
1156,1.0,1.0,1.0,1.0,1.0,mushroom,4,KNN,hyperparameter
1157,0.9998769079271296,0.9998723186925432,0.9998722534491568,1.0,0.9997446373850868,mushroom,5,KNN,hyperparameter
1158,1.0,1.0,1.0,1.0,1.0,mushroom,0,SVC,hyperparameter
1159,1.0,1.0,1.0,1.0,1.0,mushroom,1,SVC,hyperparameter
1160,1.0,1.0,1.0,1.0,1.0,mushroom,2,SVC,hyperparameter
1161,1.0,1.0,1.0,1.0,1.0,mushroom,3,SVC,hyperparameter
1162,1.0,1.0,1.0,1.0,1.0,mushroom,4,SVC,hyperparameter
1163,1.0,1.0,1.0,1.0,1.0,mushroom,5,SVC,hyperparameter
1164,0.9559330379123584,0.9555836540739562,0.9539197452732392,0.9621357103152764,0.9458631256384066,mushroom,0,LR,hyperparameter
1165,0.9556868537666174,0.9552839913856384,0.9535787711233114,0.963313947469806,0.9440755873340144,mushroom,1,LR,hyperparameter
1166,0.955317577548006,0.9549009474632684,0.9531442569945086,0.9632359672167432,0.9433094994892748,mushroom,2,LR,hyperparameter
1167,0.9544559330379124,0.9540248983404342,0.9522191477524724,0.962668850548011,0.9420326864147088,mushroom,3,LR,hyperparameter
1168,0.955809945839488,0.9554736927958614,0.9537835858007624,0.9616095588358196,0.9461184882533196,mushroom,4,LR,hyperparameter
1169,0.9559330379123584,0.9555659340445944,0.953873317741733,0.9625783569591876,0.9453524004085804,mushroom,5,LR,hyperparameter
1170,0.8581979320531757,0.8588827837049524,0.8565929091919767,0.8364105217276316,0.8779366700715014,mushroom,0,NB,hyperparameter
1171,0.8579517479074348,0.8586805811781245,0.856583265817515,0.8356522603726482,0.8789581205311542,mushroom,1,NB,hyperparameter
1172,0.8585672082717872,0.8592835476566838,0.8571821480114408,0.8364690450018389,0.8792134831460674,mushroom,2,NB,hyperparameter
1173,0.8569670113244707,0.8576945707771957,0.8555290312727444,0.8348248712488971,0.8779366700715016,mushroom,3,NB,hyperparameter
1174,0.8593057607090104,0.8600053354280188,0.857639916266693,0.837340947050024,0.8794688457609805,mushroom,4,NB,hyperparameter
1175,0.8577055637616938,0.8584606586219352,0.8563427792492593,0.8346573482656635,0.8794688457609806,mushroom,5,NB,hyperparameter
1176,1.0,1.0,1.0,1.0,1.0,mushroom,0,DT,hyperparameter
1177,1.0,1.0,1.0,1.0,1.0,mushroom,1,DT,hyperparameter
1178,1.0,1.0,1.0,1.0,1.0,mushroom,2,DT,hyperparameter
1179,1.0,1.0,1.0,1.0,1.0,mushroom,3,DT,hyperparameter
1180,1.0,1.0,1.0,1.0,1.0,mushroom,4,DT,hyperparameter
1181,1.0,1.0,1.0,1.0,1.0,mushroom,5,DT,hyperparameter
1182,1.0,1.0,1.0,1.0,1.0,mushroom,0,RF,hyperparameter
1183,1.0,1.0,1.0,1.0,1.0,mushroom,1,RF,hyperparameter
1184,1.0,1.0,1.0,1.0,1.0,mushroom,2,RF,hyperparameter
1185,1.0,1.0,1.0,1.0,1.0,mushroom,3,RF,hyperparameter
1186,1.0,1.0,1.0,1.0,1.0,mushroom,4,RF,hyperparameter
1187,1.0,1.0,1.0,1.0,1.0,mushroom,5,RF,hyperparameter
1188,0.7060810810810811,0.7031932314410481,0.7745737473521822,0.632112451766293,1.0,ring,0,KNN,hyperparameter
1189,0.71,0.707150655021834,0.7768829218688441,0.6351717581729606,1.0,ring,1,KNN,hyperparameter
1190,0.707027027027027,0.7041511015213712,0.7751585994259588,0.633059341985009,0.9997323340471092,ring,2,KNN,hyperparameter
1191,0.71,0.707150655021834,0.7768792711542081,0.6351637459704498,1.0,ring,3,KNN,hyperparameter
1192,0.7098648648648649,0.7070168220453887,0.7767688679983556,0.6351385451143325,0.9997323340471092,ring,4,KNN,hyperparameter
1193,0.7064864864864865,0.7036026200873362,0.7747845842855927,0.6323679838520241,1.0,ring,5,KNN,hyperparameter
1194,0.979054054054054,0.9789402999728828,0.9794901393660602,0.9685967768460948,0.9906316916488224,ring,0,SVC,hyperparameter
1195,0.9791891891891892,0.9791004320058349,0.9795681955772726,0.9710838534052348,0.9882226980728052,ring,1,SVC,hyperparameter
1196,0.9787837837837836,0.9786542246804372,0.9792573992720014,0.9668736075896108,0.9919700214132764,ring,2,SVC,hyperparameter
1197,0.9778378378378378,0.9777305433735728,0.9782838049790102,0.9680378518401552,0.9887580299785867,ring,3,SVC,hyperparameter
1198,0.979054054054054,0.9789271504446292,0.9795241850219468,0.967406960560572,0.9919700214132764,ring,4,SVC,hyperparameter
1199,0.9783783783783784,0.9782632453737036,0.9788336273658412,0.9678459667789449,0.9900963597430408,ring,5,SVC,hyperparameter
1200,0.7567567567567568,0.756278753635114,0.7697919725705533,0.7372420803470416,0.8054068522483939,ring,0,LR,hyperparameter
1201,0.757972972972973,0.7574963999513759,0.7708686531881461,0.738338628092081,0.8064775160599571,ring,1,LR,hyperparameter
1202,0.757972972972973,0.7575069195739785,0.7705668388068843,0.738873023353671,0.805406852248394,ring,2,LR,hyperparameter
1203,0.7601351351351351,0.7596508771027556,0.773134233611754,0.7401194018738888,0.8094218415417559,ring,3,LR,hyperparameter
1204,0.7618918918918919,0.7614380440982579,0.7740709773505186,0.7429927195306525,0.808083511777302,ring,4,LR,hyperparameter
1205,0.7612162162162162,0.7607504698764762,0.7737303286761625,0.7419080738386418,0.8086188436830835,ring,5,LR,hyperparameter
1206,0.9795945945945946,0.9795177103690752,0.9799429782032408,0.9725843743037192,0.9874197002141328,ring,0,NB,hyperparameter
1207,0.9793243243243244,0.9792474145105337,0.9796807070665592,0.97232493393457,0.987152034261242,ring,1,NB,hyperparameter
1208,0.9798648648648648,0.9797906361332672,0.9802023224686708,0.973092742578996,0.9874197002141328,ring,2,NB,hyperparameter
1209,0.9797297297297298,0.9796515433455206,0.9800777726832646,0.9725980761290498,0.9876873661670236,ring,3,NB,hyperparameter
1210,0.9801351351351352,0.9800530422748568,0.9804940522317828,0.9726470506997154,0.988490364025696,ring,4,NB,hyperparameter
1211,0.9797297297297298,0.9796541732511712,0.9800734647254312,0.9728432761329792,0.9874197002141328,ring,5,NB,hyperparameter
1212,0.8712162162162161,0.8710554337357284,0.8743433334822305,0.8616521174610151,0.8875802997858673,ring,0,DT,hyperparameter
1213,0.8739189189189189,0.8738136203398073,0.8763642925599004,0.8683516400388175,0.8846359743040685,ring,1,DT,hyperparameter
1214,0.872972972972973,0.8728373409199294,0.8757744538336744,0.8651257558675056,0.886777301927195,ring,2,DT,hyperparameter
1215,0.8724324324324324,0.872291489391545,0.875312733682383,0.8642548377893412,0.8867773019271948,ring,3,DT,hyperparameter
1216,0.875,0.8748711346231169,0.8776461444426704,0.8675399338234645,0.8881156316916488,ring,4,DT,hyperparameter
1217,0.8771621621621623,0.8770676902649075,0.8793229842651861,0.8720555896726438,0.8867773019271948,ring,5,DT,hyperparameter
1218,0.9491891891891892,0.9494447392536212,0.9483010568490275,0.974892312902652,0.9231798715203424,ring,0,RF,hyperparameter
1219,0.9485135135135137,0.94875979493749,0.9476711230359482,0.9732107012915258,0.9234475374732336,ring,1,RF,hyperparameter
1220,0.95,0.9502529969235948,0.9490929127040042,0.9754189856523716,0.9242505353319058,ring,2,RF,hyperparameter
1221,0.9514864864864864,0.95170938023059,0.950810267845798,0.9739387198394278,0.9288008565310492,ring,3,RF,hyperparameter
1222,0.9483783783783784,0.948639111489298,0.947421443940587,0.9745938810274016,0.9218415417558886,ring,4,RF,hyperparameter
1223,0.9518918918918918,0.9521319184051318,0.9511064419757824,0.976056041718142,0.9274625267665952,ring,5,RF,hyperparameter
1224,0.9722972972972972,0.9722949358154542,0.9722498305210332,0.9734711358822326,0.971056511056511,twonorm,0,KNN,hyperparameter
1225,0.9733783783783784,0.9733780612398324,0.9733468280632076,0.9737462212959972,0.9729495729495728,twonorm,1,KNN,hyperparameter
1226,0.970945945945946,0.9709440222669165,0.9708642462585596,0.9726008333418212,0.9691646191646192,twonorm,2,KNN,hyperparameter
1227,0.9724324324324324,0.9724315312409264,0.9723812566075508,0.97318033909927,0.9715979290979292,twonorm,3,KNN,hyperparameter
1228,0.9722972972972974,0.972296105184874,0.9722190007788268,0.9747842535954206,0.9697069147069148,twonorm,4,KNN,hyperparameter
1229,0.9732432432432432,0.9732408827090252,0.9731773261266766,0.9750763692947124,0.9713276588276588,twonorm,5,KNN,hyperparameter
1230,0.9772972972972972,0.9772942105663488,0.9772541090046272,0.9786229688276932,0.9759254709254708,twonorm,0,SVC,hyperparameter
1231,0.9772972972972972,0.9772956705408108,0.9772298140357828,0.979360792600612,0.975115245115245,twonorm,1,SVC,hyperparameter
1232,0.9772972972972972,0.977296255541396,0.9772765323678432,0.977569603653491,0.977008307008307,twonorm,2,SVC,hyperparameter
1233,0.9774324324324324,0.9774300744252148,0.9773658507717818,0.979364835369012,0.9753840528840528,twonorm,3,SVC,hyperparameter
1234,0.977027027027027,0.9770251080861232,0.9769758761505892,0.9786000140433668,0.9753852228852228,twonorm,4,SVC,hyperparameter
1235,0.9783783783783784,0.9783752903839296,0.9783007064984676,0.9807588062262248,0.975924300924301,twonorm,5,SVC,hyperparameter
1236,0.978108108108108,0.9781050216930348,0.9780554791228696,0.9796819250693782,0.976466303966304,twonorm,0,LR,hyperparameter
1237,0.978108108108108,0.9781075044708956,0.9780675795382028,0.9791411748954364,0.9770085995085996,twonorm,1,LR,hyperparameter
1238,0.9778378378378378,0.9778362117131016,0.9777817509423654,0.9793987532096576,0.9761969111969112,twonorm,2,LR,hyperparameter
1239,0.9779729729729728,0.9779717840193002,0.9779198494383502,0.97938042509281,0.9764665964665964,twonorm,3,LR,hyperparameter
1240,0.9778378378378378,0.9778354817258704,0.977782853722588,0.9796623023896484,0.9759263484263484,twonorm,4,LR,hyperparameter
1241,0.9782432432432432,0.9782411774204433,0.9781869518797972,0.9796872662373556,0.9767356967356968,twonorm,5,LR,hyperparameter
1242,0.978108108108108,0.9781041448239072,0.9780362898637178,0.9804703945000808,0.9756543231543232,twonorm,0,NB,hyperparameter
1243,0.9782432432432432,0.9782426392901554,0.9781918849129844,0.9796685519685732,0.9767380367380368,twonorm,1,NB,hyperparameter
1244,0.9781081081081082,0.9781063363649756,0.9780467014695632,0.9799187385839524,0.9761972036972036,twonorm,2,NB,hyperparameter
1245,0.9789189189189188,0.978917439360204,0.9788694966775808,0.9804716935861651,0.9772785772785773,twonorm,3,NB,hyperparameter
1246,0.977972972972973,0.9779706171768808,0.9779144164873316,0.9802150757553184,0.9756563706563708,twonorm,4,NB,hyperparameter
1247,0.9785135135135136,0.9785108642695036,0.9784534211375844,0.9804816579370162,0.9764657189657188,twonorm,5,NB,hyperparameter
1248,0.8398648648648649,0.8398650177483871,0.8402457895922675,0.8377391145943196,0.8428442728442729,twonorm,0,DT,hyperparameter
1249,0.8391891891891892,0.8391943041538075,0.8401070680027376,0.8348498959016226,0.8455472680472681,twonorm,1,DT,hyperparameter
1250,0.8441891891891891,0.8441835002796125,0.8436765219083556,0.8457235902361033,0.842029367029367,twonorm,2,DT,hyperparameter
1251,0.837972972972973,0.8379704917744875,0.8374365931801044,0.8394072804127524,0.8355402480402481,twonorm,3,DT,hyperparameter
1252,0.8402702702702702,0.8402691059548512,0.8404067954494816,0.8388878028499223,0.842029952029952,twonorm,4,DT,hyperparameter
1253,0.841891891891892,0.841891170433287,0.8415203530508772,0.8428197836227973,0.8404130104130104,twonorm,5,DT,hyperparameter
1254,0.974054054054054,0.9740521335337752,0.9740130217722852,0.9750870063520538,0.972951327951328,twonorm,0,RF,hyperparameter
1255,0.9733783783783784,0.973375870962264,0.973274584284317,0.9757992984381344,0.9707862407862408,twonorm,1,RF,hyperparameter
1256,0.972027027027027,0.9720261270990213,0.9719882084440994,0.972962569119704,0.9710585585585586,twonorm,2,RF,hyperparameter
1257,0.972162162162162,0.9721602369037574,0.9720905923036852,0.9736767047687244,0.970514508014508,twonorm,3,RF,hyperparameter
1258,0.9716216216216216,0.9716198445086136,0.9715737347559432,0.9732239148862274,0.969976014976015,twonorm,4,RF,hyperparameter
1259,0.9745945945945946,0.974591212520478,0.9745111248850886,0.9772163435884622,0.9718681993681992,twonorm,5,RF,hyperparameter
1260,0.8739495798319328,0.8785681321897302,0.8636213737833411,0.823213692863616,0.9130844645550528,clean1,0,KNN,hyperparameter
1261,0.8634453781512605,0.8703435593525586,0.8551725264434071,0.7984045842321885,0.9226998491704372,clean1,1,KNN,hyperparameter
1262,0.9012605042016808,0.906035433691272,0.8919713228348896,0.8490996698447483,0.9421191553544496,clean1,2,KNN,hyperparameter
1263,0.8550420168067228,0.8607950068661219,0.8440090360897051,0.7933499743983614,0.903657616892911,clean1,3,KNN,hyperparameter
1264,0.8781512605042017,0.8855953546745908,0.8705431168543527,0.811008022381771,0.9421191553544496,clean1,4,KNN,hyperparameter
1265,0.888655462184874,0.8953366650908354,0.8819351431283347,0.826044844436912,0.9471153846153846,clean1,5,KNN,hyperparameter
1266,0.9978991596638656,0.9981343283582088,0.9976190476190476,0.9952830188679244,1.0,clean1,0,SVC,hyperparameter
1267,0.9978991596638656,0.9981343283582088,0.9976190476190476,0.9952830188679244,1.0,clean1,1,SVC,hyperparameter
1268,0.9957983193277312,0.9962960930640912,0.9951918631530282,0.9904753265602322,1.0,clean1,2,SVC,hyperparameter
1269,0.9936974789915968,0.9938648105625716,0.9928113553113552,0.9904753265602322,0.9951923076923076,clean1,3,SVC,hyperparameter
1270,0.9978991596638656,0.9981343283582088,0.9976190476190476,0.9952830188679244,1.0,clean1,4,SVC,hyperparameter
1271,0.9978991596638656,0.9981617647058824,0.9975728155339806,0.9951923076923076,1.0,clean1,5,SVC,hyperparameter
1272,0.9915966386554622,0.9914687028657616,0.9902912621359224,0.9903846153846154,0.990290346907994,clean1,0,LR,hyperparameter
1273,0.9936974789915968,0.993279501812206,0.9927170601675552,0.9951923076923076,0.990290346907994,clean1,1,LR,hyperparameter
1274,0.9936974789915968,0.9938648105625718,0.9928571428571428,0.9905660377358492,0.9951923076923076,clean1,2,LR,hyperparameter
1275,0.9936974789915968,0.9933266360505166,0.9927184466019418,0.9950980392156864,0.9903846153846154,clean1,3,LR,hyperparameter
1276,0.9936974789915968,0.9933266360505166,0.9927646786870088,0.9952830188679244,0.9903846153846154,clean1,4,LR,hyperparameter
1277,1.0,1.0,1.0,1.0,1.0,clean1,5,LR,hyperparameter
1278,0.8088235294117647,0.8119013248238446,0.7943806398060348,0.7623049335060976,0.835501508295626,clean1,0,NB,hyperparameter
1279,0.8088235294117647,0.8135278077936112,0.7954415954415954,0.7484536108174947,0.8501131221719456,clean1,1,NB,hyperparameter
1280,0.8151260504201681,0.8198634936178834,0.801047325473931,0.7534029038112522,0.8554864253393666,clean1,2,NB,hyperparameter
1281,0.8046218487394958,0.8075769343328605,0.786502365908948,0.748361543599565,0.8306938159879336,clean1,3,NB,hyperparameter
1282,0.8067226890756303,0.8112027532023143,0.7936006178172204,0.7495398094966044,0.8456825037707391,clean1,4,NB,hyperparameter
1283,0.7920168067226891,0.798896496026654,0.7816378100288458,0.7253816032465159,0.8502073906485671,clean1,5,NB,hyperparameter
1284,1.0,1.0,1.0,1.0,1.0,clean1,0,DT,hyperparameter
1285,0.9915966386554622,0.9925373134328358,0.9907407407407408,0.9821428571428572,1.0,clean1,1,DT,hyperparameter
1286,1.0,1.0,1.0,1.0,1.0,clean1,2,DT,hyperparameter
1287,1.0,1.0,1.0,1.0,1.0,clean1,3,DT,hyperparameter
1288,1.0,1.0,1.0,1.0,1.0,clean1,4,DT,hyperparameter
1289,1.0,1.0,1.0,1.0,1.0,clean1,5,DT,hyperparameter
1290,0.9957983193277312,0.9957304822043628,0.9951918631530282,0.9952830188679244,0.9951923076923076,clean1,0,RF,hyperparameter
1291,0.9936974789915968,0.9927413273001509,0.9926227916909338,1.0,0.9854826546003016,clean1,1,RF,hyperparameter
1292,0.9915966386554622,0.9925373134328358,0.9905211141060196,0.98130677847659,1.0,clean1,2,RF,hyperparameter
1293,0.9978991596638656,0.9981343283582088,0.9976190476190476,0.9952830188679244,1.0,clean1,3,RF,hyperparameter
1294,0.9936974789915968,0.99335407239819,0.9926708547496668,0.9951923076923076,0.9903846153846154,clean1,4,RF,hyperparameter
1295,0.9915966386554622,0.9909227898966704,0.9901960784313726,0.995,0.9855769230769232,clean1,5,RF,hyperparameter
1296,0.8298810552133313,0.85437211072533,0.8242394012634949,0.8151401614985934,0.85437211072533,dna,0,KNN,hyperparameter
1297,0.8339623935234517,0.8569823697309626,0.8284692488866399,0.8187481976399635,0.8569823697309626,dna,1,KNN,hyperparameter
1298,0.8286318669886445,0.8523897902077013,0.8223026411673194,0.8132786676912326,0.8523897902077013,dna,2,KNN,hyperparameter
1299,0.8374065276192758,0.8594362555134755,0.8314049903330468,0.8220737652721314,0.8594362555134755,dna,3,KNN,hyperparameter
1300,0.8276798042912177,0.8524989054411043,0.8222746572136284,0.8138681582190294,0.8524989054411043,dna,4,KNN,hyperparameter
1301,0.8323849485823093,0.8566681340303612,0.8263404533106392,0.8175859654960411,0.8566681340303612,dna,5,KNN,hyperparameter
1302,0.96233480766442,0.9608594952391885,0.9577179066420944,0.9548364336089762,0.9608594952391885,dna,0,SVC,hyperparameter
1303,0.9579413693309712,0.9561733782458256,0.9526117651850848,0.9494619455050476,0.9561733782458256,dna,1,SVC,hyperparameter
1304,0.959194498212518,0.9581509894630224,0.954287275359394,0.9508106249501456,0.9581509894630224,dna,2,SVC,hyperparameter
1305,0.959195680409576,0.957462512338643,0.9542076176803396,0.9512655711108308,0.957462512338643,dna,3,SVC,hyperparameter
1306,0.9613933847405156,0.9593297045470662,0.9562988349829648,0.9537579183135688,0.9593297045470662,dna,4,SVC,hyperparameter
1307,0.9566815413327616,0.9553614019364284,0.9520854393947676,0.9491203480048904,0.9553614019364284,dna,5,SVC,hyperparameter
1308,0.9548002717476972,0.9525141085145148,0.9496001509134048,0.9469167084388376,0.9525141085145148,dna,0,LR,hyperparameter
1309,0.9526061140079318,0.9510971404826034,0.9470528227572572,0.9436132530161792,0.9510971404826034,dna,1,LR,hyperparameter
1310,0.9548038183388712,0.954168768990497,0.9496850556927788,0.9458007968761518,0.954168768990497,dna,2,LR,hyperparameter
1311,0.9538616072835948,0.9519281000803632,0.9482901953807495,0.9449437235176966,0.9519281000803632,dna,3,LR,hyperparameter
1312,0.9510353681834516,0.949422667564968,0.945340535941014,0.9419670775019684,0.949422667564968,dna,4,LR,hyperparameter
1313,0.9522865267365688,0.9504431911576356,0.947289073169243,0.9444691233727308,0.9504431911576356,dna,5,LR,hyperparameter
1314,0.942869933103409,0.948130313585564,0.937867812652442,0.9298693435841072,0.948130313585564,dna,0,NB,hyperparameter
1315,0.9362827310958808,0.9390077799336848,0.9292028379716488,0.921781088514017,0.9390077799336848,dna,1,NB,hyperparameter
1316,0.9403640694060011,0.943706035913035,0.9341616317714916,0.9264532000775292,0.943706035913035,dna,2,NB,hyperparameter
1317,0.9400488168571844,0.9440057748276394,0.93411060886518,0.9262245723056431,0.9440057748276394,dna,3,NB,hyperparameter
1318,0.93753467778037,0.9412236502388532,0.9314062918674688,0.924515692293902,0.9412236502388532,dna,4,NB,hyperparameter
1319,0.9381632125495736,0.9411505249470756,0.9318409023673108,0.9247899281810046,0.9411505249470756,dna,5,NB,hyperparameter
1320,0.9152557801554824,0.9137783339844588,0.9060980658999612,0.9002448074467022,0.9137783339844588,dna,0,DT,hyperparameter
1321,0.9155682742444972,0.9091041120474892,0.9046286473593916,0.9009829972636864,0.9091041120474892,dna,1,DT,hyperparameter
1322,0.914311598771776,0.9108746655547444,0.905438344860574,0.9009050385383822,0.9108746655547444,dna,2,DT,hyperparameter
1323,0.9177651904440648,0.91400421661592,0.907983825376756,0.9032660671318502,0.91400421661592,dna,3,DT,hyperparameter
1324,0.9177628260499486,0.9179880512979148,0.9095875386476728,0.90300592041254,0.9179880512979148,dna,4,DT,hyperparameter
1325,0.9130537411019968,0.908890395514164,0.9033359796901564,0.899185629092231,0.908890395514164,dna,5,DT,hyperparameter
1326,0.9554299887139588,0.9487090358690636,0.9496283428713106,0.951199015169176,0.9487090358690636,dna,0,RF,hyperparameter
1327,0.9573108642333372,0.9508758086252478,0.9516187529575384,0.952802070374236,0.9508758086252478,dna,1,RF,hyperparameter
1328,0.9557436650000316,0.948707290245416,0.9493776487676152,0.9506494870647384,0.948707290245416,dna,2,RF,hyperparameter
1329,0.9585687219031164,0.9523887571710548,0.9524089636272488,0.9528012120574474,0.9523887571710548,dna,3,RF,hyperparameter
1330,0.956371411637863,0.949586707784683,0.9500356502266296,0.951200839041622,0.949586707784683,dna,4,RF,hyperparameter
1331,0.956052612497872,0.9484271926469638,0.9498508448966196,0.9517105310923416,0.9484271926469638,dna,5,RF,hyperparameter
1332,0.8884159881569207,0.856885494488197,0.8040533898583598,0.8298340634339566,0.7805622344350304,phoneme,0,KNN,hyperparameter
1333,0.8837897853441895,0.8497437571637023,0.7946115316478534,0.8253630304514501,0.7673253313996387,phoneme,1,KNN,hyperparameter
1334,0.881939304219097,0.8499058328042521,0.7934659943731026,0.816342117141924,0.7723615245655548,phoneme,2,KNN,hyperparameter
1335,0.8847150259067358,0.8505969304257879,0.7962711171417736,0.8268478218432322,0.7679820878813323,phoneme,3,KNN,hyperparameter
1336,0.8852701702442636,0.8524427257314227,0.7979734303943047,0.8255843721202272,0.7729880670686716,phoneme,4,KNN,hyperparameter
1337,0.8858253145817913,0.850275152771384,0.7971671405287123,0.8332873664392,0.7641957993028522,phoneme,5,KNN,hyperparameter
1338,0.8639896373056994,0.8327875982562787,0.7657396932398037,0.7745577255575166,0.7572481744396101,phoneme,0,SVC,hyperparameter
1339,0.8700962250185049,0.8378355376862203,0.7743885206959851,0.7901549929208347,0.7597463934050837,phoneme,1,SVC,hyperparameter
1340,0.8691709844559586,0.8360819733946754,0.7722821379324232,0.7901058295355363,0.7559807775487877,phoneme,2,SVC,hyperparameter
1341,0.8676905995558846,0.835402742901248,0.7706483834416906,0.7846018114317842,0.7572354527644201,phoneme,3,SVC,hyperparameter
1342,0.8700962250185048,0.837471925790099,0.7740678715651331,0.7906309048342873,0.7584980790270461,phoneme,4,SVC,hyperparameter
1343,0.866580310880829,0.8337053593897872,0.7682772817715909,0.7833444178718063,0.7541027402488361,phoneme,5,SVC,hyperparameter
1344,0.7503700962250186,0.6674234271964744,0.5229163039740274,0.595164375383384,0.4665960613693611,phoneme,0,LR,hyperparameter
1345,0.7511102886750556,0.6679396942622913,0.5239956654605655,0.5984785449824171,0.4665817494847721,phoneme,1,LR,hyperparameter
1346,0.7509252405625462,0.6678164560656992,0.5237269279898336,0.5969133771347903,0.4665912907411648,phoneme,2,LR,hyperparameter
1347,0.749259807549963,0.6659048642792299,0.5196526324991506,0.5927089057879795,0.4640739892629062,phoneme,3,LR,hyperparameter
1348,0.7496299037749815,0.665039371080719,0.5185256457224836,0.594861407678267,0.4602558964964506,phoneme,4,LR,hyperparameter
1349,0.7511102886750556,0.66849402190537,0.5247829164863923,0.5972583996391166,0.4684740986693128,phoneme,5,LR,hyperparameter
1350,0.7603626943005182,0.7506092959964947,0.6404460285866538,0.572472888204768,0.7269976210467395,phoneme,0,NB,hyperparameter
1351,0.7590673575129534,0.7500540459125773,0.6396013120773913,0.57057142148136,0.7282395745871817,phoneme,1,NB,hyperparameter
1352,0.7598075499629904,0.7509461258476318,0.6406827226946488,0.5713130954349979,0.7294974302216115,phoneme,2,NB,hyperparameter
1353,0.7605477424130275,0.7516594166062195,0.6414876966794902,0.5722687153539738,0.7301351041905197,phoneme,3,NB,hyperparameter
1354,0.760177646188009,0.7506570579192926,0.6405359499124271,0.5722814743890635,0.7276178027122613,phoneme,4,NB,hyperparameter
1355,0.7596225018504811,0.750085028306475,0.6401068694480763,0.5724344458553534,0.7269833091621504,phoneme,5,NB,hyperparameter
1356,0.859178386380459,0.8336283275603721,0.7628762039482677,0.7544140136431101,0.7717604254128184,phoneme,0,DT,hyperparameter
1357,0.8623242042931162,0.8345605887707901,0.7659310927956953,0.7651069805858757,0.7673364628654301,phoneme,1,DT,hyperparameter
1358,0.8558475203552923,0.8306983724454532,0.7582537943648942,0.7480421686746987,0.7698362720403022,phoneme,2,DT,hyperparameter
1359,0.865099925980755,0.8398347636929919,0.7722868317806978,0.7671886411049672,0.7786778362974837,phoneme,3,DT,hyperparameter
1360,0.8636195410806811,0.8325254627539825,0.7651361188126788,0.7733362283038685,0.7572449940208127,phoneme,4,DT,hyperparameter
1361,0.8721317542561066,0.8470364260235945,0.7830878649145904,0.7801535775732245,0.7862647253390327,phoneme,5,DT,hyperparameter
1362,0.909881569207994,0.8877484260530568,0.8445298555256453,0.8553930839288498,0.8341666030582907,phoneme,0,RF,hyperparameter
1363,0.9067357512953368,0.8823850894581087,0.8383823419203356,0.8543272167470832,0.823437460244765,phoneme,1,RF,hyperparameter
1364,0.9096965210954848,0.887434387799976,0.8442990036985167,0.8556335603927272,0.8335368801363763,phoneme,2,RF,hyperparameter
1365,0.9095114729829756,0.8856526628997187,0.8430968553016904,0.8590635435019052,0.8278789150955398,phoneme,3,RF,hyperparameter
1366,0.9047002220577351,0.8813077007551036,0.8353097728291051,0.8466665756653047,0.8246921354603974,phoneme,4,RF,hyperparameter
1367,0.9106217616580312,0.8875459443902713,0.8452116038283144,0.8593062264120801,0.8316652036740197,phoneme,5,RF,hyperparameter
1368,0.976,0.976,0.9760240462258144,0.976677897643422,0.976,mfeat_pixel,0,KNN,hyperparameter
1369,0.9775,0.9775,0.9774684999166888,0.9780566619091128,0.9775,mfeat_pixel,1,KNN,hyperparameter
1370,0.979,0.979,0.979018283858309,0.9796925578898784,0.979,mfeat_pixel,2,KNN,hyperparameter
1371,0.9745,0.9745,0.974582922046742,0.975366829955222,0.9745,mfeat_pixel,3,KNN,hyperparameter
1372,0.9715,0.9715,0.9715343327771911,0.9720792456809176,0.9715,mfeat_pixel,4,KNN,hyperparameter
1373,0.978,0.978,0.9780128246070848,0.9786395106589982,0.978,mfeat_pixel,5,KNN,hyperparameter
1374,0.9825,0.9825,0.9824841111987106,0.9828992377066936,0.9825,mfeat_pixel,0,SVC,hyperparameter
1375,0.981,0.981,0.9809824507060548,0.9811882560716594,0.981,mfeat_pixel,1,SVC,hyperparameter
1376,0.982,0.982,0.9820764405804908,0.982658388899827,0.982,mfeat_pixel,2,SVC,hyperparameter
1377,0.9845,0.9845,0.9844849175789556,0.9848329011938592,0.9845,mfeat_pixel,3,SVC,hyperparameter
1378,0.9805,0.9805,0.9804973514178824,0.9809303928806458,0.9805,mfeat_pixel,4,SVC,hyperparameter
1379,0.9805,0.9805,0.980545473694488,0.9809408172557847,0.9805,mfeat_pixel,5,SVC,hyperparameter
1380,0.9665,0.9665,0.966481574125805,0.9673537968777872,0.9665,mfeat_pixel,0,LR,hyperparameter
1381,0.9645,0.9645,0.964599023950024,0.965743797445115,0.9645,mfeat_pixel,1,LR,hyperparameter
1382,0.9675,0.9675,0.967558270440283,0.9685437868873092,0.9675,mfeat_pixel,2,LR,hyperparameter
1383,0.966,0.966,0.9660016103892052,0.966601401580428,0.966,mfeat_pixel,3,LR,hyperparameter
1384,0.968,0.968,0.9680683064095676,0.968952470848846,0.968,mfeat_pixel,4,LR,hyperparameter
1385,0.964,0.964,0.9640593758055278,0.9643973243143412,0.964,mfeat_pixel,5,LR,hyperparameter
1386,0.925,0.925,0.9251354831490736,0.9281254210124286,0.925,mfeat_pixel,0,NB,hyperparameter
1387,0.9225,0.9225,0.9229863629016212,0.9264507416560172,0.9225,mfeat_pixel,1,NB,hyperparameter
1388,0.9195,0.9195,0.9197606637483028,0.92324540910645,0.9195,mfeat_pixel,2,NB,hyperparameter
1389,0.9215,0.9215,0.9219039011892842,0.9249859557203788,0.9215,mfeat_pixel,3,NB,hyperparameter
1390,0.926,0.926,0.9262011794300642,0.9295224006789868,0.926,mfeat_pixel,4,NB,hyperparameter
1391,0.924,0.924,0.9245756846664528,0.928127954319936,0.924,mfeat_pixel,5,NB,hyperparameter
1392,0.873,0.873,0.87338930162279,0.8758107983453137,0.873,mfeat_pixel,0,DT,hyperparameter
1393,0.872,0.8719999999999999,0.8720402893961311,0.8755464430918514,0.8719999999999999,mfeat_pixel,1,DT,hyperparameter
1394,0.8575,0.8574999999999999,0.8572155462065429,0.8604230690978647,0.8574999999999999,mfeat_pixel,2,DT,hyperparameter
1395,0.866,0.8659999999999999,0.8659787768532996,0.8688536678638227,0.8659999999999999,mfeat_pixel,3,DT,hyperparameter
1396,0.8685,0.8685,0.8686111315103228,0.8724160358779295,0.8685,mfeat_pixel,4,DT,hyperparameter
1397,0.8745,0.8745,0.8743046220768238,0.8767248726145513,0.8745,mfeat_pixel,5,DT,hyperparameter
1398,0.9755,0.9755,0.975528006623266,0.9761509321768348,0.9755,mfeat_pixel,0,RF,hyperparameter
1399,0.975,0.975,0.9750087861509836,0.9756657982718278,0.975,mfeat_pixel,1,RF,hyperparameter
1400,0.9785,0.9785,0.9785002756919938,0.9790473253884404,0.9785,mfeat_pixel,2,RF,hyperparameter
1401,0.974,0.974,0.9740844675931308,0.9747544781587116,0.974,mfeat_pixel,3,RF,hyperparameter
1402,0.976,0.976,0.9760028637611304,0.9766765450939284,0.976,mfeat_pixel,4,RF,hyperparameter
1403,0.9735,0.9735,0.9735020629686714,0.9739904333911868,0.9735,mfeat_pixel,5,RF,hyperparameter
1404,0.8954716981132076,0.8927251309262253,0.8813762450706517,0.8973209478159144,0.8661616161616161,banana,0,KNN,hyperparameter
1405,0.8979245283018867,0.8954213820834888,0.8843537953897732,0.8985114423598664,0.8712121212121212,banana,1,KNN,hyperparameter
1406,0.9009433962264152,0.8982362383525174,0.8875463365771983,0.9036203877045716,0.872053872053872,banana,2,KNN,hyperparameter
1407,0.8983018867924528,0.8961577701317783,0.885280599937118,0.8956978269440037,0.8754208754208754,banana,3,KNN,hyperparameter
1408,0.8967924528301887,0.8944348293698499,0.8834116831950647,0.8959969379568629,0.8716329966329965,banana,4,KNN,hyperparameter
1409,0.899245283018868,0.8968944460565529,0.8860982454155739,0.8985066197951004,0.8741582491582491,banana,5,KNN,hyperparameter
1410,0.9035849056603772,0.899210412377307,0.888525702403997,0.922656391212262,0.8569023569023568,banana,0,SVC,hyperparameter
1411,0.9056603773584906,0.901643544427402,0.8911233849932574,0.9221467106297848,0.8627946127946128,banana,1,SVC,hyperparameter
1412,0.9056603773584906,0.9014857881136952,0.8911007936018132,0.923306257874536,0.8611111111111112,banana,2,SVC,hyperparameter
1413,0.9058490566037736,0.9017751039809864,0.8914244682625898,0.922596707858739,0.8623737373737373,banana,3,SVC,hyperparameter
1414,0.9049056603773584,0.900722915428798,0.8902353769222315,0.9226040317091602,0.8602693602693603,banana,4,SVC,hyperparameter
1415,0.9058490566037736,0.901459591353572,0.8910866340550371,0.9257453623869786,0.859006734006734,banana,5,SVC,hyperparameter
1416,0.5679245283018868,0.524683969194913,0.1801638162211711,0.6336218200891687,0.1064814814814814,banana,0,LR,hyperparameter
1417,0.5626415094339623,0.5196199339496194,0.173333687492226,0.6403087742893567,0.1035353535353535,banana,1,LR,hyperparameter
1418,0.5679245283018868,0.5248417255086202,0.1826128172925462,0.6198160535117058,0.1081649831649831,banana,2,LR,hyperparameter
1419,0.5726415094339623,0.5297871556421487,0.1930248237372053,0.6344483545911559,0.1153198653198653,banana,3,LR,hyperparameter
1420,0.5658490566037735,0.5230790577917801,0.1830525444650091,0.6396404850507729,0.1094276094276094,banana,4,LR,hyperparameter
1421,0.5652830188679245,0.5222505492683331,0.1771694359779532,0.6634653791972039,0.106060606060606,banana,5,LR,hyperparameter
1422,0.6126415094339623,0.5844569152537689,0.4191934529882775,0.6403544522804121,0.3118686868686868,banana,0,NB,hyperparameter
1423,0.6113207547169811,0.5836543156139599,0.421648095852993,0.6332566230845491,0.316077441077441,banana,1,NB,hyperparameter
1424,0.6122641509433963,0.5842332352250272,0.419981602944488,0.6379751868485182,0.3131313131313131,banana,2,NB,hyperparameter
1425,0.6115094339622641,0.5838253142459708,0.4217500761627727,0.6347029770453523,0.316077441077441,banana,3,NB,hyperparameter
1426,0.6128301886792453,0.5850223046700475,0.4226098931525817,0.63792110737798,0.316077441077441,banana,4,NB,hyperparameter
1427,0.6133962264150943,0.5856536178013607,0.4237886653218224,0.6388233990886178,0.3173400673400673,banana,5,NB,hyperparameter
1428,0.8813207547169811,0.8774944497413717,0.8638139451421676,0.8888456110523153,0.8404882154882156,banana,0,DT,hyperparameter
1429,0.8901886792452831,0.8865962405634087,0.8741594332271263,0.8982047811788241,0.8518518518518519,banana,1,DT,hyperparameter
1430,0.8867924528301887,0.8830449962460907,0.8702283981325833,0.8951660486349726,0.8468013468013468,banana,2,DT,hyperparameter
1431,0.8843396226415094,0.8804276232456807,0.8672104578857955,0.8936998016428567,0.8425925925925927,banana,3,DT,hyperparameter
1432,0.8890566037735849,0.8861223958693178,0.8736746212118577,0.8915027397453235,0.8577441077441078,banana,4,DT,hyperparameter
1433,0.8877358490566037,0.8847282100531075,0.8723701779898003,0.8900836291224419,0.8556397306397306,banana,5,DT,hyperparameter
1434,0.899245283018868,0.8950802484489215,0.8837798186270366,0.9150225167333624,0.8547979797979798,banana,0,RF,hyperparameter
1435,0.8998113207547169,0.8951988535606865,0.8836329643113088,0.9202170909607328,0.8505892255892256,banana,1,RF,hyperparameter
1436,0.8975471698113208,0.8934623826039695,0.8819578732182767,0.9119221396892224,0.8539562289562289,banana,2,RF,hyperparameter
1437,0.900566037735849,0.8965927515004123,0.88546308689274,0.9149405175384748,0.8581649831649831,banana,3,RF,hyperparameter
1438,0.900188679245283,0.8964479496285241,0.8854518219134848,0.9126430746814432,0.8602693602693603,banana,4,RF,hyperparameter
1439,0.900377358490566,0.8959879230057068,0.8848310763500916,0.9185256106231422,0.8535353535353535,banana,5,RF,hyperparameter
1440,0.946,0.946,0.9460545125152636,0.9476161696267984,0.946,mfeat_factors,0,KNN,hyperparameter
1441,0.9475,0.9475,0.947443900377848,0.9490837336129694,0.9475,mfeat_factors,1,KNN,hyperparameter
1442,0.9455,0.9455,0.9454520356001176,0.946873276054036,0.9455,mfeat_factors,2,KNN,hyperparameter
1443,0.9465,0.9465,0.9464144399433354,0.9479724113118602,0.9465,mfeat_factors,3,KNN,hyperparameter
1444,0.946,0.946,0.9460420588147804,0.9472880994131804,0.946,mfeat_factors,4,KNN,hyperparameter
1445,0.945,0.945,0.9449699471287192,0.9464673868134668,0.945,mfeat_factors,5,KNN,hyperparameter
1446,0.9715,0.9715,0.9714602259298928,0.9718748920757156,0.9715,mfeat_factors,0,SVC,hyperparameter
1447,0.972,0.972,0.9720128775331645,0.9728249783666086,0.972,mfeat_factors,1,SVC,hyperparameter
1448,0.9715,0.9715,0.9715207068868176,0.9722729526942208,0.9715,mfeat_factors,2,SVC,hyperparameter
1449,0.972,0.972,0.9719194604748768,0.9724759310876424,0.972,mfeat_factors,3,SVC,hyperparameter
1450,0.9745,0.9745,0.974433751076931,0.9749648763922936,0.9745,mfeat_factors,4,SVC,hyperparameter
1451,0.9735,0.9735,0.9735138676817232,0.9741908777005852,0.9735,mfeat_factors,5,SVC,hyperparameter
1452,0.976,0.976,0.9759910341624491,0.9764747972221892,0.976,mfeat_factors,0,LR,hyperparameter
1453,0.9735,0.9735,0.973455893311092,0.974057767551465,0.9735,mfeat_factors,1,LR,hyperparameter
1454,0.975,0.975,0.9749919881506092,0.9754229669734368,0.975,mfeat_factors,2,LR,hyperparameter
1455,0.9735,0.9735,0.9734909799441992,0.974273381963508,0.9735,mfeat_factors,3,LR,hyperparameter
1456,0.977,0.977,0.976973687969517,0.9775231345844256,0.977,mfeat_factors,4,LR,hyperparameter
1457,0.9765,0.9765,0.9765001222885396,0.9770837525997954,0.9765,mfeat_factors,5,LR,hyperparameter
1458,0.9265,0.9265,0.926411545317873,0.928888015488824,0.9265,mfeat_factors,0,NB,hyperparameter
1459,0.9235,0.9235,0.9236545447812988,0.9262457287019012,0.9235,mfeat_factors,1,NB,hyperparameter
1460,0.9195,0.9195,0.9196068537969556,0.9223659640118408,0.9195,mfeat_factors,2,NB,hyperparameter
1461,0.9255,0.9255,0.925419478529386,0.92769970621795,0.9255,mfeat_factors,3,NB,hyperparameter
1462,0.9275,0.9275,0.927524546669078,0.930360042767753,0.9275,mfeat_factors,4,NB,hyperparameter
1463,0.9215,0.9215,0.9216235904452578,0.9244695019646352,0.9215,mfeat_factors,5,NB,hyperparameter
1464,0.887,0.887,0.8869242278903505,0.8893351626651901,0.887,mfeat_factors,0,DT,hyperparameter
1465,0.885,0.885,0.884370086797646,0.8862697219344231,0.885,mfeat_factors,1,DT,hyperparameter
1466,0.8765,0.8765000000000001,0.8764076658894109,0.8784585097197364,0.8765000000000001,mfeat_factors,2,DT,hyperparameter
1467,0.886,0.8860000000000001,0.886172916383098,0.890292706752338,0.8860000000000001,mfeat_factors,3,DT,hyperparameter
1468,0.887,0.887,0.8865443306970799,0.888432401958888,0.887,mfeat_factors,4,DT,hyperparameter
1469,0.883,0.883,0.8829371475302327,0.8858876280683428,0.883,mfeat_factors,5,DT,hyperparameter
1470,0.9715,0.9715,0.9715375672835956,0.9725732558259276,0.9715,mfeat_factors,0,RF,hyperparameter
1471,0.9655,0.9655,0.96562323557724,0.9668881349546962,0.9655,mfeat_factors,1,RF,hyperparameter
1472,0.9695,0.9695,0.9695896562601424,0.9704106540278542,0.9695,mfeat_factors,2,RF,hyperparameter
1473,0.964,0.964,0.963934249085278,0.9648074906521694,0.964,mfeat_factors,3,RF,hyperparameter
1474,0.9685,0.9685,0.9685223135625814,0.9695211281947944,0.9685,mfeat_factors,4,RF,hyperparameter
1475,0.9665,0.9665,0.96652448948756,0.9671829025628936,0.9665,mfeat_factors,5,RF,hyperparameter
1476,0.837430967400748,0.8268972898756993,0.7899356223069267,0.8040259611839264,0.7771805194931489,spambase,0,KNN,hyperparameter
1477,0.830036452234352,0.8195354436979498,0.78115985844456,0.7929921314653967,0.769989108342815,spambase,1,KNN,hyperparameter
1478,0.8326483587050957,0.8226614069675995,0.78489618812857,0.794704662002955,0.7755236747673367,spambase,2,KNN,hyperparameter
1479,0.8341665092735995,0.8239082780612845,0.7865037230647767,0.7980063132652724,0.7755066565529849,spambase,3,KNN,hyperparameter
1480,0.8391670758886413,0.8293939820845466,0.7932513793634581,0.8039742061103511,0.7832499440830099,spambase,4,KNN,hyperparameter
1481,0.8317727495939259,0.8216427042953443,0.7837368785761731,0.7942772882977214,0.7738449494802151,spambase,5,KNN,hyperparameter
1482,0.9161050882030748,0.909845161002772,0.8920851018190481,0.9043030275173132,0.8803072517042526,spambase,0,SVC,hyperparameter
1483,0.9130623654289276,0.9097505702165664,0.8903475938590508,0.8870821911192235,0.8941065923700051,spambase,1,SVC,hyperparameter
1484,0.9145822158425564,0.909452478525204,0.8907571996624628,0.8966085960630932,0.8852607676673376,spambase,2,SVC,hyperparameter
1485,0.910021531371586,0.903962158062775,0.8844289407956687,0.8938735185738158,0.8753561669146463,spambase,3,SVC,hyperparameter
1486,0.9121935556982588,0.9061419509943234,0.8870001179599333,0.8981058038069004,0.8775636724334102,spambase,4,SVC,hyperparameter
1487,0.9161037661013108,0.9111938884986688,0.8929647925284363,0.8979819753148852,0.8880262274994895,spambase,5,SVC,hyperparameter
1488,0.9276270162051902,0.9214759498622688,0.9065880011795168,0.9215590080966732,0.8924497476441929,spambase,0,LR,hyperparameter
1489,0.9247990405318628,0.9187550978777886,0.903235236009312,0.916824977242192,0.8902361641917321,spambase,1,LR,hyperparameter
1490,0.9295805159974312,0.924622209244802,0.9098269049155244,0.9191948727205196,0.9012530268109812,spambase,2,LR,hyperparameter
1491,0.9245791938956672,0.9179906987418603,0.9024524598018548,0.9187599701092456,0.8869139656329317,spambase,3,LR,hyperparameter
1492,0.92849280398897,0.9218980453532656,0.9075323689360688,0.925282878417432,0.8907831782244654,spambase,4,LR,hyperparameter
1493,0.9245822158425566,0.9180951982168176,0.9027261763554518,0.91854994748179,0.8874816446402349,spambase,5,LR,hyperparameter
1494,0.843943640690515,0.8557295711283018,0.822067633491476,0.7538555785553602,0.9112439342221704,spambase,0,NB,hyperparameter
1495,0.8517716163638425,0.8639008751206012,0.8310534863240802,0.7611432417684216,0.9211303011737706,spambase,1,NB,hyperparameter
1496,0.8487358818418766,0.8606051735622768,0.8278726703891226,0.7583041416426602,0.9166909784014547,spambase,2,NB,hyperparameter
1497,0.8545967589619612,0.8679680234274992,0.8351168356593317,0.7591213886734102,0.9310579980745106,spambase,3,NB,hyperparameter
1498,0.8491572545612511,0.8620495295403762,0.8288125906328008,0.7549249935611893,0.9228078108741528,spambase,4,NB,hyperparameter
1499,0.8561128319419786,0.8675933907561859,0.8356971351752734,0.7678891718979397,0.9217004113545526,spambase,5,NB,hyperparameter
1500,0.9156710610811016,0.9062106525734226,0.8894842905498836,0.9193343532229572,0.861560473009112,spambase,0,DT,hyperparameter
1501,0.9187139727269296,0.912293113764255,0.8952842114552351,0.9092544395843828,0.8819750367107195,spambase,1,DT,hyperparameter
1502,0.914364635666528,0.9069596449758416,0.8891649035991815,0.9074735156367754,0.8720254592486701,spambase,2,DT,hyperparameter
1503,0.917625694103426,0.9113872967202374,0.8939724849071071,0.9065530438893962,0.8819568029096284,spambase,3,DT,hyperparameter
1504,0.9213207796622974,0.9141511450715468,0.8981447823572821,0.9169018938641031,0.8803108984644709,spambase,4,DT,hyperparameter
1505,0.9143669021266952,0.90696268394269,0.8892737526437996,0.9079677490479876,0.8720315371823671,spambase,5,DT,hyperparameter
1506,0.9519678540399652,0.9468652072454355,0.9379793076528288,0.9539216459532776,0.9227834991393646,spambase,0,RF,hyperparameter
1507,0.9508812752615872,0.9453943882753844,0.9364871541225328,0.9543585460611648,0.9194831811418736,spambase,1,RF,hyperparameter
1508,0.952400370188494,0.9473144075302782,0.9386275300226626,0.954582374962824,0.9233232196516614,spambase,2,RF,hyperparameter
1509,0.9547912967929588,0.9499645505607136,0.941728620396766,0.9568027622304996,0.9271887854829768,spambase,3,RF,hyperparameter
1510,0.953923242549012,0.94886444456155,0.9405530907868522,0.9567298336832236,0.9249885734846496,spambase,4,RF,hyperparameter
1511,0.9552264571450156,0.9512898200229828,0.9425805898062188,0.9526814062364144,0.932708764866626,spambase,5,RF,hyperparameter
1512,0.5272277227722773,0.5272252962704775,0.5420473325336134,0.5259085550409154,0.5593848030672708,Hill_Valley_with_noise,0,KNN,hyperparameter
1513,0.5338283828382837,0.5337987974904148,0.5408406986406459,0.5328858304777585,0.5494401359358663,Hill_Valley_with_noise,1,KNN,hyperparameter
1514,0.5437293729372936,0.5437271261763681,0.5593165616822868,0.5398455146421108,0.5808208434994772,Hill_Valley_with_noise,2,KNN,hyperparameter
1515,0.5396039603960395,0.5395390379923318,0.5463937308221236,0.5378503007754935,0.5560190833042873,Hill_Valley_with_noise,3,KNN,hyperparameter
1516,0.523102310231023,0.5231134541652144,0.5319028296649798,0.5229129414003364,0.5429701115371209,Hill_Valley_with_noise,4,KNN,hyperparameter
1517,0.509075907590759,0.5090896218194493,0.5260582456511573,0.5078546491768013,0.5463249390031371,Hill_Valley_with_noise,5,KNN,hyperparameter
1518,0.91006600660066,0.9100731962356222,0.9150045970991808,0.8812614522226836,0.9537948762635065,Hill_Valley_with_noise,0,SVC,hyperparameter
1519,0.91006600660066,0.9099152579295922,0.9162937488924332,0.8967905237028398,0.9438611014290694,Hill_Valley_with_noise,1,SVC,hyperparameter
1520,0.8440594059405941,0.8444634454513767,0.8633168574814887,0.823521089354865,0.929167392819798,Hill_Valley_with_noise,2,SVC,hyperparameter
1521,0.8605610561056105,0.8605404757755315,0.8721674061566728,0.8415805143992543,0.924211397699547,Hill_Valley_with_noise,3,SVC,hyperparameter
1522,0.9018151815181518,0.902002004182642,0.8851382533211304,0.9505233140811092,0.8485643952596723,Hill_Valley_with_noise,4,SVC,hyperparameter
1523,0.9051155115511552,0.9049429243638898,0.9069182433908765,0.9136034866805476,0.912436824677588,Hill_Valley_with_noise,5,SVC,hyperparameter
1524,0.9570957095709572,0.9571170268386195,0.9572552179475275,0.9560222167274072,0.9587290867898224,Hill_Valley_with_noise,0,LR,hyperparameter
1525,0.9570957095709572,0.9570843499477172,0.9572336168851312,0.9558419999946016,0.95873997908679,Hill_Valley_with_noise,1,LR,hyperparameter
1526,0.962046204620462,0.962040345067968,0.9620822233510592,0.9605520731437652,0.9636741896131056,Hill_Valley_with_noise,2,LR,hyperparameter
1527,0.962046204620462,0.962013114325549,0.962094125212148,0.959106804765142,0.9652971418612756,Hill_Valley_with_noise,3,LR,hyperparameter
1528,0.9562706270627064,0.9562783199721158,0.9563458879257638,0.9556217807211184,0.9571170268386198,Hill_Valley_with_noise,4,LR,hyperparameter
1529,0.9513201320132014,0.9513168787033808,0.9513270976504246,0.9522127291678912,0.9505380794701986,Hill_Valley_with_noise,5,LR,hyperparameter
1530,0.4900990099009901,0.4907742244684558,0.3262559212166542,0.5077058531372756,0.324034942488672,Hill_Valley_with_noise,0,NB,hyperparameter
1531,0.5024752475247525,0.5025923666782851,0.2914691809521881,0.5035347406718462,0.2080210874869292,Hill_Valley_with_noise,1,NB,hyperparameter
1532,0.4958745874587459,0.4952291739281979,0.3438590239618199,0.501018246985989,0.3492615022655978,Hill_Valley_with_noise,2,NB,hyperparameter
1533,0.5033003300330032,0.5039375653537819,0.348718497626134,0.5253419547931744,0.3471266120599512,Hill_Valley_with_noise,3,NB,hyperparameter
1534,0.5181518151815182,0.5179995207389334,0.2816794731395013,0.5611721008062471,0.1929243638898571,Hill_Valley_with_noise,4,NB,hyperparameter
1535,0.4909240924092409,0.4922337922621122,0.4250731862676451,0.5078711201079622,0.5194100731962356,Hill_Valley_with_noise,5,NB,hyperparameter
1536,0.5470297029702971,0.546875,0.5130084527154779,0.5546056049658029,0.4915802544440572,Hill_Valley_with_noise,0,DT,hyperparameter
1537,0.5173267326732675,0.5175420442662949,0.4803609836595022,0.522591640736802,0.4655585569884978,Hill_Valley_with_noise,1,DT,hyperparameter
1538,0.5082508250825083,0.5085776838619729,0.3196168789830323,0.5323449549256001,0.2544331648658069,Hill_Valley_with_noise,2,DT,hyperparameter
1539,0.5346534653465347,0.5346919658417567,0.5414261574165664,0.5344265487898765,0.5495490589055421,Hill_Valley_with_noise,3,DT,hyperparameter
1540,0.5206270627062707,0.520738933426281,0.4210930174636662,0.5308120800767859,0.3664495468804462,Hill_Valley_with_noise,4,DT,hyperparameter
1541,0.5313531353135313,0.5312227692575809,0.535410958557512,0.530064554971083,0.542730481003834,Hill_Valley_with_noise,5,DT,hyperparameter
1542,0.5651815181518152,0.5651631666085744,0.5807075006313448,0.5609294172154877,0.6022242070407808,Hill_Valley_with_noise,0,RF,hyperparameter
1543,0.5602310231023102,0.5601309254095503,0.5455054335566106,0.5598679926575543,0.5344959044963402,Hill_Valley_with_noise,1,RF,hyperparameter
1544,0.5693069306930694,0.5693730393865459,0.5832990101894533,0.5659886790911006,0.6023331300104566,Hill_Valley_with_noise,2,RF,hyperparameter
1545,0.5528052805280528,0.5527677326594632,0.5486127738856216,0.5524211191974854,0.5461288776577204,Hill_Valley_with_noise,3,RF,hyperparameter
1546,0.5594059405940593,0.559406587661206,0.5789415171960786,0.5551822156887746,0.6055899268037643,Hill_Valley_with_noise,4,RF,hyperparameter
1547,0.5453795379537953,0.5452847246427326,0.5498172729393621,0.545765265849675,0.55605176019519,Hill_Valley_with_noise,5,RF,hyperparameter
1548,0.5957095709570958,0.5957843137254902,0.5954671546775955,0.6033536788816263,0.5882352941176471,Hill_Valley_without_noise,0,KNN,hyperparameter
1549,0.5874587458745875,0.5875653594771242,0.5843614046468718,0.5932182580883845,0.5767973856209151,Hill_Valley_without_noise,1,KNN,hyperparameter
1550,0.5462046204620462,0.5457843137254902,0.5665338455657769,0.5470826081912055,0.5882352941176471,Hill_Valley_without_noise,2,KNN,hyperparameter
1551,0.570957095709571,0.5709313725490195,0.5729316014279924,0.575415316615949,0.5735294117647058,Hill_Valley_without_noise,3,KNN,hyperparameter
1552,0.5717821782178218,0.571813725490196,0.572369385532231,0.5770093570431402,0.5686274509803921,Hill_Valley_without_noise,4,KNN,hyperparameter
1553,0.5825082508250825,0.5824183006535948,0.5878964054031057,0.5866184125879456,0.5915032679738562,Hill_Valley_without_noise,5,KNN,hyperparameter
1554,0.9991749174917492,0.9991830065359476,0.9991803278688524,1.0,0.9983660130718954,Hill_Valley_without_noise,0,SVC,hyperparameter
1555,0.9975247524752476,0.997516339869281,0.9975569512454758,0.9967741935483873,0.9983660130718954,Hill_Valley_without_noise,1,SVC,hyperparameter
1556,1.0,1.0,1.0,1.0,1.0,Hill_Valley_without_noise,2,SVC,hyperparameter
1557,0.9991749174917492,0.9991666666666666,0.999185667752443,0.9983766233766234,1.0,Hill_Valley_without_noise,3,SVC,hyperparameter
1558,0.9983498349834984,0.9983660130718954,0.9983552631578948,1.0,0.9967320261437908,Hill_Valley_without_noise,4,SVC,hyperparameter
1559,1.0,1.0,1.0,1.0,1.0,Hill_Valley_without_noise,5,SVC,hyperparameter
1560,1.0,1.0,1.0,1.0,1.0,Hill_Valley_without_noise,0,LR,hyperparameter
1561,0.9991749174917492,0.9991666666666666,0.999185667752443,0.9983766233766234,1.0,Hill_Valley_without_noise,1,LR,hyperparameter
1562,1.0,1.0,1.0,1.0,1.0,Hill_Valley_without_noise,2,LR,hyperparameter
1563,0.9991749174917492,0.9991830065359476,0.9991803278688524,1.0,0.9983660130718954,Hill_Valley_without_noise,3,LR,hyperparameter
1564,1.0,1.0,1.0,1.0,1.0,Hill_Valley_without_noise,4,LR,hyperparameter
1565,1.0,1.0,1.0,1.0,1.0,Hill_Valley_without_noise,5,LR,hyperparameter
1566,0.5181518151815181,0.5145261437908497,0.6486021551214913,0.5134301026295571,0.880718954248366,Hill_Valley_without_noise,0,NB,hyperparameter
1567,0.4884488448844885,0.4867320261437908,0.5061477182828698,0.4622102424225994,0.6601307189542484,Hill_Valley_without_noise,1,NB,hyperparameter
1568,0.4966996699669966,0.4949183006535947,0.513316793255785,0.4710101334783393,0.6748366013071896,Hill_Valley_without_noise,2,NB,hyperparameter
1569,0.5156765676567656,0.5120424836601307,0.6470359886167303,0.511984744182445,0.8790849673202614,Hill_Valley_without_noise,3,NB,hyperparameter
1570,0.5008250825082509,0.4991339869281045,0.5097129880913963,0.4742868843059682,0.6699346405228759,Hill_Valley_without_noise,4,NB,hyperparameter
1571,0.5016501650165016,0.4998529411764706,0.5188090751040391,0.4832234509457802,0.6813725490196079,Hill_Valley_without_noise,5,NB,hyperparameter
1572,0.603960396039604,0.6036764705882353,0.617311367735336,0.6032874186805702,0.6323529411764706,Hill_Valley_without_noise,0,DT,hyperparameter
1573,0.6023102310231023,0.6023039215686274,0.6029660671497299,0.6045984884844484,0.6029411764705883,Hill_Valley_without_noise,1,DT,hyperparameter
1574,0.5841584158415841,0.5837745098039215,0.6018847768114531,0.5825773453007382,0.6225490196078431,Hill_Valley_without_noise,2,DT,hyperparameter
1575,0.5891089108910892,0.588970588235294,0.5966242217740118,0.5918200525172953,0.6029411764705882,Hill_Valley_without_noise,3,DT,hyperparameter
1576,0.584983498349835,0.5845751633986929,0.602728247910268,0.5822640179179397,0.6258169934640523,Hill_Valley_without_noise,4,DT,hyperparameter
1577,0.5585808580858086,0.5585294117647059,0.5620106885428487,0.5618745759102143,0.5637254901960784,Hill_Valley_without_noise,5,DT,hyperparameter
1578,0.5998349834983498,0.599640522875817,0.6099725385556074,0.6013967130929742,0.619281045751634,Hill_Valley_without_noise,0,RF,hyperparameter
1579,0.6188118811881188,0.6184967320261439,0.631756072874494,0.6154801324503312,0.6503267973856208,Hill_Valley_without_noise,1,RF,hyperparameter
1580,0.5907590759075907,0.590343137254902,0.6094599339320331,0.5883015658564894,0.6323529411764706,Hill_Valley_without_noise,2,RF,hyperparameter
1581,0.5907590759075907,0.5904248366013072,0.6060464647343002,0.5898308862947605,0.6241830065359477,Hill_Valley_without_noise,3,RF,hyperparameter
1582,0.5981848184818481,0.5978758169934641,0.6121917505066345,0.5967558789785381,0.6290849673202614,Hill_Valley_without_noise,4,RF,hyperparameter
1583,0.6023102310231023,0.6019607843137256,0.6179295085273666,0.6000923211454299,0.6372549019607843,Hill_Valley_without_noise,5,RF,hyperparameter
1584,0.8326,0.8329640646508267,0.8324310094471096,0.8332834737824425,0.8329640646508267,waveform_40,0,KNN,hyperparameter
1585,0.8322,0.8325830055023833,0.8319435585520807,0.8332865537258138,0.8325830055023833,waveform_40,1,KNN,hyperparameter
1586,0.8348,0.8351710283302187,0.8346249021661832,0.8351863858724565,0.8351710283302187,waveform_40,2,KNN,hyperparameter
1587,0.833,0.8333795930242253,0.8327773096124961,0.8336938859819527,0.8333795930242253,waveform_40,3,KNN,hyperparameter
1588,0.829,0.8293423383872435,0.8287919855773201,0.8293841105985875,0.8293423383872435,waveform_40,4,KNN,hyperparameter
1589,0.8384,0.8387732178850729,0.8382258046800244,0.8389186953090844,0.8387732178850729,waveform_40,5,KNN,hyperparameter
1590,0.8694,0.869679057087922,0.869321965794682,0.8701581150716757,0.869679057087922,waveform_40,0,SVC,hyperparameter
1591,0.8652,0.8656603229189818,0.8648117013965702,0.8672279623529293,0.8656603229189818,waveform_40,1,SVC,hyperparameter
1592,0.8692,0.8695982763230603,0.8689355039326413,0.8707400050890177,0.8695982763230603,waveform_40,2,SVC,hyperparameter
1593,0.8664,0.8667221285206829,0.8662924160607411,0.8671862820528682,0.8667221285206829,waveform_40,3,SVC,hyperparameter
1594,0.8680000000000001,0.8682767590068582,0.867894533824278,0.8683956445825624,0.8682767590068582,waveform_40,4,SVC,hyperparameter
1595,0.866,0.866320630490655,0.8658275627428992,0.8664948792139417,0.866320630490655,waveform_40,5,SVC,hyperparameter
1596,0.8682,0.8684494265955249,0.8681480641232819,0.8687219115748127,0.8684494265955249,waveform_40,0,LR,hyperparameter
1597,0.8694000000000001,0.8696626209502705,0.8692856854668558,0.8697255243588374,0.8696626209502705,waveform_40,1,LR,hyperparameter
1598,0.8695999999999999,0.8698365432850922,0.8695796936148029,0.8699682398339071,0.8698365432850922,waveform_40,2,LR,hyperparameter
1599,0.8688,0.869060498342864,0.8687625971388536,0.8692624260517977,0.869060498342864,waveform_40,3,LR,hyperparameter
1600,0.8684000000000001,0.8686570507898844,0.8683364110109455,0.8686767410016428,0.8686570507898844,waveform_40,4,LR,hyperparameter
1601,0.869,0.8692404766425995,0.8689521024843015,0.8691489947305591,0.8692404766425995,waveform_40,5,LR,hyperparameter
1602,0.8006,0.8026725222040293,0.7894009929688253,0.8345927922570331,0.8026725222040293,waveform_40,0,NB,hyperparameter
1603,0.8002,0.8023056696856066,0.788521991267217,0.8337535964913941,0.8023056696856066,waveform_40,1,NB,hyperparameter
1604,0.7996000000000001,0.8016898278289175,0.7881621332199201,0.8331974118860256,0.8016898278289175,waveform_40,2,NB,hyperparameter
1605,0.7994,0.8014939007722682,0.7880205115547138,0.8330926387297832,0.8014939007722682,waveform_40,3,NB,hyperparameter
1606,0.8006,0.8026830371842053,0.7893506361963396,0.8336525331799485,0.8026830371842053,waveform_40,4,NB,hyperparameter
1607,0.7988000000000001,0.8009020131603585,0.7870652095870311,0.8331100584182757,0.8009020131603585,waveform_40,5,NB,hyperparameter
1608,0.763,0.7634437236187029,0.7626957288017763,0.7639802447440259,0.7634437236187029,waveform_40,0,DT,hyperparameter
1609,0.7644,0.7647680615213032,0.7639196355748857,0.7651999219092229,0.7647680615213032,waveform_40,1,DT,hyperparameter
1610,0.7584,0.7587789610967303,0.757991046514189,0.7592251400863487,0.7587789610967303,waveform_40,2,DT,hyperparameter
1611,0.7666000000000001,0.7671325113978652,0.7655379297774408,0.7688565299171594,0.7671325113978652,waveform_40,3,DT,hyperparameter
1612,0.7626000000000001,0.7631169814980316,0.7618792271496183,0.7638445970717992,0.7631169814980316,waveform_40,4,DT,hyperparameter
1613,0.7585999999999999,0.7589756866282055,0.7580693840924871,0.7594038233889226,0.7589756866282055,waveform_40,5,DT,hyperparameter
1614,0.8536,0.8541518326635685,0.8529734970668,0.8555095166792505,0.8541518326635685,waveform_40,0,RF,hyperparameter
1615,0.8548,0.8553529461978953,0.8542013938212539,0.8566609999210997,0.8553529461978953,waveform_40,1,RF,hyperparameter
1616,0.8592000000000001,0.8597313569816274,0.8587218909800818,0.8609051436861175,0.8597313569816274,waveform_40,2,RF,hyperparameter
1617,0.8544,0.854996017580881,0.8537477635503242,0.8568025312446746,0.854996017580881,waveform_40,3,RF,hyperparameter
1618,0.8546,0.85518466503587,0.8540178606921845,0.856437183281874,0.85518466503587,waveform_40,4,RF,hyperparameter
1619,0.8555999999999999,0.8560991157378682,0.8551197819320435,0.8569239716645465,0.8560991157378682,waveform_40,5,RF,hyperparameter
1620,0.8432000000000001,0.8428864092007069,0.8419723512997878,0.8445544618230715,0.8428864092007069,waveform_21,0,KNN,hyperparameter
1621,0.836,0.8355551224179819,0.8346260783798295,0.8370872959868564,0.8355551224179819,waveform_21,1,KNN,hyperparameter
1622,0.8396000000000001,0.8392868820123714,0.8384314097878334,0.8407901429855339,0.8392868820123714,waveform_21,2,KNN,hyperparameter
1623,0.842,0.8417134778633152,0.8410972959811427,0.8429484420071566,0.8417134778633152,waveform_21,3,KNN,hyperparameter
1624,0.842,0.8416661851498375,0.8408869576609143,0.8431004351688356,0.8416661851498375,waveform_21,4,KNN,hyperparameter
1625,0.8356,0.8353015072698162,0.834384347969886,0.836395731191036,0.8353015072698162,waveform_21,5,KNN,hyperparameter
1626,0.8718,0.871481509964605,0.8709599503101015,0.8733710181833996,0.871481509964605,waveform_21,0,SVC,hyperparameter
1627,0.8658,0.8654770871681386,0.8649292430102374,0.866822041774687,0.8654770871681386,waveform_21,1,SVC,hyperparameter
1628,0.867,0.8666271547816107,0.8660292165107889,0.8691295605481838,0.8666271547816107,waveform_21,2,SVC,hyperparameter
1629,0.8688,0.8685105891196736,0.8682083043278666,0.869450614336376,0.8685105891196736,waveform_21,3,SVC,hyperparameter
1630,0.8664000000000001,0.866066590460322,0.8655617514004534,0.8676658888006551,0.866066590460322,waveform_21,4,SVC,hyperparameter
1631,0.8674000000000001,0.8670885857349228,0.8667733764001225,0.8681372900731082,0.8670885857349228,waveform_21,5,SVC,hyperparameter
1632,0.8706,0.8703871665177575,0.8701791241851977,0.870899914176096,0.8703871665177575,waveform_21,0,LR,hyperparameter
1633,0.87,0.8697854360985364,0.8696564195191133,0.8699619573338006,0.8697854360985364,waveform_21,1,LR,hyperparameter
1634,0.8702000000000001,0.8700050761623168,0.8698706084755478,0.8703328659554582,0.8700050761623168,waveform_21,2,LR,hyperparameter
1635,0.8712000000000001,0.8709880218268383,0.8708738873123094,0.8712215028590733,0.8709880218268383,waveform_21,3,LR,hyperparameter
1636,0.8702000000000001,0.8700063442717064,0.8698612592689179,0.8702665364423428,0.8700063442717064,waveform_21,4,LR,hyperparameter
1637,0.871,0.8707910172082527,0.8706383948918215,0.8709297082134925,0.8707910172082527,waveform_21,5,LR,hyperparameter
1638,0.808,0.8071881837882393,0.7954861976224711,0.8396159654210358,0.8071881837882393,waveform_21,0,NB,hyperparameter
1639,0.8091999999999999,0.808383487077361,0.7970006243802389,0.8406138189764029,0.808383487077361,waveform_21,1,NB,hyperparameter
1640,0.8095999999999999,0.8087742464961891,0.7969709736277074,0.8414997356860683,0.8087742464961891,waveform_21,2,NB,hyperparameter
1641,0.8082,0.8073803167250961,0.7955278994302426,0.8396871438208504,0.8073803167250961,waveform_21,3,NB,hyperparameter
1642,0.8088,0.8079841885917125,0.7963381238099825,0.8403507745943763,0.8079841885917125,waveform_21,4,NB,hyperparameter
1643,0.8096000000000001,0.8087875043980058,0.7972769829112692,0.8406100569016705,0.8087875043980058,waveform_21,5,NB,hyperparameter
1644,0.7661999999999999,0.7659573781041742,0.7652946834549819,0.7666937597106728,0.7659573781041742,waveform_21,0,DT,hyperparameter
1645,0.7636000000000001,0.7634398106502455,0.7633677480698542,0.7640921053483074,0.7634398106502455,waveform_21,1,DT,hyperparameter
1646,0.7624,0.7620647511456102,0.7617438094902682,0.7625025124453341,0.7620647511456102,waveform_21,2,DT,hyperparameter
1647,0.7716000000000001,0.7714380354549678,0.7707854720517767,0.772145578851852,0.7714380354549678,waveform_21,3,DT,hyperparameter
1648,0.7696000000000001,0.7693881036895998,0.7690463435460606,0.7696120326401755,0.7693881036895998,waveform_21,4,DT,hyperparameter
1649,0.7565999999999999,0.7562589735139259,0.7557572702481926,0.7566268951678439,0.7562589735139259,waveform_21,5,DT,hyperparameter
1650,0.8516,0.8512528813970031,0.850445861001277,0.8531700632824089,0.8512528813970031,waveform_21,0,RF,hyperparameter
1651,0.8522000000000001,0.8517993416480729,0.8511557067475735,0.8529163140711735,0.8517993416480729,waveform_21,1,RF,hyperparameter
1652,0.854,0.8537075261903391,0.8532409597560976,0.85458785740839,0.8537075261903391,waveform_21,2,RF,hyperparameter
1653,0.8528,0.8524772426969919,0.8518451609014128,0.8534651222595276,0.8524772426969919,waveform_21,3,RF,hyperparameter
1654,0.8528,0.8525062828595565,0.851888684692723,0.8536550646341304,0.8525062828595565,waveform_21,4,RF,hyperparameter
1655,0.8542,0.8538412488841796,0.8533299796517356,0.8545387365292507,0.8538412488841796,waveform_21,5,RF,hyperparameter
1656,0.7583333333333333,0.7583333333333333,0.7589220148043677,0.8137235449735449,0.7583333333333333,movement_libras,0,KNN,hyperparameter
1657,0.7638888888888888,0.763888888888889,0.7609044813688777,0.8088399100899102,0.763888888888889,movement_libras,1,KNN,hyperparameter
1658,0.7444444444444445,0.7444444444444445,0.7351008142184612,0.7802615440115441,0.7444444444444445,movement_libras,2,KNN,hyperparameter
1659,0.7777777777777778,0.7777777777777779,0.7732662925309984,0.8216366041366041,0.7777777777777779,movement_libras,3,KNN,hyperparameter
1660,0.7722222222222221,0.7722222222222223,0.7635126202773261,0.8125559163059164,0.7722222222222223,movement_libras,4,KNN,hyperparameter
1661,0.7361111111111112,0.7361111111111112,0.7219636357794252,0.7783089133089134,0.7361111111111112,movement_libras,5,KNN,hyperparameter
1662,0.8527777777777777,0.852777777777778,0.848969733969734,0.879702380952381,0.852777777777778,movement_libras,0,SVC,hyperparameter
1663,0.875,0.8750000000000001,0.8714380064380063,0.8942989417989419,0.8750000000000001,movement_libras,1,SVC,hyperparameter
1664,0.8777777777777778,0.8777777777777779,0.8737574353750823,0.8985750360750361,0.8777777777777779,movement_libras,2,SVC,hyperparameter
1665,0.8583333333333333,0.8583333333333335,0.8548560698560698,0.8766997354497355,0.8583333333333335,movement_libras,3,SVC,hyperparameter
1666,0.8666666666666667,0.8666666666666668,0.8611447811447811,0.8804166666666666,0.8666666666666668,movement_libras,4,SVC,hyperparameter
1667,0.8472222222222222,0.8472222222222223,0.8428963628963628,0.8603703703703705,0.8472222222222223,movement_libras,5,SVC,hyperparameter
1668,0.75,0.7499999999999999,0.749733577968872,0.7838961038961039,0.7499999999999999,movement_libras,0,LR,hyperparameter
1669,0.7805555555555556,0.7805555555555557,0.7780025530025529,0.8099801587301588,0.7805555555555557,movement_libras,1,LR,hyperparameter
1670,0.75,0.75,0.7417042217042218,0.7733597883597885,0.75,movement_libras,2,LR,hyperparameter
1671,0.7527777777777778,0.7527777777777779,0.7458532671032672,0.7917328042328042,0.7527777777777779,movement_libras,3,LR,hyperparameter
1672,0.7722222222222223,0.7722222222222224,0.7717718186526236,0.8120146982646983,0.7722222222222224,movement_libras,4,LR,hyperparameter
1673,0.7277777777777777,0.7277777777777777,0.7217694342694342,0.74880291005291,0.7277777777777777,movement_libras,5,LR,hyperparameter
1674,0.5916666666666667,0.5916666666666667,0.5895459876380928,0.6475356125356126,0.5916666666666667,movement_libras,0,NB,hyperparameter
1675,0.6027777777777779,0.6027777777777776,0.599694483076836,0.6380820105820105,0.6027777777777776,movement_libras,1,NB,hyperparameter
1676,0.6305555555555555,0.6305555555555555,0.632178513207925,0.6766329966329966,0.6305555555555555,movement_libras,2,NB,hyperparameter
1677,0.6333333333333333,0.6333333333333333,0.6338656006303065,0.6729130591630591,0.6333333333333333,movement_libras,3,NB,hyperparameter
1678,0.6194444444444445,0.6194444444444444,0.61808531065884,0.6584042809042809,0.6194444444444444,movement_libras,4,NB,hyperparameter
1679,0.6,0.6,0.5964662461721286,0.652759139009139,0.6,movement_libras,5,NB,hyperparameter
1680,0.625,0.625,0.6217480830716124,0.6696248196248196,0.625,movement_libras,0,DT,hyperparameter
1681,0.6972222222222222,0.6972222222222221,0.6923991177667648,0.723303872053872,0.6972222222222221,movement_libras,1,DT,hyperparameter
1682,0.6583333333333333,0.6583333333333333,0.6515450997803939,0.7030759980759981,0.6583333333333333,movement_libras,2,DT,hyperparameter
1683,0.6472222222222221,0.6472222222222221,0.6421890364537423,0.6664249639249639,0.6472222222222221,movement_libras,3,DT,hyperparameter
1684,0.6555555555555556,0.6555555555555556,0.6580830743330743,0.6981415343915345,0.6555555555555556,movement_libras,4,DT,hyperparameter
1685,0.6388888888888888,0.6388888888888888,0.6379297554297554,0.6770502645502646,0.6388888888888888,movement_libras,5,DT,hyperparameter
1686,0.7888888888888889,0.7888888888888889,0.7839066924361042,0.8123538961038962,0.7888888888888889,movement_libras,0,RF,hyperparameter
1687,0.8083333333333333,0.8083333333333335,0.8035940910940911,0.835707671957672,0.8083333333333335,movement_libras,1,RF,hyperparameter
1688,0.8027777777777778,0.8027777777777778,0.8003827653827653,0.8230621693121694,0.8027777777777778,movement_libras,2,RF,hyperparameter
1689,0.7999999999999999,0.8000000000000003,0.7958582158582157,0.8195304232804232,0.8000000000000003,movement_libras,3,RF,hyperparameter
1690,0.7916666666666667,0.7916666666666667,0.7869933769933769,0.8164484126984127,0.7916666666666667,movement_libras,4,RF,hyperparameter
1691,0.7749999999999999,0.7749999999999999,0.768818207935855,0.8009824434824434,0.7749999999999999,movement_libras,5,RF,hyperparameter
1692,0.9097139767291572,0.8933901073755861,0.8949847822021543,0.8970773194609474,0.8933901073755861,satimage,0,KNN,hyperparameter
1693,0.9042734973361904,0.8859662743859128,0.8876825307133018,0.8900421985833373,0.8859662743859128,satimage,1,KNN,hyperparameter
1694,0.9072257381519996,0.8907630690627227,0.8922884286677655,0.8945230125315148,0.8907630690627227,satimage,2,KNN,hyperparameter
1695,0.9080033912166948,0.8890932372375389,0.8915799250769069,0.895107522686899,0.8890932372375389,satimage,3,KNN,hyperparameter
1696,0.9081571245698172,0.8897596673682957,0.891999752355046,0.8951395360064951,0.8897596673682957,satimage,4,KNN,hyperparameter
1697,0.9078468556842884,0.8922686209703987,0.8927546670722443,0.8937943885915093,0.8922686209703987,satimage,5,KNN,hyperparameter
1698,0.9137540428683184,0.8921734820735541,0.8957394387676118,0.902017492267009,0.8921734820735541,satimage,0,SVC,hyperparameter
1699,0.913442324579712,0.8919761786061952,0.8951448326485459,0.9013382828733276,0.8919761786061952,satimage,1,SVC,hyperparameter
1700,0.9137520137040096,0.8910466855415723,0.8945330962147219,0.89981789069451,0.8910466855415723,satimage,2,SVC,hyperparameter
1701,0.9109568881818378,0.8893796401833721,0.8926729120140773,0.8994365139791207,0.8893796401833721,satimage,3,SVC,hyperparameter
1702,0.9108001593956878,0.8893220337447733,0.892369281043498,0.8976081545228511,0.8893220337447733,satimage,4,SVC,hyperparameter
1703,0.9111115878036792,0.8905484007497733,0.8927925558675933,0.8966430100979808,0.8905484007497733,satimage,5,SVC,hyperparameter
1704,0.8560999771187567,0.8076158234052443,0.810464645600999,0.822617117002311,0.8076158234052443,satimage,0,LR,hyperparameter
1705,0.8571874159346216,0.8119382314848951,0.8159453158938474,0.8260620151495104,0.8119382314848951,satimage,1,LR,hyperparameter
1706,0.8547002402530541,0.8059033931568924,0.80913036686063,0.8211733299026129,0.8059033931568924,satimage,2,LR,hyperparameter
1707,0.859051444919591,0.8130354059144672,0.8175431193429763,0.8290789372939783,0.8130354059144672,satimage,3,LR,hyperparameter
1708,0.8574981679545097,0.8093710531092037,0.8128479118091768,0.8249160520263487,0.8093710531092037,satimage,4,LR,hyperparameter
1709,0.8557888385913812,0.8084819442790747,0.8118537314139898,0.8246479546421638,0.8084819442790747,satimage,5,LR,hyperparameter
1710,0.7965818823842256,0.786364072307031,0.7787712744860871,0.7812546194828452,0.786364072307031,satimage,0,NB,hyperparameter
1711,0.7954927042846673,0.7853514235159819,0.7777239704841501,0.780812477688616,0.7853514235159819,satimage,1,NB,hyperparameter
1712,0.7961139184438282,0.786221572480379,0.7782924314879953,0.7810571358093368,0.786221572480379,satimage,2,NB,hyperparameter
1713,0.7959609581056805,0.7861617632051581,0.7783552057859099,0.7817021465472006,0.7861617632051581,satimage,3,NB,hyperparameter
1714,0.7967361954985792,0.7862010650328206,0.7786882184755453,0.7817896124068406,0.7862010650328206,satimage,4,NB,hyperparameter
1715,0.7965816891304818,0.7863451456557059,0.7786874981328126,0.7817977508886008,0.7863451456557059,satimage,5,NB,hyperparameter
1716,0.8559448909894283,0.8221723881208107,0.8268003358789177,0.8334974198489715,0.8221723881208107,satimage,0,DT,hyperparameter
1717,0.859208850093844,0.8306742201462446,0.8344666780266611,0.8406663365903504,0.8306742201462446,satimage,1,DT,hyperparameter
1718,0.8545443811087509,0.8198333229187045,0.8240774316961891,0.8313736358340029,0.8198333229187045,satimage,2,DT,hyperparameter
1719,0.8562566092780348,0.8308321844949076,0.8328588135764031,0.836143363847899,0.8308321844949076,satimage,3,DT,hyperparameter
1720,0.8582756277654611,0.8253238165516978,0.8304759119123909,0.8380001548152407,0.8253238165516978,satimage,4,DT,hyperparameter
1721,0.8672884992378073,0.8347161811214618,0.8382948726842123,0.8440149018966501,0.8347161811214618,satimage,5,DT,hyperparameter
1722,0.9163961114254704,0.8902186518267414,0.8972614932474146,0.9090213349011816,0.8902186518267414,satimage,0,RF,hyperparameter
1723,0.915773447863232,0.890881308123934,0.8971163106221373,0.9080977655164868,0.890881308123934,satimage,1,RF,hyperparameter
1724,0.9173261450670822,0.8925838123777754,0.8990881944004937,0.9095871195457716,0.8925838123777754,satimage,2,RF,hyperparameter
1725,0.9145293768880892,0.8888907633868318,0.895180392525583,0.9064454276489162,0.8888907633868318,satimage,3,RF,hyperparameter
1726,0.9157726748482572,0.8893805023616127,0.8964142523957043,0.9089022781159682,0.8893805023616127,satimage,4,RF,hyperparameter
1727,0.918104764400496,0.8923203742974504,0.8989310591118576,0.9106411672640348,0.8923203742974504,satimage,5,RF,hyperparameter
1728,0.951188986232791,0.9505372913988324,0.9538358573732458,0.9427829870191184,0.9652622399687906,chess,0,KNN,hyperparameter
1729,0.9515018773466836,0.9508626401139,0.9540509398309114,0.9432272831296488,0.965246463116588,chess,1,KNN,hyperparameter
1730,0.9558823529411764,0.95522235471679,0.9583266308219572,0.9469770069050624,0.9700426261861324,chess,2,KNN,hyperparameter
1731,0.9518147684605756,0.9509059101385966,0.95468067488967,0.9387209326388384,0.9712402326942274,chess,3,KNN,hyperparameter
1732,0.9493116395494368,0.948598528549136,0.95208685630837,0.9398798318272068,0.964648376992186,chess,4,KNN,hyperparameter
1733,0.952127659574468,0.9516293849787224,0.9545563906150428,0.946410309267556,0.962849815841107,chess,5,KNN,hyperparameter
1734,0.9949937421777222,0.995013592017122,0.995203830035008,0.9958061982009748,0.9946100535839272,chess,0,SVC,hyperparameter
1735,0.9956195244055068,0.9955809194970008,0.995810483205503,0.9952294625885284,0.9964043119571327,chess,1,SVC,hyperparameter
1736,0.99468085106383,0.994656608829286,0.9949073042514333,0.994608619324636,0.995206705449038,chess,2,SVC,hyperparameter
1737,0.9934292866082604,0.9934321127828274,0.9937067913304272,0.9940218425697336,0.9934138813351232,chess,3,SVC,hyperparameter
1738,0.9934292866082604,0.9934578600046484,0.9937060827365036,0.9946085572135837,0.9928143609514304,chess,4,SVC,hyperparameter
1739,0.9953066332916144,0.995311059091066,0.995504666360021,0.995803343523194,0.995206705449038,chess,5,SVC,hyperparameter
1740,0.9715269086357948,0.971687069326442,0.9725326457183928,0.9769877871033206,0.9682655789244202,chess,0,LR,hyperparameter
1741,0.972465581977472,0.9725199459495651,0.97358459262042,0.9759674008682218,0.9712402326942274,chess,1,LR,hyperparameter
1742,0.9715269086357948,0.9715747577537652,0.9726565588208254,0.9748087747987878,0.9706450150884076,chess,2,LR,hyperparameter
1743,0.9730913642052564,0.9730648199131028,0.97422663303682,0.9748472795056236,0.9736354457104172,chess,3,LR,hyperparameter
1744,0.9727784730913642,0.9727982616974642,0.973880299464462,0.9753791737883564,0.9724478790173604,chess,4,LR,hyperparameter
1745,0.9715269086357948,0.9715700297889948,0.9726807403275416,0.9747607025406488,0.9706407123105344,chess,5,LR,hyperparameter
1746,0.6483103879849812,0.6331918536557044,0.7430947753470653,0.6008666460892056,0.9736383142289996,chess,0,NB,hyperparameter
1747,0.6479974968710889,0.6328601925027924,0.7429106934626213,0.6006592723807174,0.9736397484882908,chess,1,NB,hyperparameter
1748,0.6523779724655819,0.6373218869205723,0.7457775031224823,0.6034975715176473,0.9760306587266072,chess,2,NB,hyperparameter
1749,0.6511264080100125,0.6361338695861669,0.744585169399065,0.6028001058398487,0.9736340114511262,chess,3,NB,hyperparameter
1750,0.6473717146433042,0.6323485035458289,0.7419888736264815,0.6005703866894174,0.9706392780512432,chess,4,NB,hyperparameter
1751,0.652377972465582,0.6376021231343894,0.7445715496093753,0.6042182033762465,0.9700397576675502,chess,5,NB,hyperparameter
1752,0.9946808510638298,0.9946314370081448,0.9949108787346944,0.9940290621848532,0.9958090943513132,chess,0,DT,hyperparameter
1753,0.9943679599499374,0.9942710183858638,0.9946250055060496,0.992871227826945,0.996405746216424,chess,1,DT,hyperparameter
1754,0.9934292866082604,0.9933484254353714,0.9937204461273472,0.99224338227873,0.995208139708329,chess,2,DT,hyperparameter
1755,0.9918648310387984,0.9918235937963864,0.9922140797537888,0.991640741715902,0.9928129266921392,chess,3,DT,hyperparameter
1756,0.991551939924906,0.9915505898987548,0.9919017777335448,0.9921974293354804,0.9916210572212087,chess,4,DT,hyperparameter
1757,0.9909261576971214,0.9906991486140824,0.9913466257693762,0.9869342520416904,0.9958047915734398,chess,5,DT,hyperparameter
1758,0.9890488110137672,0.9889306374626978,0.9895352792211876,0.9874658576360624,0.9916167544433352,chess,0,RF,hyperparameter
1759,0.9912390488110138,0.9911628395815788,0.9916337799178376,0.9904984876078836,0.9928071896549746,chess,1,RF,hyperparameter
1760,0.9899874843554444,0.9898027365571253,0.9904504634756436,0.986948899894669,0.9940119674595252,chess,2,RF,hyperparameter
1761,0.9890488110137672,0.9889056073705222,0.9895365336025056,0.9869135344804896,0.9922177090863196,chess,3,RF,hyperparameter
1762,0.9893617021276596,0.9892313982421213,0.989840294732952,0.9875035622422944,0.9922148405677372,chess,4,RF,hyperparameter
1763,0.9899874843554444,0.9898569493055668,0.9904341853926556,0.9880710468403596,0.992811492432848,chess,5,RF,hyperparameter
1764,0.9499374217772216,0.9491980489328292,0.952704651713116,0.9399959732827112,0.9658474177595722,kr_vs_kp,0,KNN,hyperparameter
1765,0.9508760951188986,0.9499623064158704,0.9537456759699104,0.9374764775097744,0.9706550549034456,kr_vs_kp,1,KNN,hyperparameter
1766,0.9515018773466832,0.9510554700878844,0.9539208121428504,0.9469556196960316,0.9610526889493192,kr_vs_kp,2,KNN,hyperparameter
1767,0.9565081351689612,0.955771814916132,0.9589349074528584,0.9458512264231832,0.972443576239487,kr_vs_kp,3,KNN,hyperparameter
1768,0.945244055068836,0.9444789247800524,0.9483128241797932,0.935527878068282,0.9616550778515944,kr_vs_kp,4,KNN,hyperparameter
1769,0.952127659574468,0.9516534229681378,0.9545485452476064,0.94698604111853,0.9622589010131608,kr_vs_kp,5,KNN,hyperparameter
1770,0.9915519399249062,0.9915205398990604,0.9919182234055016,0.9916437787471684,0.9922119720491548,kr_vs_kp,0,SVC,hyperparameter
1771,0.993116395494368,0.9929641190374574,0.993430942259136,0.9904996819284122,0.9964028776978416,kr_vs_kp,1,SVC,hyperparameter
1772,0.9940550688360452,0.9940854122432476,0.994302027006104,0.9952009269891624,0.9934081442979588,kr_vs_kp,2,SVC,hyperparameter
1773,0.9937421777221528,0.9937558939944552,0.9939997375395908,0.9946013449402004,0.9934052757793764,kr_vs_kp,3,SVC,hyperparameter
1774,0.9949937421777222,0.9949572278797438,0.9952080983537112,0.9946299482153408,0.9958062258327308,kr_vs_kp,4,SVC,hyperparameter
1775,0.9943679599499374,0.9944137881754976,0.9946014256365042,0.9958018334122242,0.9934138813351232,kr_vs_kp,5,SVC,hyperparameter
1776,0.9740300375469336,0.9740007378992952,0.9750985461429764,0.975548868206922,0.9748459605521324,kr_vs_kp,0,LR,hyperparameter
1777,0.9718397997496871,0.9717812414244664,0.9730535827963248,0.973076643737964,0.9730402281045976,kr_vs_kp,1,LR,hyperparameter
1778,0.9721526908635796,0.9721978739703429,0.9733137221963852,0.9755368411644992,0.9712402326942274,kr_vs_kp,2,LR,hyperparameter
1779,0.973404255319149,0.9735001870829444,0.9744282026605022,0.977806994816104,0.9712373641756452,kr_vs_kp,3,LR,hyperparameter
1780,0.9712140175219024,0.9712662587620234,0.9723695499905493,0.9748991391467106,0.970038323408259,kr_vs_kp,4,LR,hyperparameter
1781,0.9718397997496871,0.9718091315504068,0.9730230543222405,0.9736506046875428,0.9724364049430312,kr_vs_kp,5,LR,hyperparameter
1782,0.6589486858573217,0.6442867764827771,0.749176854486127,0.60854739910724,0.9748445262928414,kr_vs_kp,0,NB,hyperparameter
1783,0.6583229036295369,0.6435509134549267,0.7491610188045142,0.6080501749787287,0.9760421328009364,kr_vs_kp,1,NB,hyperparameter
1784,0.6479974968710889,0.6328644867958486,0.7428687381608431,0.6005617299585365,0.9736397484882908,kr_vs_kp,2,NB,hyperparameter
1785,0.6564455569461827,0.6416027031605067,0.7480210430639774,0.6068647346084328,0.975428269824332,kr_vs_kp,3,NB,hyperparameter
1786,0.6520650813516896,0.6370521767284202,0.7453394922316084,0.6033321231609287,0.974840223514968,kr_vs_kp,4,NB,hyperparameter
1787,0.6558197747183979,0.6410575642755546,0.7471949767168014,0.6062762678802225,0.9736354457104172,kr_vs_kp,5,NB,hyperparameter
1788,0.9937421777221528,0.9936463261810295,0.994024853518769,0.9922491056236816,0.9958090943513132,kr_vs_kp,0,DT,hyperparameter
1789,0.993116395494368,0.9929357952398028,0.9934380771112984,0.9899283898684258,0.9970023980815348,kr_vs_kp,1,DT,hyperparameter
1790,0.9953066332916144,0.995144693468548,0.9955211389694414,0.9922619047619048,0.998802393491905,kr_vs_kp,2,DT,hyperparameter
1791,0.9946808510638298,0.9946002446919078,0.9949144704194582,0.9934324514965392,0.9964028776978416,kr_vs_kp,3,DT,hyperparameter
1792,0.9953066332916144,0.9953376651714982,0.9954966724250982,0.9964056212417486,0.9946071850653448,kr_vs_kp,4,DT,hyperparameter
1793,0.9956195244055068,0.9955830708859376,0.9958119577230098,0.995222420832985,0.9964086147350062,kr_vs_kp,5,DT,hyperparameter
1794,0.9915519399249062,0.9914646094333964,0.9919304373697844,0.990463336468958,0.9934124470758322,kr_vs_kp,0,RF,hyperparameter
1795,0.9903003754693368,0.990101779619326,0.9907457119952896,0.9869201664988858,0.9946100535839272,kr_vs_kp,1,RF,hyperparameter
1796,0.9924906132665832,0.9923926389934878,0.9928243698913256,0.9910557198370444,0.9946071850653448,kr_vs_kp,2,RF,hyperparameter
1797,0.9890488110137672,0.988955659070056,0.9895158662267304,0.9880379504506468,0.9910071942446044,kr_vs_kp,3,RF,hyperparameter
1798,0.990613266583229,0.9904288630212504,0.9910444105530422,0.9875084025058858,0.9946114878432184,kr_vs_kp,4,RF,hyperparameter
1799,0.9903003754693366,0.9901547083222592,0.990754193647872,0.988131722499048,0.9934138813351232,kr_vs_kp,5,RF,hyperparameter
1800,0.9866548042704626,0.9866359868308768,0.9867093360743812,0.9870245633368182,0.9866359868308768,optdigits,0,KNN,hyperparameter
1801,0.987188612099644,0.9871590136108752,0.9872230413312848,0.9874888227282802,0.9871590136108752,optdigits,1,KNN,hyperparameter
1802,0.9868327402135232,0.9868006221272212,0.9868563496057748,0.987074871711428,0.9868006221272212,optdigits,2,KNN,hyperparameter
1803,0.9873665480427046,0.9873578352470136,0.9874270427793584,0.9876646485619458,0.9873578352470136,optdigits,3,KNN,hyperparameter
1804,0.9884341637010676,0.9884154219236212,0.9884718673072016,0.9886711752103589,0.9884154219236212,optdigits,4,KNN,hyperparameter
1805,0.9857651245551602,0.9857415370664944,0.9858023121716274,0.9860378983641456,0.9857415370664944,optdigits,5,KNN,hyperparameter
1806,0.991459074733096,0.9914530374696412,0.9914721474579158,0.9916284558218222,0.9914530374696412,optdigits,0,SVC,hyperparameter
1807,0.991459074733096,0.9914565665382544,0.9914900322258756,0.9916148401871664,0.9914565665382544,optdigits,1,SVC,hyperparameter
1808,0.9909252669039146,0.9909246873304494,0.990943067542284,0.9910399178050762,0.9909246873304494,optdigits,2,SVC,hyperparameter
1809,0.991459074733096,0.9914566747621868,0.9914830087400264,0.9915993748077374,0.9914566747621868,optdigits,3,SVC,hyperparameter
1810,0.992170818505338,0.9921696749976532,0.992185426240876,0.992250746091264,0.9921696749976532,optdigits,4,SVC,hyperparameter
1811,0.992170818505338,0.992155848244696,0.9921781814699367,0.992244471597282,0.992155848244696,optdigits,5,SVC,hyperparameter
1812,0.9715302491103202,0.9715424508715582,0.9715352118378532,0.971852087336573,0.9715424508715582,optdigits,0,LR,hyperparameter
1813,0.9702846975088968,0.9703166277207106,0.970317965832048,0.9705613765728064,0.9703166277207106,optdigits,1,LR,hyperparameter
1814,0.9704626334519572,0.9704913070274024,0.970508975943014,0.970676057472851,0.9704913070274024,optdigits,2,LR,hyperparameter
1815,0.9701067615658364,0.9701390493520474,0.9701807434724952,0.9704353183864038,0.9701390493520474,optdigits,3,LR,hyperparameter
1816,0.9709964412811388,0.9709800040305552,0.9709748103852004,0.9712734038844733,0.9709800040305552,optdigits,4,LR,hyperparameter
1817,0.969217081850534,0.9692103965437592,0.9692274448686142,0.969353701111974,0.9692103965437592,optdigits,5,LR,hyperparameter
1818,0.8934163701067617,0.8938149523971453,0.8944980389270722,0.9014252188248196,0.8938149523971453,optdigits,0,NB,hyperparameter
1819,0.8935943060498222,0.8939782335714006,0.8946900250305394,0.9018022677352628,0.8939782335714006,optdigits,1,NB,hyperparameter
1820,0.8925266903914592,0.8929599510187163,0.8936531318670864,0.9011430121528418,0.8929599510187163,optdigits,2,NB,hyperparameter
1821,0.8937722419928826,0.8941581028699832,0.8948152410283862,0.90190388711612,0.8941581028699832,optdigits,3,NB,hyperparameter
1822,0.8902135231316726,0.8905743528134781,0.891381839222917,0.8987366643084606,0.8905743528134781,optdigits,4,NB,hyperparameter
1823,0.8937722419928825,0.8941528217651821,0.8950339362082901,0.9023220749719988,0.8941528217651821,optdigits,5,NB,hyperparameter
1824,0.8969750889679715,0.8970880857664744,0.8972693756615315,0.8985598739067939,0.8970880857664744,optdigits,0,DT,hyperparameter
1825,0.8948398576512456,0.8948830514766809,0.8949617214982807,0.8962088540242974,0.8948830514766809,optdigits,1,DT,hyperparameter
1826,0.892526690391459,0.8926504383812304,0.8928256523255462,0.893918118881383,0.8926504383812304,optdigits,2,DT,hyperparameter
1827,0.8939501779359431,0.8939577925548188,0.8940101211018919,0.894702998819656,0.8939577925548188,optdigits,3,DT,hyperparameter
1828,0.8980427046263346,0.8980836495908184,0.8982687155071034,0.8990835590453211,0.8980836495908184,optdigits,4,DT,hyperparameter
1829,0.9017793594306048,0.9018442145435626,0.9021219326113694,0.9034002623389172,0.9018442145435626,optdigits,5,DT,hyperparameter
1830,0.9830960854092526,0.9831010762543936,0.9831082807287096,0.9833481298743012,0.9831010762543936,optdigits,0,RF,hyperparameter
1831,0.9836298932384342,0.983622765990628,0.9836666626780124,0.9838280452212438,0.983622765990628,optdigits,1,RF,hyperparameter
1832,0.9816725978647688,0.9816749493147066,0.9816801601291733,0.9818296331193558,0.9816749493147066,optdigits,2,RF,hyperparameter
1833,0.9823843416370108,0.9823929080073496,0.9824174839196173,0.982613545211964,0.9823929080073496,optdigits,3,RF,hyperparameter
1834,0.9838078291814948,0.9838062392393158,0.9838135642546032,0.9839967161019346,0.9838062392393158,optdigits,4,RF,hyperparameter
1835,0.9845195729537368,0.9845093966938836,0.98453587327611,0.9846878561301672,0.9845093966938836,optdigits,5,RF,hyperparameter
1836,0.7562735257214555,0.7951782135888191,0.7530851554862767,0.7610560833830587,0.7951782135888191,splice,0,KNN,hyperparameter
1837,0.7556461731493098,0.7978024780192408,0.7533768403679164,0.759330099171743,0.7978024780192408,splice,1,KNN,hyperparameter
1838,0.7534504391468005,0.7945430640622176,0.750321201290232,0.7566068395031317,0.7945430640622176,splice,2,KNN,hyperparameter
1839,0.7575282308657465,0.7985497370478869,0.754807310729518,0.7606959002831178,0.7985497370478869,splice,3,KNN,hyperparameter
1840,0.7405897114178168,0.7841971104060312,0.7375207184134416,0.7466324872337615,0.7841971104060312,splice,4,KNN,hyperparameter
1841,0.7553324968632371,0.7948169472728271,0.75197805769083,0.7566483870186878,0.7948169472728271,splice,5,KNN,hyperparameter
1842,0.8685696361355082,0.8617601365926969,0.8600717162501424,0.8597489279030394,0.8617601365926969,splice,0,SVC,hyperparameter
1843,0.8601003764115432,0.8542388533083505,0.8512319371674534,0.8492202459071745,0.8542388533083505,splice,1,SVC,hyperparameter
1844,0.8648055207026348,0.8581763410043468,0.8556444440805436,0.8539316493404556,0.8581763410043468,splice,2,SVC,hyperparameter
1845,0.8657465495608532,0.8599921575520904,0.8569654993499675,0.8558913507083321,0.8599921575520904,splice,3,SVC,hyperparameter
1846,0.8651191969887075,0.8583795961801137,0.856590662376338,0.8564237191994157,0.8583795961801137,splice,4,SVC,hyperparameter
1847,0.8676286072772897,0.859558185489323,0.858866113401711,0.8590452169279831,0.859558185489323,splice,5,SVC,hyperparameter
1848,0.8281053952321205,0.8261681930923678,0.8177048990267749,0.8116733427765402,0.8261681930923678,splice,0,LR,hyperparameter
1849,0.8262233375156838,0.8231165381483946,0.8155301466701464,0.8098239710576045,0.8231165381483946,splice,1,LR,hyperparameter
1850,0.8259096612296111,0.824292116430002,0.8153109611116114,0.8086655161899958,0.824292116430002,splice,2,LR,hyperparameter
1851,0.8290464240903388,0.8284666160039117,0.8186524885010514,0.8117253643491633,0.8284666160039117,splice,3,LR,hyperparameter
1852,0.8290464240903388,0.827455596969435,0.8186782034425543,0.812516891283806,0.827455596969435,splice,4,LR,hyperparameter
1853,0.8262233375156839,0.824292108395931,0.815045582409677,0.8086062203763419,0.824292108395931,splice,5,LR,hyperparameter
1854,0.9134253450439148,0.9226494828838702,0.9060715638409788,0.8961851777237226,0.9226494828838702,splice,0,NB,hyperparameter
1855,0.9146800501882058,0.9241778914522144,0.907477014085192,0.8973091885867956,0.9241778914522144,splice,1,NB,hyperparameter
1856,0.913111668757842,0.9224435795312828,0.9059346701195076,0.897264606263966,0.9224435795312828,splice,2,NB,hyperparameter
1857,0.9159347553324968,0.9256567308288562,0.9090557843117912,0.8992579473004554,0.9256567308288562,splice,3,NB,hyperparameter
1858,0.9149937264742786,0.9245897126616864,0.9079247510066634,0.8980886509425311,0.9245897126616864,splice,4,NB,hyperparameter
1859,0.907465495608532,0.9138804845366384,0.8977417081223887,0.8927840510820679,0.9138804845366384,splice,5,NB,hyperparameter
1860,0.922835633626098,0.9231672416742912,0.9162963551559412,0.9112956430490308,0.9231672416742912,splice,0,DT,hyperparameter
1861,0.9162484316185696,0.9154933028823669,0.907756064538513,0.9014987060909628,0.9154933028823669,splice,1,DT,hyperparameter
1862,0.9247176913425346,0.9257602047240896,0.9179501647191728,0.9117408066006232,0.9257602047240896,splice,2,DT,hyperparameter
1863,0.9225219573400252,0.9225189696108828,0.9152725222707876,0.9094352539818928,0.9225189696108828,splice,3,DT,hyperparameter
1864,0.9234629861982434,0.9230912153161168,0.9158383238935472,0.91023211887293,0.9230912153161168,splice,4,DT,hyperparameter
1865,0.9153074027603514,0.9157746793681296,0.9080969402248732,0.9016889216857362,0.9157746793681296,splice,5,DT,hyperparameter
1866,0.9576537013801756,0.953690353548801,0.952754108824304,0.9522204288691476,0.953690353548801,splice,0,RF,hyperparameter
1867,0.955771643663739,0.9522643759483566,0.9507833996985544,0.9495769160891788,0.9522643759483566,splice,1,RF,hyperparameter
1868,0.9554579673776664,0.9520484082473242,0.9498062192503616,0.9477713608961948,0.9520484082473242,splice,2,RF,hyperparameter
1869,0.9579673776662484,0.955300039626622,0.952992110506934,0.9509879836659452,0.955300039626622,splice,3,RF,hyperparameter
1870,0.9560853199498118,0.9519848363751006,0.950821625948347,0.9501113167010382,0.9519848363751006,splice,4,RF,hyperparameter
1871,0.9567126725219574,0.9533249765836528,0.9518891747646556,0.9507066494879732,0.9533249765836528,splice,5,RF,hyperparameter
1872,0.9872727272727272,0.9872727272727274,0.9872761984544032,0.9874250077050756,0.9872727272727274,texture,0,KNN,hyperparameter
1873,0.9867272727272728,0.9867272727272728,0.9867385019496502,0.9869508580292128,0.9867272727272728,texture,1,KNN,hyperparameter
1874,0.9867272727272728,0.9867272727272728,0.9867227709438876,0.9869260420113696,0.9867272727272728,texture,2,KNN,hyperparameter
1875,0.986,0.986,0.9860004418514724,0.9861349025806824,0.986,texture,3,KNN,hyperparameter
1876,0.9876363636363638,0.9876363636363636,0.9876210113001332,0.987789790272223,0.9876363636363636,texture,4,KNN,hyperparameter
1877,0.9867272727272728,0.9867272727272728,0.98673342035101,0.9868290761054652,0.9867272727272728,texture,5,KNN,hyperparameter
1878,0.998,0.998,0.9979999505435462,0.998012895015689,0.998,texture,0,SVC,hyperparameter
1879,0.9981818181818184,0.9981818181818182,0.998181780361914,0.9981947597459409,0.9981818181818182,texture,1,SVC,hyperparameter
1880,0.997818181818182,0.997818181818182,0.9978181235639332,0.9978368953880764,0.997818181818182,texture,2,SVC,hyperparameter
1881,0.998,0.998,0.997999973817763,0.9980071684587812,0.998,texture,3,SVC,hyperparameter
1882,0.9974545454545456,0.9974545454545454,0.9974565740737436,0.997484288279862,0.9974545454545454,texture,4,SVC,hyperparameter
1883,0.998909090909091,0.998909090909091,0.998909073454266,0.998917748917749,0.998909090909091,texture,5,SVC,hyperparameter
1884,0.996909090909091,0.996909090909091,0.9969097397841564,0.9969291094844815,0.996909090909091,texture,0,LR,hyperparameter
1885,0.996,0.996,0.9960032598815172,0.9960608481632104,0.996,texture,1,LR,hyperparameter
1886,0.9970909090909092,0.9970909090909092,0.9970915262397636,0.9971194287515288,0.9970909090909092,texture,2,LR,hyperparameter
1887,0.9974545454545456,0.9974545454545456,0.9974559477269468,0.997473213575576,0.9974545454545456,texture,3,LR,hyperparameter
1888,0.9965454545454546,0.9965454545454546,0.9965437500335071,0.9965822249945538,0.9965454545454546,texture,4,LR,hyperparameter
1889,0.9978181818181818,0.9978181818181816,0.9978196073648,0.9978311233823044,0.9978181818181816,texture,5,LR,hyperparameter
1890,0.7729090909090909,0.7729090909090909,0.7690234076105816,0.7756020879543107,0.7729090909090909,texture,0,NB,hyperparameter
1891,0.776,0.776,0.7728667980718047,0.7798842211497967,0.776,texture,1,NB,hyperparameter
1892,0.7763636363636364,0.7763636363636364,0.7728520376387484,0.7791483634114973,0.7763636363636364,texture,2,NB,hyperparameter
1893,0.776,0.776,0.7726482780547281,0.7791706301561759,0.776,texture,3,NB,hyperparameter
1894,0.7756363636363636,0.7756363636363636,0.7718508909206828,0.7778517620386091,0.7756363636363636,texture,4,NB,hyperparameter
1895,0.7759999999999999,0.776,0.7725810288339546,0.7797937602153814,0.776,texture,5,NB,hyperparameter
1896,0.92,0.92,0.9201612276068174,0.9209652814386432,0.92,texture,0,DT,hyperparameter
1897,0.9261818181818182,0.926181818181818,0.9262277057910774,0.9273559593211308,0.926181818181818,texture,1,DT,hyperparameter
1898,0.9236363636363636,0.9236363636363636,0.9237790586528978,0.9243980512180224,0.9236363636363636,texture,2,DT,hyperparameter
1899,0.922181818181818,0.922181818181818,0.9222052829070242,0.9227952794048596,0.922181818181818,texture,3,DT,hyperparameter
1900,0.919818181818182,0.9198181818181816,0.9198412144541812,0.9205345550488608,0.9198181818181816,texture,4,DT,hyperparameter
1901,0.924,0.924,0.9241023833743268,0.9251185793938828,0.924,texture,5,DT,hyperparameter
1902,0.9772727272727272,0.9772727272727272,0.9773087865684028,0.9776109943117344,0.9772727272727272,texture,0,RF,hyperparameter
1903,0.9776363636363636,0.9776363636363636,0.9776825145971492,0.9779283119501312,0.9776363636363636,texture,1,RF,hyperparameter
1904,0.9763636363636364,0.9763636363636362,0.9763815499342144,0.9767420499971836,0.9763636363636362,texture,2,RF,hyperparameter
1905,0.9761818181818184,0.976181818181818,0.9762107369819232,0.9764465012588444,0.976181818181818,texture,3,RF,hyperparameter
1906,0.9763636363636364,0.9763636363636364,0.976391493530416,0.9766993372281538,0.9763636363636364,texture,4,RF,hyperparameter
1907,0.977090909090909,0.977090909090909,0.9771163005896164,0.9773509147086196,0.977090909090909,texture,5,RF,hyperparameter
1908,0.7932692307692307,0.7883730158730159,0.7617236191704277,0.8214026915113872,0.7116666666666667,sonar,0,KNN,hyperparameter
1909,0.7884615384615384,0.7793551587301588,0.7382173382173384,0.8592261904761904,0.6579166666666666,sonar,1,KNN,hyperparameter
1910,0.7788461538461539,0.7730324074074075,0.7421845620979712,0.816468071402282,0.6895833333333334,sonar,2,KNN,hyperparameter
1911,0.8125,0.8098280423280423,0.7882921284455812,0.8201058201058201,0.7641666666666668,sonar,3,KNN,hyperparameter
1912,0.8076923076923077,0.805651455026455,0.7861523397237684,0.8183728552149605,0.76375,sonar,4,KNN,hyperparameter
1913,0.8125,0.8074669312169311,0.7826417338443241,0.8450969320534537,0.7316666666666667,sonar,5,KNN,hyperparameter
1914,0.8413461538461539,0.839209656084656,0.8255762411347518,0.8495965085638999,0.80375,sonar,0,SVC,hyperparameter
1915,0.8749999999999999,0.8702943121693121,0.8565919452887538,0.9208937198067632,0.80375,sonar,1,SVC,hyperparameter
1916,0.8509615384615384,0.8488822751322751,0.8355319148936171,0.8613668939755896,0.8141666666666666,sonar,2,SVC,hyperparameter
1917,0.8701923076923076,0.8673214285714286,0.853382840617421,0.9087491455912508,0.815,sonar,3,SVC,hyperparameter
1918,0.875,0.8723644179894179,0.8583688630490957,0.902690620782726,0.8254166666666667,sonar,4,SVC,hyperparameter
1919,0.8653846153846154,0.8643419312169311,0.8536050724637682,0.8640417553461032,0.8454166666666666,sonar,5,SVC,hyperparameter
1920,0.7451923076923077,0.7433564814814815,0.7207725784853445,0.7366883116883117,0.7112499999999999,sonar,0,LR,hyperparameter
1921,0.7692307692307692,0.7651388888888888,0.7413242894056848,0.7785025062656641,0.7108333333333332,sonar,1,LR,hyperparameter
1922,0.7740384615384616,0.771626984126984,0.7536640002902179,0.7669124353906962,0.7416666666666667,sonar,2,LR,hyperparameter
1923,0.7596153846153846,0.7574933862433862,0.7365758745681437,0.7538636363636364,0.7216666666666667,sonar,3,LR,hyperparameter
1924,0.7740384615384615,0.7703538359788361,0.7373949579831933,0.8076252723311547,0.7020833333333334,sonar,4,LR,hyperparameter
1925,0.7932692307692307,0.7911838624338624,0.7718429647529689,0.7936853002070394,0.7533333333333334,sonar,5,LR,hyperparameter
1926,0.6682692307692307,0.6767228835978836,0.6932048681541582,0.6189523702201187,0.7945833333333334,sonar,0,NB,hyperparameter
1927,0.6538461538461539,0.6609292328042328,0.6755521314843348,0.6002846299810247,0.7729166666666667,sonar,1,NB,hyperparameter
1928,0.6923076923076923,0.6994146825396825,0.7071446999852572,0.6323398636906701,0.8045833333333332,sonar,2,NB,hyperparameter
1929,0.7163461538461539,0.7236342592592593,0.7381807496408515,0.6581256581256582,0.8454166666666666,sonar,3,NB,hyperparameter
1930,0.6971153846153846,0.7050033068783068,0.7074222322800865,0.649622492675231,0.79625,sonar,4,NB,hyperparameter
1931,0.6826923076923077,0.6908961640211639,0.704173813607776,0.6296146953405017,0.80375,sonar,5,NB,hyperparameter
1932,0.7115384615384616,0.7112400793650793,0.6961194211818519,0.6986395691043368,0.70125,sonar,0,DT,hyperparameter
1933,0.7596153846153846,0.7571990740740742,0.7358002983802217,0.7553171466214944,0.7204166666666666,sonar,1,DT,hyperparameter
1934,0.7211538461538461,0.7202050264550264,0.7029620358781812,0.7087542087542088,0.7,sonar,2,DT,hyperparameter
1935,0.6778846153846154,0.6736673280423281,0.6365036231884058,0.6695075757575758,0.6079166666666668,sonar,3,DT,hyperparameter
1936,0.6971153846153847,0.6959126984126984,0.668167362353409,0.6871693121693122,0.6616666666666667,sonar,4,DT,hyperparameter
1937,0.7355769230769231,0.7349636243386243,0.7183248299319729,0.7165217391304348,0.72125,sonar,5,DT,hyperparameter
1938,0.8317307692307693,0.8273478835978836,0.8076217152324254,0.8671122994652407,0.7625,sonar,0,RF,hyperparameter
1939,0.8269230769230769,0.8203207671957673,0.7961451247165533,0.878968253968254,0.73125,sonar,1,RF,hyperparameter
1940,0.8076923076923077,0.8039120370370372,0.7821895424836601,0.8445601851851852,0.7420833333333334,sonar,2,RF,hyperparameter
1941,0.8028846153846154,0.797255291005291,0.7733601604917079,0.8397533689295703,0.7208333333333334,sonar,3,RF,hyperparameter
1942,0.8173076923076923,0.812853835978836,0.7774935231142238,0.8664297658862877,0.7245833333333334,sonar,4,RF,hyperparameter
1943,0.8365384615384616,0.8318121693121694,0.8126120182527903,0.8719823273599017,0.7625,sonar,5,RF,hyperparameter
1944,0.8596866096866097,0.8605769230769231,0.8633251231527094,0.863095238095238,0.8695054945054946,molecular_biology_promoters,0,KNN,hyperparameter
1945,0.782051282051282,0.7815934065934066,0.790859685364691,0.7453431372549019,0.8475274725274725,molecular_biology_promoters,1,KNN,hyperparameter
1946,0.801994301994302,0.8021978021978022,0.8103184449958644,0.787227478403949,0.8475274725274725,molecular_biology_promoters,2,KNN,hyperparameter
1947,0.8116096866096866,0.8131868131868132,0.8117702061667579,0.8078869047619048,0.8337912087912088,molecular_biology_promoters,3,KNN,hyperparameter
1948,0.8490028490028491,0.8495879120879121,0.8481481481481482,0.8484432234432234,0.8502747252747254,molecular_biology_promoters,4,KNN,hyperparameter
1949,0.8002136752136751,0.8001373626373626,0.8070744389709906,0.7892857142857144,0.8282967032967032,molecular_biology_promoters,5,KNN,hyperparameter
1950,0.7841880341880342,0.7857142857142858,0.7793987621573828,0.8139204545454546,0.7568681318681318,molecular_biology_promoters,0,SVC,hyperparameter
1951,0.8012820512820512,0.8021978021978021,0.8009899583175445,0.7986388611388612,0.8104395604395604,molecular_biology_promoters,1,SVC,hyperparameter
1952,0.7838319088319088,0.7815934065934067,0.7815151515151515,0.8168859649122807,0.7706043956043955,molecular_biology_promoters,2,SVC,hyperparameter
1953,0.8390313390313391,0.8385989010989012,0.8344859163824683,0.8266899766899767,0.8475274725274725,molecular_biology_promoters,3,SVC,hyperparameter
1954,0.8497150997150997,0.8502747252747254,0.8491077887629612,0.8672275641025642,0.8502747252747254,molecular_biology_promoters,4,SVC,hyperparameter
1955,0.8294159544159545,0.8296703296703296,0.825968535645955,0.8450854700854701,0.8310439560439561,molecular_biology_promoters,5,SVC,hyperparameter
1956,0.7838319088319088,0.7843406593406594,0.7916666666666667,0.7839516488413548,0.8118131868131868,molecular_biology_promoters,0,LR,hyperparameter
1957,0.7827635327635327,0.782967032967033,0.7831328154604017,0.7801864801864802,0.7912087912087913,molecular_biology_promoters,1,LR,hyperparameter
1958,0.7646011396011396,0.7630494505494506,0.7697204415954416,0.7594766344766345,0.7898351648351648,molecular_biology_promoters,2,LR,hyperparameter
1959,0.8205128205128205,0.8214285714285714,0.819991789819376,0.8002705627705629,0.8489010989010989,molecular_biology_promoters,3,LR,hyperparameter
1960,0.840099715099715,0.8406593406593407,0.8405607802159526,0.8517857142857143,0.848901098901099,molecular_biology_promoters,4,LR,hyperparameter
1961,0.8297720797720798,0.8303571428571428,0.831255519193808,0.8313797313797314,0.8502747252747254,molecular_biology_promoters,5,LR,hyperparameter
1962,0.8782051282051282,0.8777472527472527,0.8738198757763975,0.925595238095238,0.831043956043956,molecular_biology_promoters,0,NB,hyperparameter
1963,0.8582621082621082,0.8571428571428572,0.8473291925465838,0.9184523809523808,0.7912087912087913,molecular_biology_promoters,1,NB,hyperparameter
1964,0.8490028490028491,0.8468406593406594,0.8278787878787879,0.921875,0.7706043956043955,molecular_biology_promoters,2,NB,hyperparameter
1965,0.8960113960113961,0.8956043956043956,0.8858549783549783,0.9613095238095238,0.8282967032967032,molecular_biology_promoters,3,NB,hyperparameter
1966,0.8863960113960114,0.8880494505494505,0.8740796160361379,0.9666666666666668,0.8118131868131868,molecular_biology_promoters,4,NB,hyperparameter
1967,0.8671652421652422,0.8674450549450549,0.847991452991453,0.9434523809523808,0.7912087912087913,molecular_biology_promoters,5,NB,hyperparameter
1968,0.6891025641025641,0.6881868131868132,0.6910261387163561,0.7012626262626263,0.6964285714285715,molecular_biology_promoters,0,DT,hyperparameter
1969,0.6983618233618233,0.6978021978021978,0.6894275079758951,0.7062782805429864,0.695054945054945,molecular_biology_promoters,1,DT,hyperparameter
1970,0.7738603988603989,0.7733516483516484,0.7967919177596597,0.7399698340874812,0.8695054945054946,molecular_biology_promoters,2,DT,hyperparameter
1971,0.7264957264957265,0.7287087912087913,0.7189728548424201,0.734920634920635,0.7211538461538461,molecular_biology_promoters,3,DT,hyperparameter
1972,0.790954415954416,0.7905219780219781,0.7939385008350527,0.77985347985348,0.8090659340659341,molecular_biology_promoters,4,DT,hyperparameter
1973,0.7165242165242165,0.7177197802197802,0.7250326449678386,0.6968749999999999,0.7733516483516484,molecular_biology_promoters,5,DT,hyperparameter
1974,0.8678774928774929,0.867445054945055,0.8637570353909765,0.907843137254902,0.8475274725274726,molecular_biology_promoters,0,RF,hyperparameter
1975,0.9056267806267806,0.9052197802197804,0.90407382847038,0.926602564102564,0.8859890109890111,molecular_biology_promoters,1,RF,hyperparameter
1976,0.8678774928774928,0.8667582417582418,0.8614855072463767,0.9072916666666666,0.8282967032967032,molecular_biology_promoters,2,RF,hyperparameter
1977,0.8867521367521367,0.8866758241758241,0.8904980842911877,0.8632440476190476,0.9244505494505496,molecular_biology_promoters,3,RF,hyperparameter
1978,0.9245014245014244,0.9244505494505496,0.920303392259914,0.962912087912088,0.885989010989011,molecular_biology_promoters,4,RF,hyperparameter
1979,0.8760683760683761,0.8756868131868132,0.8588888888888889,0.9122023809523808,0.8269230769230769,molecular_biology_promoters,5,RF,hyperparameter
1980,0.8375,0.8374999999999999,0.8370199797431814,0.8396873223985919,0.8374999999999999,mfeat_fourier,0,KNN,hyperparameter
1981,0.842,0.842,0.8419335914852878,0.8450172273625796,0.842,mfeat_fourier,1,KNN,hyperparameter
1982,0.8365,0.8365,0.8361357451249896,0.8388178487484332,0.8365,mfeat_fourier,2,KNN,hyperparameter
1983,0.8335,0.8334999999999999,0.8328126672534251,0.8342955553972589,0.8334999999999999,mfeat_fourier,3,KNN,hyperparameter
1984,0.84,0.84,0.8393619653591748,0.8414962870947236,0.84,mfeat_fourier,4,KNN,hyperparameter
1985,0.831,0.8309999999999998,0.8295702099759287,0.8329586953380086,0.8309999999999998,mfeat_fourier,5,KNN,hyperparameter
1986,0.8615,0.8615,0.8610300108955177,0.8638867193323538,0.8615,mfeat_fourier,0,SVC,hyperparameter
1987,0.858,0.8580000000000001,0.8574052353457217,0.8587721353259052,0.8580000000000001,mfeat_fourier,1,SVC,hyperparameter
1988,0.8564999999999999,0.8565,0.8565203528556088,0.859382544004508,0.8565,mfeat_fourier,2,SVC,hyperparameter
1989,0.868,0.8679999999999999,0.8677792408648631,0.870368152625066,0.8679999999999999,mfeat_fourier,3,SVC,hyperparameter
1990,0.862,0.8619999999999999,0.8620830423583474,0.8642873303733081,0.8619999999999999,mfeat_fourier,4,SVC,hyperparameter
1991,0.8635,0.8635,0.8631824134515309,0.8656712132046321,0.8635,mfeat_fourier,5,SVC,hyperparameter
1992,0.8324999999999999,0.8324999999999999,0.8319772623637575,0.8343973428312319,0.8324999999999999,mfeat_fourier,0,LR,hyperparameter
1993,0.8265,0.8265000000000001,0.826150570259687,0.8285589982378672,0.8265000000000001,mfeat_fourier,1,LR,hyperparameter
1994,0.8224999999999999,0.8225,0.8221638273250165,0.8242390292145392,0.8225,mfeat_fourier,2,LR,hyperparameter
1995,0.8245,0.8245,0.8235343266343912,0.8261056357341316,0.8245,mfeat_fourier,3,LR,hyperparameter
1996,0.8304999999999999,0.8305,0.830465801950313,0.8326991143377024,0.8305,mfeat_fourier,4,LR,hyperparameter
1997,0.8305,0.8305,0.8304845299999928,0.8339092025239077,0.8305,mfeat_fourier,5,LR,hyperparameter
1998,0.761,0.7610000000000001,0.7603398088875593,0.7698141871396381,0.7610000000000001,mfeat_fourier,0,NB,hyperparameter
1999,0.757,0.757,0.7571823176181972,0.7652155594595218,0.757,mfeat_fourier,1,NB,hyperparameter
2000,0.7635,0.7635,0.7641971012928443,0.7723629809785729,0.7635,mfeat_fourier,2,NB,hyperparameter
2001,0.7615000000000001,0.7615,0.7618552267697165,0.7689015009097229,0.7615,mfeat_fourier,3,NB,hyperparameter
2002,0.7605000000000001,0.7605000000000001,0.760772549917601,0.768686852457423,0.7605000000000001,mfeat_fourier,4,NB,hyperparameter
2003,0.7645,0.7645,0.7649347086220784,0.771854141425652,0.7645,mfeat_fourier,5,NB,hyperparameter
2004,0.73,0.73,0.7307695577894976,0.735975039759827,0.73,mfeat_fourier,0,DT,hyperparameter
2005,0.7495,0.7495,0.7503253763496032,0.7583156251855993,0.7495,mfeat_fourier,1,DT,hyperparameter
2006,0.726,0.726,0.7269661687757625,0.7322015137962525,0.726,mfeat_fourier,2,DT,hyperparameter
2007,0.7395,0.7395,0.7387606416643059,0.7449888796745906,0.7395,mfeat_fourier,3,DT,hyperparameter
2008,0.7295,0.7295,0.7301685228840578,0.7361506333807452,0.7295,mfeat_fourier,4,DT,hyperparameter
2009,0.7234999999999999,0.7234999999999999,0.7191946547604521,0.7286150001117737,0.7234999999999999,mfeat_fourier,5,DT,hyperparameter
2010,0.8205,0.8204999999999999,0.8188067873880277,0.8216243999097763,0.8204999999999999,mfeat_fourier,0,RF,hyperparameter
2011,0.8280000000000001,0.828,0.8265622823602342,0.8278347030118823,0.828,mfeat_fourier,1,RF,hyperparameter
2012,0.8255,0.8255,0.8245412050646526,0.8258729294272383,0.8255,mfeat_fourier,2,RF,hyperparameter
2013,0.8294999999999999,0.8295,0.8277995994790244,0.8294144105337732,0.8295,mfeat_fourier,3,RF,hyperparameter
2014,0.8294999999999999,0.8294999999999999,0.8285626616639632,0.8301183441607762,0.8294999999999999,mfeat_fourier,4,RF,hyperparameter
2015,0.8274999999999999,0.8275000000000001,0.8257567578897491,0.8277135864131375,0.8275000000000001,mfeat_fourier,5,RF,hyperparameter
2016,0.994058903182126,0.9915484421298376,0.9936649823028556,0.9960164318281696,0.9915484421298376,analcatdata_authorship,0,KNN,hyperparameter
2017,0.9940476190476192,0.9952215886036168,0.9952467538403762,0.9953584076500744,0.9952215886036168,analcatdata_authorship,1,KNN,hyperparameter
2018,0.9964285714285714,0.9975196715703044,0.9975450333572156,0.9976234567901234,0.9975196715703044,analcatdata_authorship,2,KNN,hyperparameter
2019,0.9928571428571428,0.9913661966668296,0.9931724560565136,0.9952307757452574,0.9913661966668296,analcatdata_authorship,3,KNN,hyperparameter
2020,0.9952493793726022,0.9954368678932632,0.9961021881353568,0.9968213004671338,0.9954368678932632,analcatdata_authorship,4,KNN,hyperparameter
2021,0.994058903182126,0.9918673846680176,0.9935133122875076,0.995420136045136,0.9918673846680176,analcatdata_authorship,5,KNN,hyperparameter
2022,0.9928627849243964,0.9907573028893312,0.9928493173838948,0.9951447445599608,0.9907573028893312,analcatdata_authorship,0,SVC,hyperparameter
2023,0.9940532611148724,0.9919208400221058,0.9938085071445746,0.9959787199480182,0.9919208400221058,analcatdata_authorship,1,SVC,hyperparameter
2024,0.994058903182126,0.9918673846680176,0.993812240004857,0.9960072572572573,0.9918673846680176,analcatdata_authorship,2,SVC,hyperparameter
2025,0.9940476190476192,0.9922107912614242,0.9939926208928472,0.995986042406562,0.9922107912614242,analcatdata_authorship,3,SVC,hyperparameter
2026,0.9928797111261568,0.9944199170761672,0.9947913200748542,0.9952051009342676,0.9944199170761672,analcatdata_authorship,4,SVC,hyperparameter
2027,0.9964342134958248,0.9975196715703044,0.9975508270859524,0.997613811728395,0.9975196715703044,analcatdata_authorship,5,SVC,hyperparameter
2028,0.9904987587452044,0.9885252875759204,0.9906557613080794,0.9930484195761556,0.9885252875759204,analcatdata_authorship,0,LR,hyperparameter
2029,0.9952437373053488,0.9927119792626122,0.9946255702699672,0.99679012345679,0.9927119792626122,analcatdata_authorship,1,LR,hyperparameter
2030,0.989308282554728,0.9873042525612808,0.9896291556520987,0.9922523673881228,0.9873042525612808,analcatdata_authorship,2,LR,hyperparameter
2031,0.9928627849243964,0.9914295412614242,0.993185954035689,0.9951337274774776,0.9914295412614242,analcatdata_authorship,3,LR,hyperparameter
2032,0.9916892349356804,0.9906482912614242,0.9920648291876244,0.9937047958393104,0.9906482912614242,analcatdata_authorship,4,LR,hyperparameter
2033,0.991683592868427,0.9896557908820568,0.9915689815762624,0.9937845737739432,0.9896557908820568,analcatdata_authorship,5,LR,hyperparameter
2034,0.9845463777928234,0.98733353347259,0.9884360634366938,0.989902784962786,0.98733353347259,analcatdata_authorship,0,NB,hyperparameter
2035,0.988106522229745,0.9898441726702416,0.9908593296862211,0.9920434589373416,0.9898441726702416,analcatdata_authorship,1,NB,hyperparameter
2036,0.989308282554728,0.9906914903235184,0.9916939288908446,0.9928641013659538,0.9906914903235184,analcatdata_authorship,2,NB,hyperparameter
2037,0.9869104039720152,0.9889896888351406,0.9900140899978352,0.991193068068068,0.9889896888351406,analcatdata_authorship,3,NB,hyperparameter
2038,0.988117806364252,0.985904219543276,0.9884770211747946,0.9913225205363468,0.985904219543276,analcatdata_authorship,4,NB,hyperparameter
2039,0.985731211916046,0.988211161893823,0.989216398352651,0.990592291581875,0.988211161893823,analcatdata_authorship,5,NB,hyperparameter
2040,0.9334066802076282,0.90929012273857,0.9140987700653044,0.9209687898859448,0.90929012273857,analcatdata_authorship,0,DT,hyperparameter
2041,0.9203283683141504,0.9046441698050652,0.9009599637052342,0.8987813415431868,0.9046441698050652,analcatdata_authorship,1,DT,hyperparameter
2042,0.929840893703453,0.918201166833002,0.9140949863757908,0.9124880194363032,0.918201166833002,analcatdata_authorship,2,DT,hyperparameter
2043,0.9334292484766418,0.9094767904172342,0.9127851455347612,0.9207406069148784,0.9094767904172342,analcatdata_authorship,3,DT,hyperparameter
2044,0.9382024373730536,0.9176883772763408,0.9247951987379616,0.9352684774511716,0.9176883772763408,analcatdata_authorship,4,DT,hyperparameter
2045,0.9381629429022796,0.8975058194392349,0.9062664739738724,0.9213643520970606,0.8975058194392349,analcatdata_authorship,5,DT,hyperparameter
2046,0.9869273301737757,0.9831179279260768,0.9858164575991613,0.9893609872919232,0.9831179279260768,analcatdata_authorship,0,RF,hyperparameter
2047,0.9904874746106974,0.9858307097132256,0.9888253190509466,0.99225277563729,0.9858307097132256,analcatdata_authorship,1,RF,hyperparameter
2048,0.9881234484315052,0.9791726670859454,0.9836935720710616,0.9901829698217915,0.9791726670859454,analcatdata_authorship,2,RF,hyperparameter
2049,0.9904761904761904,0.9891750244083184,0.9909047199883464,0.9928499633494648,0.9891750244083184,analcatdata_authorship,3,RF,hyperparameter
2050,0.9892969984202212,0.9841117341570408,0.9872629968673244,0.990842114183024,0.9841117341570408,analcatdata_authorship,4,RF,hyperparameter
2051,0.9881008801624916,0.9829138437285332,0.9868939214121594,0.9913183232618888,0.9829138437285332,analcatdata_authorship,5,RF,hyperparameter
2052,0.915516039051604,0.9099700668583636,0.9333552635382734,0.9374937618670092,0.9297703930056872,tokyo1,0,KNN,hyperparameter
2053,0.9176298814504882,0.91171941851514,0.9355086276779084,0.9380603774219884,0.933102028690264,tokyo1,1,KNN,hyperparameter
2054,0.9165969316596932,0.9082569961473448,0.9349297913351292,0.9324482154393996,0.937972158560394,tokyo1,2,KNN,hyperparameter
2055,0.9113755230125522,0.90422745426814,0.9303948509189404,0.9315976848767488,0.929812834224599,tokyo1,3,KNN,hyperparameter
2056,0.9113668061366806,0.9043648309120738,0.9305649859148368,0.93231981981982,0.9298871063576946,tokyo1,4,KNN,hyperparameter
2057,0.9144830892608088,0.9085263974851928,0.932848526846327,0.936255855132792,0.9298234445293267,tokyo1,5,KNN,hyperparameter
2058,0.9082548814504882,0.8917163904515901,0.929674613034789,0.9095115284670138,0.9510016127663188,tokyo1,0,SVC,hyperparameter
2059,0.9155552649930264,0.897506685598105,0.9357888138472116,0.9106185129451712,0.9624819624819624,tokyo1,1,SVC,hyperparameter
2060,0.9092834728033472,0.8924604604058823,0.930729132341532,0.9102182255570191,0.9526568203038792,tokyo1,2,SVC,hyperparameter
2061,0.9134675732217572,0.8933328154960072,0.9344604045612358,0.9052139370157272,0.9657287157287158,tokyo1,3,SVC,hyperparameter
2062,0.909292189679219,0.8908106048183411,0.9310382017229344,0.9068797155771036,0.9576436635260164,tokyo1,4,SVC,hyperparameter
2063,0.9134675732217572,0.8970886804334136,0.9339170060508164,0.9130594493358049,0.955999066293184,tokyo1,5,SVC,hyperparameter
2064,0.9082374476987448,0.8979970144117038,0.9284832602087816,0.922622796159728,0.9346935743994568,tokyo1,0,LR,hyperparameter
2065,0.9082635983263598,0.896170272196264,0.9291003853365312,0.9188845897458192,0.9396273660979544,tokyo1,1,LR,hyperparameter
2066,0.9061584728033472,0.8945415904205234,0.9272971252208584,0.9184636118598384,0.9363700025464732,tokyo1,2,LR,hyperparameter
2067,0.9041056485355649,0.8903775393173478,0.9259192166729068,0.9140799266936284,0.939669807316866,tokyo1,3,LR,hyperparameter
2068,0.907200139470014,0.8966535856159188,0.927922619444372,0.9219209579260308,0.9347466259230964,tokyo1,4,LR,hyperparameter
2069,0.9040577057182706,0.8909092798014445,0.9259782510903024,0.9147295764597072,0.9379933791698496,tokyo1,5,LR,hyperparameter
2070,0.8738406555090655,0.8504243900665902,0.9045115923889052,0.8770456994729136,0.9348102877514642,tokyo1,0,NB,hyperparameter
2071,0.8853120641562064,0.857470793838665,0.914462213508508,0.8752072733778276,0.9575906120023768,tokyo1,1,NB,hyperparameter
2072,0.8780203974895398,0.8548120616378553,0.9075611750704826,0.879725720799722,0.937972158560394,tokyo1,2,NB,hyperparameter
2073,0.8811410390516039,0.861125244002974,0.9090988538947132,0.8879397564368663,0.93312324929972,tokyo1,3,NB,hyperparameter
2074,0.8759239888423989,0.8527123699714388,0.906042242007511,0.878715704596746,0.9364124437653848,tokyo1,4,NB,hyperparameter
2075,0.8821696304044631,0.8579851000690428,0.9111956660463052,0.8805411771749753,0.9445187165775402,tokyo1,5,NB,hyperparameter
2076,0.9269700139470014,0.9114139914914716,0.9440858601519996,0.922270314564052,0.9673414820473644,tokyo1,0,DT,hyperparameter
2077,0.920759239888424,0.9116313070391092,0.9381970234866318,0.9330161474081344,0.9444868856633564,tokyo1,1,DT,hyperparameter
2078,0.9155247559274756,0.901773861715958,0.9347101791044694,0.9196873031715944,0.9510016127663186,tokyo1,2,DT,hyperparameter
2079,0.9218357740585774,0.905623743142612,0.940435365058686,0.9182364959447892,0.964147780324251,tokyo1,3,DT,hyperparameter
2080,0.9207418061366808,0.9110152414347188,0.9384103289503374,0.9313399814395396,0.9461951447245563,tokyo1,4,DT,hyperparameter
2081,0.9092791143654114,0.8968703183200329,0.9298248983147196,0.9190794815427006,0.941261353026059,tokyo1,5,DT,hyperparameter
2082,0.9280421896792188,0.919768683274627,0.943896266548898,0.938922262781707,0.949367625838214,tokyo1,0,RF,hyperparameter
2083,0.9301473152022316,0.9208770261768044,0.9458511671374428,0.9380917852809914,0.9542908072319838,tokyo1,1,RF,hyperparameter
2084,0.9270266736401674,0.9202573018466456,0.9427418743354854,0.9416326085551824,0.9444974959680844,tokyo1,2,RF,hyperparameter
2085,0.9270310320781032,0.91590738322011,0.9436110833729152,0.9319834010125648,0.9559460147695442,tokyo1,3,RF,hyperparameter
2086,0.9228294979079498,0.912615814837028,0.9401191887081832,0.9314609073815012,0.9494631185807656,tokyo1,4,RF,hyperparameter
2087,0.9332679567642956,0.9225631627101036,0.9484965488327854,0.9366597945827604,0.96083736524913,tokyo1,5,RF,hyperparameter
2088,0.8770428289659059,0.8925944224857268,0.900947503243576,0.9290652570023132,0.8925944224857268,soybean,0,KNN,hyperparameter
2089,0.8903652437306283,0.9065821256038648,0.9181260700701156,0.9425809734135994,0.9065821256038648,soybean,1,KNN,hyperparameter
2090,0.8666701887855734,0.870921168203777,0.8809064817303878,0.9137366694622886,0.870921168203777,soybean,2,KNN,hyperparameter
2091,0.8844040574809805,0.8997090469916557,0.9096061996976192,0.9351365808831088,0.8997090469916557,soybean,3,KNN,hyperparameter
2092,0.8800542406311637,0.8914580588493631,0.901741552434008,0.9305625490913604,0.8914580588493631,soybean,4,KNN,hyperparameter
2093,0.8800190194420964,0.8936319718928416,0.9057775676818376,0.9335940635063442,0.8936319718928416,soybean,5,KNN,hyperparameter
2094,0.9007466892082276,0.9376097935880544,0.9353226257407184,0.943694201088274,0.9376097935880544,soybean,0,SVC,hyperparameter
2095,0.9095872076641308,0.936885155906895,0.9375439815705756,0.952096153333035,0.936885155906895,soybean,1,SVC,hyperparameter
2096,0.9007731051000284,0.9331796223100572,0.9331990455212564,0.9387070323664528,0.9331796223100572,soybean,2,SVC,hyperparameter
2097,0.9036876584953508,0.9357927097057532,0.9353487628108804,0.9413794507605968,0.9357927097057532,soybean,3,SVC,hyperparameter
2098,0.8977881093265708,0.9227272727272726,0.9258381391937394,0.9393048685254064,0.9227272727272726,soybean,4,SVC,hyperparameter
2099,0.8992762045646661,0.9326306543697848,0.9333676840445606,0.9440699854869798,0.9326306543697848,soybean,5,SVC,hyperparameter
2100,0.9037933220625528,0.9431379007465964,0.9418955370882836,0.9480822363552628,0.9431379007465964,soybean,0,LR,hyperparameter
2101,0.8992497886728655,0.9363746157224416,0.937635334772598,0.9434248928233188,0.9363746157224416,soybean,1,LR,hyperparameter
2102,0.8992585939701324,0.9340634606938956,0.933692614967926,0.9399029764452702,0.9340634606938956,soybean,2,LR,hyperparameter
2103,0.9022171738517892,0.931637022397892,0.93261574125784,0.9391972559295148,0.931637022397892,soybean,3,LR,hyperparameter
2104,0.8918533389687235,0.927492314448836,0.9293986266827218,0.9366357305246196,0.927492314448836,soybean,4,LR,hyperparameter
2105,0.8919061707523246,0.9254062362758017,0.924563091336821,0.9323569286255532,0.9254062362758017,soybean,5,LR,hyperparameter
2106,0.8533829952099183,0.9310825647782168,0.9172885042363876,0.9351989351989352,0.9310825647782168,soybean,0,NB,hyperparameter
2107,0.8518332628909553,0.9283322353974528,0.914331678510524,0.9329595538296744,0.9283322353974528,soybean,1,NB,hyperparameter
2108,0.8489010989010989,0.9270421607378128,0.9140027511839848,0.9341085511055024,0.9270421607378128,soybean,2,NB,hyperparameter
2109,0.8562711327134405,0.9365832235397452,0.9202488901392992,0.9356732499128484,0.9365832235397452,soybean,3,NB,hyperparameter
2110,0.84739539306847,0.922145366710584,0.9088677058146032,0.9309507805141112,0.922145366710584,soybean,4,NB,hyperparameter
2111,0.8548094533671456,0.9273660518225736,0.9156506942426106,0.9340379607230096,0.9273660518225736,soybean,5,NB,hyperparameter
2112,0.9215095801634264,0.9462889767237592,0.945293558407846,0.9561405571973204,0.9462889767237592,soybean,0,DT,hyperparameter
2113,0.9007026627218935,0.9298254281949934,0.9292702864889658,0.9387981488441692,0.9298254281949934,soybean,1,DT,hyperparameter
2114,0.920030290222598,0.9519543258673694,0.950190317710315,0.9536422518034836,0.9519543258673694,soybean,2,DT,hyperparameter
2115,0.9140514933784164,0.9446201141853316,0.9462487259760958,0.9540168884350472,0.9446201141853316,soybean,3,DT,hyperparameter
2116,0.91406910397295,0.9280797101449276,0.9303959309898006,0.9447873608012288,0.9280797101449276,soybean,4,DT,hyperparameter
2117,0.9096400394477318,0.9286122090469916,0.9301919473405932,0.9470480993623136,0.9286122090469916,soybean,5,DT,hyperparameter
2118,0.9422460552268244,0.9610671936758892,0.9614536411849166,0.9706197465980074,0.9610671936758892,soybean,0,RF,hyperparameter
2119,0.9466487038602422,0.971629336846728,0.9729829740420036,0.977834782772262,0.971629336846728,soybean,1,RF,hyperparameter
2120,0.9348319949281488,0.9601943346508564,0.960338500524674,0.9665603113897197,0.9601943346508564,soybean,2,RF,hyperparameter
2121,0.940766765285996,0.966957619675011,0.9671623630631494,0.9709801892881076,0.966957619675011,soybean,3,RF,hyperparameter
2122,0.9333527049873204,0.961846728151076,0.961449161232377,0.9660450612881656,0.961846728151076,soybean,4,RF,hyperparameter
2123,0.9274355452240068,0.957229907773386,0.9573735326707432,0.9622989034583236,0.957229907773386,soybean,5,RF,hyperparameter
2124,0.9735,0.9735,0.9734804509858744,0.9741734193835292,0.9735,mfeat_karhunen,0,KNN,hyperparameter
2125,0.9755,0.9755,0.9755149825006032,0.9762810264743038,0.9755,mfeat_karhunen,1,KNN,hyperparameter
2126,0.9745,0.9745,0.9745096561650634,0.975286012414381,0.9745,mfeat_karhunen,2,KNN,hyperparameter
2127,0.9745,0.9745,0.9745542236688778,0.9754503551790348,0.9745,mfeat_karhunen,3,KNN,hyperparameter
2128,0.9705,0.9705,0.9705846117929168,0.971404323039794,0.9705,mfeat_karhunen,4,KNN,hyperparameter
2129,0.9745,0.9745,0.9745190204815408,0.975208706597172,0.9745,mfeat_karhunen,5,KNN,hyperparameter
2130,0.98,0.98,0.9800503297208156,0.980425269156203,0.98,mfeat_karhunen,0,SVC,hyperparameter
2131,0.98,0.98,0.9799852054285908,0.9802613764301076,0.98,mfeat_karhunen,1,SVC,hyperparameter
2132,0.98,0.98,0.9799973360430534,0.9805230745055642,0.98,mfeat_karhunen,2,SVC,hyperparameter
2133,0.982,0.982,0.9820243901335032,0.9824346479077036,0.982,mfeat_karhunen,3,SVC,hyperparameter
2134,0.9805,0.9805,0.98053132589043,0.9808033738168708,0.9805,mfeat_karhunen,4,SVC,hyperparameter
2135,0.9795,0.9795,0.9795256877211358,0.9800328161166596,0.9795,mfeat_karhunen,5,SVC,hyperparameter
2136,0.9595,0.9595,0.9595147869943976,0.9606052315702176,0.9595,mfeat_karhunen,0,LR,hyperparameter
2137,0.9615,0.9615,0.9615641491945304,0.9630047009306436,0.9615,mfeat_karhunen,1,LR,hyperparameter
2138,0.962,0.962,0.9620834264164524,0.9631637748132698,0.962,mfeat_karhunen,2,LR,hyperparameter
2139,0.9605,0.9605,0.9604863393295732,0.9612634732101056,0.9605,mfeat_karhunen,3,LR,hyperparameter
2140,0.962,0.962,0.962039928745149,0.9631261702604048,0.962,mfeat_karhunen,4,LR,hyperparameter
2141,0.9585,0.9585,0.9586060789948726,0.9595688828456956,0.9585,mfeat_karhunen,5,LR,hyperparameter
2142,0.9375,0.9375,0.9376777283675276,0.9400715297073492,0.9375,mfeat_karhunen,0,NB,hyperparameter
2143,0.9355,0.9355,0.9356996278890604,0.9386279874385886,0.9355,mfeat_karhunen,1,NB,hyperparameter
2144,0.9345,0.9345,0.9348211871732272,0.9379038084633003,0.9345,mfeat_karhunen,2,NB,hyperparameter
2145,0.9335,0.9335,0.9339627821938596,0.9371218437928076,0.9335,mfeat_karhunen,3,NB,hyperparameter
2146,0.934,0.934,0.9341519829849262,0.9374884812785764,0.934,mfeat_karhunen,4,NB,hyperparameter
2147,0.9325,0.9325,0.9329203907019912,0.9355660230909444,0.9325,mfeat_karhunen,5,NB,hyperparameter
2148,0.809,0.8089999999999999,0.808153325761464,0.812169390736025,0.8089999999999999,mfeat_karhunen,0,DT,hyperparameter
2149,0.817,0.8170000000000001,0.8172648831537017,0.8223422584844795,0.8170000000000001,mfeat_karhunen,1,DT,hyperparameter
2150,0.818,0.8180000000000001,0.8181917670859746,0.8216327895934658,0.8180000000000001,mfeat_karhunen,2,DT,hyperparameter
2151,0.8115,0.8115,0.8114706078436906,0.8159534785377339,0.8115,mfeat_karhunen,3,DT,hyperparameter
2152,0.8075,0.8075000000000001,0.8078164872592253,0.811610947533209,0.8075000000000001,mfeat_karhunen,4,DT,hyperparameter
2153,0.7945,0.7945,0.7943434638410876,0.7968828302552468,0.7945,mfeat_karhunen,5,DT,hyperparameter
2154,0.963,0.963,0.9629892843892268,0.9634882735206268,0.963,mfeat_karhunen,0,RF,hyperparameter
2155,0.961,0.961,0.9609887849185504,0.9621544325633796,0.961,mfeat_karhunen,1,RF,hyperparameter
2156,0.9635,0.9635,0.9635316365039835,0.964377158723885,0.9635,mfeat_karhunen,2,RF,hyperparameter
2157,0.9585,0.9585,0.9585075673058868,0.9591900973151322,0.9585,mfeat_karhunen,3,RF,hyperparameter
2158,0.9615,0.9615,0.9615215094481464,0.962304056758548,0.9615,mfeat_karhunen,4,RF,hyperparameter
2159,0.9595,0.9595,0.9594974381271522,0.960281843569137,0.9595,mfeat_karhunen,5,RF,hyperparameter
2160,0.51,0.51,0.4876025413928027,0.512743984670302,0.4675,GAMETES_Epistasis_2_Way_1000atts_0.4H_EDM_1_EDM_1_1,0,KNN,impute
2161,0.51,0.51,0.4838292761351089,0.5091563619737071,0.4637499999999999,GAMETES_Epistasis_2_Way_1000atts_0.4H_EDM_1_EDM_1_1,1,KNN,impute
2162,0.5225,0.5225000000000001,0.4956491985550935,0.5252450940653187,0.47,GAMETES_Epistasis_2_Way_1000atts_0.4H_EDM_1_EDM_1_1,2,KNN,impute
2163,0.5106249999999999,0.5106249999999999,0.4895044405456292,0.5116701528728869,0.47,GAMETES_Epistasis_2_Way_1000atts_0.4H_EDM_1_EDM_1_1,3,KNN,impute
2164,0.52125,0.52125,0.4979523667099513,0.5239251946246766,0.4775,GAMETES_Epistasis_2_Way_1000atts_0.4H_EDM_1_EDM_1_1,4,KNN,impute
2165,0.5062500000000001,0.5062500000000001,0.4807309114392922,0.5066694573583133,0.4600000000000001,GAMETES_Epistasis_2_Way_1000atts_0.4H_EDM_1_EDM_1_1,5,KNN,impute
2166,0.4887499999999999,0.4887499999999999,0.4893593966575411,0.4887941157895519,0.49,GAMETES_Epistasis_2_Way_1000atts_0.4H_EDM_1_EDM_1_1,0,SVC,impute
2167,0.49375,0.4937499999999999,0.477434090701204,0.493868362467777,0.4625,GAMETES_Epistasis_2_Way_1000atts_0.4H_EDM_1_EDM_1_1,1,SVC,impute
2168,0.51,0.51,0.5122562745652118,0.5097685284598489,0.51625,GAMETES_Epistasis_2_Way_1000atts_0.4H_EDM_1_EDM_1_1,2,SVC,impute
2169,0.49125,0.49125,0.4778730966629591,0.4907056107208095,0.46625,GAMETES_Epistasis_2_Way_1000atts_0.4H_EDM_1_EDM_1_1,3,SVC,impute
2170,0.5206249999999999,0.520625,0.520619681721063,0.5205572029438751,0.52125,GAMETES_Epistasis_2_Way_1000atts_0.4H_EDM_1_EDM_1_1,4,SVC,impute
2171,0.504375,0.504375,0.4974497221543282,0.5042579443472099,0.49125,GAMETES_Epistasis_2_Way_1000atts_0.4H_EDM_1_EDM_1_1,5,SVC,impute
2172,0.491875,0.491875,0.4896855374586489,0.4919307646594885,0.4875,GAMETES_Epistasis_2_Way_1000atts_0.4H_EDM_1_EDM_1_1,0,LR,impute
2173,0.4968749999999999,0.496875,0.4822115542008612,0.4968182674645532,0.4687499999999999,GAMETES_Epistasis_2_Way_1000atts_0.4H_EDM_1_EDM_1_1,1,LR,impute
2174,0.504375,0.504375,0.5085944698243808,0.5035344417413725,0.515,GAMETES_Epistasis_2_Way_1000atts_0.4H_EDM_1_EDM_1_1,2,LR,impute
2175,0.493125,0.493125,0.4789384075540985,0.4926996424922644,0.46625,GAMETES_Epistasis_2_Way_1000atts_0.4H_EDM_1_EDM_1_1,3,LR,impute
2176,0.514375,0.514375,0.5157460946136722,0.5146751035113438,0.5175000000000001,GAMETES_Epistasis_2_Way_1000atts_0.4H_EDM_1_EDM_1_1,4,LR,impute
2177,0.5,0.5,0.4945383676600683,0.4997074157087514,0.49,GAMETES_Epistasis_2_Way_1000atts_0.4H_EDM_1_EDM_1_1,5,LR,impute
2178,0.5031249999999999,0.5031249999999999,0.4926788477549899,0.5039468182439327,0.4825,GAMETES_Epistasis_2_Way_1000atts_0.4H_EDM_1_EDM_1_1,0,NB,impute
2179,0.516875,0.516875,0.5092512219197406,0.5170994304624347,0.5025,GAMETES_Epistasis_2_Way_1000atts_0.4H_EDM_1_EDM_1_1,1,NB,impute
2180,0.504375,0.504375,0.4957893215758972,0.5040266979000532,0.48875,GAMETES_Epistasis_2_Way_1000atts_0.4H_EDM_1_EDM_1_1,2,NB,impute
2181,0.5131249999999999,0.5131249999999999,0.5170800897525702,0.5136404446968225,0.5212500000000001,GAMETES_Epistasis_2_Way_1000atts_0.4H_EDM_1_EDM_1_1,3,NB,impute
2182,0.50875,0.50875,0.4999966279585044,0.5085767361024953,0.4925,GAMETES_Epistasis_2_Way_1000atts_0.4H_EDM_1_EDM_1_1,4,NB,impute
2183,0.50125,0.50125,0.4950596839490907,0.501854961558909,0.49,GAMETES_Epistasis_2_Way_1000atts_0.4H_EDM_1_EDM_1_1,5,NB,impute
2184,0.5075000000000001,0.5075000000000001,0.5099663623635404,0.5076168446804195,0.5125,GAMETES_Epistasis_2_Way_1000atts_0.4H_EDM_1_EDM_1_1,0,DT,impute
2185,0.4899999999999999,0.49,0.4966057151597718,0.4905610610771101,0.50375,GAMETES_Epistasis_2_Way_1000atts_0.4H_EDM_1_EDM_1_1,1,DT,impute
2186,0.503125,0.503125,0.5107921667814537,0.5031825430326908,0.51875,GAMETES_Epistasis_2_Way_1000atts_0.4H_EDM_1_EDM_1_1,2,DT,impute
2187,0.506875,0.506875,0.5127657208513,0.5065054941458818,0.52,GAMETES_Epistasis_2_Way_1000atts_0.4H_EDM_1_EDM_1_1,3,DT,impute
2188,0.50625,0.50625,0.5021085432674248,0.5065024230244463,0.49875,GAMETES_Epistasis_2_Way_1000atts_0.4H_EDM_1_EDM_1_1,4,DT,impute
2189,0.4975,0.4975,0.4994919329949751,0.4978524436466132,0.5012500000000001,GAMETES_Epistasis_2_Way_1000atts_0.4H_EDM_1_EDM_1_1,5,DT,impute
2190,0.481875,0.481875,0.4641661819774393,0.4807124223358119,0.44875,GAMETES_Epistasis_2_Way_1000atts_0.4H_EDM_1_EDM_1_1,0,RF,impute
2191,0.51375,0.51375,0.4909481886820699,0.514902400649136,0.47,GAMETES_Epistasis_2_Way_1000atts_0.4H_EDM_1_EDM_1_1,1,RF,impute
2192,0.5081249999999999,0.5081249999999999,0.4780309052894382,0.5090778918207226,0.45125,GAMETES_Epistasis_2_Way_1000atts_0.4H_EDM_1_EDM_1_1,2,RF,impute
2193,0.51,0.51,0.4937441709418681,0.5104200495583814,0.47875,GAMETES_Epistasis_2_Way_1000atts_0.4H_EDM_1_EDM_1_1,3,RF,impute
2194,0.495,0.495,0.4743813326773854,0.4950236779794791,0.45625,GAMETES_Epistasis_2_Way_1000atts_0.4H_EDM_1_EDM_1_1,4,RF,impute
2195,0.515625,0.515625,0.4930687381919484,0.5172170356659829,0.47125,GAMETES_Epistasis_2_Way_1000atts_0.4H_EDM_1_EDM_1_1,5,RF,impute
2196,1.0,1.0,1.0,1.0,1.0,agaricus_lepiota,0,KNN,impute
2197,1.0,1.0,1.0,1.0,1.0,agaricus_lepiota,1,KNN,impute
2198,0.99987721021611,0.9998723186925432,0.9998722534491568,1.0,0.9997446373850868,agaricus_lepiota,2,KNN,impute
2199,1.0,1.0,1.0,1.0,1.0,agaricus_lepiota,3,KNN,impute
2200,1.0,1.0,1.0,1.0,1.0,agaricus_lepiota,4,KNN,impute
2201,1.0,1.0,1.0,1.0,1.0,agaricus_lepiota,5,KNN,impute
2202,0.9855118905358916,0.9856875026661388,0.9849896993216504,0.9797795514823808,0.990296481207396,agaricus_lepiota,0,SVC,impute
2203,0.9851442445408276,0.9852866568736824,0.9846126547022211,0.9802607990483428,0.989021752725605,agaricus_lepiota,1,SVC,impute
2204,0.9848986649730478,0.985031554832866,0.9843560423201666,0.9802527384431384,0.9885115486439724,agaricus_lepiota,2,SVC,impute
2205,0.9852667932058492,0.985404394949708,0.9847317040939434,0.9805349788997298,0.9890207104292176,agaricus_lepiota,3,SVC,impute
2206,0.9851447267785652,0.985277755938639,0.9846170455055088,0.9805054235734444,0.9887674324070792,agaricus_lepiota,4,SVC,impute
2207,0.982933666752505,0.9829501838583216,0.9822334226414328,0.9811526680652652,0.9834027329011278,agaricus_lepiota,5,SVC,impute
2208,0.95567795151196,0.95554201931603,0.9538141726925272,0.9556606227978772,0.9520017302120032,agaricus_lepiota,0,LR,impute
2209,0.95506400259251,0.9549144680195168,0.9531612791308136,0.9554539163730734,0.9509831460674156,agaricus_lepiota,1,LR,impute
2210,0.9556784940294146,0.95554449476995,0.953813472641386,0.9556897654286022,0.9520066811198432,agaricus_lepiota,2,LR,impute
2211,0.956538504754382,0.9563630175432978,0.954681966791685,0.9576861777967268,0.951751579079027,agaricus_lepiota,3,LR,impute
2212,0.95616911064752,0.956016619657489,0.954327360609749,0.9566955783296924,0.9520048571011652,agaricus_lepiota,4,LR,impute
2213,0.9559247366740836,0.955780752644292,0.9540623290059448,0.9561640113961748,0.9520061599716496,agaricus_lepiota,5,LR,impute
2214,0.9188456578831884,0.9189084627011822,0.9160373337190804,0.911653573791598,0.9205983823560068,agaricus_lepiota,0,NB,impute
2215,0.9173721804765088,0.9175288643621746,0.9147824790423232,0.9082694048274064,0.9216234808530152,agaricus_lepiota,1,NB,impute
2216,0.9193374198159202,0.9194033403666482,0.9165542163850896,0.9121199420017452,0.9211151007900606,agaricus_lepiota,2,NB,impute
2217,0.9179860088365244,0.9180549876229028,0.9151906776394652,0.9107383554802564,0.9198375059932042,agaricus_lepiota,3,NB,impute
2218,0.9189688093453816,0.919018993573794,0.9161472530746104,0.9120458356628262,0.9203464072043528,agaricus_lepiota,4,NB,impute
2219,0.921055813713491,0.9210485051260964,0.9181674454337152,0.9155156705225184,0.9208576535823726,agaricus_lepiota,5,NB,impute
2220,1.0,1.0,1.0,1.0,1.0,agaricus_lepiota,0,DT,impute
2221,1.0,1.0,1.0,1.0,1.0,agaricus_lepiota,1,DT,impute
2222,1.0,1.0,1.0,1.0,1.0,agaricus_lepiota,2,DT,impute
2223,1.0,1.0,1.0,1.0,1.0,agaricus_lepiota,3,DT,impute
2224,1.0,1.0,1.0,1.0,1.0,agaricus_lepiota,4,DT,impute
2225,1.0,1.0,1.0,1.0,1.0,agaricus_lepiota,5,DT,impute
2226,1.0,1.0,1.0,1.0,1.0,agaricus_lepiota,0,RF,impute
2227,1.0,1.0,1.0,1.0,1.0,agaricus_lepiota,1,RF,impute
2228,1.0,1.0,1.0,1.0,1.0,agaricus_lepiota,2,RF,impute
2229,1.0,1.0,1.0,1.0,1.0,agaricus_lepiota,3,RF,impute
2230,1.0,1.0,1.0,1.0,1.0,agaricus_lepiota,4,RF,impute
2231,1.0,1.0,1.0,1.0,1.0,agaricus_lepiota,5,RF,impute
2232,0.9997538158542588,0.9997446373850868,0.9997445068983136,1.0,0.9994892747701736,mushroom,0,KNN,impute
2233,0.9997538158542588,0.9997446373850868,0.9997443762781186,1.0,0.9994892747701736,mushroom,1,KNN,impute
2234,0.9997538158542588,0.9997446373850868,0.9997445068983136,1.0,0.9994892747701736,mushroom,2,KNN,impute
2235,0.9997538158542588,0.9997446373850868,0.9997443762781186,1.0,0.9994892747701736,mushroom,3,KNN,impute
2236,0.9993845396356474,0.9993615934627168,0.9993608751847588,1.0,0.998723186925434,mushroom,4,KNN,impute
2237,0.9997538158542588,0.9997446373850868,0.9997445068983136,1.0,0.9994892747701736,mushroom,5,KNN,impute
2238,0.9716888232397836,0.9714129805769058,0.9704336791176864,0.9772426409659798,0.9637385086823288,mushroom,0,SVC,impute
2239,0.9731659281142296,0.9730071763691516,0.9720620838812584,0.9756159807981384,0.9685903983656792,mushroom,1,SVC,impute
2240,0.9716888232397832,0.9714129805769058,0.9704248180987588,0.97722413684273,0.9637385086823288,mushroom,2,SVC,impute
2241,0.9716888232397836,0.971412980576906,0.9704298523516336,0.9772243621822608,0.9637385086823288,mushroom,3,SVC,impute
2242,0.972550467749877,0.9723776298465494,0.971378936468154,0.9753756684269728,0.9675689479060264,mushroom,4,SVC,impute
2243,0.9716888232397832,0.9714218405915868,0.9704273422207516,0.9769599133830008,0.963993871297242,mushroom,5,SVC,impute
2244,0.9524864598719844,0.9521060376266616,0.9502977954309494,0.959306237819064,0.9415219611848824,mushroom,0,LR,impute
2245,0.9524864598719844,0.9520528775385764,0.9501795729553636,0.9606488910227376,0.9399897854954036,mushroom,1,LR,impute
2246,0.9524864598719842,0.9520351575092144,0.9501229682658938,0.9611022804863224,0.9394790602655771,mushroom,2,LR,impute
2247,0.9506400787789266,0.9501287979120464,0.948095431567765,0.9606982203643308,0.9359039836567926,mushroom,3,LR,impute
2248,0.9527326440177252,0.9523436802122132,0.9504863974976824,0.9596571902231956,0.9415219611848824,mushroom,4,LR,impute
2249,0.9540866568193008,0.9536595744474264,0.95186033677297,0.9621767734488724,0.9417773237997956,mushroom,5,LR,impute
2250,0.8569670113244707,0.8577300108359194,0.8556874065766233,0.8337872878494483,0.8789581205311542,mushroom,0,NB,impute
2251,0.8557360905957656,0.8565506579228437,0.8547321517939566,0.8319644718214314,0.8792134831460674,mushroom,1,NB,impute
2252,0.8558591826686361,0.856696059259662,0.8549313063037012,0.8314840527372339,0.8799795709908069,mushroom,2,NB,impute
2253,0.8558591826686361,0.8566428991715764,0.8546399922549502,0.8326885186440992,0.8784473953013279,mushroom,3,NB,impute
2254,0.8578286558345642,0.8586237799881155,0.8565327787472657,0.8340487433371481,0.8807456588355465,mushroom,4,NB,impute
2255,0.8557360905957656,0.8565949579962482,0.8547923880527514,0.8308292148945363,0.8804902962206334,mushroom,5,NB,impute
2256,1.0,1.0,1.0,1.0,1.0,mushroom,0,DT,impute
2257,1.0,1.0,1.0,1.0,1.0,mushroom,1,DT,impute
2258,1.0,1.0,1.0,1.0,1.0,mushroom,2,DT,impute
2259,1.0,1.0,1.0,1.0,1.0,mushroom,3,DT,impute
2260,1.0,1.0,1.0,1.0,1.0,mushroom,4,DT,impute
2261,0.9998769079271296,0.9998723186925432,0.9998722534491568,1.0,0.9997446373850868,mushroom,5,DT,impute
2262,1.0,1.0,1.0,1.0,1.0,mushroom,0,RF,impute
2263,1.0,1.0,1.0,1.0,1.0,mushroom,1,RF,impute
2264,1.0,1.0,1.0,1.0,1.0,mushroom,2,RF,impute
2265,1.0,1.0,1.0,1.0,1.0,mushroom,3,RF,impute
2266,1.0,1.0,1.0,1.0,1.0,mushroom,4,RF,impute
2267,1.0,1.0,1.0,1.0,1.0,mushroom,5,RF,impute
2268,0.682027027027027,0.6789028384279476,0.7605176593204281,0.613583874640673,1.0,ring,0,KNN,impute
2269,0.6827027027027027,0.6795851528384279,0.7609101997604185,0.6140992637110401,1.0,ring,1,KNN,impute
2270,0.6839189189189189,0.6808133187772927,0.7616645962132614,0.6151274378794002,1.0,ring,2,KNN,impute
2271,0.6852702702702703,0.6821779475982532,0.7623757149996194,0.616002955595156,1.0,ring,3,KNN,impute
2272,0.6835135135135136,0.6804039301310043,0.7613743217468988,0.6147032538043478,1.0,ring,4,KNN,impute
2273,0.6821621621621622,0.6790393013100436,0.7605871383639605,0.6136679490227699,1.0,ring,5,KNN,impute
2274,0.7632432432432432,0.7623187702794947,0.785261047441432,0.724449924559585,0.8573340471092077,ring,0,SVC,impute
2275,0.7622972972972972,0.7613793095387262,0.7841986595937133,0.7238153308835399,0.8557280513918629,ring,1,SVC,impute
2276,0.7636486486486486,0.7627649776048924,0.7847607994899287,0.7263286953962989,0.8535867237687367,ring,2,SVC,impute
2277,0.7628378378378379,0.7619251610671106,0.7846784695872749,0.7245947019781431,0.855728051391863,ring,3,SVC,impute
2278,0.7622972972972972,0.7613950889726303,0.7839140462672074,0.7244502024573304,0.8541220556745183,ring,4,SVC,impute
2279,0.7612162162162163,0.7603139055384645,0.7829732782998617,0.7236286673389049,0.853051391862955,ring,5,SVC,impute
2280,0.7535135135135135,0.7530325734269658,0.7667769243876124,0.7341694359914788,0.8024625267665952,ring,0,LR,impute
2281,0.7554054054054054,0.7549351640593587,0.7682794652008541,0.7363137730916369,0.8032655246252677,ring,1,LR,impute
2282,0.7539189189189188,0.7534472218845553,0.7668572489169926,0.73493774326805,0.8019271948608137,ring,2,LR,impute
2283,0.755,0.7545257754130705,0.7680445698544812,0.7359138135518122,0.8032655246252677,ring,3,LR,impute
2284,0.7567567567567568,0.75630242278597,0.7692041606749708,0.7382689226209596,0.8029978586723769,ring,4,LR,impute
2285,0.7572972972972972,0.7568351247861009,0.7699339510501164,0.7385105140220253,0.8043361884368309,ring,5,LR,impute
2286,0.9793243243243244,0.9792500444161844,0.9796707916583628,0.9725692431630748,0.9868843683083512,ring,0,NB,impute
2287,0.979054054054054,0.9789771186519922,0.9794141807258312,0.9720603604966452,0.9868843683083512,ring,1,NB,impute
2288,0.9793243243243244,0.9792500444161844,0.9796699621666892,0.9725651996219534,0.9868843683083512,ring,2,NB,impute
2289,0.979054054054054,0.978977118651992,0.9794125048339816,0.9720683110374174,0.9868843683083512,ring,3,NB,impute
2290,0.9794594594594594,0.9793838773926298,0.9798188642993322,0.9726212001888423,0.987152034261242,ring,4,NB,impute
2291,0.9786486486486484,0.9785729898170054,0.9790099596509044,0.9717825169284507,0.9863490364025695,ring,5,NB,impute
2292,0.8677027027027028,0.8675652567255454,0.8706186921760038,0.8598934552793703,0.8816916488222699,ring,0,DT,impute
2293,0.8736486486486486,0.8735617338208205,0.8757891865683316,0.8692692812293585,0.8824946466809421,ring,1,DT,impute
2294,0.8720270270270271,0.8719425885752223,0.8742430423149349,0.8682299922694567,0.8806209850107067,ring,2,DT,impute
2295,0.8721621621621621,0.8720422327782089,0.8747570150894453,0.8654944757971115,0.8843683083511777,ring,3,DT,impute
2296,0.8710810810810811,0.8710031278344538,0.8731085607104068,0.8674534901736788,0.8790149892933619,ring,4,DT,impute
2297,0.8783783783783784,0.8782616674303134,0.8808361032018044,0.8717433672734866,0.8902569593147752,ring,5,DT,impute
2298,0.9489189189189188,0.9491797032063812,0.9480055952684648,0.9751352187565144,0.9223768736616704,ring,0,RF,impute
2299,0.9458108108108108,0.9460883952198836,0.9447380374905732,0.9736308326519376,0.917558886509636,ring,1,RF,impute
2300,0.9477027027027028,0.9479725765127218,0.9466562985121516,0.9747510224142388,0.920235546038544,ring,2,RF,impute
2301,0.9493243243243245,0.9495549030792104,0.9485642230992296,0.9724789054487536,0.9258565310492506,ring,3,RF,impute
2302,0.9498648648648648,0.950113904135848,0.9489858729885856,0.9749406969218128,0.9245182012847966,ring,4,RF,impute
2303,0.9516216216216216,0.9518484730183367,0.9509089320845804,0.9744550347887164,0.9285331905781584,ring,5,RF,impute
2304,0.969054054054054,0.969049937570456,0.968937469312582,0.9722955467477162,0.9656475956475956,twonorm,0,KNN,impute
2305,0.9705405405405404,0.9705405127435364,0.9705227019820996,0.9700070318096176,0.9710553410553412,twonorm,1,KNN,impute
2306,0.968108108108108,0.9681066206525168,0.9679944996961488,0.9703721265917244,0.9656496431496432,twonorm,2,KNN,impute
2307,0.9693243243243244,0.9693237127902354,0.9693043117790034,0.9694761939598312,0.9691634491634492,twonorm,3,KNN,impute
2308,0.9691891891891892,0.9691879932862656,0.969101173350583,0.971816377410814,0.9664601614601614,twonorm,4,KNN,impute
2309,0.9686486486486486,0.96864628432393,0.9685540403890136,0.9704640165434908,0.9667295542295542,twonorm,5,KNN,impute
2310,0.9779729729729728,0.977969594373482,0.9779318969955872,0.9794442348292224,0.9764660114660116,twonorm,0,SVC,impute
2311,0.978108108108108,0.9781075047867704,0.978075286008018,0.9788768654730576,0.9772791622791624,twonorm,1,SVC,impute
2312,0.9774324324324324,0.9774309519260924,0.9773797949745444,0.9788504680535592,0.9759263484263484,twonorm,2,SVC,impute
2313,0.9775675675675676,0.9775674011014184,0.977539122586689,0.978077402619361,0.9770080145080146,twonorm,3,SVC,impute
2314,0.9770270270270268,0.977024377467142,0.9769405575307164,0.9798979673011308,0.974032994032994,twonorm,4,SVC,impute
2315,0.9777027027027028,0.9776996137606287,0.977623954074058,0.979963908077668,0.9753828828828828,twonorm,5,SVC,impute
2316,0.9778378378378378,0.9778346054884932,0.9777941543426942,0.9794303666639824,0.9761960336960336,twonorm,0,LR,impute
2317,0.9779729729729728,0.9779717843351752,0.9779283250722328,0.9791276937822389,0.9767371592371592,twonorm,1,LR,impute
2318,0.9772972972972972,0.9772952321062472,0.9772311284535152,0.979118814514331,0.9753849303849303,twonorm,2,LR,impute
2319,0.9778378378378378,0.9778366488841652,0.9777782254988864,0.9796506199190362,0.975926055926056,twonorm,3,LR,impute
2320,0.977027027027027,0.9770261305736468,0.9769924318550566,0.9778073564696,0.9761969111969112,twonorm,4,LR,impute
2321,0.9775675675675676,0.9775647711257862,0.9774972587445524,0.9794273164959392,0.9756537381537382,twonorm,5,LR,impute
2322,0.9775675675675676,0.9775638961519092,0.9774979905704284,0.979920496376072,0.9751137826137826,twonorm,0,NB,impute
2323,0.9777027027027028,0.97770151374903,0.977645450022174,0.9793764977062704,0.975926055926056,twonorm,1,NB,impute
2324,0.9771621621621622,0.9771602438530084,0.9770850788271968,0.9793544427157233,0.9748452673452672,twonorm,2,NB,impute
2325,0.9783783783783784,0.9783766063193708,0.9783164662918208,0.9804531157365606,0.9761969111969112,twonorm,3,NB,impute
2326,0.978108108108108,0.9781061907465796,0.9780637455386584,0.9796933218468408,0.9764677664677665,twonorm,4,NB,impute
2327,0.9778378378378378,0.9778351879620776,0.9777749099522692,0.9796730072554122,0.9759245934245934,twonorm,5,NB,impute
2328,0.842972972972973,0.8429715164731363,0.8427699359229887,0.8430016710289165,0.8425702000702,twonorm,0,DT,impute
2329,0.8391891891891892,0.8391970825907111,0.8405793902475887,0.8329148461618815,0.848525506025506,twonorm,1,DT,impute
2330,0.8481081081081081,0.8481002317638386,0.8469686320579513,0.8529482770125612,0.8412200187200186,twonorm,2,DT,impute
2331,0.842972972972973,0.8429709384218024,0.8426177272257882,0.843780548536399,0.8414943839943839,twonorm,3,DT,impute
2332,0.8471621621621622,0.8471678690766165,0.8480354294202688,0.8422836274647155,0.8539332514332514,twonorm,4,DT,impute
2333,0.8455405405405405,0.845539525949893,0.84556602684484,0.844638105505036,0.8466280566280566,twonorm,5,DT,impute
2334,0.9713513513513512,0.9713485517508196,0.9712705372350204,0.9733959229140636,0.9691643266643268,twonorm,0,RF,impute
2335,0.9705405405405406,0.9705362781226712,0.9704135348441812,0.9738724091525074,0.966998946998947,twonorm,1,RF,impute
2336,0.970945945945946,0.9709441697805627,0.9708561266183648,0.9731340431734125,0.9686255411255412,twonorm,2,RF,impute
2337,0.9698648648648648,0.9698613321183516,0.9697464976003024,0.9727940061233564,0.9667286767286768,twonorm,3,RF,impute
2338,0.97,0.9699967613331544,0.969862534460192,0.9741863668092624,0.9656496431496432,twonorm,4,RF,impute
2339,0.9704054054054054,0.9704014354878284,0.970292391513384,0.9731380940447064,0.9675400725400723,twonorm,5,RF,impute
2340,0.9054621848739496,0.9119194750230748,0.8997035997193896,0.8501092831345779,0.9613499245852188,clean1,0,KNN,impute
2341,0.8886554621848739,0.8954815852862384,0.8813502812008932,0.8252281540951556,0.9470211161387632,clean1,1,KNN,impute
2342,0.907563025210084,0.9115578780306612,0.8984789158843861,0.8589781664191827,0.942024886877828,clean1,2,KNN,impute
2343,0.8886554621848739,0.8959726255599828,0.8817146888267577,0.8222822931965228,0.951734539969834,clean1,3,KNN,impute
2344,0.8928571428571428,0.8963651763805407,0.8821314919365378,0.8459514170040486,0.9228883861236804,clean1,4,KNN,impute
2345,0.9033613445378152,0.91068624636996,0.8973265247213845,0.839104408875466,0.966346153846154,clean1,5,KNN,impute
2346,1.0,1.0,1.0,1.0,1.0,clean1,0,SVC,impute
2347,1.0,1.0,1.0,1.0,1.0,clean1,1,SVC,impute
2348,1.0,1.0,1.0,1.0,1.0,clean1,2,SVC,impute
2349,1.0,1.0,1.0,1.0,1.0,clean1,3,SVC,impute
2350,1.0,1.0,1.0,1.0,1.0,clean1,4,SVC,impute
2351,0.9978991596638656,0.9981617647058824,0.9975728155339806,0.9951923076923076,1.0,clean1,5,SVC,impute
2352,0.9936974789915968,0.993872549019608,0.9927184466019418,0.9903846153846154,0.9950980392156864,clean1,0,LR,impute
2353,0.9957983193277312,0.995683347966052,0.9951438000942952,0.9952830188679244,0.9950980392156864,clean1,1,LR,impute
2354,0.9936974789915968,0.9938648105625718,0.9928571428571428,0.9905660377358492,0.9951923076923076,clean1,2,LR,impute
2355,0.9978991596638656,0.997596153846154,0.9975728155339806,1.0,0.9951923076923076,clean1,3,LR,impute
2356,0.9978991596638656,0.997596153846154,0.9975728155339806,1.0,0.9951923076923076,clean1,4,LR,impute
2357,0.9936974789915968,0.9938922469102452,0.9927651232262884,0.9903846153846154,0.9951923076923076,clean1,5,LR,impute
2358,0.8067226890756303,0.8094974786699984,0.7917667488426292,0.761927859599612,0.8306938159879336,clean1,0,NB,impute
2359,0.8067226890756303,0.8116621361518201,0.7936397936397936,0.7452391163698032,0.8501131221719456,clean1,1,NB,impute
2360,0.8130252100840336,0.8174596474640373,0.7982116290602529,0.7521929824561404,0.8506787330316743,clean1,2,NB,impute
2361,0.8025210084033613,0.8057112626910694,0.784807700421179,0.7455971205226419,0.8306938159879336,clean1,3,NB,impute
2362,0.8004201680672269,0.8039912147407757,0.7853480383838525,0.7462830054935318,0.8312594268476621,clean1,4,NB,impute
2363,0.7899159663865547,0.7975689988969181,0.7812543638814824,0.7211864928014055,0.8550150829562594,clean1,5,NB,impute
2364,1.0,1.0,1.0,1.0,1.0,clean1,0,DT,impute
2365,1.0,1.0,1.0,1.0,1.0,clean1,1,DT,impute
2366,1.0,1.0,1.0,1.0,1.0,clean1,2,DT,impute
2367,1.0,1.0,1.0,1.0,1.0,clean1,3,DT,impute
2368,1.0,1.0,1.0,1.0,1.0,clean1,4,DT,impute
2369,1.0,1.0,1.0,1.0,1.0,clean1,5,DT,impute
2370,0.9978991596638656,0.997596153846154,0.9975728155339806,1.0,0.9951923076923076,clean1,0,RF,impute
2371,0.9873949579831932,0.9860011312217196,0.9850980392156864,0.9948979591836736,0.9756787330316744,clean1,1,RF,impute
2372,0.9894957983193278,0.9901334672789897,0.988095238095238,0.981132075471698,0.9951923076923076,clean1,2,RF,impute
2373,0.9936974789915968,0.9938648105625716,0.9928113553113552,0.9904753265602322,0.9951923076923076,clean1,3,RF,impute
2374,0.9915966386554622,0.9909227898966704,0.9901933050447902,0.9952830188679244,0.9855769230769232,clean1,4,RF,impute
2375,0.9915966386554622,0.9909227898966704,0.9901960784313726,0.995,0.9855769230769232,clean1,5,RF,impute
2376,0.7567483748731109,0.8001662498279112,0.7552620674559173,0.7506535464180253,0.8001662498279112,dna,0,KNN,impute
2377,0.7658489278260815,0.8076431728794544,0.7642204391120992,0.7589779908411609,0.8076431728794544,dna,1,KNN,impute
2378,0.7570640214876138,0.7996543874579237,0.7550497090747882,0.7510275615334876,0.7996543874579237,dna,2,KNN,impute
2379,0.7520290442173225,0.793408313839252,0.7502592497617836,0.74500762237055,0.793408313839252,dna,3,KNN,impute
2380,0.7485845160558122,0.7947100679992074,0.7474159228281514,0.7462413429101028,0.7947100679992074,dna,4,KNN,impute
2381,0.7576886155999571,0.8044691029529649,0.7575344613246379,0.7544485153811598,0.8044691029529649,dna,5,KNN,impute
2382,0.9133709639792438,0.9067133270791158,0.9048114657312636,0.9033806838556304,0.9067133270791158,dna,0,SVC,impute
2383,0.911801400351822,0.9055006048286508,0.903061086250308,0.9015831839509084,0.9055006048286508,dna,1,SVC,impute
2384,0.9121138944408366,0.9082839355093316,0.904047012338052,0.9007319215361452,0.9082839355093316,dna,2,SVC,impute
2385,0.9152526276299944,0.9121655514113138,0.9067824460393176,0.9023412568090652,0.9121655514113138,dna,3,SVC,impute
2386,0.9124299351210254,0.9061485804701732,0.9034560345666898,0.9015206633868688,0.9061485804701732,dna,4,SVC,impute
2387,0.9074048094928848,0.9008021449499966,0.897845575326541,0.895490220569532,0.9008021449499966,dna,5,SVC,impute
2388,0.9296919824971784,0.923992256244766,0.922592446410562,0.9214651375754452,0.923992256244766,dna,0,LR,impute
2389,0.9268629849372332,0.9214798481723008,0.91882223287343,0.9167155062763684,0.9214798481723008,dna,1,LR,impute
2390,0.9284376714185734,0.924617139034164,0.9213735538344382,0.9185199590998966,0.924617139034164,dna,2,LR,impute
2391,0.9343994911823864,0.9305413036560516,0.9278241791156192,0.9254435653074724,0.9305413036560516,dna,3,LR,impute
2392,0.9265536433737066,0.9227082666821036,0.9191834780517322,0.916276563461538,0.9227082666821036,dna,4,LR,impute
2393,0.928745436719356,0.9243355792934982,0.9213301196427626,0.9185987861541184,0.9243355792934982,dna,5,LR,impute
2394,0.9312591817304844,0.936466713921674,0.9246341074515788,0.9166197403263054,0.936466713921674,dna,0,NB,impute
2395,0.9252902687843232,0.9277753231555018,0.9166040303885504,0.910494152546828,0.9277753231555018,dna,1,NB,impute
2396,0.9243618500280576,0.9268512346836648,0.915653197976054,0.9092362935280116,0.9268512346836648,dna,2,NB,impute
2397,0.9315760105420452,0.9369348337906904,0.9251782601635814,0.916857181149566,0.9369348337906904,dna,3,NB,impute
2398,0.9227828288241712,0.9247646809533986,0.914358389500068,0.9102917173432612,0.9247646809533986,dna,4,NB,impute
2399,0.924670403460212,0.9273709616499644,0.916338696437963,0.909622449729098,0.9273709616499644,dna,5,NB,impute
2400,0.8914085011002314,0.8802554892537855,0.8787511066132289,0.8795497571338126,0.8802554892537855,dna,0,DT,impute
2401,0.8939096360094072,0.880257399065414,0.8803898680572777,0.8810925300792122,0.880257399065414,dna,1,DT,impute
2402,0.900810514303008,0.8884206059482741,0.8878485941219592,0.8880518773051476,0.8884206059482741,dna,2,DT,impute
2403,0.9036399059286394,0.8939725913442345,0.8917541279674109,0.8900658299082298,0.8939725913442345,dna,3,DT,impute
2404,0.903014129619238,0.8954491293911498,0.8914350356653242,0.8891385426359145,0.8954491293911498,dna,4,DT,impute
2405,0.8992448913324464,0.8902206735010307,0.8871294757462987,0.8851552949972786,0.8902206735010307,dna,5,DT,impute
2406,0.946328647629616,0.9356286722320496,0.938758309438869,0.9426310820680336,0.9356286722320496,dna,0,RF,impute
2407,0.941931662704993,0.9323635014201817,0.934019647096614,0.9364980199903612,0.9323635014201817,dna,1,RF,impute
2408,0.9488412104436864,0.9389123052208398,0.9421968127206816,0.9463560379852428,0.9389123052208398,dna,2,RF,impute
2409,0.9469536358076456,0.9383846151773362,0.9404951119395883,0.9430583639106478,0.9383846151773362,dna,3,RF,impute
2410,0.9457001128604124,0.9361924374609624,0.9389710749142258,0.9428711621332878,0.9361924374609624,dna,4,RF,impute
2411,0.947262977371172,0.937882488141899,0.9401392725320148,0.9432199043270664,0.937882488141899,dna,5,RF,impute
2412,0.8647298297557364,0.8264816542246471,0.7607781467649558,0.7906389499242639,0.7338975396280183,phoneme,0,KNN,impute
2413,0.8626943005181347,0.8219157498188158,0.7554413141794545,0.791214519344313,0.7231906597460753,phoneme,1,KNN,impute
2414,0.8625092524056255,0.8223362251870122,0.7558920369885289,0.7897579861035361,0.7250798285118184,phoneme,2,KNN,impute
2415,0.8658401184307921,0.8259918634619838,0.7614412544322025,0.7963394982706732,0.7295101518968017,phoneme,3,KNN,impute
2416,0.8682457438934124,0.8302477561292392,0.7663050394312142,0.7979683565276094,0.7382881077780321,phoneme,4,KNN,impute
2417,0.8675055514433754,0.8293752827236165,0.7655365816940438,0.7967196331263338,0.7370620563315778,phoneme,5,KNN,impute
2418,0.7746113989637305,0.71849009933649,0.6027550574016355,0.6244308386049756,0.5826097880568913,phoneme,0,SVC,impute
2419,0.7744263508512214,0.7174176100116193,0.6010710533214665,0.625753737859132,0.5794182377935527,phoneme,1,SVC,impute
2420,0.7707253886010363,0.7122292823780816,0.5936777933558759,0.6191607438679897,0.5706100679337456,phoneme,2,SVC,impute
2421,0.7727609178386381,0.7151485489703525,0.5973261309237132,0.6218005289963314,0.5756621631936494,phoneme,3,SVC,impute
2422,0.7723908216136195,0.7133950637729924,0.5948976294490224,0.6227475373626816,0.5705878050021627,phoneme,4,SVC,impute
2423,0.7729459659511473,0.7150912176879849,0.5978058808570815,0.6232736950490674,0.5750244892247411,phoneme,5,SVC,impute
2424,0.7498149518874907,0.6668445375180196,0.5221393396735311,0.5939674315925527,0.4659615678192504,phoneme,0,LR,impute
2425,0.7496299037749814,0.6656018398638859,0.5201036102661664,0.5962135461280392,0.4621689184031753,phoneme,1,LR,impute
2426,0.7501850481125092,0.666191589920079,0.5208621976102686,0.5957173625253663,0.462817723837875,phoneme,2,LR,impute
2427,0.75,0.6662411354599425,0.5203719960213113,0.5950112032444825,0.4634379055033967,phoneme,3,LR,impute
2428,0.7494448556624722,0.6650902043241788,0.5187025687987226,0.5941839893852278,0.4608808487901687,phoneme,4,LR,impute
2429,0.750740192450037,0.6678612557659709,0.5236990903016725,0.5965805017981362,0.4672082919878889,phoneme,5,LR,impute
2430,0.7627683197631384,0.7519460232837596,0.6422288913603276,0.5761349021212538,0.7257413556217083,phoneme,0,NB,impute
2431,0.7633234641006661,0.7530656428304447,0.6436726964417909,0.5770628286959685,0.7282379843777829,phoneme,1,NB,impute
2432,0.7631384159881569,0.7521994159489351,0.642707622522102,0.5769375182562686,0.7257190926901255,phoneme,2,NB,impute
2433,0.764618800888231,0.7545397118677928,0.6453921726006969,0.5785140737419875,0.7301335139811209,phoneme,3,NB,impute
2434,0.7629533678756477,0.7518847164778951,0.6424896698532102,0.5769701825951825,0.7250957306058061,phoneme,4,NB,impute
2435,0.7612879348630645,0.7507089045422675,0.6410555640539922,0.5751506098768474,0.7250877795588123,phoneme,5,NB,impute
2436,0.8578830495928941,0.8292041121629347,0.7583682200078814,0.7570451022835076,0.7597670661272675,phoneme,0,DT,impute
2437,0.8501110288675056,0.8165040411526625,0.7420334311057444,0.7495596651457025,0.7351585756812457,phoneme,1,DT,impute
2438,0.845299777942265,0.8132898600244748,0.7364315917623229,0.7375646980850437,0.7358010202783503,phoneme,2,DT,impute
2439,0.8545521835677277,0.8174550229276809,0.7458760958514434,0.7657914494235665,0.727625753759255,phoneme,3,DT,impute
2440,0.8502960769800147,0.8160903101228223,0.7418451806910416,0.7508407746791108,0.7332837188000916,phoneme,4,DT,impute
2441,0.865099925980755,0.8346940692323139,0.7679598127659013,0.7754789598411155,0.761056725949673,phoneme,5,DT,impute
2442,0.9002590673575128,0.8741191338138232,0.8266740058829308,0.8432895471647205,0.8108366409688827,phoneme,0,RF,impute
2443,0.8997039230199853,0.8729955139550368,0.8256120048501585,0.8438197115848886,0.8083257003282192,phoneme,1,RF,impute
2444,0.9035899333826796,0.8796074393306477,0.8334046605163414,0.8457732409163454,0.8215514718978195,phoneme,2,RF,impute
2445,0.9000740192450036,0.8728993041028774,0.825746341619712,0.8456974024739352,0.8070853369971758,phoneme,3,RF,impute
2446,0.8976683937823835,0.8711680649343507,0.822030193761071,0.8383923556887428,0.8070328600870162,phoneme,4,RF,impute
2447,0.9026646928201332,0.8763818045790637,0.8305257529474552,0.8492247150709028,0.8127417118286135,phoneme,5,RF,impute
2448,0.975,0.975,0.9750056489344784,0.975555594544704,0.975,mfeat_pixel,0,KNN,impute
2449,0.976,0.976,0.976034219266728,0.976693877548017,0.976,mfeat_pixel,1,KNN,impute
2450,0.976,0.976,0.9760583580560912,0.9768156973249206,0.976,mfeat_pixel,2,KNN,impute
2451,0.9765,0.9765,0.9765020132576824,0.97711162093849,0.9765,mfeat_pixel,3,KNN,impute
2452,0.9705,0.9705,0.970565226407302,0.9711946723454952,0.9705,mfeat_pixel,4,KNN,impute
2453,0.9735,0.9735,0.973505215056322,0.9741387791419396,0.9735,mfeat_pixel,5,KNN,impute
2454,0.9735,0.9735,0.9735081757523484,0.9741949989357136,0.9735,mfeat_pixel,0,SVC,impute
2455,0.9685,0.9685,0.96861361792788,0.969871810456098,0.9685,mfeat_pixel,1,SVC,impute
2456,0.9765,0.9765,0.9765411222052344,0.9771330805907268,0.9765,mfeat_pixel,2,SVC,impute
2457,0.9735,0.9735,0.973524976248668,0.9741811674398572,0.9735,mfeat_pixel,3,SVC,impute
2458,0.97,0.97,0.9700101357857164,0.9708567250854688,0.97,mfeat_pixel,4,SVC,impute
2459,0.973,0.973,0.9730135016682628,0.9733991106158638,0.973,mfeat_pixel,5,SVC,impute
2460,0.965,0.965,0.9650266421864888,0.9659108348837372,0.965,mfeat_pixel,0,LR,impute
2461,0.9615,0.9615,0.961572850649853,0.9625123033517512,0.9615,mfeat_pixel,1,LR,impute
2462,0.9655,0.9655,0.965592270271145,0.9662871127486632,0.9655,mfeat_pixel,2,LR,impute
2463,0.965,0.965,0.965009396645872,0.9656684278526202,0.965,mfeat_pixel,3,LR,impute
2464,0.968,0.968,0.9680386274716772,0.9689579867505782,0.968,mfeat_pixel,4,LR,impute
2465,0.969,0.969,0.9690396148858584,0.9693694439314188,0.969,mfeat_pixel,5,LR,impute
2466,0.92,0.92,0.9201790704395468,0.9235824133735572,0.92,mfeat_pixel,0,NB,impute
2467,0.921,0.921,0.921536781667548,0.9251342223311644,0.921,mfeat_pixel,1,NB,impute
2468,0.917,0.917,0.91722669008587,0.9206419996767397,0.917,mfeat_pixel,2,NB,impute
2469,0.923,0.923,0.9232647020672872,0.9257885714454857,0.923,mfeat_pixel,3,NB,impute
2470,0.9215,0.9215,0.9216972906942812,0.924706684918778,0.9215,mfeat_pixel,4,NB,impute
2471,0.9265,0.9265,0.9269749808126724,0.9298525989849168,0.9265,mfeat_pixel,5,NB,impute
2472,0.867,0.867,0.8667423470574911,0.8698805710482793,0.867,mfeat_pixel,0,DT,impute
2473,0.8694999999999999,0.8694999999999999,0.8696484364344014,0.8735059213114192,0.8694999999999999,mfeat_pixel,1,DT,impute
2474,0.854,0.8540000000000001,0.8537496127480788,0.8575108914161254,0.8540000000000001,mfeat_pixel,2,DT,impute
2475,0.864,0.8640000000000001,0.8641522310929806,0.8681255397591229,0.8640000000000001,mfeat_pixel,3,DT,impute
2476,0.868,0.8680000000000001,0.8673169036824715,0.8694438703503189,0.8680000000000001,mfeat_pixel,4,DT,impute
2477,0.8655,0.8655,0.8655946323614666,0.8681379369555988,0.8655,mfeat_pixel,5,DT,impute
2478,0.9775,0.9775,0.9775258025972866,0.9780745817527758,0.9775,mfeat_pixel,0,RF,impute
2479,0.9755,0.9755,0.9755503659789436,0.9760963597952558,0.9755,mfeat_pixel,1,RF,impute
2480,0.975,0.975,0.9750054711409016,0.9755648288444172,0.975,mfeat_pixel,2,RF,impute
2481,0.9755,0.9755,0.9755105819694804,0.9760746897056752,0.9755,mfeat_pixel,3,RF,impute
2482,0.9745,0.9745,0.9744890929723956,0.975102794779641,0.9745,mfeat_pixel,4,RF,impute
2483,0.9745,0.9745,0.9745219280621852,0.9752777345537472,0.9745,mfeat_pixel,5,RF,impute
2484,0.8466037735849057,0.8460701405297848,0.8309333176490687,0.8213249624645402,0.8409090909090909,banana,0,KNN,impute
2485,0.8458490566037735,0.8451889506096072,0.829879026782502,0.82188428002145,0.8388047138047139,banana,1,KNN,impute
2486,0.8409433962264151,0.8404274735499085,0.8248559447352724,0.814590815454336,0.8354377104377104,banana,2,KNN,impute
2487,0.841132075471698,0.840677350338773,0.8251446233723781,0.8148254420443559,0.8362794612794613,banana,3,KNN,impute
2488,0.8401886792452831,0.8399801134924254,0.8245251223804932,0.8119632051365209,0.837962962962963,banana,4,KNN,impute
2489,0.8430188679245283,0.8425056538941628,0.8270819417100543,0.8170766066905879,0.8375420875420876,banana,5,KNN,impute
2490,0.5516981132075471,0.5,0.0,0.0,0.0,banana,0,SVC,impute
2491,0.5516981132075471,0.5,0.0,0.0,0.0,banana,1,SVC,impute
2492,0.5516981132075471,0.5,0.0,0.0,0.0,banana,2,SVC,impute
2493,0.5516981132075471,0.5,0.0,0.0,0.0,banana,3,SVC,impute
2494,0.5516981132075471,0.5,0.0,0.0,0.0,banana,4,SVC,impute
2495,0.5516981132075471,0.5,0.0,0.0,0.0,banana,5,SVC,impute
2496,0.5792452830188679,0.5334452021353526,0.1608653059239835,0.7792810227539291,0.0904882154882154,banana,0,LR,impute
2497,0.5758490566037737,0.5307221784649966,0.163618378641257,0.7831682613716086,0.0942760942760942,banana,1,LR,impute
2498,0.5756603773584906,0.5301173499702911,0.1584418886627583,0.7521023626660206,0.0896464646464646,banana,2,LR,impute
2499,0.5815094339622642,0.5364042845232995,0.1728397526818671,0.7779602197478785,0.1001683501683501,banana,3,LR,impute
2500,0.5733962264150944,0.5284203180920007,0.1622327786564493,0.7240829346092504,0.0934343434343434,banana,4,LR,impute
2501,0.5758490566037736,0.5303672267591557,0.1576906847878491,0.7604249141416706,0.0904882154882154,banana,5,LR,impute
2502,0.6092452830188679,0.5812211835638649,0.4156669513057566,0.6308804882991923,0.3101851851851852,banana,0,NB,impute
2503,0.6047169811320755,0.5768805819250415,0.410985077302048,0.6190574227164529,0.3076599326599326,banana,1,NB,impute
2504,0.6067924528301887,0.578919323190869,0.4135841761201617,0.6240342048400378,0.3093434343434343,banana,2,NB,impute
2505,0.6032075471698113,0.5757492273395146,0.4120974864065943,0.6148914045606091,0.3101851851851852,banana,3,NB,impute
2506,0.6039622641509433,0.5761965873969979,0.4104212761702894,0.6171671264590112,0.3076599326599326,banana,4,NB,impute
2507,0.6043396226415094,0.5764202674257394,0.4095493610785837,0.6194428395445062,0.3063973063973064,banana,5,NB,impute
2508,0.8024528301886793,0.7997856471693681,0.7783189147652209,0.7829452358260206,0.773989898989899,banana,0,DT,impute
2509,0.8090566037735849,0.8063621854661527,0.7854934942908417,0.7911809601525266,0.7803030303030303,banana,1,DT,impute
2510,0.8066037735849056,0.802837713661927,0.7803962570191515,0.7950703842530241,0.7664141414141414,banana,2,DT,impute
2511,0.8130188679245284,0.8106236210716374,0.7906265088612694,0.7939169908234154,0.7874579124579124,banana,3,DT,impute
2512,0.8045283018867925,0.8008778505529532,0.7782392656452115,0.7916877014645042,0.7655723905723906,banana,4,DT,impute
2513,0.810377358490566,0.807756371282363,0.7871260572321115,0.7923749796407407,0.7824074074074074,banana,5,DT,impute
2514,0.8486792452830189,0.8473595393055038,0.8317858663659233,0.8291290832673306,0.8345959595959596,banana,0,RF,impute
2515,0.8492452830188678,0.8484246822995114,0.8332193917483935,0.8266663582387985,0.8404882154882154,banana,1,RF,impute
2516,0.8486792452830189,0.8472017829917966,0.831582715427102,0.8303359430126998,0.8329124579124579,banana,2,RF,impute
2517,0.8449056603773585,0.8438212494300046,0.8279681718526314,0.8233393441917077,0.8333333333333333,banana,3,RF,impute
2518,0.8486792452830189,0.8470045875996628,0.8310956518012677,0.8316460184706183,0.8308080808080808,banana,4,RF,impute
2519,0.8496226415094339,0.8481750933871317,0.8325995979112143,0.8311935290443968,0.8341750841750841,banana,5,RF,impute
2520,0.966,0.966,0.9658399738373756,0.9670342665228162,0.966,mfeat_factors,0,KNN,impute
2521,0.9655,0.9655,0.9653927804990714,0.966159613668475,0.9655,mfeat_factors,1,KNN,impute
2522,0.9685,0.9685,0.9684687528559042,0.9690390952512892,0.9685,mfeat_factors,2,KNN,impute
2523,0.968,0.968,0.9680008980102216,0.9690239500674912,0.968,mfeat_factors,3,KNN,impute
2524,0.965,0.965,0.9648753868602772,0.9656405629906482,0.965,mfeat_factors,4,KNN,impute
2525,0.9675,0.9675,0.9674786019497906,0.9681973517035216,0.9675,mfeat_factors,5,KNN,impute
2526,0.98,0.98,0.9799723614042356,0.9803987052287452,0.98,mfeat_factors,0,SVC,impute
2527,0.9775,0.9775,0.977413343463404,0.9780876434973164,0.9775,mfeat_factors,1,SVC,impute
2528,0.9775,0.9775,0.977564983771146,0.9781472276599604,0.9775,mfeat_factors,2,SVC,impute
2529,0.9765,0.9765,0.9764374355288534,0.9769734953024536,0.9765,mfeat_factors,3,SVC,impute
2530,0.9735,0.9735,0.9735018431322936,0.9739307011423868,0.9735,mfeat_factors,4,SVC,impute
2531,0.975,0.975,0.9750167466533308,0.975643450404046,0.975,mfeat_factors,5,SVC,impute
2532,0.977,0.977,0.9769956712728532,0.977523927539892,0.977,mfeat_factors,0,LR,impute
2533,0.9745,0.9745,0.9745384040723846,0.97548397235476,0.9745,mfeat_factors,1,LR,impute
2534,0.977,0.977,0.9770358689965184,0.9775663881035286,0.977,mfeat_factors,2,LR,impute
2535,0.9735,0.9735,0.9734910074310872,0.9740270867186388,0.9735,mfeat_factors,3,LR,impute
2536,0.9745,0.9745,0.9744838635481412,0.9748745536676208,0.9745,mfeat_factors,4,LR,impute
2537,0.9775,0.9775,0.9775420242340778,0.978030903427328,0.9775,mfeat_factors,5,LR,impute
2538,0.9275,0.9275,0.9274005092786266,0.9298619114774844,0.9275,mfeat_factors,0,NB,impute
2539,0.924,0.924,0.924169964943677,0.926904692180332,0.924,mfeat_factors,1,NB,impute
2540,0.9205,0.9205,0.9205442138382968,0.9232188198949086,0.9205,mfeat_factors,2,NB,impute
2541,0.927,0.927,0.9270186200920756,0.929537070963464,0.927,mfeat_factors,3,NB,impute
2542,0.9285,0.9285,0.9285231919792356,0.931360917352128,0.9285,mfeat_factors,4,NB,impute
2543,0.9215,0.9215,0.9216663011781212,0.9246831271981388,0.9215,mfeat_factors,5,NB,impute
2544,0.8825,0.8825000000000001,0.8826012069538889,0.8852631188406974,0.8825000000000001,mfeat_factors,0,DT,impute
2545,0.8855,0.8855,0.8854314334323987,0.8876572968873284,0.8855,mfeat_factors,1,DT,impute
2546,0.883,0.883,0.8829928137498071,0.8856693852530837,0.883,mfeat_factors,2,DT,impute
2547,0.8795,0.8795,0.8794146850320124,0.8812989177008461,0.8795,mfeat_factors,3,DT,impute
2548,0.8985000000000001,0.8985000000000001,0.8985161843119651,0.8999815014988801,0.8985000000000001,mfeat_factors,4,DT,impute
2549,0.888,0.8879999999999999,0.8874766446626038,0.8895991113945111,0.8879999999999999,mfeat_factors,5,DT,impute
2550,0.9665,0.9665,0.9666302385747068,0.9679264166978176,0.9665,mfeat_factors,0,RF,impute
2551,0.9635,0.9635,0.9635901958228164,0.964587454159882,0.9635,mfeat_factors,1,RF,impute
2552,0.9695,0.9695,0.9695615461891438,0.9703240994891632,0.9695,mfeat_factors,2,RF,impute
2553,0.964,0.964,0.9639286690855488,0.9646319763736224,0.964,mfeat_factors,3,RF,impute
2554,0.9655,0.9655,0.9654787744433116,0.9661788965068706,0.9655,mfeat_factors,4,RF,impute
2555,0.9655,0.9655,0.9655096544595576,0.9662142389397802,0.9655,mfeat_factors,5,RF,impute
2556,0.9078479960714692,0.90043363763533,0.8808640738760367,0.8969992889470673,0.8654296856006457,spambase,0,KNN,impute
2557,0.9030650096324556,0.8950397923801567,0.8744625387709745,0.8930802469754981,0.857152755492021,spambase,1,KNN,impute
2558,0.9056755940014356,0.8985387768402773,0.8784607395500512,0.892805318305443,0.8648680845270394,spambase,2,KNN,impute
2559,0.907409813772523,0.9005439691361934,0.880697359707466,0.8937499098654584,0.8681611090040942,spambase,3,KNN,impute
2560,0.9061084878933252,0.8981246716084574,0.8784625792465349,0.8974004192249616,0.8604530734895119,spambase,4,KNN,impute
2561,0.9058884523854492,0.897941684819545,0.8781505050731101,0.89661186301431,0.8604457799690755,spambase,5,KNN,impute
2562,0.9295827824575984,0.923668991294055,0.9092534375791544,0.923226255397236,0.8957597903355992,spambase,0,SVC,impute
2563,0.9252334453971972,0.9193081898442188,0.9039099829495186,0.9174310139067998,0.8913423481245928,spambase,1,SVC,impute
2564,0.9304495145997808,0.924953784508345,0.9106053918143688,0.922993330836478,0.8990467368789568,spambase,2,SVC,impute
2565,0.926970687115174,0.9204458220698843,0.9054615816735166,0.922187581211096,0.889672131944647,spambase,3,SVC,impute
2566,0.9289290975711102,0.9222585487907636,0.9080544627151208,0.9264599343394888,0.8907868249846835,spambase,4,SVC,impute
2567,0.9276255052317456,0.9211861553788154,0.9065583594404282,0.9229043446144988,0.8907941185051201,spambase,5,SVC,impute
2568,0.9265398708117704,0.9196163070741344,0.9048166227696268,0.9235653385285738,0.8869370617809804,spambase,0,LR,impute
2569,0.9237126506251652,0.9164124642838988,0.901170056444454,0.9216401044571412,0.8819640964300648,spambase,1,LR,impute
2570,0.9261014996411436,0.9198220211494096,0.9046823272094668,0.9202512280235782,0.8902179303906409,spambase,2,LR,impute
2571,0.9232748460695804,0.9157560884292508,0.9002306577556509,0.921376732751168,0.8802926646633797,spambase,3,LR,impute
2572,0.9265370377365618,0.9190300323801612,0.9045227004567968,0.9269929648733528,0.8836124320487013,spambase,4,LR,impute
2573,0.9221909114947304,0.9148685051863245,0.8992120028353152,0.918996296103498,0.8803108984644707,spambase,5,LR,impute
2574,0.8113455218524535,0.8356554310106425,0.798788668437791,0.688990956615311,0.9503639466697784,spambase,0,NB,impute
2575,0.8096079023911155,0.8347018782067335,0.7977742678994458,0.686011083630133,0.9531196818080152,spambase,1,NB,impute
2576,0.8133010992331811,0.8379420316367314,0.8012137969080465,0.690608968345594,0.9542197878071788,spambase,2,NB,impute
2577,0.8150387186945189,0.8391829477506149,0.802429391349179,0.6929069975231759,0.9531148194610576,spambase,3,NB,impute
2578,0.8143890001133229,0.839034967069354,0.8022438873216047,0.6915339436735463,0.9553296185002578,spambase,4,NB,impute
2579,0.8126511917803044,0.8373098445629759,0.800510724607562,0.689864246894133,0.9536727737744456,spambase,5,NB,impute
2580,0.9093672798700564,0.9051543957702352,0.8849513557820834,0.8849857060872475,0.8852729235347316,spambase,0,DT,impute
2581,0.9041517772825144,0.8999881451516463,0.8786177778558909,0.8771655091613106,0.8803206231583861,spambase,1,DT,impute
2582,0.9021958221584256,0.8992343514432108,0.8771872795525807,0.8695282002764796,0.8852692767745136,spambase,2,DT,impute
2583,0.9108873191553658,0.9082396708926392,0.888089666652941,0.8810327822459143,0.8957476344682052,spambase,3,DT,impute
2584,0.908716428058777,0.90462063023774,0.8842684075768374,0.8833670984787438,0.8852814326419076,spambase,4,DT,impute
2585,0.9098016847353908,0.9078283927284012,0.8870926514075856,0.8760497359426977,0.8985118787136175,spambase,5,DT,impute
2586,0.950880519774865,0.9456787126185104,0.9365534246262694,0.952668303106318,0.9211278700002916,spambase,0,RF,impute
2587,0.949577494050542,0.9443189558965877,0.9349075724174608,0.951093946000386,0.9194843967286128,spambase,1,RF,impute
2588,0.9497931855097644,0.9444891790247364,0.9352043703445148,0.9515253794966578,0.9194661629275218,spambase,2,RF,impute
2589,0.9526177614928416,0.9477847576291654,0.9389698588290843,0.9535406223810076,0.9249812799642132,spambase,3,RF,impute
2590,0.9504444150644052,0.9450290224909288,0.9360113227489816,0.953337751668937,0.91946980968774,spambase,4,RF,impute
2591,0.9524015034185774,0.9476084565673196,0.9387215450236484,0.9528812315916828,0.9249873578979102,spambase,5,RF,impute
2592,0.5115511551155115,0.5114913733008017,0.534211287355867,0.5101330191044406,0.5609424015336354,Hill_Valley_with_noise,0,KNN,impute
2593,0.5165016501650165,0.5165181683513419,0.5378191328177891,0.5151682750684237,0.5626960613454165,Hill_Valley_with_noise,1,KNN,impute
2594,0.5115511551155115,0.5115512809341234,0.5310027897634448,0.5100028510184471,0.5544179156500523,Hill_Valley_with_noise,2,KNN,impute
2595,0.5033003300330032,0.5032459044963402,0.5103738239405244,0.5020379928524448,0.5196823806204253,Hill_Valley_with_noise,3,KNN,impute
2596,0.4958745874587459,0.4958718194492855,0.515528575983683,0.497373336467068,0.5363475949808295,Hill_Valley_with_noise,4,KNN,impute
2597,0.5107260726072608,0.5107343586615545,0.5370918446853961,0.509711086709782,0.5676847333565702,Hill_Valley_with_noise,5,KNN,impute
2598,0.6072607260726073,0.6072891251307075,0.3648509385351491,0.9419225397054752,0.22776882188916,Hill_Valley_with_noise,0,SVC,impute
2599,0.5998349834983498,0.5998006709654933,0.3436353504427695,0.9445869990224828,0.2111580690135935,Hill_Valley_with_noise,1,SVC,impute
2600,0.599009900990099,0.5990164255838271,0.3399080431435275,0.9529654654654656,0.2079121645172534,Hill_Valley_with_noise,2,SVC,impute
2601,0.5965346534653465,0.5965275357267341,0.3375015468765469,0.9418067226890756,0.2062456430812129,Hill_Valley_with_noise,3,SVC,impute
2602,0.6006600660066006,0.6006230393865457,0.348958610832636,0.9458478513356562,0.2144802195887068,Hill_Valley_with_noise,4,SVC,impute
2603,0.6039603960396039,0.6039996514464971,0.3516992083526523,0.9598976608187134,0.2162556639944231,Hill_Valley_with_noise,5,SVC,impute
2604,0.6947194719471947,0.6947433774834437,0.5723284433127747,0.9499662668665668,0.4109119031021262,Hill_Valley_with_noise,0,LR,impute
2605,0.6905940594059405,0.6905008278145696,0.5606888512693645,0.94654386590115,0.4024594806552806,Hill_Valley_with_noise,1,LR,impute
2606,0.6988448844884488,0.6988770041826421,0.5803660637381568,0.954646610896611,0.41752352736145,Hill_Valley_with_noise,2,LR,impute
2607,0.6872937293729373,0.6872440310212617,0.5581280896826998,0.9501196681389684,0.395945887068665,Hill_Valley_with_noise,3,LR,impute
2608,0.6955445544554456,0.6955112844196584,0.5708526749815316,0.9526150864138824,0.4108574416172882,Hill_Valley_with_noise,4,LR,impute
2609,0.6905940594059407,0.6906315353781807,0.5604006136067505,0.9628304085851256,0.3961201638201464,Hill_Valley_with_noise,5,LR,impute
2610,0.4892739273927392,0.4899464098989194,0.3259150617053104,0.5036994428808653,0.324034942488672,Hill_Valley_with_noise,0,NB,impute
2611,0.5074257425742574,0.5075320233530847,0.2966688615903928,0.5138390065219334,0.2113214534681073,Hill_Valley_with_noise,1,NB,impute
2612,0.495049504950495,0.4944013593586615,0.3419495684233321,0.4993865453542873,0.3476058731265249,Hill_Valley_with_noise,2,NB,impute
2613,0.504950495049505,0.5055931944928547,0.3493620619825696,0.530758621459841,0.3471266120599512,Hill_Valley_with_noise,3,NB,impute
2614,0.5173267326732673,0.5171825984663645,0.2785159699759981,0.559705598799455,0.1896348902056465,Hill_Valley_with_noise,4,NB,impute
2615,0.4909240924092409,0.492239238410596,0.4254816316616377,0.5078864022156705,0.5210657023353085,Hill_Valley_with_noise,5,NB,impute
2616,0.5594059405940595,0.5594011415127222,0.56062144478912,0.5587115950414137,0.5626960613454166,Hill_Valley_with_noise,0,DT,impute
2617,0.5321782178217822,0.5321595067967932,0.541086216027065,0.5302572445498704,0.5527949634018822,Hill_Valley_with_noise,1,DT,impute
2618,0.5536303630363036,0.5536064395259672,0.5517001307114244,0.5540756053947001,0.5494401359358662,Hill_Valley_with_noise,2,DT,impute
2619,0.5396039603960395,0.5395717148832346,0.5479926619842682,0.5373912862419365,0.5592976646915301,Hill_Valley_with_noise,3,DT,impute
2620,0.5214521452145214,0.521446932729174,0.5322652639230347,0.5194547630122062,0.5461615545486231,Hill_Valley_with_noise,4,DT,impute
2621,0.5371287128712872,0.5370283635413036,0.5417051017691421,0.5351957915880443,0.5493638898570931,Hill_Valley_with_noise,5,DT,impute
2622,0.5585808580858086,0.5585079731613802,0.56741196018711,0.5552124151442352,0.5807010282328338,Hill_Valley_with_noise,0,RF,impute
2623,0.5742574257425742,0.574165650052283,0.5715025292770657,0.574841869515898,0.569209654932032,Hill_Valley_with_noise,1,RF,impute
2624,0.5734323432343233,0.5735447891251306,0.5869800894938924,0.5706671042646665,0.6056552805855698,Hill_Valley_with_noise,2,RF,impute
2625,0.5561056105610561,0.5560408678982223,0.5511343911163417,0.5554778834498492,0.5477518299058906,Hill_Valley_with_noise,3,RF,impute
2626,0.5709570957095709,0.5710123300801673,0.5803704198885145,0.5681835733841124,0.5957759672359707,Hill_Valley_with_noise,4,RF,impute
2627,0.5536303630363035,0.5535574241896131,0.5570015593113861,0.5530178773530178,0.5626633844545138,Hill_Valley_with_noise,5,RF,impute
2628,0.5577557755775577,0.5577450980392157,0.5609311740890689,0.5632823915521475,0.5588235294117647,Hill_Valley_without_noise,0,KNN,impute
2629,0.5552805280528053,0.5552124183006536,0.5604729239816791,0.5593372122384865,0.5620915032679739,Hill_Valley_without_noise,1,KNN,impute
2630,0.5387788778877888,0.5384967320261438,0.5534667037388064,0.5407732198013466,0.5669934640522876,Hill_Valley_without_noise,2,KNN,impute
2631,0.5585808580858086,0.558562091503268,0.5613360980603952,0.5636394857964085,0.5604575163398693,Hill_Valley_without_noise,3,KNN,impute
2632,0.5552805280528053,0.5548856209150327,0.5740881488150598,0.5558804114598891,0.5947712418300654,Hill_Valley_without_noise,4,KNN,impute
2633,0.5486798679867987,0.5485130718954249,0.5581650942362214,0.5516747506658173,0.565359477124183,Hill_Valley_without_noise,5,KNN,impute
2634,0.5882838283828383,0.5842647058823529,0.7084878514821664,0.5516236324963811,0.9901960784313726,Hill_Valley_without_noise,0,SVC,impute
2635,0.5899339933993399,0.5858986928104576,0.7099401286273931,0.5523655041567518,0.9934640522875816,Hill_Valley_without_noise,1,SVC,impute
2636,0.5899339933993399,0.5859150326797387,0.7097172438192926,0.5526642824246455,0.9918300653594772,Hill_Valley_without_noise,2,SVC,impute
2637,0.5882838283828383,0.5842320261437909,0.7090814639106958,0.5513002966608658,0.9934640522875816,Hill_Valley_without_noise,3,SVC,impute
2638,0.5891089108910892,0.5850653594771242,0.7094567367983895,0.5517375284162287,0.9934640522875816,Hill_Valley_without_noise,4,SVC,impute
2639,0.5866336633663366,0.5825816993464052,0.7078897063488534,0.550352498942532,0.9918300653594772,Hill_Valley_without_noise,5,SVC,impute
2640,0.6625412541254125,0.6593464052287581,0.7464556893165047,0.6021384814903697,0.9820261437908496,Hill_Valley_without_noise,0,LR,impute
2641,0.6691419141914191,0.6659313725490196,0.751695224288123,0.6061000930056603,0.9901960784313726,Hill_Valley_without_noise,1,LR,impute
2642,0.6658415841584159,0.6625980392156863,0.749853555590698,0.6036172648555179,0.9901960784313726,Hill_Valley_without_noise,2,LR,impute
2643,0.6617161716171618,0.6584477124183007,0.7469265020903381,0.6002276887069911,0.988562091503268,Hill_Valley_without_noise,3,LR,impute
2644,0.6658415841584158,0.6625980392156864,0.7495515601003179,0.6030110734675952,0.9901960784313726,Hill_Valley_without_noise,4,LR,impute
2645,0.6633663366336634,0.6600980392156863,0.7482139124791969,0.60132222473462,0.9901960784313726,Hill_Valley_without_noise,5,LR,impute
2646,0.5181518151815181,0.5145261437908497,0.6486021551214913,0.5134301026295571,0.880718954248366,Hill_Valley_without_noise,0,NB,impute
2647,0.4909240924092409,0.4891830065359477,0.5085984393943335,0.4636024726640678,0.6650326797385621,Hill_Valley_without_noise,1,NB,impute
2648,0.4958745874587458,0.4940849673202614,0.5131442902369823,0.4683363366868954,0.6748366013071896,Hill_Valley_without_noise,2,NB,impute
2649,0.5148514851485148,0.5112091503267974,0.6466413532835156,0.5114832812680782,0.8790849673202614,Hill_Valley_without_noise,3,NB,impute
2650,0.5008250825082509,0.4991339869281045,0.5097129880913963,0.4742868843059682,0.6699346405228759,Hill_Valley_without_noise,4,NB,impute
2651,0.5008250825082509,0.4990359477124183,0.5162826356210779,0.4784351444941673,0.6797385620915033,Hill_Valley_without_noise,5,NB,impute
2652,0.5882838283828382,0.5880228758169934,0.5999617947307293,0.5873122744314797,0.6143790849673203,Hill_Valley_without_noise,0,DT,impute
2653,0.5907590759075908,0.5908333333333333,0.5897095056071513,0.59670987651643,0.5833333333333334,Hill_Valley_without_noise,1,DT,impute
2654,0.5808580858085808,0.5804248366013072,0.6002053243475064,0.5787810076695887,0.6241830065359477,Hill_Valley_without_noise,2,DT,impute
2655,0.5891089108910892,0.5890686274509803,0.5929249873259803,0.5938692789119571,0.5931372549019607,Hill_Valley_without_noise,3,DT,impute
2656,0.5693069306930694,0.5686437908496732,0.5977431817877388,0.5649101345246744,0.6356209150326797,Hill_Valley_without_noise,4,DT,impute
2657,0.5775577557755776,0.5771732026143791,0.5948154426225132,0.5767998855077507,0.6160130718954249,Hill_Valley_without_noise,5,DT,impute
2658,0.5957095709570958,0.5956372549019608,0.6010703759405425,0.5993342356356934,0.6029411764705882,Hill_Valley_without_noise,0,RF,impute
2659,0.6179867986798679,0.6177777777777778,0.6275067828542349,0.6172171711054977,0.6388888888888888,Hill_Valley_without_noise,1,RF,impute
2660,0.6023102310231023,0.6020588235294118,0.6144223787699462,0.6022959125763323,0.6274509803921569,Hill_Valley_without_noise,2,RF,impute
2661,0.5915841584158416,0.5913562091503268,0.6029540947805777,0.5921405795931547,0.6143790849673203,Hill_Valley_without_noise,3,RF,impute
2662,0.6097359735973598,0.6093954248366014,0.624670221324434,0.6073748466577924,0.6437908496732027,Hill_Valley_without_noise,4,RF,impute
2663,0.6072607260726073,0.6069281045751633,0.6219921585112314,0.6052537370264737,0.6405228758169935,Hill_Valley_without_noise,5,RF,impute
2664,0.7706,0.7709218551560859,0.7705320679952264,0.7709847509189269,0.7709218551560859,waveform_40,0,KNN,impute
2665,0.7672,0.7674745386080621,0.7672150818529909,0.7673415166440074,0.7674745386080621,waveform_40,1,KNN,impute
2666,0.7674,0.7676671576975753,0.7673772771240387,0.7673982112265957,0.7676671576975753,waveform_40,2,KNN,impute
2667,0.7738,0.7740877663618692,0.7737112689934588,0.7742313567597403,0.7740877663618692,waveform_40,3,KNN,impute
2668,0.768,0.7682829995542644,0.7678890699755656,0.7681681627053794,0.7682829995542644,waveform_40,4,KNN,impute
2669,0.7762,0.7764958419993776,0.7761382666738492,0.7764330736858682,0.7764958419993776,waveform_40,5,KNN,impute
2670,0.8626,0.8628559756321245,0.8624834534334541,0.863148838689561,0.8628559756321245,waveform_40,0,SVC,impute
2671,0.8618,0.8620644693137206,0.8616569563570734,0.8623302351742942,0.8620644693137206,waveform_40,1,SVC,impute
2672,0.8628,0.8630204614462755,0.8627452583728188,0.8634674225074228,0.8630204614462755,waveform_40,2,SVC,impute
2673,0.8614,0.8616903060842289,0.861325906248936,0.8621590804173623,0.8616903060842289,waveform_40,3,SVC,impute
2674,0.8632000000000001,0.8634176041590708,0.8631996497023087,0.8634595539914426,0.8634176041590708,waveform_40,4,SVC,impute
2675,0.8615999999999999,0.861884491013985,0.8614782036879765,0.8620604098659713,0.861884491013985,waveform_40,5,SVC,impute
2676,0.8666,0.8667966770339809,0.8665653998154453,0.866992996287763,0.8667966770339809,waveform_40,0,LR,impute
2677,0.8676,0.8677952475773859,0.8675642407171048,0.8677453124823289,0.8677952475773859,waveform_40,1,LR,impute
2678,0.8642,0.8643739073857137,0.8642243301002949,0.8646498021878207,0.8643739073857137,waveform_40,2,LR,impute
2679,0.8676,0.867800785052153,0.8675991709880909,0.8679713064733579,0.867800785052153,waveform_40,3,LR,impute
2680,0.8664000000000001,0.8666188556532556,0.8663681467761678,0.8666559185783412,0.8666188556532556,waveform_40,4,LR,impute
2681,0.8672,0.8674012365450771,0.8671780771412003,0.8673471852346588,0.8674012365450771,waveform_40,5,LR,impute
2682,0.8018,0.8038669161060543,0.7907151607529375,0.83545961166016,0.8038669161060543,waveform_40,0,NB,impute
2683,0.8012,0.803299750104341,0.7896064781322476,0.8344918146789843,0.803299750104341,waveform_40,1,NB,impute
2684,0.8,0.8020861720668868,0.788589025513353,0.8337382634915208,0.8020861720668868,waveform_40,2,NB,impute
2685,0.7996000000000001,0.8016871109405487,0.7883066136856292,0.8331915520949739,0.8016871109405487,waveform_40,3,NB,impute
2686,0.8002,0.8022895135326343,0.788883128831257,0.833652394007099,0.8022895135326343,waveform_40,4,NB,impute
2687,0.7988000000000001,0.8009105786175825,0.7869399347593518,0.8332031135173344,0.8009105786175825,waveform_40,5,NB,impute
2688,0.7314,0.7315656739115087,0.7316028364364361,0.7323666157987541,0.7315656739115087,waveform_40,0,DT,impute
2689,0.741,0.7411724252671116,0.7412771033233609,0.7419764653887037,0.7411724252671116,waveform_40,1,DT,impute
2690,0.7428,0.7428721500359501,0.7430258421237208,0.744012280044554,0.7428721500359501,waveform_40,2,DT,impute
2691,0.7414000000000001,0.7416389627011463,0.7415336837282414,0.7421749335353967,0.7416389627011463,waveform_40,3,DT,impute
2692,0.7467999999999999,0.7468903553449406,0.7471119648073808,0.7479000888288271,0.7468903553449406,waveform_40,4,DT,impute
2693,0.7438,0.7438676200082777,0.744046792920373,0.7444601823760366,0.7438676200082777,waveform_40,5,DT,impute
2694,0.8519999999999999,0.8524999541654711,0.8515195867476898,0.8536758750769885,0.8524999541654711,waveform_40,0,RF,impute
2695,0.853,0.8534861639037777,0.852572395385821,0.8540374132781697,0.8534861639037777,waveform_40,1,RF,impute
2696,0.8568,0.8573172564886139,0.8563420460382196,0.8583139340203928,0.8573172564886139,waveform_40,2,RF,impute
2697,0.8486,0.849153297294535,0.8480865067274157,0.8506201870837676,0.849153297294535,waveform_40,3,RF,impute
2698,0.8492,0.8497159005829571,0.8487617330176561,0.8505780190658732,0.8497159005829571,waveform_40,4,RF,impute
2699,0.8539999999999999,0.8545250211315846,0.8535555957766091,0.8558080418482653,0.8545250211315846,waveform_40,5,RF,impute
2700,0.8171999999999999,0.8169282261683571,0.8161187752328535,0.8173070292100462,0.8169282261683571,waveform_21,0,KNN,impute
2701,0.8084,0.8081226975471278,0.8072394031844536,0.8085721685857107,0.8081226975471278,waveform_21,1,KNN,impute
2702,0.8074,0.8071923242043408,0.8064742847633337,0.8073174582986092,0.8071923242043408,waveform_21,2,KNN,impute
2703,0.8116000000000001,0.8113711348545903,0.8108273535027574,0.8119169297262909,0.8113711348545903,waveform_21,3,KNN,impute
2704,0.8124,0.8122282162195433,0.8115382933276428,0.8129107957045494,0.8122282162195433,waveform_21,4,KNN,impute
2705,0.8064,0.8061968256380909,0.8054330872362092,0.8064419396115083,0.8061968256380909,waveform_21,5,KNN,impute
2706,0.8665999999999999,0.8663976604114199,0.8661443542138318,0.8668735213734158,0.8663976604114199,waveform_21,0,SVC,impute
2707,0.8654000000000001,0.8651935628725643,0.8649569001886714,0.8653666818574481,0.8651935628725643,waveform_21,1,SVC,impute
2708,0.8644000000000001,0.8641987507610819,0.8639966199977255,0.8643404051573962,0.8641987507610819,waveform_21,2,SVC,impute
2709,0.8696,0.8693804105102013,0.8691438026487172,0.8695661672900207,0.8693804105102013,waveform_21,3,SVC,impute
2710,0.8672,0.866991906305963,0.8667531772892165,0.8672535007133692,0.866991906305963,waveform_21,4,SVC,impute
2711,0.8662,0.8659843211183431,0.865721509554226,0.8661496294891278,0.8659843211183431,waveform_21,5,SVC,impute
2712,0.8694,0.8692149908724353,0.86901177379929,0.8696853224685105,0.8692149908724353,waveform_21,0,LR,impute
2713,0.868,0.8677971293268444,0.8676877734008839,0.8679828480384724,0.8677971293268444,waveform_21,1,LR,impute
2714,0.8666,0.8664346009620212,0.8662997695801397,0.8666297889598322,0.8664346009620212,waveform_21,2,LR,impute
2715,0.8678,0.8676311155769789,0.8675090032502886,0.8676739799378759,0.8676311155769789,waveform_21,3,LR,impute
2716,0.8692,0.8690373969300655,0.8689061610576335,0.869245712713005,0.8690373969300655,waveform_21,4,LR,impute
2717,0.8668,0.8666207799706824,0.8664701683574042,0.8667103748345163,0.8666207799706824,waveform_21,5,LR,impute
2718,0.8072,0.8063781451377917,0.7947930607678342,0.8391667800200193,0.8063781451377917,waveform_21,0,NB,impute
2719,0.8089999999999999,0.8081816996391636,0.7968493396094222,0.840762702890903,0.8081816996391636,waveform_21,1,NB,impute
2720,0.8082,0.8073636212184443,0.7956596398912943,0.8406248075760657,0.8073636212184443,waveform_21,2,NB,impute
2721,0.8088000000000001,0.8079545889372398,0.7962893108162737,0.8405632056543432,0.8079545889372398,waveform_21,3,NB,impute
2722,0.8066,0.8057688883032452,0.7941175999240332,0.8389544718834586,0.8057688883032452,waveform_21,4,NB,impute
2723,0.8084,0.8075815909114648,0.7960665897982195,0.8399351517219098,0.8075815909114648,waveform_21,5,NB,impute
2724,0.7538,0.7535849880107979,0.7532734304298858,0.7539169588416688,0.7535849880107979,waveform_21,0,DT,impute
2725,0.7524,0.7522276451394282,0.7522838060577448,0.7528584302235631,0.7522276451394282,waveform_21,1,DT,impute
2726,0.7584,0.7583205429698804,0.758303589324873,0.7587706166204907,0.7583205429698804,waveform_21,2,DT,impute
2727,0.753,0.7528611446741953,0.7526775226730374,0.7529346729978128,0.7528611446741953,waveform_21,3,DT,impute
2728,0.7496,0.749559876051589,0.7495856360380714,0.7500220669589168,0.749559876051589,waveform_21,4,DT,impute
2729,0.7536,0.7534018104605299,0.7533419806420534,0.7534943022250388,0.7534018104605299,waveform_21,5,DT,impute
2730,0.8482,0.8479229146778432,0.8474379834934305,0.848859893182047,0.8479229146778432,waveform_21,0,RF,impute
2731,0.8562,0.8559677081598517,0.8556406683316611,0.8564156357560153,0.8559677081598517,waveform_21,1,RF,impute
2732,0.8533999999999999,0.8531506713605905,0.8527193374438166,0.8539847199146943,0.8531506713605905,waveform_21,2,RF,impute
2733,0.8508,0.8505501594964917,0.850081131079955,0.850976993917329,0.8505501594964917,waveform_21,3,RF,impute
2734,0.849,0.84871724211573,0.848264042701825,0.8495484718063196,0.84871724211573,waveform_21,4,RF,impute
2735,0.8522000000000001,0.851897421394672,0.8514180417104561,0.8525105958623826,0.851897421394672,waveform_21,5,RF,impute
2736,0.6972222222222222,0.6972222222222222,0.6902603642649409,0.7570606191194427,0.6972222222222222,movement_libras,0,KNN,impute
2737,0.7388888888888889,0.7388888888888889,0.7342965340759458,0.7847613035113036,0.7388888888888889,movement_libras,1,KNN,impute
2738,0.7361111111111112,0.7361111111111112,0.7283161744105344,0.7888500334088571,0.7361111111111112,movement_libras,2,KNN,impute
2739,0.7194444444444446,0.7194444444444444,0.709889239301004,0.7696386483886484,0.7194444444444444,movement_libras,3,KNN,impute
2740,0.711111111111111,0.7111111111111112,0.7053130078555774,0.7643782143782144,0.7111111111111112,movement_libras,4,KNN,impute
2741,0.7083333333333334,0.7083333333333333,0.698945009239127,0.7674164261664262,0.7083333333333333,movement_libras,5,KNN,impute
2742,0.7944444444444445,0.7944444444444445,0.7875421909245438,0.8182275132275132,0.7944444444444445,movement_libras,0,SVC,impute
2743,0.8222222222222223,0.8222222222222223,0.8171738800415271,0.8493290043290044,0.8222222222222223,movement_libras,1,SVC,impute
2744,0.7777777777777778,0.7777777777777778,0.7699517829664888,0.7966299903799904,0.7777777777777778,movement_libras,2,SVC,impute
2745,0.7999999999999999,0.8000000000000002,0.7930561568061568,0.8256150793650794,0.8000000000000002,movement_libras,3,SVC,impute
2746,0.7749999999999999,0.7749999999999999,0.7695636770636771,0.8051521164021165,0.7749999999999999,movement_libras,4,SVC,impute
2747,0.7694444444444445,0.7694444444444445,0.7531801531801531,0.7836640211640212,0.7694444444444445,movement_libras,5,SVC,impute
2748,0.7444444444444445,0.7444444444444444,0.7414061864061864,0.7759722222222223,0.7444444444444444,movement_libras,0,LR,impute
2749,0.7833333333333332,0.7833333333333335,0.7800297741474211,0.8076557239057239,0.7833333333333335,movement_libras,1,LR,impute
2750,0.7305555555555555,0.7305555555555555,0.7242284567284567,0.7523611111111111,0.7305555555555555,movement_libras,2,LR,impute
2751,0.7694444444444445,0.7694444444444445,0.7637954175454176,0.8121097883597883,0.7694444444444445,movement_libras,3,LR,impute
2752,0.7777777777777778,0.7777777777777779,0.7763510454686925,0.8104004329004328,0.7777777777777779,movement_libras,4,LR,impute
2753,0.7305555555555555,0.7305555555555555,0.7233153502271149,0.7648502886002886,0.7305555555555555,movement_libras,5,LR,impute
2754,0.5888888888888889,0.5888888888888889,0.5867101417101417,0.6379828042328043,0.5888888888888889,movement_libras,0,NB,impute
2755,0.6,0.5999999999999999,0.5994226715550245,0.6413161375661375,0.5999999999999999,movement_libras,1,NB,impute
2756,0.625,0.6249999999999999,0.626909754189166,0.6712626262626262,0.6249999999999999,movement_libras,2,NB,impute
2757,0.6277777777777778,0.6277777777777778,0.6281058048705107,0.6668945406445406,0.6277777777777778,movement_libras,3,NB,impute
2758,0.6194444444444445,0.6194444444444444,0.6187518663253957,0.6618037518037518,0.6194444444444444,movement_libras,4,NB,impute
2759,0.5972222222222222,0.5972222222222222,0.5942953615012438,0.6520250120250121,0.5972222222222222,movement_libras,5,NB,impute
2760,0.6361111111111111,0.6361111111111111,0.6333394601041659,0.6677940115440115,0.6361111111111111,movement_libras,0,DT,impute
2761,0.6944444444444444,0.6944444444444443,0.6846302063949122,0.7304659692159692,0.6944444444444443,movement_libras,1,DT,impute
2762,0.6694444444444444,0.6694444444444444,0.6621188751335809,0.707989417989418,0.6694444444444444,movement_libras,2,DT,impute
2763,0.6527777777777778,0.6527777777777777,0.645922340187046,0.6823442760942762,0.6527777777777777,movement_libras,3,DT,impute
2764,0.6694444444444444,0.6694444444444444,0.66999925999926,0.7042989417989418,0.6694444444444444,movement_libras,4,DT,impute
2765,0.6388888888888888,0.6388888888888888,0.632615206144618,0.671679292929293,0.6388888888888888,movement_libras,5,DT,impute
2766,0.7833333333333333,0.7833333333333333,0.7767405742405742,0.8049404761904763,0.7833333333333333,movement_libras,0,RF,impute
2767,0.8166666666666667,0.8166666666666667,0.8124255374255376,0.8426388888888889,0.8166666666666667,movement_libras,1,RF,impute
2768,0.8055555555555556,0.8055555555555557,0.8025567025567024,0.8207738095238095,0.8055555555555557,movement_libras,2,RF,impute
2769,0.8055555555555556,0.8055555555555556,0.8004568579568578,0.8234325396825397,0.8055555555555556,movement_libras,3,RF,impute
2770,0.7944444444444445,0.7944444444444444,0.791137196137196,0.8121031746031746,0.7944444444444444,movement_libras,4,RF,impute
2771,0.7666666666666666,0.7666666666666666,0.7611930661930661,0.78989417989418,0.7666666666666666,movement_libras,5,RF,impute
2772,0.9089368067988212,0.8910955386992159,0.8929174764420721,0.8954488108608457,0.8910955386992159,satimage,0,KNN,impute
2773,0.904740108500382,0.886010013737176,0.8877965642228957,0.8901814648385824,0.886010013737176,satimage,1,KNN,impute
2774,0.9052052702614954,0.8861978506938977,0.888346881650771,0.8913149251062035,0.8861978506938977,satimage,2,KNN,impute
2775,0.9017869014158542,0.8818113844213585,0.8840473760854081,0.887115917964209,0.8818113844213585,satimage,3,KNN,impute
2776,0.9061363667986976,0.8867947534703209,0.888887636635113,0.8920124585923559,0.8867947534703209,satimage,4,KNN,impute
2777,0.9095568614355196,0.8902704359789821,0.8929967859005313,0.8965847029602471,0.8902704359789821,satimage,5,KNN,impute
2778,0.8717959495561348,0.8366156211789412,0.8400087387688022,0.8455990196093744,0.8366156211789412,satimage,0,SVC,impute
2779,0.8689980218546793,0.8344563189121089,0.8373753813658139,0.8419527746935968,0.8344563189121089,satimage,1,SVC,impute
2780,0.8699295048993688,0.8337934802557335,0.8373611881254622,0.8433460772437481,0.8337934802557335,satimage,2,SVC,impute
2781,0.86930838736708,0.8340232748005253,0.8375749986535036,0.8438790663687479,0.8340232748005253,satimage,3,SVC,impute
2782,0.8717949832874162,0.8361243637983424,0.8397486354528351,0.845853265894616,0.8361243637983424,satimage,4,SVC,impute
2783,0.8711725129789214,0.8360400813695194,0.8394465292851082,0.8450327598192354,0.8360400813695194,satimage,5,SVC,impute
2784,0.8578099828699881,0.8113205276531458,0.8158416928047768,0.8270372544670348,0.8113205276531458,satimage,0,LR,impute
2785,0.8574983612082534,0.8113428950506426,0.8153996028600669,0.8257497435328235,0.8113428950506426,satimage,1,LR,impute
2786,0.8554781831983649,0.8076265705078923,0.8116082375899517,0.822643381393189,0.8076265705078923,satimage,2,LR,impute
2787,0.8599850537554614,0.8155690285354353,0.8204996816031301,0.8320606625077125,0.8155690285354353,satimage,3,LR,impute
2788,0.857030977029087,0.8107153605906788,0.8147148970831961,0.8253960419764133,0.8107153605906788,satimage,4,LR,impute
2789,0.8585863797853492,0.8120862534114561,0.8163789503045403,0.827868322856984,0.8120862534114561,satimage,5,LR,impute
2790,0.7968927310309856,0.7865808814907055,0.7790446867623757,0.7813834136136708,0.7865808814907055,satimage,0,NB,impute
2791,0.7959589289413714,0.7858182458779888,0.7781914387275132,0.781215946542203,0.7858182458779888,satimage,1,NB,impute
2792,0.7956478870408679,0.7854359202383997,0.7777069086607364,0.7803744700669862,0.7854359202383997,satimage,2,NB,impute
2793,0.7956502060857923,0.7856909534123143,0.7779995225855308,0.7813522964787402,0.7856909534123143,satimage,3,NB,impute
2794,0.7965807228617633,0.7857265834975882,0.7783149153194934,0.7813048697580145,0.7857265834975882,satimage,4,NB,impute
2795,0.7962710337374656,0.7858880622495776,0.7783332595182518,0.7812711539289926,0.7858880622495776,satimage,5,NB,impute
2796,0.8511281380542906,0.826515168850776,0.8267011668534187,0.8278633089016038,0.826515168850776,satimage,0,DT,impute
2797,0.8534593579646825,0.8291233021686,0.8287255928125843,0.828891798573343,0.8291233021686,satimage,1,DT,impute
2798,0.852057591934671,0.8262181457444365,0.8273162037155857,0.8292153398183615,0.8262181457444365,satimage,2,DT,impute
2799,0.8542353683725562,0.8299527781064185,0.8304550372555644,0.8316362165419633,0.8299527781064185,satimage,3,DT,impute
2800,0.8537686605814928,0.8299329751394848,0.8302584154376349,0.8314661718218617,0.8299329751394848,satimage,4,DT,impute
2801,0.8587396300041125,0.8348161901276949,0.8349545578469125,0.8356144839699098,0.8348161901276949,satimage,5,DT,impute
2802,0.9148425445797737,0.8884984372651676,0.8951666822915039,0.9068877268140964,0.8884984372651676,satimage,0,RF,impute
2803,0.9126652512762476,0.8863880414824253,0.8929380834156646,0.9043075127612914,0.8863880414824253,satimage,1,RF,impute
2804,0.9149956015447932,0.8897190018463415,0.8957959651083021,0.9057722188065568,0.8897190018463415,satimage,2,RF,impute
2805,0.9128207239130636,0.8869843194184244,0.8929496645801535,0.9033898793749738,0.8869843194184244,satimage,3,RF,impute
2806,0.9131301231567458,0.8869528157014506,0.8933870490940572,0.904580950232367,0.8869528157014506,satimage,4,RF,impute
2807,0.9154631789777032,0.8884006224267005,0.8957675744058712,0.908222783110268,0.8884006224267005,satimage,5,RF,impute
2808,0.9286608260325406,0.928103436418282,0.9323420566229657,0.9242324780509776,0.9406876412745402,chess,0,KNN,impute
2809,0.9333541927409262,0.933064441657,0.9363016676454944,0.9334432065766376,0.939477126432825,chess,1,KNN,impute
2810,0.9286608260325406,0.9282560433333856,0.9320613787512116,0.9274964331895424,0.9370747421201796,chess,2,KNN,impute
2811,0.931476846057572,0.9309018237004992,0.9350583305616628,0.9268401256102718,0.9436752033779676,chess,3,KNN,impute
2812,0.9346057571964956,0.9341800870196788,0.9377845640350312,0.9319946873008924,0.9436752033779674,chess,4,KNN,impute
2813,0.9308510638297872,0.930619885586105,0.933990578459094,0.9322283862816524,0.9358900439457046,chess,5,KNN,impute
2814,0.9668335419274092,0.9674112448197034,0.9677665486729894,0.9815110120109448,0.95447661009948,chess,0,SVC,impute
2815,0.9693366708385482,0.9698352068204452,0.9702678219617898,0.9822575596302172,0.9586632129702936,chess,1,SVC,impute
2816,0.965894868585732,0.9662643376362408,0.96702067309067,0.97635148418047,0.9580608240680184,chess,2,SVC,impute
2817,0.9677722152690864,0.9682846279596392,0.9687476159656548,0.980977885698788,0.9568675203377968,chess,3,SVC,impute
2818,0.968397997496871,0.9688256413018344,0.969420844460134,0.979875641482768,0.95926703613186,chess,4,SVC,impute
2819,0.9671464330413015,0.9676286017096022,0.9681750489462776,0.9799143885498084,0.9568660860785057,chess,5,SVC,impute
2820,0.967459324155194,0.9675954974122642,0.9686601845500836,0.9727907204541496,0.9646670223629707,chess,0,LR,impute
2821,0.9690237797246558,0.969172815597651,0.9702053264278432,0.9746289345271932,0.9658531547967368,chess,1,LR,impute
2822,0.969336670838548,0.9693907478882298,0.970538264465048,0.9729494443824632,0.9682454992943444,chess,2,LR,impute
2823,0.9693366708385482,0.9695008995871524,0.9704996265552156,0.9752732129090718,0.9658531547967368,chess,3,LR,impute
2824,0.9671464330413015,0.9672706986434252,0.9684067765552724,0.972322021766002,0.9646598510665152,chess,4,LR,impute
2825,0.968397997496871,0.9685721444125984,0.9695859240539196,0.9746176124818235,0.964648376992186,chess,5,LR,impute
2826,0.6057571964956194,0.5876443718117927,0.7250279413657558,0.5702459937979685,0.995206705449038,chess,0,NB,impute
2827,0.60450563204005,0.5862661010792365,0.724771266537068,0.569349354497494,0.997003832340826,chess,1,NB,impute
2828,0.6085732165206508,0.5906649219380437,0.7262618748601725,0.5725257685379072,0.9934081442979588,chess,2,NB,impute
2829,0.6038798498122654,0.5856738852361478,0.7242671425405804,0.5691677707486463,0.9958090943513132,chess,3,NB,impute
2830,0.6101376720901127,0.5922032303933943,0.7276556222491593,0.5732284389342586,0.996405746216424,chess,4,NB,impute
2831,0.610450563204005,0.5925457361772877,0.7275725523114556,0.5735028169593155,0.995208139708329,chess,5,NB,impute
2832,0.9918648310387984,0.9917669462010767,0.9922227161850604,0.9904490492806414,0.9940119674595252,chess,0,DT,impute
2833,0.9934292866082604,0.993315949073626,0.993731786285926,0.9916848253774344,0.9958062258327308,chess,1,DT,impute
2834,0.9937421777221528,0.9935915380319084,0.9940269937919772,0.991068553595623,0.997006700859408,chess,2,DT,impute
2835,0.9915519399249062,0.9914404381998324,0.9919254194345908,0.9898691613372992,0.9940134017188164,chess,3,DT,impute
2836,0.9924906132665832,0.9922779095435776,0.992837048196476,0.9887377418053428,0.9970023980815348,chess,4,DT,impute
2837,0.9912390488110138,0.9911113451379368,0.991636755300062,0.9892912203082436,0.9940062304223608,chess,5,DT,impute
2838,0.98811013767209,0.9879757098794256,0.9886498974744944,0.9863079267521576,0.9910157998003511,chess,0,RF,impute
2839,0.9899874843554444,0.9898263323900096,0.9904596822404876,0.9875656869560288,0.9934081442979588,chess,1,RF,impute
2840,0.9887359198998747,0.988548765911652,0.9892563538560568,0.9857680574830628,0.9928129266921392,chess,2,RF,impute
2841,0.9884230287859824,0.9882528748259648,0.988946888021568,0.9857679552900154,0.9922177090863196,chess,3,RF,impute
2842,0.987171464330413,0.9870230754140557,0.9877493882026842,0.9851416919630918,0.9904177136759492,chess,4,RF,impute
2843,0.9893617021276596,0.9892040750320434,0.9898474828884384,0.9869171432772028,0.9928129266921392,chess,5,RF,impute
2844,0.9239674593241552,0.9238354918528277,0.9271838492841952,0.927492045843966,0.9269058437460558,kr_vs_kp,0,KNN,impute
2845,0.9214643304130162,0.9212458813592134,0.92488753170822,0.9236437590707572,0.9263163631774006,kr_vs_kp,1,KNN,impute
2846,0.9258448060075094,0.9253788468822652,0.9295032105532698,0.9232704815908372,0.935892912464287,kr_vs_kp,2,KNN,impute
2847,0.928973717146433,0.9285800102649472,0.9324697397321668,0.9275554557703352,0.937690039356075,kr_vs_kp,3,KNN,impute
2848,0.9236545682102628,0.9233335874864212,0.927154912508192,0.9238866482466248,0.930490057714594,kr_vs_kp,4,KNN,impute
2849,0.9305381727158948,0.9300361702880648,0.9339853977707104,0.926937616279628,0.9412842931396508,kr_vs_kp,5,KNN,impute
2850,0.958698372966208,0.9590708993556228,0.960019294003165,0.9695751217005976,0.9508780535380308,kr_vs_kp,0,SVC,impute
2851,0.9511889862327908,0.9513675350383484,0.9530147966294404,0.9590909837271288,0.9472737599394168,kr_vs_kp,1,SVC,impute
2852,0.9549436795994992,0.955277369916069,0.9564012778730568,0.965365285607393,0.9478790173602744,kr_vs_kp,2,SVC,impute
2853,0.9565081351689612,0.956823920972116,0.957904969513484,0.9664678804669732,0.9496546303626956,kr_vs_kp,3,SVC,impute
2854,0.9558823529411764,0.9560538993714486,0.9575232654423128,0.963181460008866,0.9520670544903788,kr_vs_kp,4,SVC,impute
2855,0.9552565707133918,0.9554676955386386,0.9568856459211976,0.9630848532133928,0.9508723165008662,kr_vs_kp,5,SVC,impute
2856,0.9540050062578224,0.9539944390525316,0.9558673936475184,0.957486934489272,0.954473741580898,kr_vs_kp,0,LR,impute
2857,0.9533792240300376,0.9533568554837112,0.955334214542096,0.9570979211393532,0.9538684841600404,kr_vs_kp,1,LR,impute
2858,0.950250312891114,0.9502825873004628,0.9522063038563288,0.9548365609821392,0.9496747099927714,kr_vs_kp,2,LR,impute
2859,0.954630788485607,0.9546369900530852,0.9564187236088788,0.9587073216268902,0.9544550962101132,kr_vs_kp,3,LR,impute
2860,0.9552565707133918,0.9552290726520256,0.9571109822479098,0.9587468333401928,0.9556598740146638,kr_vs_kp,4,LR,impute
2861,0.952127659574468,0.9521273395297336,0.954068591917675,0.9561305179005908,0.952065620231088,kr_vs_kp,5,LR,impute
2862,0.6023153942428034,0.5843278853967696,0.7222316017809087,0.5687305840584193,0.9898311016258764,kr_vs_kp,0,NB,impute
2863,0.5991864831038799,0.5807159779312753,0.7221905828669121,0.5668067267275729,0.9958062258327308,kr_vs_kp,1,NB,impute
2864,0.5954317897371715,0.5768536722199223,0.7198643357050012,0.5638975722824273,0.995206705449038,kr_vs_kp,2,NB,impute
2865,0.6029411764705882,0.5849183480164849,0.722753595276937,0.569216106884101,0.9904091081202024,kr_vs_kp,3,NB,impute
2866,0.6070087609511889,0.5888871772953195,0.7261315331204954,0.5713656544851242,0.996405746216424,kr_vs_kp,4,NB,impute
2867,0.6126408010012515,0.5948454946168273,0.728761975217712,0.5747915071496438,0.9958105286106044,kr_vs_kp,5,NB,impute
2868,0.9749687108886108,0.9748665330406954,0.9760504919671218,0.9749003449817144,0.977235436531158,kr_vs_kp,0,DT,impute
2869,0.9746558197747184,0.9743946701891664,0.9758478427230888,0.9715586535387654,0.980220130116003,kr_vs_kp,1,DT,impute
2870,0.977784730913642,0.9777564876116532,0.9787142260750454,0.979029593551511,0.9784359115578352,kr_vs_kp,2,DT,impute
2871,0.9746558197747184,0.974570633470191,0.975804086208685,0.9750758478995216,0.9766316133695916,kr_vs_kp,3,DT,impute
2872,0.9780976220275344,0.9780207611942064,0.9790723215342448,0.9785910607207235,0.9796292152880568,kr_vs_kp,4,DT,impute
2873,0.9809136420525656,0.980832898699021,0.9817492920470812,0.9808836996336996,0.9826253829472308,kr_vs_kp,5,DT,impute
2874,0.9737171464330412,0.9735301675780916,0.9749121492549696,0.9721065902596848,0.9778349569148508,kr_vs_kp,0,RF,impute
2875,0.9762202753441802,0.97580979228576,0.9774323712098202,0.9700829277830438,0.9850205959634208,kr_vs_kp,1,RF,impute
2876,0.9790362953692116,0.9787279289254068,0.9800540155091872,0.9745562409360908,0.985622984865696,kr_vs_kp,2,RF,impute
2877,0.9749687108886108,0.9747293415896264,0.9761556528980216,0.9721944784034582,0.9802229986345852,kr_vs_kp,3,RF,impute
2878,0.9762202753441802,0.9758655810224582,0.9773990752148624,0.9711388909192078,0.9838215551960346,kr_vs_kp,4,RF,impute
2879,0.9762202753441802,0.9759508443581713,0.9773403170830924,0.9727655126594114,0.98202873108212,kr_vs_kp,5,RF,impute
2880,0.9763345195729536,0.9763257833232312,0.9763841895802644,0.9767410684038398,0.9763257833232312,optdigits,0,KNN,impute
2881,0.9777580071174378,0.9777519113851694,0.9778030115171132,0.978098500829986,0.9777519113851694,optdigits,1,KNN,impute
2882,0.9777580071174378,0.9777607067797748,0.9777810261315908,0.9781122166598442,0.9777607067797748,optdigits,2,KNN,impute
2883,0.9782918149466192,0.9783027917998172,0.97833921549684,0.9785997279313718,0.9783027917998172,optdigits,3,KNN,impute
2884,0.9781138790035588,0.9781012724515632,0.9781361585975672,0.9785227016630216,0.9781012724515632,optdigits,4,KNN,impute
2885,0.9784697508896796,0.9784646959865916,0.9784993040091312,0.9787555309670825,0.9784646959865916,optdigits,5,KNN,impute
2886,0.9761565836298932,0.9761419121385168,0.9761912050571052,0.9765475176273688,0.9761419121385168,optdigits,0,SVC,impute
2887,0.9782918149466192,0.978244233608875,0.9782761405974336,0.9786467033095912,0.978244233608875,optdigits,1,SVC,impute
2888,0.9772241992882562,0.9772208855742748,0.9772554775373864,0.977563070361423,0.9772208855742748,optdigits,2,SVC,impute
2889,0.9802491103202848,0.9802407664540363,0.9803092796030244,0.980585269639975,0.9802407664540363,optdigits,3,SVC,impute
2890,0.9777580071174378,0.9777278420007532,0.9777333877383216,0.9780398684309168,0.9777278420007532,optdigits,4,SVC,impute
2891,0.9782918149466192,0.9782694987787232,0.9783023116244652,0.9784898894936038,0.9782694987787232,optdigits,5,SVC,impute
2892,0.9708185053380782,0.9708497535747098,0.9708328795458968,0.971065914154654,0.9708497535747098,optdigits,0,LR,impute
2893,0.9692170818505338,0.9692181648429932,0.9692185518779656,0.9695120924988798,0.9692181648429932,optdigits,1,LR,impute
2894,0.9709964412811388,0.9710170156296148,0.9710405588590658,0.9712980063485576,0.9710170156296148,optdigits,2,LR,impute
2895,0.9699288256227758,0.9699782479344192,0.970008899909652,0.9702059022221756,0.9699782479344192,optdigits,3,LR,impute
2896,0.9724199288256228,0.9723887417623762,0.9724253781683508,0.9727422801783308,0.9723887417623762,optdigits,4,LR,impute
2897,0.9677935943060498,0.9677943144393988,0.9678271329774036,0.9680435078812792,0.9677943144393988,optdigits,5,LR,impute
2898,0.7147686832740213,0.7160605477552493,0.7058565083050727,0.8166942702375982,0.7160605477552493,optdigits,0,NB,impute
2899,0.7297153024911032,0.7308001741166126,0.722006001667249,0.823917184195436,0.7308001741166126,optdigits,1,NB,impute
2900,0.7265124555160142,0.727605392260041,0.717509497236813,0.8211012494095671,0.727605392260041,optdigits,2,NB,impute
2901,0.703202846975089,0.7044088060237099,0.6972027235269347,0.8158781270782934,0.7044088060237099,optdigits,3,NB,impute
2902,0.7097864768683274,0.7110164872249491,0.7057910855785751,0.8154545881517048,0.7110164872249491,optdigits,4,NB,impute
2903,0.7083629893238435,0.7096374302733182,0.6997068123773476,0.8136676170991672,0.7096374302733182,optdigits,5,NB,impute
2904,0.8998220640569395,0.8998464400258437,0.8996461985536804,0.9004117209232892,0.8998464400258437,optdigits,0,DT,impute
2905,0.892526690391459,0.8925255930975502,0.8924780683181365,0.893341920570969,0.8925255930975502,optdigits,1,DT,impute
2906,0.8960854092526691,0.896160283003521,0.8961324783972189,0.8967363495118685,0.896160283003521,optdigits,2,DT,impute
2907,0.8966192170818506,0.8966656533882137,0.8967049212495277,0.8975656400720179,0.8966656533882137,optdigits,3,DT,impute
2908,0.900355871886121,0.9003384054345054,0.9006045813758237,0.901718104688622,0.9003384054345054,optdigits,4,DT,impute
2909,0.8957295373665481,0.8957734256459055,0.8958007131234391,0.896688043873535,0.8957734256459055,optdigits,5,DT,impute
2910,0.9820284697508896,0.9820395656976416,0.9820436691581996,0.9822884204907608,0.9820395656976416,optdigits,0,RF,impute
2911,0.9829181494661922,0.9829084794952184,0.982911567658771,0.9830732106579354,0.9829084794952184,optdigits,1,RF,impute
2912,0.9813167259786476,0.9813304183445192,0.9813236980383108,0.9814936821968738,0.9813304183445192,optdigits,2,RF,impute
2913,0.9814946619217082,0.9815061873245934,0.9815379767391834,0.9817345593602111,0.9815061873245934,optdigits,3,RF,impute
2914,0.9818505338078292,0.9818394008453,0.981860955184404,0.982120409707856,0.9818394008453,optdigits,4,RF,impute
2915,0.9830960854092526,0.983109491230904,0.983108204630335,0.9832432179011636,0.983109491230904,optdigits,5,RF,impute
2916,0.6386449184441656,0.6614849033771572,0.6261548484557318,0.6590924486054796,0.6614849033771572,splice,0,KNN,impute
2917,0.6455457967377667,0.6728922607088248,0.6364859523766307,0.6699770882774566,0.6728922607088248,splice,1,KNN,impute
2918,0.6430363864491844,0.6710717978961878,0.6336540495001769,0.6693289221058256,0.6710717978961878,splice,2,KNN,impute
2919,0.6417816813048933,0.661873923185555,0.6276390374996211,0.660744648285049,0.661873923185555,splice,3,KNN,impute
2920,0.6311166875784191,0.6564358250933005,0.6196499497526389,0.656825683656843,0.6564358250933005,splice,4,KNN,impute
2921,0.6373902132998744,0.6632483591189821,0.6260919290648073,0.6588747666471894,0.6632483591189821,splice,5,KNN,impute
2922,0.8240276035131744,0.8254195977913711,0.813818686281975,0.8055966954470595,0.8254195977913711,splice,0,SVC,impute
2923,0.8315558343789209,0.8330663191623522,0.821746935678504,0.81368430988115,0.8330663191623522,splice,1,SVC,impute
2924,0.8255959849435384,0.8271389780267048,0.8147221050679361,0.8067821814954498,0.8271389780267048,splice,2,SVC,impute
2925,0.821831869510665,0.8214992038219338,0.8105902738379666,0.8032414770371952,0.8214992038219338,splice,3,SVC,impute
2926,0.8246549560853199,0.8253652206365503,0.8141469276229025,0.8067115695677629,0.8253652206365503,splice,4,SVC,impute
2927,0.8262233375156838,0.826637219067397,0.8157018036946522,0.8087196478711121,0.826637219067397,splice,5,SVC,impute
2928,0.8255959849435384,0.8226913554322025,0.8148635099446846,0.8094770053554607,0.8226913554322025,splice,0,LR,impute
2929,0.8290464240903388,0.8260945426975242,0.8184027000677512,0.8125097437012451,0.8260945426975242,splice,1,LR,impute
2930,0.8240276035131745,0.8214755440602408,0.8131020691358436,0.8066159783318964,0.8214755440602408,splice,2,LR,impute
2931,0.8277917189460476,0.8260156163583477,0.8170398742182663,0.8106686629582095,0.8260156163583477,splice,3,LR,impute
2932,0.8274780426599748,0.8259904232253485,0.8171917016553509,0.8109624337746232,0.8259904232253485,splice,4,LR,impute
2933,0.8252823086574654,0.8234517695896643,0.8142441958197104,0.8075706979733929,0.8234517695896643,splice,5,LR,impute
2934,0.9134253450439148,0.9226449616385384,0.9060050254246796,0.89622172397678,0.9226449616385384,splice,0,NB,impute
2935,0.9093475533249686,0.9182380033080336,0.9010825080214996,0.8918196867346831,0.9182380033080336,splice,1,NB,impute
2936,0.9058971141781682,0.9133964200197708,0.89681906143,0.8896147843229273,0.9133964200197708,splice,2,NB,impute
2937,0.9153074027603514,0.9247864028765584,0.9082250795327528,0.8984560491294907,0.9247864028765584,splice,3,NB,impute
2938,0.915621079046424,0.9254623130107263,0.9087285848984008,0.8986359370818645,0.9254623130107263,splice,4,NB,impute
2939,0.8908406524466751,0.8912656937237862,0.8738736693604172,0.8785240093705164,0.8912656937237862,splice,5,NB,impute
2940,0.9134253450439148,0.90804775897522,0.9057435090219164,0.9041326124240116,0.90804775897522,splice,0,DT,impute
2941,0.9043287327478042,0.8950199762065988,0.8941893573924146,0.8939102441883953,0.8950199762065988,splice,1,DT,impute
2942,0.9168757841907152,0.9123605490150104,0.9097903493236622,0.907972403023004,0.9123605490150104,splice,2,DT,impute
2943,0.9118569636135508,0.9056283451064692,0.9032992459928716,0.9013887640888524,0.9056283451064692,splice,3,DT,impute
2944,0.913111668757842,0.9066930889829304,0.9043184998584152,0.9031704442240917,0.9066930889829304,splice,4,DT,impute
2945,0.9052697616060226,0.8983682621957235,0.895770624371004,0.8936502373974464,0.8983682621957235,splice,5,DT,impute
2946,0.9532622333751568,0.9487743680704448,0.947595353439512,0.9467348451529016,0.9487743680704448,splice,0,RF,impute
2947,0.9535759096612296,0.9485070239534598,0.9483094508302586,0.9485666935950572,0.9485070239534598,splice,1,RF,impute
2948,0.9554579673776662,0.9527374198487468,0.9505211766497752,0.9485943701732537,0.9527374198487468,splice,2,RF,impute
2949,0.9520075282308658,0.9479825436759686,0.9463103100437102,0.9449089219670228,0.9479825436759686,splice,3,RF,impute
2950,0.952948557089084,0.9492853259932929,0.9473497975799616,0.9458379967971324,0.9492853259932929,splice,4,RF,impute
2951,0.95138017565872,0.9466225570182376,0.9464969984883728,0.9465229950246684,0.9466225570182376,splice,5,RF,impute
2952,0.9821818181818182,0.982181818181818,0.9821786784384072,0.9824156837795968,0.982181818181818,texture,0,KNN,impute
2953,0.9810909090909092,0.981090909090909,0.9811108757575508,0.9813967178616368,0.981090909090909,texture,1,KNN,impute
2954,0.984,0.984,0.9839865076502154,0.9843001287167944,0.984,texture,2,KNN,impute
2955,0.9803636363636364,0.9803636363636364,0.9803692788632314,0.9806996721619464,0.9803636363636364,texture,3,KNN,impute
2956,0.9825454545454546,0.9825454545454544,0.9825519336171602,0.9828963084590396,0.9825454545454544,texture,4,KNN,impute
2957,0.9803636363636364,0.9803636363636364,0.9803925704643208,0.9806984435239328,0.9803636363636364,texture,5,KNN,impute
2958,0.9974545454545456,0.9974545454545456,0.9974551970287188,0.9974702799068078,0.9974545454545456,texture,0,SVC,impute
2959,0.9972727272727272,0.9972727272727272,0.997272660220684,0.997291440842622,0.9972727272727272,texture,1,SVC,impute
2960,0.9974545454545456,0.9974545454545454,0.9974536318948912,0.9974873053693618,0.9974545454545454,texture,2,SVC,impute
2961,0.9974545454545454,0.9974545454545456,0.997454519201926,0.9974632034632036,0.9974545454545456,texture,3,SVC,impute
2962,0.9970909090909092,0.9970909090909092,0.9970922154209844,0.9971222920299828,0.9970909090909092,texture,4,SVC,impute
2963,0.9974545454545456,0.9974545454545456,0.9974545018867488,0.9974659741945746,0.9974545454545456,texture,5,SVC,impute
2964,0.9936363636363637,0.9936363636363637,0.9936389239957184,0.9936988506663844,0.9936363636363637,texture,0,LR,impute
2965,0.9941818181818182,0.9941818181818182,0.9941873051837198,0.9942458743499318,0.9941818181818182,texture,1,LR,impute
2966,0.9938181818181818,0.9938181818181818,0.9938204775739704,0.9939096232025976,0.9938181818181818,texture,2,LR,impute
2967,0.9949090909090909,0.9949090909090909,0.994910926378178,0.9949624668590032,0.9949090909090909,texture,3,LR,impute
2968,0.994,0.994,0.9939966687622156,0.9940456974800704,0.994,texture,4,LR,impute
2969,0.994,0.994,0.9940003674123352,0.9940536535160324,0.994,texture,5,LR,impute
2970,0.7729090909090909,0.772909090909091,0.7691168263783036,0.7755663177397302,0.772909090909091,texture,0,NB,impute
2971,0.776,0.776,0.7729673271478968,0.7800248682595872,0.776,texture,1,NB,impute
2972,0.7765454545454544,0.7765454545454545,0.7731101459161169,0.7794163150277496,0.7765454545454545,texture,2,NB,impute
2973,0.7769090909090909,0.7769090909090909,0.7737355009781994,0.7803094501427764,0.7769090909090909,texture,3,NB,impute
2974,0.7763636363636364,0.7763636363636364,0.7726252556195198,0.7785501877297613,0.7763636363636364,texture,4,NB,impute
2975,0.7769090909090909,0.776909090909091,0.7734497331936379,0.7805824098570364,0.776909090909091,texture,5,NB,impute
2976,0.9212727272727274,0.9212727272727272,0.9216405520528812,0.9226216857883938,0.9212727272727272,texture,0,DT,impute
2977,0.9214545454545454,0.9214545454545456,0.9212153487347194,0.921791172752149,0.9214545454545456,texture,1,DT,impute
2978,0.9254545454545454,0.9254545454545456,0.9256305577961588,0.9264861906950732,0.9254545454545456,texture,2,DT,impute
2979,0.922909090909091,0.9229090909090908,0.9229593129763044,0.9234310485356418,0.9229090909090908,texture,3,DT,impute
2980,0.915090909090909,0.9150909090909092,0.91518257400071,0.9158515470373888,0.9150909090909092,texture,4,DT,impute
2981,0.9225454545454546,0.9225454545454546,0.9226063899873232,0.923742222621573,0.9225454545454546,texture,5,DT,impute
2982,0.9770909090909092,0.9770909090909092,0.9771263538549992,0.9774371610990286,0.9770909090909092,texture,0,RF,impute
2983,0.9765454545454546,0.9765454545454544,0.9765983729059484,0.9768428297774326,0.9765454545454544,texture,1,RF,impute
2984,0.9767272727272728,0.9767272727272728,0.9767542245698732,0.977126838577221,0.9767272727272728,texture,2,RF,impute
2985,0.9756363636363636,0.9756363636363636,0.9756542602577304,0.9758308972274198,0.9756363636363636,texture,3,RF,impute
2986,0.9754545454545456,0.9754545454545456,0.9755243022173178,0.9759270197348058,0.9754545454545456,texture,4,RF,impute
2987,0.9754545454545456,0.9754545454545456,0.975510969256426,0.9757154756192395,0.9754545454545456,texture,5,RF,impute
2988,0.7692307692307693,0.7617096560846561,0.715859250398724,0.813330200501253,0.6487499999999999,sonar,0,KNN,impute
2989,0.7692307692307692,0.7596825396825397,0.7166575741043827,0.8492424242424242,0.6275,sonar,1,KNN,impute
2990,0.7836538461538461,0.775188492063492,0.7363107822410148,0.8529605263157894,0.6495833333333334,sonar,2,KNN,impute
2991,0.8125,0.8066435185185186,0.7807780212530337,0.8541912257587314,0.7220833333333333,sonar,3,KNN,impute
2992,0.8124999999999999,0.8063095238095237,0.7763257575757576,0.8653273809523809,0.7108333333333332,sonar,4,KNN,impute
2993,0.7932692307692307,0.787093253968254,0.7542129368216324,0.8331814384445964,0.69125,sonar,5,KNN,impute
2994,0.7451923076923077,0.7460482804232804,0.7312896603210153,0.732131093544137,0.74375,sonar,0,SVC,impute
2995,0.7403846153846154,0.734186507936508,0.6948876520305092,0.77125,0.64,sonar,1,SVC,impute
2996,0.7451923076923077,0.7449305555555554,0.7245165930683796,0.7215795511335241,0.7329166666666668,sonar,2,SVC,impute
2997,0.7548076923076923,0.7534424603174603,0.734978542758454,0.7402741179915093,0.7320833333333334,sonar,3,SVC,impute
2998,0.7451923076923077,0.7421164021164022,0.7129506802721088,0.7306944444444445,0.7008333333333334,sonar,4,SVC,impute
2999,0.7692307692307692,0.7638194444444445,0.7341291866731274,0.8013230127360562,0.6804166666666667,sonar,5,SVC,impute
3000,0.75,0.75109126984127,0.739648033126294,0.7370562770562771,0.7541666666666667,sonar,0,LR,impute
3001,0.7740384615384616,0.7711375661375661,0.7486849977145008,0.780892857142857,0.7225,sonar,1,LR,impute
3002,0.7596153846153846,0.7562566137566137,0.7305735430157262,0.7631046489742142,0.7016666666666667,sonar,2,LR,impute
3003,0.7692307692307693,0.7675793650793652,0.749716468941393,0.7630434782608696,0.7424999999999999,sonar,3,LR,impute
3004,0.7740384615384615,0.7707638888888888,0.7437831840053095,0.7759590792838875,0.7220833333333334,sonar,4,LR,impute
3005,0.7980769230769231,0.7955621693121693,0.7772220937403639,0.8054477225672878,0.7525,sonar,5,LR,impute
3006,0.6682692307692307,0.6767228835978836,0.6932048681541582,0.6189523702201187,0.7945833333333334,sonar,0,NB,impute
3007,0.6538461538461539,0.6616732804232804,0.678582434514638,0.5986717267552183,0.7833333333333332,sonar,1,NB,impute
3008,0.6923076923076923,0.6994146825396825,0.7071446999852572,0.6323398636906701,0.8045833333333332,sonar,2,NB,impute
3009,0.7163461538461539,0.7236342592592593,0.7381807496408515,0.6581256581256582,0.8454166666666666,sonar,3,NB,impute
3010,0.6826923076923077,0.6901653439153439,0.6909567807953024,0.6348211175797382,0.7758333333333334,sonar,4,NB,impute
3011,0.6826923076923077,0.6908961640211639,0.704173813607776,0.6296146953405017,0.80375,sonar,5,NB,impute
3012,0.7211538461538461,0.720704365079365,0.7056123148560123,0.7062830687830688,0.7112499999999999,sonar,0,DT,impute
3013,0.75,0.7490145502645502,0.7317334542512658,0.7353820816864295,0.7308333333333333,sonar,1,DT,impute
3014,0.7403846153846153,0.7423181216931216,0.734411820283669,0.7132608695652174,0.7620833333333332,sonar,2,DT,impute
3015,0.7019230769230769,0.7003604497354498,0.6784861236096864,0.6712954886193268,0.68875,sonar,3,DT,impute
3016,0.6634615384615384,0.6639616402116403,0.6379148260377496,0.6352777777777778,0.6516666666666667,sonar,4,DT,impute
3017,0.7355769230769231,0.7340112433862434,0.7153948535936113,0.7215151515151516,0.7104166666666667,sonar,5,DT,impute
3018,0.8076923076923077,0.8039550264550264,0.7830910852713178,0.8341008771929824,0.7424999999999999,sonar,0,RF,impute
3019,0.7980769230769231,0.7901884920634921,0.7569449353219764,0.8562599681020734,0.6795833333333334,sonar,1,RF,impute
3020,0.8125,0.8094907407407408,0.7893662561028565,0.8297840394899219,0.7625,sonar,2,RF,impute
3021,0.8125,0.8075066137566137,0.7870801033591732,0.8416040100250626,0.7416666666666667,sonar,3,RF,impute
3022,0.8125,0.8088789682539683,0.7851733514241467,0.8398550724637682,0.74375,sonar,4,RF,impute
3023,0.8076923076923077,0.8046527777777777,0.7885467893243394,0.8212442791762014,0.7620833333333333,sonar,5,RF,impute
3024,0.7735042735042734,0.7747252747252747,0.7718894292170154,0.7766608391608392,0.7747252747252746,molecular_biology_promoters,0,KNN,impute
3025,0.7638888888888888,0.7623626373626373,0.7591450668896321,0.7594017094017094,0.7706043956043956,molecular_biology_promoters,1,KNN,impute
3026,0.7453703703703703,0.7458791208791209,0.7519955300127714,0.7404085497835499,0.7706043956043955,molecular_biology_promoters,2,KNN,impute
3027,0.7827635327635327,0.7822802197802199,0.7945525100697515,0.7631753663003663,0.8310439560439561,molecular_biology_promoters,3,KNN,impute
3028,0.8030626780626781,0.8028846153846154,0.8135225885225885,0.7810325091575092,0.8502747252747254,molecular_biology_promoters,4,KNN,impute
3029,0.829059829059829,0.8296703296703296,0.831111111111111,0.8349358974358974,0.8296703296703296,molecular_biology_promoters,5,KNN,impute
3030,0.7264957264957266,0.7280219780219781,0.7149060085341945,0.7427083333333334,0.6991758241758241,molecular_biology_promoters,0,SVC,impute
3031,0.736111111111111,0.7355769230769231,0.7373950720724916,0.7419701213818861,0.7513736263736264,molecular_biology_promoters,1,SVC,impute
3032,0.6784188034188033,0.676510989010989,0.6650345622119817,0.7023507130124776,0.6552197802197802,molecular_biology_promoters,2,SVC,impute
3033,0.7450142450142451,0.746565934065934,0.7496508941558998,0.7222222222222222,0.7953296703296704,molecular_biology_promoters,3,SVC,impute
3034,0.7361111111111112,0.7362637362637363,0.7137566137566138,0.7797619047619048,0.6785714285714286,molecular_biology_promoters,4,SVC,impute
3035,0.725071225071225,0.7252747252747254,0.7113636363636364,0.7563795853269537,0.6978021978021978,molecular_biology_promoters,5,SVC,impute
3036,0.7457264957264957,0.7472527472527473,0.736645138968977,0.7677083333333333,0.7184065934065934,molecular_biology_promoters,0,LR,impute
3037,0.7264957264957266,0.7259615384615385,0.7217903064677258,0.727928607340372,0.7321428571428571,molecular_biology_promoters,1,LR,impute
3038,0.7361111111111112,0.7342032967032968,0.7318540969899665,0.7452991452991453,0.7321428571428572,molecular_biology_promoters,2,LR,impute
3039,0.8009259259259259,0.8015109890109889,0.8025925925925926,0.7836673130790778,0.8310439560439561,molecular_biology_promoters,3,LR,impute
3040,0.7731481481481481,0.7726648351648351,0.7492042440318303,0.81492673992674,0.7142857142857143,molecular_biology_promoters,4,LR,impute
3041,0.7635327635327636,0.7637362637362637,0.7533897939367784,0.7722222222222221,0.7541208791208791,molecular_biology_promoters,5,LR,impute
3042,0.8685897435897435,0.868131868131868,0.862986542443064,0.925595238095238,0.8118131868131868,molecular_biology_promoters,0,NB,impute
3043,0.8486467236467237,0.8475274725274726,0.8388676540850454,0.9008241758241758,0.7912087912087913,molecular_biology_promoters,1,NB,impute
3044,0.8212250712250713,0.819368131868132,0.7972463768115943,0.871875,0.7513736263736264,molecular_biology_promoters,2,NB,impute
3045,0.8863960113960114,0.8859890109890111,0.8766883116883117,0.9404761904761904,0.8282967032967032,molecular_biology_promoters,3,NB,impute
3046,0.8767806267806268,0.8784340659340659,0.865021645021645,0.943939393939394,0.8118131868131868,molecular_biology_promoters,4,NB,impute
3047,0.8482905982905983,0.8489010989010989,0.8292857142857143,0.9291666666666668,0.7733516483516483,molecular_biology_promoters,5,NB,impute
3048,0.698005698005698,0.6971153846153846,0.6906468680662229,0.7064075630252101,0.6964285714285714,molecular_biology_promoters,0,DT,impute
3049,0.6702279202279202,0.6703296703296704,0.6715907151391022,0.6748949579831933,0.695054945054945,molecular_biology_promoters,1,DT,impute
3050,0.7460826210826211,0.7445054945054945,0.7681970009556217,0.7198796269519954,0.8296703296703297,molecular_biology_promoters,2,DT,impute
3051,0.7353988603988604,0.7348901098901099,0.7449470899470899,0.7242647058823529,0.7733516483516484,molecular_biology_promoters,3,DT,impute
3052,0.7731481481481481,0.7726648351648352,0.7811965811965812,0.7548076923076923,0.8104395604395604,molecular_biology_promoters,4,DT,impute
3053,0.7542735042735043,0.7541208791208791,0.7554990361961875,0.7333333333333334,0.7912087912087913,molecular_biology_promoters,5,DT,impute
3054,0.811965811965812,0.8118131868131868,0.8062376639962845,0.857034632034632,0.7733516483516483,molecular_biology_promoters,0,RF,impute
3055,0.8871082621082622,0.8866758241758241,0.8813095238095238,0.9196428571428572,0.8475274725274726,molecular_biology_promoters,1,RF,impute
3056,0.8400997150997151,0.8379120879120878,0.8362771739130435,0.8828282828282829,0.8090659340659341,molecular_biology_promoters,2,RF,impute
3057,0.8856837606837606,0.8853021978021978,0.8837864721485411,0.8717730186480187,0.903846153846154,molecular_biology_promoters,3,RF,impute
3058,0.8774928774928774,0.8777472527472527,0.8712606837606837,0.9195804195804196,0.8296703296703297,molecular_biology_promoters,4,RF,impute
3059,0.8475783475783476,0.8475274725274725,0.8408882783882784,0.8818181818181818,0.8104395604395604,molecular_biology_promoters,5,RF,impute
3060,0.7955000000000001,0.7955000000000001,0.7942802647687994,0.8006273521456662,0.7955000000000001,mfeat_fourier,0,KNN,impute
3061,0.7915000000000001,0.7915000000000001,0.7906603992597425,0.7964541620772719,0.7915000000000001,mfeat_fourier,1,KNN,impute
3062,0.7865000000000001,0.7865,0.7857242438717236,0.7904566233042915,0.7865,mfeat_fourier,2,KNN,impute
3063,0.7965,0.7965,0.795456260324751,0.8001937206362773,0.7965,mfeat_fourier,3,KNN,impute
3064,0.7965,0.7965,0.7954677656609939,0.8006823914997705,0.7965,mfeat_fourier,4,KNN,impute
3065,0.7950000000000002,0.795,0.793515135145233,0.7991037311123499,0.795,mfeat_fourier,5,KNN,impute
3066,0.8119999999999999,0.8119999999999999,0.8116044389582722,0.8152120153876239,0.8119999999999999,mfeat_fourier,0,SVC,impute
3067,0.823,0.823,0.8232530268033749,0.8254127897496741,0.823,mfeat_fourier,1,SVC,impute
3068,0.8135000000000001,0.8135,0.814669431512712,0.8191182366412857,0.8135,mfeat_fourier,2,SVC,impute
3069,0.8165,0.8165,0.8165545722879853,0.8216660593041101,0.8165,mfeat_fourier,3,SVC,impute
3070,0.8085,0.8085,0.808280441928888,0.8100709211652514,0.8085,mfeat_fourier,4,SVC,impute
3071,0.821,0.8210000000000001,0.8211017531876881,0.8238920288947871,0.8210000000000001,mfeat_fourier,5,SVC,impute
3072,0.8085,0.8085,0.8079641770244058,0.8107294014415436,0.8085,mfeat_fourier,0,LR,impute
3073,0.8075,0.8075,0.8071381893144313,0.8097493653152382,0.8075,mfeat_fourier,1,LR,impute
3074,0.7985,0.7985,0.799025020687891,0.8017821782865832,0.7985,mfeat_fourier,2,LR,impute
3075,0.804,0.8039999999999998,0.8034218219756681,0.805900196197801,0.8039999999999998,mfeat_fourier,3,LR,impute
3076,0.8119999999999999,0.812,0.8121089963242982,0.814545304582451,0.812,mfeat_fourier,4,LR,impute
3077,0.8105,0.8105,0.8105688133962472,0.8130918037070662,0.8105,mfeat_fourier,5,LR,impute
3078,0.7585,0.7585,0.7582120404231194,0.7683307282798183,0.7585,mfeat_fourier,0,NB,impute
3079,0.756,0.756,0.7566378770156965,0.7651904630603301,0.756,mfeat_fourier,1,NB,impute
3080,0.762,0.762,0.7630717814139361,0.7721267110672007,0.762,mfeat_fourier,2,NB,impute
3081,0.757,0.757,0.7573984776290839,0.7646139860404223,0.757,mfeat_fourier,3,NB,impute
3082,0.7575,0.7575,0.7582357232018334,0.7671362500716714,0.7575,mfeat_fourier,4,NB,impute
3083,0.7605,0.7605000000000001,0.7612124193156259,0.7696111110423434,0.7605000000000001,mfeat_fourier,5,NB,impute
3084,0.7294999999999999,0.7294999999999999,0.7285226282334699,0.7303216100966192,0.7294999999999999,mfeat_fourier,0,DT,impute
3085,0.735,0.735,0.7328667094465788,0.7352367234068766,0.735,mfeat_fourier,1,DT,impute
3086,0.715,0.715,0.7169879746051481,0.721553354773107,0.715,mfeat_fourier,2,DT,impute
3087,0.721,0.7210000000000001,0.7197707729992108,0.7217412690349754,0.7210000000000001,mfeat_fourier,3,DT,impute
3088,0.7129999999999999,0.7130000000000001,0.7145589746560332,0.7185969669111258,0.7130000000000001,mfeat_fourier,4,DT,impute
3089,0.7165,0.7165,0.7154540323130104,0.7180704350961644,0.7165,mfeat_fourier,5,DT,impute
3090,0.8265,0.8264999999999999,0.824508124346627,0.8270931247654681,0.8264999999999999,mfeat_fourier,0,RF,impute
3091,0.829,0.829,0.827955610126401,0.8294731667756321,0.829,mfeat_fourier,1,RF,impute
3092,0.8225,0.8225,0.8218213656498405,0.8234635922951424,0.8225,mfeat_fourier,2,RF,impute
3093,0.826,0.826,0.8249989292945249,0.825960686132708,0.826,mfeat_fourier,3,RF,impute
3094,0.8265,0.8265,0.8250507328710962,0.8256355448262197,0.8265,mfeat_fourier,4,RF,impute
3095,0.8304999999999999,0.8304999999999999,0.8291651197696923,0.8312041599472202,0.8304999999999999,mfeat_fourier,5,RF,impute
3096,0.994058903182126,0.9958839377352036,0.9956200168664936,0.995419421375542,0.9958839377352036,analcatdata_authorship,0,KNN,impute
3097,0.9940532611148724,0.9958938269757098,0.9959142366799274,0.99600887345679,0.9958938269757098,analcatdata_authorship,1,KNN,impute
3098,0.9940532611148724,0.9958304823811152,0.9955994345222988,0.995432167399467,0.9958304823811152,analcatdata_authorship,2,KNN,impute
3099,0.9940476190476192,0.9958839377352036,0.9959087408548324,0.9959439212328768,0.9958839377352036,analcatdata_authorship,3,KNN,impute
3100,0.9940532611148724,0.9958839377352036,0.9959150932508516,0.995978077893294,0.9958839377352036,analcatdata_authorship,4,KNN,impute
3101,0.9940476190476192,0.9958839377352036,0.9959108395642644,0.9959695512820512,0.9958839377352036,analcatdata_authorship,5,KNN,impute
3102,0.997624689686301,0.998364266164899,0.998369078914986,0.9983950617283952,0.998364266164899,analcatdata_authorship,0,SVC,impute
3103,0.9988095238095238,0.9991554054054054,0.9991817481709664,0.99921875,0.9991554054054054,analcatdata_authorship,1,SVC,impute
3104,0.9952380952380953,0.9967819876838864,0.9967296507802836,0.9967195293227936,0.9967819876838864,analcatdata_authorship,2,SVC,impute
3105,0.9964285714285714,0.9975196715703044,0.9975452445128996,0.9975813356164384,0.9975196715703044,analcatdata_authorship,3,SVC,impute
3106,0.994058903182126,0.9958839377352036,0.995918944583843,0.9960065425876634,0.9958839377352036,analcatdata_authorship,4,SVC,impute
3107,0.9940476190476192,0.9958839377352036,0.9959108395642644,0.9959695512820512,0.9958839377352036,analcatdata_authorship,5,SVC,impute
3108,0.9988151658767772,0.9991554054054054,0.9991866311742088,0.9992283950617284,0.9991554054054054,analcatdata_authorship,0,LR,impute
3109,0.9976190476190476,0.9983108108108107,0.9983625856164384,0.9984567901234568,0.9983108108108107,analcatdata_authorship,1,LR,impute
3110,0.997624689686301,0.9977349508599508,0.9980438942791204,0.9983854166666666,0.9977349508599508,analcatdata_authorship,2,LR,impute
3111,0.9976190476190476,0.9983108108108107,0.9983625856164384,0.9984567901234568,0.9983108108108107,analcatdata_authorship,3,LR,impute
3112,0.9976190476190476,0.998364266164899,0.998364266164899,0.998364266164899,0.998364266164899,analcatdata_authorship,4,LR,impute
3113,0.9940532611148724,0.9952546224302552,0.995589908614986,0.995968432831566,0.9952546224302552,analcatdata_authorship,5,LR,impute
3114,0.982165425411871,0.9747852709243274,0.9802049331644748,0.9875365167174528,0.9747852709243274,analcatdata_authorship,0,NB,impute
3115,0.988106522229745,0.9862244815505504,0.9886406612057868,0.9913333460545593,0.9862244815505504,analcatdata_authorship,1,NB,impute
3116,0.985742496050553,0.9769552265872548,0.9828512192081188,0.9897658761517556,0.9769552265872548,analcatdata_authorship,2,NB,impute
3117,0.9857199277815392,0.984525403120855,0.9869814880681742,0.9897049728299728,0.984525403120855,analcatdata_authorship,3,NB,impute
3118,0.9857368539832996,0.9769756481147048,0.9828475236349424,0.9896786849199084,0.9769756481147048,analcatdata_authorship,4,NB,impute
3119,0.985731211916046,0.984591470774132,0.987006560895161,0.9898469931122488,0.984591470774132,analcatdata_authorship,5,NB,impute
3120,0.9298465357707064,0.9099472808402562,0.9139959537489736,0.919625929403092,0.9099472808402562,analcatdata_authorship,0,DT,impute
3121,0.923888512751072,0.9037390500588728,0.9041879973362024,0.9067623779399048,0.9037390500588728,analcatdata_authorship,1,DT,impute
3122,0.9274599413225006,0.9190010081078946,0.914691758331509,0.9126112651559826,0.9190010081078946,analcatdata_authorship,2,DT,impute
3123,0.9322331302189122,0.904949160108354,0.9130838433178666,0.927102161836724,0.904949160108354,analcatdata_authorship,3,DT,impute
3124,0.9322500564206726,0.9087876539722838,0.9093991112727912,0.9120976611822113,0.9087876539722838,analcatdata_authorship,4,DT,impute
3125,0.932216204017152,0.895129311607546,0.9001384351700357,0.9078385698379136,0.895129311607546,analcatdata_authorship,5,DT,impute
3126,0.9893026404874746,0.9847437725206712,0.98744795730923,0.9909979311846692,0.9847437725206712,analcatdata_authorship,0,RF,impute
3127,0.991683592868427,0.9903048846680176,0.9918695606759552,0.993737385924886,0.9903048846680176,analcatdata_authorship,1,RF,impute
3128,0.9916779508011736,0.9889604079238316,0.9912192325880532,0.993707360634444,0.9889604079238316,analcatdata_authorship,2,RF,impute
3129,0.9892913563529676,0.9809841368661651,0.985806355257942,0.9915939589258418,0.9809841368661651,analcatdata_authorship,3,RF,impute
3130,0.9869160460392687,0.9817503065957583,0.9849991855422472,0.9887498382348964,0.9817503065957583,analcatdata_authorship,4,RF,impute
3131,0.990481832543444,0.9844961222095456,0.9885027392088848,0.9929309125108574,0.9844961222095456,analcatdata_authorship,5,RF,impute
3132,0.9165707810320782,0.9083018112836736,0.9348472715696198,0.9319975431447748,0.937961548255666,tokyo1,0,KNN,impute
3133,0.9186759065550908,0.9112581170107468,0.9365578863576546,0.9355209532467752,0.9379933791698496,tokyo1,1,KNN,impute
3134,0.9238798814504882,0.915885435119833,0.9405579706371564,0.9368887864817664,0.9445081062728122,tokyo1,2,KNN,impute
3135,0.9259893654114364,0.9194395170767876,0.9421862567970916,0.941600084047062,0.9428953399541636,tokyo1,3,KNN,impute
3136,0.9280596234309624,0.918007976804972,0.9443618159547538,0.9351880958620744,0.9543332484508956,tokyo1,4,KNN,impute
3137,0.9207505230125524,0.9115029580882924,0.9383767791659612,0.932741990078186,0.9444974959680844,tokyo1,5,KNN,impute
3138,0.9259588563458856,0.915610728629621,0.9425676461492236,0.932939676351207,0.9526462099991512,tokyo1,0,SVC,impute
3139,0.9238885983263598,0.9134396960650556,0.9410444575190704,0.9315137162340588,0.9510440539852304,tokyo1,1,SVC,impute
3140,0.9155509065550906,0.9011593787231788,0.9350324807783224,0.91874727213466,0.9526462099991512,tokyo1,2,SVC,impute
3141,0.9228687238493724,0.9094569348236974,0.9405925575616324,0.924570251819148,0.9575800016976488,tokyo1,3,SVC,impute
3142,0.916575139470014,0.905870405074377,0.9352270728142053,0.9268236194279292,0.9445929887106356,tokyo1,4,SVC,impute
3143,0.9186715481171548,0.907948084825532,0.9372222788121676,0.929203417559552,0.9461420932009168,tokyo1,5,SVC,impute
3144,0.9290925732217572,0.9199544869830024,0.9448968849349276,0.9374640428561998,0.9526462099991512,tokyo1,0,LR,impute
3145,0.9280552649930264,0.9179199291439256,0.9443112393526284,0.9347785710568854,0.9542908072319838,tokyo1,1,LR,impute
3146,0.9228382147838214,0.9137962431455048,0.9397094829322294,0.9338048760091772,0.946110262286733,tokyo1,2,LR,impute
3147,0.9197437238493724,0.9057716832936183,0.9383737059703658,0.921937916591448,0.955956625074272,tokyo1,3,LR,impute
3148,0.92807269874477,0.9193241991457708,0.9441654721729922,0.938270574556506,0.951118326118326,tokyo1,4,LR,impute
3149,0.9290925732217572,0.9192837872433608,0.9451593058074744,0.936408354188997,0.9543120278414396,tokyo1,5,LR,impute
3150,0.8957418061366806,0.8826468304509721,0.9194094201375754,0.9093975518706704,0.9298552754435108,tokyo1,0,NB,impute
3151,0.8999084728033473,0.8872159024966941,0.9228948141955432,0.913471401681984,0.933112638994992,tokyo1,1,NB,impute
3152,0.8967747559274756,0.8845212084250483,0.9200464124072713,0.913509921882015,0.9281576266870384,tokyo1,2,NB,impute
3153,0.8655378312412831,0.863639979818809,0.8897369946024302,0.9184477799136715,0.8713924963924964,tokyo1,3,NB,impute
3154,0.8957505230125523,0.8827173800433152,0.9194594866228468,0.9105147793899112,0.9299295475766064,tokyo1,4,NB,impute
3155,0.8884239888423989,0.8748452273913381,0.9136721166031146,0.9051339275550668,0.9233405483405484,tokyo1,5,NB,impute
3156,0.908202580195258,0.8972496686215494,0.928572421329368,0.9216496637003548,0.9363063407181056,tokyo1,0,DT,impute
3157,0.9030203974895396,0.8964845524854252,0.9238420674614723,0.9277389366041526,0.9200407435701552,tokyo1,1,DT,impute
3158,0.901952580195258,0.8911574605298366,0.9235786316022238,0.9181221457969452,0.929802223919871,tokyo1,2,DT,impute
3159,0.9082243723849373,0.8992859196848773,0.9283074057269404,0.92555152258877,0.9314574314574314,tokyo1,3,DT,impute
3160,0.905108089260809,0.8987155243376056,0.9255303309272452,0.9297205380042312,0.9216959511077156,tokyo1,4,DT,impute
3161,0.904044630404463,0.8966369426680054,0.9246261169351412,0.926443752188518,0.9233193277310924,tokyo1,5,DT,impute
3162,0.9322132147838216,0.924912728329163,0.9470557621955886,0.9433584360517662,0.9510016127663186,tokyo1,0,RF,impute
3163,0.9353556485355649,0.9287194410460836,0.949560209351206,0.9468324556247948,0.9526674306086071,tokyo1,1,RF,impute
3164,0.9270223152022314,0.9208550780765272,0.942574934679412,0.9432267134074012,0.9428528987352518,tokyo1,2,RF,impute
3165,0.9343270571827056,0.925345066339335,0.9491042932757624,0.9408378295981952,0.9575800016976488,tokyo1,3,RF,impute
3166,0.9322132147838216,0.9237551032417536,0.9472789450567572,0.9409034465091972,0.9543332484508954,tokyo1,4,RF,impute
3167,0.9280639818688984,0.9216712802347738,0.9437694068688004,0.943211287650248,0.9445187165775402,tokyo1,5,RF,impute
3168,0.8711608903916596,0.8837670180061485,0.8941688876991982,0.926081157994724,0.8837670180061485,soybean,0,KNN,impute
3169,0.878486897717667,0.8889602547211243,0.898705858706069,0.9257935863283218,0.8889602547211243,soybean,1,KNN,impute
3170,0.8725697379543533,0.8815382081686429,0.8934289800677219,0.9244870387417744,0.8815382081686429,soybean,2,KNN,impute
3171,0.8755459284305438,0.8768280632411067,0.8856350131977482,0.9130281361576164,0.8768280632411067,soybean,3,KNN,impute
3172,0.8681935052127359,0.8788976723759333,0.8881541722918292,0.9153696823358024,0.8788976723759333,soybean,4,KNN,impute
3173,0.8741194702733165,0.8893774703557313,0.8971894826620557,0.921044460331741,0.8893774703557313,soybean,5,KNN,impute
3174,0.8948911665257819,0.9308739569609136,0.9306617045677642,0.9408089596206968,0.9308739569609136,soybean,0,SVC,impute
3175,0.8962647928994083,0.9227547211242864,0.9236746589313656,0.9448955418681036,0.9227547211242864,soybean,1,SVC,impute
3176,0.8903828543251621,0.9245498462889769,0.9256944246670988,0.938748655173776,0.9245498462889769,soybean,2,SVC,impute
3177,0.8977528881375035,0.9276789635485287,0.931299593516586,0.9424858844931132,0.9276789635485287,soybean,3,SVC,impute
3178,0.893332628909552,0.9259771629336846,0.9286030430679866,0.9402143046669752,0.9259771629336846,soybean,4,SVC,impute
3179,0.8948735559312482,0.9285902503293808,0.929262888281315,0.9404642283794266,0.9285902503293808,soybean,5,SVC,impute
3180,0.899337841645534,0.9326581027667984,0.934771863838598,0.9470738296191196,0.9326581027667984,soybean,0,LR,impute
3181,0.8992497886728655,0.9305116381203338,0.9346939194372872,0.9438605462596372,0.9305116381203338,soybean,1,LR,impute
3182,0.8992585939701324,0.9303743961352656,0.9334113187438596,0.942057381489272,0.9303743961352656,soybean,2,LR,impute
3183,0.9007466892082278,0.9266578831796224,0.9330179434771928,0.9459514104554866,0.9266578831796224,soybean,3,LR,impute
3184,0.8918445336714568,0.9275197628458496,0.9320817493022862,0.9426254322676836,0.9275197628458496,soybean,4,LR,impute
3185,0.8948735559312482,0.9307367149758456,0.9338864704227342,0.9430969720171984,0.9307367149758456,soybean,5,LR,impute
3186,0.8459865455057762,0.9236056214317084,0.9055356847665958,0.9275660848523531,0.9236056214317084,soybean,0,NB,impute
3187,0.8444368131868133,0.9295783926218708,0.909423569809461,0.929073465151752,0.9295783926218708,soybean,1,NB,impute
3188,0.841504649196957,0.930407334211682,0.9050287271314922,0.9242025016226596,0.930407334211682,soybean,2,NB,impute
3189,0.835552268244576,0.9259003074220468,0.9074557322879002,0.9314565949982616,0.9259003074220468,soybean,3,NB,impute
3190,0.817695125387433,0.9118577075098816,0.8931273762860814,0.9233315777942658,0.9118577075098816,soybean,4,NB,impute
3191,0.8533125528317836,0.9353754940711464,0.9132834820180072,0.9320243252508044,0.9353754940711464,soybean,5,NB,impute
3192,0.9185598055790364,0.9544082125603864,0.9529999247553104,0.958082844199994,0.9544082125603864,soybean,0,DT,impute
3193,0.9051405325443788,0.936588713219148,0.9324870100602264,0.9371513833059568,0.936588713219148,soybean,1,DT,impute
3194,0.9111457452803606,0.9374066754501538,0.9376226504195176,0.9473713769456524,0.9374066754501538,soybean,2,DT,impute
3195,0.9066550436742744,0.9368741765480896,0.9359477834636852,0.9433141710677944,0.9368741765480896,soybean,3,DT,impute
3196,0.9318558044519584,0.9555775142731664,0.9543590850008477,0.9611006600914772,0.9555775142731664,soybean,4,DT,impute
3197,0.9170540997464074,0.9431598594642072,0.943159205496614,0.9525356212536472,0.9431598594642072,soybean,5,DT,impute
3198,0.9303941251056635,0.9562637241985068,0.9549272090481986,0.9609121634559924,0.9562637241985068,soybean,0,RF,impute
3199,0.93627606367991,0.967374835309618,0.9653485272695153,0.9657357394914604,0.967374835309618,soybean,1,RF,impute
3200,0.9392610594533672,0.9663537549407114,0.9656309325957227,0.9684292927070388,0.9663537549407114,soybean,2,RF,impute
3201,0.942263665821358,0.971909310496267,0.9720375200461544,0.973241337757928,0.971909310496267,soybean,3,RF,impute
3202,0.9303853198083968,0.9606115502854632,0.959693954005992,0.9616378795839066,0.9606115502854632,soybean,4,RF,impute
3203,0.9215183854606932,0.9526405357927096,0.9518198256533412,0.9562450228811784,0.9526405357927096,soybean,5,RF,impute
3204,0.949,0.949,0.948839820943045,0.9524917099860506,0.949,mfeat_karhunen,0,KNN,impute
3205,0.9489999999999998,0.949,0.9487390103421394,0.9520674295133968,0.949,mfeat_karhunen,1,KNN,impute
3206,0.952,0.952,0.951990041558354,0.9550851624155996,0.952,mfeat_karhunen,2,KNN,impute
3207,0.9495,0.9495,0.9494235642520492,0.9531879531955924,0.9495,mfeat_karhunen,3,KNN,impute
3208,0.949,0.949,0.9489540256681132,0.9525465631140502,0.949,mfeat_karhunen,4,KNN,impute
3209,0.9505,0.9505,0.9502987943914388,0.9536910135588724,0.9505,mfeat_karhunen,5,KNN,impute
3210,0.9535,0.9535,0.95341768979559,0.954793471676102,0.9535,mfeat_karhunen,0,SVC,impute
3211,0.946,0.946,0.945819292494493,0.9469073614134844,0.946,mfeat_karhunen,1,SVC,impute
3212,0.9545,0.9545,0.9545202433740312,0.9557941388087224,0.9545,mfeat_karhunen,2,SVC,impute
3213,0.9495,0.9495,0.9493703040465844,0.9502625436440816,0.9495,mfeat_karhunen,3,SVC,impute
3214,0.953,0.9529999999999998,0.9529339987083142,0.953860708699894,0.9529999999999998,mfeat_karhunen,4,SVC,impute
3215,0.9515,0.9515,0.9515903584568248,0.9529165887442498,0.9515,mfeat_karhunen,5,SVC,impute
3216,0.9465,0.9465,0.9465651241405688,0.9476174773029896,0.9465,mfeat_karhunen,0,LR,impute
3217,0.938,0.938,0.9379933919883005,0.9397479684180656,0.938,mfeat_karhunen,1,LR,impute
3218,0.949,0.949,0.9489741616045284,0.950206985232967,0.949,mfeat_karhunen,2,LR,impute
3219,0.9495,0.9495,0.9493621299672146,0.950653647376768,0.9495,mfeat_karhunen,3,LR,impute
3220,0.9435,0.9435,0.9435350236446648,0.9446855849097472,0.9435,mfeat_karhunen,4,LR,impute
3221,0.9485,0.9485,0.9487002267354064,0.950035060224116,0.9485,mfeat_karhunen,5,LR,impute
3222,0.9375,0.9375,0.9377404846036812,0.9402243373593788,0.9375,mfeat_karhunen,0,NB,impute
3223,0.9355,0.9355,0.9357302298551656,0.9385914315340134,0.9355,mfeat_karhunen,1,NB,impute
3224,0.9345,0.9345,0.9348069658856226,0.9379501402068048,0.9345,mfeat_karhunen,2,NB,impute
3225,0.9325,0.9325,0.932884635503557,0.9359029795853042,0.9325,mfeat_karhunen,3,NB,impute
3226,0.933,0.933,0.933173939320898,0.936518689364294,0.933,mfeat_karhunen,4,NB,impute
3227,0.9335,0.9335,0.9338119313987274,0.9363340969281672,0.9335,mfeat_karhunen,5,NB,impute
3228,0.8275,0.8274999999999999,0.827427646461281,0.8295904995090952,0.8274999999999999,mfeat_karhunen,0,DT,impute
3229,0.8175,0.8174999999999999,0.8174310347017189,0.8194617274884115,0.8174999999999999,mfeat_karhunen,1,DT,impute
3230,0.8145,0.8145,0.8148264712382918,0.8175798780825132,0.8145,mfeat_karhunen,2,DT,impute
3231,0.8105,0.8105000000000001,0.8107539106163727,0.8144076179868357,0.8105000000000001,mfeat_karhunen,3,DT,impute
3232,0.813,0.813,0.8123228896261022,0.8167046001037678,0.813,mfeat_karhunen,4,DT,impute
3233,0.8140000000000001,0.8140000000000001,0.8142246652641265,0.8182167408668368,0.8140000000000001,mfeat_karhunen,5,DT,impute
3234,0.9615,0.9615,0.961476956758642,0.9622259451975584,0.9615,mfeat_karhunen,0,RF,impute
3235,0.959,0.959,0.9588985727279532,0.959697833979756,0.959,mfeat_karhunen,1,RF,impute
3236,0.9549999999999998,0.955,0.9550685982802584,0.9561596237067798,0.955,mfeat_karhunen,2,RF,impute
3237,0.959,0.959,0.9589550342826798,0.9596214402454482,0.959,mfeat_karhunen,3,RF,impute
3238,0.956,0.956,0.9559389187097996,0.9566744998122746,0.956,mfeat_karhunen,4,RF,impute
3239,0.9555,0.9555,0.9554450874015944,0.9565282930533144,0.9555,mfeat_karhunen,5,RF,impute
3240,0.5143749999999999,0.514375,0.486490541228344,0.5187950838505173,0.46125,GAMETES_Epistasis_2_Way_1000atts_0.4H_EDM_1_EDM_1_1,0,KNN,normalization
3241,0.514375,0.514375,0.488539933158206,0.5151970876493169,0.4674999999999999,GAMETES_Epistasis_2_Way_1000atts_0.4H_EDM_1_EDM_1_1,1,KNN,normalization
3242,0.50625,0.5062500000000001,0.4809533366601909,0.5070274859635348,0.4575,GAMETES_Epistasis_2_Way_1000atts_0.4H_EDM_1_EDM_1_1,2,KNN,normalization
3243,0.5049999999999999,0.505,0.4768435421060603,0.5056490590909124,0.4524999999999999,GAMETES_Epistasis_2_Way_1000atts_0.4H_EDM_1_EDM_1_1,3,KNN,normalization
3244,0.51625,0.51625,0.4946794143945133,0.5176801324824917,0.47625,GAMETES_Epistasis_2_Way_1000atts_0.4H_EDM_1_EDM_1_1,4,KNN,normalization
3245,0.5175000000000001,0.5175000000000001,0.4919613393695275,0.5178221907198141,0.47,GAMETES_Epistasis_2_Way_1000atts_0.4H_EDM_1_EDM_1_1,5,KNN,normalization
3246,0.48625,0.48625,0.4853051370154028,0.4859064374562054,0.485,GAMETES_Epistasis_2_Way_1000atts_0.4H_EDM_1_EDM_1_1,0,SVC,normalization
3247,0.5037499999999999,0.50375,0.4930397749434506,0.5034449209280395,0.4837499999999999,GAMETES_Epistasis_2_Way_1000atts_0.4H_EDM_1_EDM_1_1,1,SVC,normalization
3248,0.5031249999999999,0.503125,0.5086787857021167,0.5021471627127946,0.51625,GAMETES_Epistasis_2_Way_1000atts_0.4H_EDM_1_EDM_1_1,2,SVC,normalization
3249,0.495,0.495,0.4827622363244249,0.4949235354106677,0.4712499999999999,GAMETES_Epistasis_2_Way_1000atts_0.4H_EDM_1_EDM_1_1,3,SVC,normalization
3250,0.5125,0.5125,0.5086397746290556,0.5127819967256622,0.505,GAMETES_Epistasis_2_Way_1000atts_0.4H_EDM_1_EDM_1_1,4,SVC,normalization
3251,0.504375,0.504375,0.5005593840566637,0.5039867089672411,0.4975,GAMETES_Epistasis_2_Way_1000atts_0.4H_EDM_1_EDM_1_1,5,SVC,normalization
3252,0.4924999999999999,0.4925,0.4910751455390043,0.4922527041383898,0.49,GAMETES_Epistasis_2_Way_1000atts_0.4H_EDM_1_EDM_1_1,0,LR,normalization
3253,0.5,0.5,0.4869431761598671,0.4988383985927812,0.47625,GAMETES_Epistasis_2_Way_1000atts_0.4H_EDM_1_EDM_1_1,1,LR,normalization
3254,0.4999999999999999,0.5,0.5029114123927627,0.4993863631039102,0.5075,GAMETES_Epistasis_2_Way_1000atts_0.4H_EDM_1_EDM_1_1,2,LR,normalization
3255,0.4937499999999999,0.49375,0.4794104003695848,0.4934455625339986,0.4662499999999999,GAMETES_Epistasis_2_Way_1000atts_0.4H_EDM_1_EDM_1_1,3,LR,normalization
3256,0.5187499999999999,0.51875,0.5154698684244317,0.5190272348704809,0.5125,GAMETES_Epistasis_2_Way_1000atts_0.4H_EDM_1_EDM_1_1,4,LR,normalization
3257,0.499375,0.499375,0.4982580825681396,0.4991792481586543,0.4975,GAMETES_Epistasis_2_Way_1000atts_0.4H_EDM_1_EDM_1_1,5,LR,normalization
3258,0.50125,0.50125,0.486811571415142,0.5011526837524178,0.47375,GAMETES_Epistasis_2_Way_1000atts_0.4H_EDM_1_EDM_1_1,0,NB,normalization
3259,0.520625,0.520625,0.5095122796706006,0.5215171247911088,0.49875,GAMETES_Epistasis_2_Way_1000atts_0.4H_EDM_1_EDM_1_1,1,NB,normalization
3260,0.506875,0.506875,0.4939521271523551,0.5068853560232871,0.4825,GAMETES_Epistasis_2_Way_1000atts_0.4H_EDM_1_EDM_1_1,2,NB,normalization
3261,0.5062500000000001,0.50625,0.5067300767491615,0.5066988056066155,0.5075000000000001,GAMETES_Epistasis_2_Way_1000atts_0.4H_EDM_1_EDM_1_1,3,NB,normalization
3262,0.510625,0.510625,0.4971625426983844,0.5104992450783908,0.485,GAMETES_Epistasis_2_Way_1000atts_0.4H_EDM_1_EDM_1_1,4,NB,normalization
3263,0.5025,0.5025,0.4936916591388136,0.5028286910088036,0.4862499999999999,GAMETES_Epistasis_2_Way_1000atts_0.4H_EDM_1_EDM_1_1,5,NB,normalization
3264,0.499375,0.499375,0.4952438125572249,0.4994423110938524,0.4912499999999999,GAMETES_Epistasis_2_Way_1000atts_0.4H_EDM_1_EDM_1_1,0,DT,normalization
3265,0.4962499999999999,0.4962499999999999,0.4991827136881432,0.4962657022458948,0.5025,GAMETES_Epistasis_2_Way_1000atts_0.4H_EDM_1_EDM_1_1,1,DT,normalization
3266,0.51,0.51,0.520638540556013,0.5098895716743904,0.5325,GAMETES_Epistasis_2_Way_1000atts_0.4H_EDM_1_EDM_1_1,2,DT,normalization
3267,0.52,0.52,0.5227355146931206,0.5187909138517937,0.5275,GAMETES_Epistasis_2_Way_1000atts_0.4H_EDM_1_EDM_1_1,3,DT,normalization
3268,0.4912499999999999,0.4912499999999999,0.486157292517084,0.4908019741421842,0.4825,GAMETES_Epistasis_2_Way_1000atts_0.4H_EDM_1_EDM_1_1,4,DT,normalization
3269,0.5025,0.5025000000000001,0.5101055590654928,0.5020609755165368,0.51875,GAMETES_Epistasis_2_Way_1000atts_0.4H_EDM_1_EDM_1_1,5,DT,normalization
3270,0.484375,0.484375,0.4495698267249991,0.4827084764849595,0.42125,GAMETES_Epistasis_2_Way_1000atts_0.4H_EDM_1_EDM_1_1,0,RF,normalization
3271,0.475625,0.475625,0.4588839067130524,0.4727261335156072,0.44625,GAMETES_Epistasis_2_Way_1000atts_0.4H_EDM_1_EDM_1_1,1,RF,normalization
3272,0.515625,0.515625,0.4823806807330263,0.5176162931763704,0.4525,GAMETES_Epistasis_2_Way_1000atts_0.4H_EDM_1_EDM_1_1,2,RF,normalization
3273,0.490625,0.490625,0.4679942101266587,0.4879634732555648,0.4499999999999999,GAMETES_Epistasis_2_Way_1000atts_0.4H_EDM_1_EDM_1_1,3,RF,normalization
3274,0.488125,0.488125,0.4698439712702071,0.4883407605260453,0.45375,GAMETES_Epistasis_2_Way_1000atts_0.4H_EDM_1_EDM_1_1,4,RF,normalization
3275,0.47375,0.47375,0.4466654025180782,0.4710985283104978,0.425,GAMETES_Epistasis_2_Way_1000atts_0.4H_EDM_1_EDM_1_1,5,RF,normalization
3276,1.0,1.0,1.0,1.0,1.0,agaricus_lepiota,0,KNN,normalization
3277,1.0,1.0,1.0,1.0,1.0,agaricus_lepiota,1,KNN,normalization
3278,0.99987721021611,0.9998723186925432,0.9998722534491568,1.0,0.9997446373850868,agaricus_lepiota,2,KNN,normalization
3279,1.0,1.0,1.0,1.0,1.0,agaricus_lepiota,3,KNN,normalization
3280,1.0,1.0,1.0,1.0,1.0,agaricus_lepiota,4,KNN,normalization
3281,1.0,1.0,1.0,1.0,1.0,agaricus_lepiota,5,KNN,normalization
3282,0.9851435211842215,0.9853044587437692,0.9846044270856884,0.9797641017569576,0.9895303933626566,agaricus_lepiota,0,SVC,normalization
3283,0.9839164069816452,0.9840288182526392,0.9833277966160382,0.97972408127692,0.9869791123803966,agaricus_lepiota,1,SVC,normalization
3284,0.9839162864222109,0.9840005520029278,0.9833128136299994,0.9804488632804708,0.986213024535657,agaricus_lepiota,2,SVC,normalization
3285,0.9829348120671314,0.9829713731916676,0.9822711831053108,0.9806789918265664,0.9839181484646976,agaricus_lepiota,3,SVC,normalization
3286,0.9845307778591152,0.984639349401356,0.9839633373656184,0.9804729180136936,0.9874906193325133,agaricus_lepiota,4,SVC,normalization
3287,0.9823197781127724,0.9823401738577984,0.9816015369851968,0.980403934347241,0.9828922682453984,agaricus_lepiota,5,SVC,normalization
3288,0.9555550411686358,0.9554047856382878,0.9536632483932624,0.9558774005329724,0.9514907444080798,agaricus_lepiota,0,LR,normalization
3289,0.9544502345122116,0.954267030260142,0.9524791369592872,0.9556416854803784,0.9494517521002273,agaricus_lepiota,1,LR,normalization
3290,0.9553101246777448,0.955142606681106,0.9533905897098776,0.956119464499904,0.9507298680452774,agaricus_lepiota,2,LR,normalization
3291,0.9566612342585548,0.956490568563706,0.9548171065682224,0.95769770978055,0.9520066811198432,agaricus_lepiota,3,LR,normalization
3292,0.95616911064752,0.956007197574252,0.9543152343798192,0.9569319139268282,0.951749494486252,agaricus_lepiota,4,LR,normalization
3293,0.9553109685937852,0.9551427369681544,0.9533882051014032,0.9561001282725304,0.9507301286193742,agaricus_lepiota,5,LR,normalization
3294,0.9211781212596436,0.9212213425440122,0.918389391426892,0.9145018489308184,0.922385920660399,agaricus_lepiota,0,NB,normalization
3295,0.9189679654293412,0.9190756563602652,0.9163251413109706,0.911094587397176,0.9218788434679284,agaricus_lepiota,1,NB,normalization
3296,0.9216700037518096,0.9216971154689072,0.9188753515149418,0.9154571903844864,0.9223913927164328,agaricus_lepiota,2,NB,normalization
3297,0.9194596068026384,0.919492942480011,0.9166228822046067,0.9130342695730432,0.9203482312230306,agaricus_lepiota,3,NB,normalization
3298,0.9194599082012244,0.9195297188036204,0.9167008362489064,0.9121424431314756,0.9213678576640052,agaricus_lepiota,4,NB,normalization
3299,0.9210560548323596,0.9210861934590449,0.9182597960103952,0.9147098033725344,0.9218791040420252,agaricus_lepiota,5,NB,normalization
3300,1.0,1.0,1.0,1.0,1.0,agaricus_lepiota,0,DT,normalization
3301,1.0,1.0,1.0,1.0,1.0,agaricus_lepiota,1,DT,normalization
3302,1.0,1.0,1.0,1.0,1.0,agaricus_lepiota,2,DT,normalization
3303,1.0,1.0,1.0,1.0,1.0,agaricus_lepiota,3,DT,normalization
3304,1.0,1.0,1.0,1.0,1.0,agaricus_lepiota,4,DT,normalization
3305,1.0,1.0,1.0,1.0,1.0,agaricus_lepiota,5,DT,normalization
3306,1.0,1.0,1.0,1.0,1.0,agaricus_lepiota,0,RF,normalization
3307,1.0,1.0,1.0,1.0,1.0,agaricus_lepiota,1,RF,normalization
3308,1.0,1.0,1.0,1.0,1.0,agaricus_lepiota,2,RF,normalization
3309,1.0,1.0,1.0,1.0,1.0,agaricus_lepiota,3,RF,normalization
3310,1.0,1.0,1.0,1.0,1.0,agaricus_lepiota,4,RF,normalization
3311,1.0,1.0,1.0,1.0,1.0,agaricus_lepiota,5,RF,normalization
3312,1.0,1.0,1.0,1.0,1.0,mushroom,0,KNN,normalization
3313,1.0,1.0,1.0,1.0,1.0,mushroom,1,KNN,normalization
3314,1.0,1.0,1.0,1.0,1.0,mushroom,2,KNN,normalization
3315,1.0,1.0,1.0,1.0,1.0,mushroom,3,KNN,normalization
3316,0.9996307237813884,0.9996169560776302,0.999616368286445,1.0,0.9992339121552604,mushroom,4,KNN,normalization
3317,0.9998769079271296,0.9998723186925432,0.9998722534491568,1.0,0.9997446373850868,mushroom,5,KNN,normalization
3318,0.9714426390940424,0.9711576179619928,0.9701694814046926,0.9772311965758564,0.9632277834525026,mushroom,0,SVC,normalization
3319,0.972796651895618,0.9726241324467816,0.9716643316350024,0.9755959298841744,0.9678243105209398,mushroom,1,SVC,normalization
3320,0.9714426390940424,0.9711576179619928,0.9701591114776144,0.9772127629131492,0.9632277834525024,mushroom,2,SVC,normalization
3321,0.9714426390940424,0.9711576179619928,0.970165935672759,0.977212398075218,0.9632277834525024,mushroom,3,SVC,normalization
3322,0.9724273756770064,0.972241088524412,0.9712399570282184,0.9756186528228412,0.9670582226762,mushroom,4,SVC,normalization
3323,0.9714426390940424,0.9711576179619928,0.9701538658750576,0.9771929671837228,0.9632277834525024,mushroom,5,SVC,normalization
3324,0.9521171836533728,0.951722993704292,0.9498924194324184,0.9592756749686556,0.940755873340143,mushroom,0,LR,normalization
3325,0.9522402757262431,0.951806374938344,0.949922242829648,0.9603837873171068,0.9397344228804902,mushroom,1,LR,normalization
3326,0.9526095519448547,0.9521628388166712,0.9502600133036688,0.9611016425033968,0.9397344228804904,mushroom,2,LR,normalization
3327,0.9503938946331856,0.9498911553264952,0.947854167009274,0.9601881326845672,0.9359039836567926,mushroom,3,LR,normalization
3328,0.9524864598719842,0.9521060376266616,0.9502421225914598,0.9591580771514558,0.9415219611848824,mushroom,4,LR,normalization
3329,0.9528557360905958,0.952444781475627,0.9505956214321604,0.96039344010022,0.9410112359550562,mushroom,5,LR,normalization
3330,0.8570901033973413,0.857839972114014,0.855759375846542,0.834161605828826,0.8787027579162411,mushroom,0,NB,normalization
3331,0.8557360905957656,0.8565506579228437,0.8547321517939566,0.8319644718214314,0.8792134831460674,mushroom,1,NB,normalization
3332,0.8563515509601182,0.8571624844160838,0.8553189531695776,0.8324513153416282,0.8797242083758937,mushroom,2,NB,normalization
3333,0.8559822747415067,0.8567528604496712,0.854707340993223,0.8330259019887254,0.8781920326864148,mushroom,3,NB,normalization
3334,0.8581979320531758,0.8589713838517616,0.8568121375720268,0.8348216640655547,0.8804902962206334,mushroom,4,NB,normalization
3335,0.8562284588872476,0.8570702431673509,0.8552164970012318,0.8316313330362861,0.8804902962206334,mushroom,5,NB,normalization
3336,1.0,1.0,1.0,1.0,1.0,mushroom,0,DT,normalization
3337,1.0,1.0,1.0,1.0,1.0,mushroom,1,DT,normalization
3338,1.0,1.0,1.0,1.0,1.0,mushroom,2,DT,normalization
3339,1.0,1.0,1.0,1.0,1.0,mushroom,3,DT,normalization
3340,1.0,1.0,1.0,1.0,1.0,mushroom,4,DT,normalization
3341,1.0,1.0,1.0,1.0,1.0,mushroom,5,DT,normalization
3342,1.0,1.0,1.0,1.0,1.0,mushroom,0,RF,normalization
3343,1.0,1.0,1.0,1.0,1.0,mushroom,1,RF,normalization
3344,1.0,1.0,1.0,1.0,1.0,mushroom,2,RF,normalization
3345,1.0,1.0,1.0,1.0,1.0,mushroom,3,RF,normalization
3346,1.0,1.0,1.0,1.0,1.0,mushroom,4,RF,normalization
3347,1.0,1.0,1.0,1.0,1.0,mushroom,5,RF,normalization
3348,0.6833783783783783,0.6802674672489083,0.7612875085368749,0.6145826838473845,1.0,ring,0,KNN,normalization
3349,0.6799999999999999,0.6768558951965065,0.7593574360944519,0.6120740951212108,1.0,ring,1,KNN,normalization
3350,0.6833783783783783,0.6802674672489084,0.7613391727184855,0.614690953697346,1.0,ring,2,KNN,normalization
3351,0.6837837837837838,0.6806768558951966,0.7615237724275464,0.6148934816500844,1.0,ring,3,KNN,normalization
3352,0.6835135135135135,0.6804039301310043,0.7613690397499076,0.6146920927336106,1.0,ring,4,KNN,normalization
3353,0.6822972972972973,0.6791757641921398,0.7606661678623313,0.6137721279116497,1.0,ring,5,KNN,normalization
3354,0.7643243243243244,0.7634025836193112,0.7861875940734864,0.7254362420034698,0.8581370449678801,ring,0,SVC,normalization
3355,0.764054054054054,0.7631585868172766,0.7853687762600239,0.7261569864406637,0.8551927194860813,ring,1,SVC,normalization
3356,0.7647297297297297,0.7638514208503596,0.7856441804523576,0.7275183903871523,0.8541220556745182,ring,2,SVC,normalization
3357,0.764054054054054,0.7631638466285777,0.7853156163818937,0.7264307992256374,0.8546573875802997,ring,3,SVC,normalization
3358,0.7632432432432433,0.7623424394303508,0.7847398700382388,0.7253236828698857,0.8549250535331906,ring,4,SVC,normalization
3359,0.7648648648648648,0.7639589547702983,0.786382613445721,0.7265602731231454,0.857066381156317,ring,5,SVC,normalization
3360,0.7567567567567568,0.756278753635114,0.7697919725705533,0.7372420803470416,0.8054068522483939,ring,0,LR,normalization
3361,0.757972972972973,0.7574963999513759,0.7708686531881461,0.738338628092081,0.8064775160599571,ring,1,LR,normalization
3362,0.757972972972973,0.7575069195739785,0.7705668388068843,0.738873023353671,0.805406852248394,ring,2,LR,normalization
3363,0.7601351351351351,0.7596508771027556,0.773134233611754,0.7401194018738888,0.8094218415417559,ring,3,LR,normalization
3364,0.7618918918918919,0.7614380440982579,0.7740709773505186,0.7429927195306525,0.808083511777302,ring,4,LR,normalization
3365,0.7612162162162162,0.7607504698764762,0.7737303286761625,0.7419080738386418,0.8086188436830835,ring,5,LR,normalization
3366,0.9795945945945946,0.9795177103690752,0.9799429782032408,0.9725843743037192,0.9874197002141328,ring,0,NB,normalization
3367,0.9793243243243244,0.9792474145105337,0.9796807070665592,0.97232493393457,0.987152034261242,ring,1,NB,normalization
3368,0.9798648648648648,0.9797906361332672,0.9802023224686708,0.973092742578996,0.9874197002141328,ring,2,NB,normalization
3369,0.9797297297297298,0.9796515433455206,0.9800777726832646,0.9725980761290498,0.9876873661670236,ring,3,NB,normalization
3370,0.9801351351351352,0.9800530422748568,0.9804940522317828,0.9726470506997154,0.988490364025696,ring,4,NB,normalization
3371,0.9797297297297298,0.9796541732511712,0.9800734647254312,0.9728432761329792,0.9874197002141328,ring,5,NB,normalization
3372,0.8712162162162161,0.8710554337357284,0.8743433334822305,0.8616521174610151,0.8875802997858673,ring,0,DT,normalization
3373,0.8737837837837837,0.8736771574577111,0.8762470957712056,0.8681200886444754,0.8846359743040685,ring,1,DT,normalization
3374,0.872972972972973,0.8728373409199294,0.8757744538336744,0.8651257558675056,0.886777301927195,ring,2,DT,normalization
3375,0.8725675675675676,0.872427952273641,0.8754268076978873,0.8644736025974284,0.8867773019271948,ring,3,DT,normalization
3376,0.875,0.8748711346231169,0.8776461444426704,0.8675399338234645,0.8881156316916488,ring,4,DT,normalization
3377,0.8770270270270271,0.8769312273828114,0.8792063782428508,0.8718308388933305,0.8867773019271948,ring,5,DT,normalization
3378,0.9479729729729728,0.9482270929373592,0.9470815112007602,0.9735054275357768,0.9221092077087796,ring,0,RF,normalization
3379,0.949054054054054,0.949292496937621,0.9482586429284852,0.9729741043170922,0.9247858672376874,ring,1,RF,normalization
3380,0.9482432432432432,0.9484973887959006,0.947272522666035,0.9737221391626928,0.9223768736616702,ring,2,RF,normalization
3381,0.9508108108108108,0.9510428452540138,0.9500677658870108,0.9741428470997802,0.9271948608137044,ring,3,RF,normalization
3382,0.9475675675675675,0.947841373441927,0.9465256369865518,0.9750713075073568,0.9197002141327624,ring,4,RF,normalization
3383,0.9516216216216216,0.9518563627352888,0.950857718894216,0.9752122341504024,0.927730192719486,ring,5,RF,normalization
3384,0.9689189189189188,0.9689152402381344,0.9688447160094464,0.9707390998098716,0.9669989469989472,twonorm,0,KNN,normalization
3385,0.9702702702702702,0.9702721424616674,0.9702925923986556,0.9687335999915636,0.9718687843687844,twonorm,1,KNN,normalization
3386,0.9691891891891892,0.969186972062242,0.9691127768198756,0.9707100454302424,0.9675415350415352,twonorm,2,KNN,normalization
3387,0.9697297297297296,0.9697302869333106,0.9697276792218662,0.9689589218781856,0.9705159705159704,twonorm,3,KNN,normalization
3388,0.9683783783783784,0.9683782055947284,0.9683410362719088,0.9694734302979492,0.9672724347724349,twonorm,4,KNN,normalization
3389,0.9685135135135134,0.9685102723196676,0.9684448823154228,0.9699906296721248,0.9669986544986544,twonorm,5,KNN,normalization
3390,0.9778378378378378,0.9778351895414532,0.9778168836720434,0.9784003472050432,0.9772774072774072,twonorm,0,SVC,normalization
3391,0.9789189189189188,0.9789184624794776,0.9788861007098884,0.9796868019685866,0.9780908505908504,twonorm,1,SVC,normalization
3392,0.9777027027027028,0.97770151438078,0.9776531219033228,0.9791306415179184,0.9761969111969112,twonorm,2,SVC,normalization
3393,0.9778378378378378,0.9778369410685824,0.977796215174524,0.9788621837915744,0.9767371592371592,twonorm,3,SVC,normalization
3394,0.977027027027027,0.977025692454958,0.9769811380763316,0.9783416795216276,0.975656078156078,twonorm,4,SVC,normalization
3395,0.9782432432432432,0.9782410314861718,0.9781956988023788,0.9791673491405056,0.9772762372762374,twonorm,5,SVC,normalization
3396,0.9779729729729728,0.9779703246765882,0.9779348901233696,0.9788998667020822,0.977007137007137,twonorm,0,LR,normalization
3397,0.9789189189189188,0.9789186084137488,0.9788855377587772,0.9796842430649312,0.9780908505908508,twonorm,1,LR,normalization
3398,0.9778378378378376,0.977836503581644,0.9777886557280682,0.9791405741147106,0.9764671814671816,twonorm,2,LR,normalization
3399,0.9785135135135136,0.9785129095604258,0.9784753491492816,0.9794074580037292,0.9775488475488476,twonorm,3,LR,normalization
3400,0.9775675675675676,0.9775663792456448,0.9775247639435958,0.9788755534746632,0.9761969111969112,twonorm,4,LR,normalization
3401,0.978108108108108,0.978106042285308,0.9780598249813048,0.979185271890238,0.977005967005967,twonorm,5,LR,normalization
3402,0.978108108108108,0.9781041448239072,0.9780362898637178,0.9804703945000808,0.9756543231543232,twonorm,0,NB,normalization
3403,0.9782432432432432,0.9782426392901554,0.9781918849129844,0.9796685519685732,0.9767380367380368,twonorm,1,NB,normalization
3404,0.9781081081081082,0.9781063363649756,0.9780467014695632,0.9799187385839524,0.9761972036972036,twonorm,2,NB,normalization
3405,0.9789189189189188,0.978917439360204,0.9788694966775808,0.9804716935861651,0.9772785772785773,twonorm,3,NB,normalization
3406,0.977972972972973,0.9779706171768808,0.9779144164873316,0.9802150757553184,0.9756563706563708,twonorm,4,NB,normalization
3407,0.9785135135135136,0.9785108642695036,0.9784534211375844,0.9804816579370162,0.9764657189657188,twonorm,5,NB,normalization
3408,0.8421621621621621,0.8421626107047273,0.8427494525407779,0.8392695625242218,0.8463612963612963,twonorm,0,DT,normalization
3409,0.8381081081081081,0.838114976179231,0.8390169881839722,0.8340050060244293,0.8441976716976718,twonorm,1,DT,normalization
3410,0.8460810810810812,0.8460746637636487,0.8452852337340075,0.8490025977244458,0.842030537030537,twonorm,2,DT,normalization
3411,0.8379729729729729,0.8379706383405088,0.8369229545993362,0.8417028168321287,0.8322975897975897,twonorm,3,DT,normalization
3412,0.8404054054054054,0.8404042410899862,0.8405201209896,0.8391095664437791,0.842029952029952,twonorm,4,DT,normalization
3413,0.8383783783783784,0.838376923773792,0.8383924426948843,0.8379161223434795,0.8390584415584416,twonorm,5,DT,normalization
3414,0.9727027027027028,0.9727003415367346,0.972626071013191,0.97475404176199,0.970516263016263,twonorm,0,RF,normalization
3415,0.971081081081081,0.9710787180198628,0.970997366038624,0.9728484387078026,0.9691631566631568,twonorm,1,RF,normalization
3416,0.97,0.9699973450702392,0.9698681947089992,0.973616476869106,0.9661901836901836,twonorm,2,RF,normalization
3417,0.9702702702702702,0.970269220933368,0.9701866574490148,0.972309601878504,0.968082368082368,twonorm,3,RF,normalization
3418,0.9683783783783784,0.9683765990542448,0.968267432890657,0.9712218873625642,0.9653793728793728,twonorm,4,RF,normalization
3419,0.972027027027027,0.9720224733723654,0.9718744195368524,0.9762981684628584,0.9675400725400726,twonorm,5,RF,normalization
3420,0.9054621848739496,0.9119194750230748,0.8997035997193896,0.8501092831345779,0.9613499245852188,clean1,0,KNN,normalization
3421,0.8907563025210083,0.8973198205803561,0.8833256288620815,0.8285332836562345,0.9470211161387632,clean1,1,KNN,normalization
3422,0.907563025210084,0.9115578780306612,0.8984789158843861,0.8589781664191827,0.942024886877828,clean1,2,KNN,normalization
3423,0.8949579831932774,0.901569640485356,0.887721324735186,0.8328163304435954,0.951734539969834,clean1,3,KNN,normalization
3424,0.8949579831932774,0.8982308480223318,0.8841022126572585,0.8494118689814497,0.9228883861236804,clean1,4,KNN,normalization
3425,0.9054621848739496,0.9119863071520228,0.8988202694216509,0.8448468676916953,0.9615384615384616,clean1,5,KNN,normalization
3426,1.0,1.0,1.0,1.0,1.0,clean1,0,SVC,normalization
3427,1.0,1.0,1.0,1.0,1.0,clean1,1,SVC,normalization
3428,1.0,1.0,1.0,1.0,1.0,clean1,2,SVC,normalization
3429,1.0,1.0,1.0,1.0,1.0,clean1,3,SVC,normalization
3430,1.0,1.0,1.0,1.0,1.0,clean1,4,SVC,normalization
3431,0.9957983193277312,0.9963235294117648,0.9951923076923076,0.9905660377358492,1.0,clean1,5,SVC,normalization
3432,0.9936974789915968,0.993872549019608,0.9927184466019418,0.9903846153846154,0.9950980392156864,clean1,0,LR,normalization
3433,0.9957983193277312,0.995683347966052,0.9951438000942952,0.9952830188679244,0.9950980392156864,clean1,1,LR,normalization
3434,0.9936974789915968,0.9938648105625718,0.9928571428571428,0.9905660377358492,0.9951923076923076,clean1,2,LR,normalization
3435,0.9978991596638656,0.997596153846154,0.9975728155339806,1.0,0.9951923076923076,clean1,3,LR,normalization
3436,0.9978991596638656,0.997596153846154,0.9975728155339806,1.0,0.9951923076923076,clean1,4,LR,normalization
3437,0.9936974789915968,0.9938922469102452,0.9927651232262884,0.9903846153846154,0.9951923076923076,clean1,5,LR,normalization
3438,0.8088235294117647,0.8119013248238446,0.7943806398060348,0.7623049335060976,0.835501508295626,clean1,0,NB,normalization
3439,0.8088235294117647,0.8135278077936112,0.7954415954415954,0.7484536108174947,0.8501131221719456,clean1,1,NB,normalization
3440,0.8151260504201681,0.8198634936178834,0.801047325473931,0.7534029038112522,0.8554864253393666,clean1,2,NB,normalization
3441,0.8046218487394958,0.8075769343328605,0.786502365908948,0.748361543599565,0.8306938159879336,clean1,3,NB,normalization
3442,0.8067226890756303,0.8112027532023143,0.7936006178172204,0.7495398094966044,0.8456825037707391,clean1,4,NB,normalization
3443,0.7920168067226891,0.798896496026654,0.7816378100288458,0.7253816032465159,0.8502073906485671,clean1,5,NB,normalization
3444,1.0,1.0,1.0,1.0,1.0,clean1,0,DT,normalization
3445,1.0,1.0,1.0,1.0,1.0,clean1,1,DT,normalization
3446,1.0,1.0,1.0,1.0,1.0,clean1,2,DT,normalization
3447,1.0,1.0,1.0,1.0,1.0,clean1,3,DT,normalization
3448,1.0,1.0,1.0,1.0,1.0,clean1,4,DT,normalization
3449,1.0,1.0,1.0,1.0,1.0,clean1,5,DT,normalization
3450,0.9936974789915968,0.9927884615384616,0.9925742574257426,1.0,0.9855769230769232,clean1,0,RF,normalization
3451,0.9852941176470588,0.9830316742081447,0.9825713153839656,1.0,0.9660633484162896,clean1,1,RF,normalization
3452,0.9915966386554622,0.9919991389207806,0.990430402930403,0.9857583454281568,0.9951923076923076,clean1,2,RF,normalization
3453,0.9936974789915968,0.9933266360505166,0.9927651232262884,0.9951923076923076,0.9903846153846154,clean1,3,RF,normalization
3454,0.9894957983193278,0.9890845546025528,0.9877661205787708,0.9904753265602322,0.9855769230769232,clean1,4,RF,normalization
3455,0.9915966386554622,0.9909227898966704,0.9901960784313726,0.995,0.9855769230769232,clean1,5,RF,normalization
3456,0.7554940637945058,0.7995923742396427,0.7538473458966293,0.7501521612381559,0.7995923742396427,dna,0,KNN,normalization
3457,0.7699349949244341,0.8149304591319974,0.7693462998617902,0.7648054020425857,0.8149304591319974,dna,1,KNN,normalization
3458,0.7564378511125263,0.7985458004176541,0.7539828591296096,0.7507505506934516,0.7985458004176541,dna,2,KNN,normalization
3459,0.7529724374696569,0.7954177053585884,0.7513524799406505,0.747179809263792,0.7954177053585884,dna,3,KNN,normalization
3460,0.7460739235701721,0.7905315123524581,0.7440603670544274,0.7442319259327345,0.7905315123524581,dna,4,KNN,normalization
3461,0.7554893350062735,0.8030748527483722,0.754746449330166,0.7534625221920878,0.8030748527483722,dna,5,KNN,normalization
3462,0.9193355422028586,0.91381888115926,0.9104683312685896,0.9079757239486465,0.91381888115926,dna,0,SVC,normalization
3463,0.9168253437829044,0.910131940211122,0.9083272407357788,0.9076161953824816,0.910131940211122,dna,1,SVC,normalization
3464,0.918705431170911,0.9125100200280566,0.9101349607209002,0.9083849048416276,0.9125100200280566,dna,2,SVC,normalization
3465,0.915563545456265,0.9112099591812508,0.9064268506372656,0.9027418773653756,0.9112099591812508,dna,3,SVC,normalization
3466,0.9196464600291292,0.913602410669592,0.9108672114236694,0.909132260077544,0.913602410669592,dna,4,SVC,normalization
3467,0.9196460659634432,0.9145069102952584,0.9109958648712404,0.908374449006985,0.9145069102952584,dna,5,SVC,normalization
3468,0.9331451801037812,0.9287961029579712,0.9262792899469736,0.9241490014634832,0.9287961029579712,dna,0,LR,normalization
3469,0.9328287453579062,0.927426578394768,0.9253108877129956,0.92368105153927,0.927426578394768,dna,1,LR,normalization
3470,0.9353436725660929,0.9311654615941886,0.9282768968114108,0.9257369314026132,0.9311654615941886,dna,2,LR,normalization
3471,0.9347104090086568,0.9307380471073337,0.9278985997126526,0.9253107418238472,0.9307380471073337,dna,3,LR,normalization
3472,0.9315744342793012,0.9268635712693688,0.9240934042349984,0.9218648340484256,0.9268635712693688,dna,4,LR,normalization
3473,0.9306294647642228,0.9269493229278718,0.9232439323744932,0.9199724778151536,0.9269493229278718,dna,5,LR,normalization
3474,0.93439712678827,0.9401155902906448,0.9281601970456924,0.919917225132024,0.9401155902906448,dna,0,NB,normalization
3475,0.925604339136082,0.9275093473182412,0.9162718163923004,0.9110807756114334,0.9275093473182412,dna,1,NB,normalization
3476,0.9268740187764418,0.930093964531094,0.9184928051116896,0.911846791578622,0.930093964531094,dna,2,NB,normalization
3477,0.9309455054444116,0.9367607749144746,0.9244127234833546,0.9160861568869502,0.9367607749144746,dna,3,NB,normalization
3478,0.9199558015926558,0.9208584309533986,0.909844962369248,0.907007295328504,0.9208584309533986,dna,4,NB,normalization
3479,0.9237270102078776,0.9265142286857636,0.9150773518087104,0.9091494778690086,0.9265142286857636,dna,5,NB,normalization
3480,0.9083501730736492,0.9000107117546517,0.8968656776446724,0.8953887793281069,0.9000107117546517,dna,0,DT,normalization
3481,0.909296324785786,0.8976254915547329,0.8966872307332007,0.8961871432795514,0.8976254915547329,dna,1,DT,normalization
3482,0.8992437091353884,0.8907030279656208,0.887500529652739,0.8853423906849576,0.8907030279656208,dna,2,DT,normalization
3483,0.9083446561540448,0.8967689169573753,0.8969895117429647,0.8974421561884239,0.8967689169573753,dna,3,DT,normalization
3484,0.9111732596483042,0.9070144759849188,0.902637784052121,0.8993046486956175,0.9070144759849188,dna,4,DT,normalization
3485,0.9008113024343802,0.8895847909940685,0.888691855747879,0.8885128209878499,0.8895847909940685,dna,5,DT,normalization
3486,0.9522955902473472,0.9450661664357912,0.9461445071916964,0.9478241513266314,0.9450661664357912,dna,0,RF,normalization
3487,0.9494642282932858,0.9409323735839498,0.942194866348532,0.9437979240267056,0.9409323735839498,dna,1,RF,normalization
3488,0.951977973304414,0.9441888961786756,0.9449249394268626,0.9463100296067792,0.9441888961786756,dna,2,RF,normalization
3489,0.949466198621716,0.9409391907741766,0.9422966304956808,0.9441522174673956,0.9409391907741766,dna,3,RF,normalization
3490,0.9526021733510716,0.9443718801349134,0.9460388173200092,0.9486272013655574,0.9443718801349134,dna,4,RF,normalization
3491,0.9526009911540136,0.9457491633975668,0.9468603119338864,0.9483658735068896,0.9457491633975668,dna,5,RF,normalization
3492,0.8747224278312362,0.8409285072197574,0.780391157942727,0.8035011821951136,0.7591230313207644,phoneme,0,KNN,normalization
3493,0.8686158401184307,0.8318168583140598,0.7680891286311506,0.7964004036539543,0.7427327430476045,phoneme,1,KNN,normalization
3494,0.8736121391561806,0.8370163670691424,0.7767209558780189,0.8074853575627174,0.7484161514388215,phoneme,2,KNN,normalization
3495,0.873982235381199,0.8367284810608364,0.776681286465881,0.8094635725630799,0.7465317533012746,phoneme,3,KNN,normalization
3496,0.8749074759437454,0.8399391989162264,0.7795001975037239,0.8071521458228557,0.7553160700201003,phoneme,4,KNN,normalization
3497,0.8758327165062917,0.8389655202833759,0.7800839568716396,0.813588641330834,0.7496930895860366,phoneme,5,KNN,normalization
3498,0.7740562546262029,0.7177285540562075,0.6016236469661924,0.6234462981724603,0.5813487520036638,phoneme,0,SVC,normalization
3499,0.7742413027387121,0.71728737786265,0.6009626440421547,0.6251433101191904,0.5794198280029514,phoneme,1,SVC,normalization
3500,0.7716506291635825,0.713623730999076,0.5957602207131114,0.6205514214872279,0.5731369106683968,phoneme,2,SVC,normalization
3501,0.7738712065136935,0.7166688707160582,0.599665887102815,0.6239874688094257,0.5781778744625092,phoneme,3,SVC,normalization
3502,0.7740562546262029,0.7160550446727851,0.5991137857450616,0.6255335293412769,0.5756462610996617,phoneme,4,SVC,normalization
3503,0.7740562546262029,0.7169824973652007,0.6006807166519583,0.6248749664658622,0.5788075973844236,phoneme,5,SVC,normalization
3504,0.7505551443375278,0.6675543172488304,0.5231027722846042,0.5956577964360156,0.4665960613693611,phoneme,0,LR,normalization
3505,0.751480384900074,0.6683863780816166,0.5246900105886703,0.5992493418533087,0.4672130626160852,phoneme,1,LR,normalization
3506,0.7505551443375278,0.6671859380390853,0.5226795489934404,0.59624777543085,0.4653302546879373,phoneme,2,LR,normalization
3507,0.749259807549963,0.6659048642792299,0.5196526324991506,0.5927089057879795,0.4640739892629062,phoneme,3,LR,normalization
3508,0.7494448556624723,0.6650913829296392,0.5187089389041595,0.5943819250488916,0.4608840292089662,phoneme,4,LR,normalization
3509,0.7511102886750556,0.66849402190537,0.5247829164863923,0.5972583996391166,0.4684740986693128,phoneme,5,LR,normalization
3510,0.7603626943005182,0.7506092959964947,0.6404460285866538,0.572472888204768,0.7269976210467395,phoneme,0,NB,normalization
3511,0.7590673575129534,0.7500540459125773,0.6396013120773913,0.57057142148136,0.7282395745871817,phoneme,1,NB,normalization
3512,0.7598075499629904,0.7509461258476318,0.6406827226946488,0.5713130954349979,0.7294974302216115,phoneme,2,NB,normalization
3513,0.7605477424130275,0.7516594166062195,0.6414876966794902,0.5722687153539738,0.7301351041905197,phoneme,3,NB,normalization
3514,0.760177646188009,0.7506570579192926,0.6405359499124271,0.5722814743890635,0.7276178027122613,phoneme,4,NB,normalization
3515,0.7596225018504811,0.750085028306475,0.6401068694480763,0.5724344458553534,0.7269833091621504,phoneme,5,NB,normalization
3516,0.8689859363434492,0.842410727262367,0.7770664878745218,0.7760936071027259,0.7780640154695571,phoneme,0,DT,normalization
3517,0.8654700222057735,0.8360475578104754,0.7693770756437956,0.7740610968262279,0.7648143907589752,phoneme,1,DT,normalization
3518,0.8613989637305699,0.8313212438316495,0.7630045884769844,0.7681780564969459,0.7585028496552426,phoneme,2,DT,normalization
3519,0.8686158401184307,0.8391983048840961,0.7743403564247892,0.7814909043447164,0.7679709564155408,phoneme,3,DT,normalization
3520,0.863619541080681,0.8327092969612709,0.765282421162246,0.7729802860456126,0.757874716942727,phoneme,4,DT,normalization
3521,0.8717616580310881,0.8465889470995698,0.7824537711120261,0.7794650020494249,0.7856318219983208,phoneme,5,DT,normalization
3522,0.9082161361954108,0.8845428917650557,0.8410182764693195,0.8554402125424622,0.827231699870239,phoneme,0,RF,normalization
3523,0.9050703182827536,0.88046905433785,0.8354919269924346,0.8509065755602926,0.82091538813831,phoneme,1,RF,normalization
3524,0.9093264248704664,0.8858787214000863,0.8429237635169728,0.857306901967581,0.8291160980077856,phoneme,2,RF,normalization
3525,0.9045151739452256,0.8784285925503654,0.8337199442960105,0.8532424812030075,0.8152637839350686,phoneme,3,RF,normalization
3526,0.9043301258327164,0.8806774290279381,0.8345474953415024,0.8465964955555092,0.8234326896165687,phoneme,4,RF,normalization
3527,0.9080310880829016,0.8831256829637546,0.8400353618823916,0.8580301196724173,0.8228252296262372,phoneme,5,RF,normalization
3528,0.976,0.976,0.9760154499145764,0.9765948102309784,0.976,mfeat_pixel,0,KNN,normalization
3529,0.9755,0.9755,0.975504678917242,0.9761082703451294,0.9755,mfeat_pixel,1,KNN,normalization
3530,0.978,0.978,0.9780635556346724,0.9788270557144302,0.978,mfeat_pixel,2,KNN,normalization
3531,0.9755,0.9755,0.9755018191206216,0.9761202936383392,0.9755,mfeat_pixel,3,KNN,normalization
3532,0.9715,0.9715,0.9715122825646166,0.9720652005396296,0.9715,mfeat_pixel,4,KNN,normalization
3533,0.9735,0.9735,0.9734745292630016,0.9741385153799992,0.9735,mfeat_pixel,5,KNN,normalization
3534,0.9735,0.9735,0.973494150188478,0.974136848563002,0.9735,mfeat_pixel,0,SVC,normalization
3535,0.969,0.969,0.9690991712638511,0.9702112170170856,0.969,mfeat_pixel,1,SVC,normalization
3536,0.975,0.975,0.9750263560740215,0.9755862593949044,0.975,mfeat_pixel,2,SVC,normalization
3537,0.973,0.973,0.9730409609969818,0.9736892956911578,0.973,mfeat_pixel,3,SVC,normalization
3538,0.9705,0.9705,0.9705088541358388,0.9714001311619632,0.9705,mfeat_pixel,4,SVC,normalization
3539,0.972,0.972,0.972027717795758,0.972445467620204,0.972,mfeat_pixel,5,SVC,normalization
3540,0.965,0.965,0.965007836407829,0.9658214565892717,0.965,mfeat_pixel,0,LR,normalization
3541,0.9615,0.9615,0.9616024355282872,0.9625895348951335,0.9615,mfeat_pixel,1,LR,normalization
3542,0.9665,0.9665,0.966627837530913,0.9674945911329188,0.9665,mfeat_pixel,2,LR,normalization
3543,0.9645,0.9645,0.9644939299610492,0.9651349122293372,0.9645,mfeat_pixel,3,LR,normalization
3544,0.965,0.965,0.9650318924771976,0.9659707738650284,0.965,mfeat_pixel,4,LR,normalization
3545,0.9685,0.9685,0.968533504937342,0.968892904404142,0.9685,mfeat_pixel,5,LR,normalization
3546,0.9185,0.9185,0.9186701090299548,0.9218608145785492,0.9185,mfeat_pixel,0,NB,normalization
3547,0.92,0.92,0.9205222812970776,0.924236161714082,0.92,mfeat_pixel,1,NB,normalization
3548,0.918,0.918,0.918188594215726,0.9215091143866376,0.918,mfeat_pixel,2,NB,normalization
3549,0.923,0.923,0.9232398525235092,0.925748601611398,0.923,mfeat_pixel,3,NB,normalization
3550,0.9195,0.9195,0.9197291124281108,0.923259822385562,0.9195,mfeat_pixel,4,NB,normalization
3551,0.926,0.926,0.9265792065665004,0.9297129120545136,0.926,mfeat_pixel,5,NB,normalization
3552,0.8724999999999999,0.8724999999999999,0.8726190930245612,0.8756663205986215,0.8724999999999999,mfeat_pixel,0,DT,normalization
3553,0.867,0.867,0.8672671657599098,0.872878627486959,0.867,mfeat_pixel,1,DT,normalization
3554,0.861,0.8610000000000001,0.8608716340364724,0.864427840665412,0.8610000000000001,mfeat_pixel,2,DT,normalization
3555,0.862,0.862,0.8621353076968397,0.8655393575109656,0.862,mfeat_pixel,3,DT,normalization
3556,0.8694999999999999,0.8694999999999999,0.8693256316654915,0.873500206512998,0.8694999999999999,mfeat_pixel,4,DT,normalization
3557,0.871,0.8709999999999999,0.8708321905495542,0.8722620324383148,0.8709999999999999,mfeat_pixel,5,DT,normalization
3558,0.9755,0.9755,0.9755447077070776,0.9761625012486852,0.9755,mfeat_pixel,0,RF,normalization
3559,0.9755,0.9754999999999998,0.9755085223821982,0.9760693232499732,0.9754999999999998,mfeat_pixel,1,RF,normalization
3560,0.977,0.977,0.9770654130414648,0.9776941905905052,0.977,mfeat_pixel,2,RF,normalization
3561,0.975,0.975,0.97500037247068,0.9755286207338194,0.975,mfeat_pixel,3,RF,normalization
3562,0.974,0.974,0.9739964442142426,0.9746646544389908,0.974,mfeat_pixel,4,RF,normalization
3563,0.9725,0.9725,0.9725172024069147,0.973188611205522,0.9725,mfeat_pixel,5,RF,normalization
3564,0.889622641509434,0.8870692216280451,0.8750725921178802,0.8881763552401513,0.8623737373737372,banana,0,KNN,normalization
3565,0.891132075471698,0.8886344060762665,0.8767405814081213,0.8898424205611436,0.8644781144781144,banana,1,KNN,normalization
3566,0.8869811320754717,0.8847935580151723,0.8726330074913021,0.8818750198396075,0.8636363636363636,banana,2,KNN,normalization
3567,0.889811320754717,0.8877923673580309,0.875986209703581,0.8841026047248898,0.8682659932659933,banana,3,KNN,normalization
3568,0.8856603773584906,0.8833993721989618,0.8710030763072663,0.8810399321633091,0.8615319865319866,banana,4,KNN,normalization
3569,0.8911320754716981,0.8893443094879483,0.8778096080508802,0.8837360241913892,0.872053872053872,banana,5,KNN,normalization
3570,0.5516981132075471,0.5,0.0,0.0,0.0,banana,0,SVC,normalization
3571,0.5516981132075471,0.5,0.0,0.0,0.0,banana,1,SVC,normalization
3572,0.5516981132075471,0.5,0.0,0.0,0.0,banana,2,SVC,normalization
3573,0.5516981132075471,0.5,0.0,0.0,0.0,banana,3,SVC,normalization
3574,0.5516981132075471,0.5,0.0,0.0,0.0,banana,4,SVC,normalization
3575,0.5516981132075471,0.5,0.0,0.0,0.0,banana,5,SVC,normalization
3576,0.5590566037735849,0.5185006701764567,0.2036681863543016,0.554783673832159,0.1262626262626262,banana,0,LR,normalization
3577,0.5567924528301886,0.5164092475138987,0.2015698512180051,0.5754479257565646,0.1258417508417508,banana,1,LR,normalization
3578,0.5532075471698114,0.5129630781135569,0.198541833072564,0.5210847378292769,0.1237373737373737,banana,2,LR,normalization
3579,0.558490566037736,0.5184609432215451,0.2083673370986013,0.5311320682923117,0.1313131313131313,banana,3,LR,normalization
3580,0.5537735849056604,0.5135549521664433,0.199237326431373,0.5424387131872141,0.1245791245791245,banana,4,LR,normalization
3581,0.5573584905660377,0.5166461698609441,0.1967825214602542,0.585787335065361,0.1228956228956228,banana,5,LR,normalization
3582,0.6126415094339623,0.5844569152537689,0.4191934529882775,0.6403544522804121,0.3118686868686868,banana,0,NB,normalization
3583,0.6113207547169811,0.5836543156139599,0.421648095852993,0.6332566230845491,0.316077441077441,banana,1,NB,normalization
3584,0.6122641509433963,0.5842332352250272,0.419981602944488,0.6379751868485182,0.3131313131313131,banana,2,NB,normalization
3585,0.6115094339622641,0.5838253142459708,0.4217500761627727,0.6347029770453523,0.316077441077441,banana,3,NB,normalization
3586,0.6128301886792453,0.5850223046700475,0.4226098931525817,0.63792110737798,0.316077441077441,banana,4,NB,normalization
3587,0.6133962264150943,0.5856536178013607,0.4237886653218224,0.6388233990886178,0.3173400673400673,banana,5,NB,normalization
3588,0.8643396226415094,0.862932793507349,0.8487768521102594,0.8483388327645494,0.8493265993265993,banana,0,DT,normalization
3589,0.8679245283018868,0.8664578410645443,0.8526291355938217,0.8535155783269301,0.8522727272727273,banana,1,DT,normalization
3590,0.8724528301886793,0.8706801254680872,0.8570992881795109,0.8608619927894408,0.8535353535353536,banana,2,DT,normalization
3591,0.8724528301886791,0.8714689070366224,0.8583051964937031,0.8550979052979442,0.8619528619528619,banana,3,DT,normalization
3592,0.8683018867924529,0.8673519854265408,0.8538038401781873,0.8498210526129237,0.8581649831649831,banana,4,DT,normalization
3593,0.8720754716981133,0.8715607396352951,0.8586421650013331,0.8508887315731893,0.8665824915824916,banana,5,DT,normalization
3594,0.8888679245283018,0.8865429834137084,0.8745418046800649,0.8853122448951182,0.8640572390572391,banana,0,RF,normalization
3595,0.8954716981132076,0.892606813690945,0.8810626341823683,0.8982540770122109,0.86489898989899,banana,1,RF,normalization
3596,0.8922641509433962,0.8900547886525999,0.8785138793148444,0.8887168002538133,0.8686868686868686,banana,2,RF,normalization
3597,0.8954716981132076,0.8933955952594803,0.8822142498829336,0.8918075795442745,0.8733164983164984,banana,3,RF,normalization
3598,0.8930188679245283,0.8906599050237902,0.879089786756097,0.8908910770390718,0.8678451178451178,banana,4,RF,normalization
3599,0.8945283018867924,0.8923828457857186,0.881088207135461,0.8907932271197142,0.8716329966329965,banana,5,RF,normalization
3600,0.965,0.965,0.9648118402298912,0.96591838268658,0.965,mfeat_factors,0,KNN,normalization
3601,0.965,0.965,0.9648786193592174,0.9657696016125056,0.965,mfeat_factors,1,KNN,normalization
3602,0.968,0.968,0.967953561459164,0.9685106623151032,0.968,mfeat_factors,2,KNN,normalization
3603,0.9685,0.9685,0.9684861753441454,0.9695012464569388,0.9685,mfeat_factors,3,KNN,normalization
3604,0.965,0.965,0.964894811725331,0.965713402539572,0.965,mfeat_factors,4,KNN,normalization
3605,0.9645,0.9645,0.964466903528133,0.9653837844833646,0.9645,mfeat_factors,5,KNN,normalization
3606,0.981,0.981,0.980972634462738,0.9814033065249969,0.981,mfeat_factors,0,SVC,normalization
3607,0.978,0.978,0.9779165010678896,0.9784994691444362,0.978,mfeat_factors,1,SVC,normalization
3608,0.9775,0.9775,0.9775271069201652,0.9780340170226102,0.9775,mfeat_factors,2,SVC,normalization
3609,0.9775,0.9775,0.9774439309475652,0.9779004443839728,0.9775,mfeat_factors,3,SVC,normalization
3610,0.973,0.973,0.9729914479751308,0.9734079362672058,0.973,mfeat_factors,4,SVC,normalization
3611,0.975,0.975,0.9750010925868192,0.9756118484026582,0.975,mfeat_factors,5,SVC,normalization
3612,0.978,0.978,0.978002288651995,0.9784917331228572,0.978,mfeat_factors,0,LR,normalization
3613,0.975,0.975,0.9750267901229056,0.9757881545945,0.975,mfeat_factors,1,LR,normalization
3614,0.9765,0.9765,0.9765386081717742,0.977165089731414,0.9765,mfeat_factors,2,LR,normalization
3615,0.9735,0.9735,0.9734786735130714,0.9740533469012128,0.9735,mfeat_factors,3,LR,normalization
3616,0.974,0.9740000000000002,0.9739840255691452,0.9743640436944008,0.9740000000000002,mfeat_factors,4,LR,normalization
3617,0.978,0.978,0.9780469747291272,0.9785407073488964,0.978,mfeat_factors,5,LR,normalization
3618,0.926,0.926,0.925855510068077,0.9283420168273464,0.926,mfeat_factors,0,NB,normalization
3619,0.9235,0.9235,0.92367246414213,0.926340012921026,0.9235,mfeat_factors,1,NB,normalization
3620,0.9195,0.9195,0.91957919487458,0.9223670732525912,0.9195,mfeat_factors,2,NB,normalization
3621,0.925,0.925,0.9249283216923572,0.9271417532270284,0.925,mfeat_factors,3,NB,normalization
3622,0.9275,0.9275,0.927524546669078,0.930360042767753,0.9275,mfeat_factors,4,NB,normalization
3623,0.922,0.922,0.9220960539981934,0.9249052741464046,0.922,mfeat_factors,5,NB,normalization
3624,0.8875000000000001,0.8875,0.8872887505880049,0.8898527838837321,0.8875,mfeat_factors,0,DT,normalization
3625,0.885,0.8849999999999999,0.8843700125717273,0.8861772805732939,0.8849999999999999,mfeat_factors,1,DT,normalization
3626,0.8765,0.8765000000000001,0.876386437118182,0.8783781139250548,0.8765000000000001,mfeat_factors,2,DT,normalization
3627,0.8845000000000001,0.8845000000000001,0.8846456316681982,0.8883991860607687,0.8845000000000001,mfeat_factors,3,DT,normalization
3628,0.886,0.8860000000000001,0.8855920018278771,0.8874018891391231,0.8860000000000001,mfeat_factors,4,DT,normalization
3629,0.883,0.883,0.8829199729361937,0.886107698776594,0.883,mfeat_factors,5,DT,normalization
3630,0.969,0.969,0.9690231945191076,0.9702162732107182,0.969,mfeat_factors,0,RF,normalization
3631,0.966,0.966,0.9661095470633648,0.966991733092074,0.966,mfeat_factors,1,RF,normalization
3632,0.9695,0.9695,0.9695792813723711,0.970230502380762,0.9695,mfeat_factors,2,RF,normalization
3633,0.9635,0.9635,0.9633646204404298,0.9641673158701526,0.9635,mfeat_factors,3,RF,normalization
3634,0.9675,0.9675,0.9675108591195802,0.9681693616831938,0.9675,mfeat_factors,4,RF,normalization
3635,0.9675,0.9675,0.9675424563827756,0.9682653123477688,0.9675,mfeat_factors,5,RF,normalization
3636,0.9087171835454992,0.9015361748079724,0.88213635836508,0.8972419551775457,0.8676347599459306,spambase,0,KNN,normalization
3637,0.9035001699845124,0.895303089863134,0.8748884664364629,0.8946509844003092,0.8566033102858088,spambase,1,KNN,normalization
3638,0.9095876931212934,0.9019600936790788,0.8830416535320813,0.9010242586077976,0.8659718372864214,spambase,2,KNN,normalization
3639,0.9061052770747556,0.8989849381582716,0.8788704471198923,0.8929368018120305,0.8654017271056393,spambase,3,KNN,normalization
3640,0.907847618328108,0.8997525881603149,0.8805394878514312,0.9004836808603021,0.8615568262488937,spambase,4,KNN,normalization
3641,0.9065398708117705,0.8990574704924255,0.8792421784372507,0.8953049740751373,0.8637533914870029,spambase,5,KNN,normalization
3642,0.9295829713292788,0.9233798046039716,0.9091055314055684,0.924688057040998,0.8941053767832658,spambase,0,SVC,normalization
3643,0.9269721980886184,0.9213212834539412,0.906248360697544,0.9187315477831136,0.8946511752292597,spambase,1,SVC,normalization
3644,0.9295801382540702,0.9242358166001976,0.9095786853163592,0.9209359705762736,0.8990455212922173,spambase,2,SVC,normalization
3645,0.9282746571978998,0.922003637461067,0.9072590897028656,0.9229272036713064,0.892429082669623,spambase,3,SVC,normalization
3646,0.9284933706040116,0.9218986531466354,0.907530485143676,0.9252814367176356,0.8907843938112048,spambase,4,SVC,normalization
3647,0.9276249386167038,0.9215707246433106,0.906777032565407,0.921000436667374,0.8929979772636657,spambase,5,SVC,normalization
3648,0.9254532920333924,0.9183338220794276,0.9032900135456412,0.9228219906595232,0.8847307718489561,spambase,0,LR,normalization
3649,0.9237126506251652,0.9164130720772689,0.9011588589544882,0.921593184355239,0.8819653120168042,spambase,1,LR,normalization
3650,0.927623049899898,0.921656382523807,0.9067585974660134,0.9209178257220556,0.8935279730820472,spambase,2,LR,normalization
3651,0.922839874589204,0.9150110157272576,0.8994794081795696,0.9222214072857784,0.8780851591446158,spambase,3,LR,normalization
3652,0.9243631246930836,0.9166582587130502,0.9017010284919268,0.924663871006654,0.8803036049440345,spambase,4,LR,normalization
3653,0.9219729535753408,0.914495361041958,0.8988427805706553,0.9194260584816024,0.8792059301183496,spambase,5,LR,normalization
3654,0.8154752011483398,0.8390628915558362,0.8023282063847438,0.694251656045593,0.9503639466697786,spambase,0,NB,normalization
3655,0.8119978846371775,0.836578020361221,0.79969852352438,0.6891687286384197,0.9525678054283242,spambase,1,NB,normalization
3656,0.8174317228874703,0.8413488843885555,0.8047433256042646,0.6958500250848805,0.9542185722204394,spambase,2,NB,normalization
3657,0.8178642390359989,0.841417769962491,0.8047600781141024,0.6966798499001032,0.9525629430813666,spambase,3,NB,normalization
3658,0.8176494919351792,0.8417238519130308,0.805038562444266,0.6956900007972536,0.9553271873267788,spambase,4,NB,normalization
3659,0.8159109281154383,0.839903346832241,0.8031792328025045,0.6940723018567707,0.9531208973947544,spambase,5,NB,normalization
3660,0.9121941223133004,0.9085496115026638,0.8888773023316187,0.8870768440908681,0.891345994884811,spambase,0,DT,normalization
3661,0.908279945604956,0.9052267162051226,0.8844479341491196,0.8784936645243405,0.8907977652653383,spambase,1,DT,normalization
3662,0.9102360896007252,0.9079871907364212,0.887372678895066,0.877802326064932,0.8973947545001021,spambase,2,DT,normalization
3663,0.9111082990216448,0.9083248439336612,0.8881841395899367,0.8815619166043478,0.8952006204354717,spambase,3,DT,normalization
3664,0.9163215351490196,0.9119576798412272,0.8935199756644921,0.896033899195593,0.8913472104715504,spambase,4,DT,normalization
3665,0.9100192649114192,0.908490723562851,0.8875773425168427,0.8743440879258311,0.9012712606120722,spambase,5,DT,normalization
3666,0.951750651607298,0.9467824653778922,0.9377663099535573,0.9528597250035103,0.9233353755190556,spambase,0,RF,normalization
3667,0.9504464926528916,0.9447459137345424,0.9358569460539988,0.9547983478519247,0.9178275520028008,spambase,1,RF,normalization
3668,0.9519659653231596,0.9468597371051082,0.9380719744671072,0.954021836846232,0.92277255885871,spambase,2,RF,normalization
3669,0.9530525441015374,0.948337241802226,0.939571843759836,0.9535580271201,0.9260862483103344,spambase,3,RF,normalization
3670,0.953270879764288,0.948229218520946,0.9397194768556398,0.9555933589557016,0.9244354815182192,spambase,4,RF,normalization
3671,0.9563130359233936,0.952283118327606,0.943937471546469,0.9549011818299572,0.9332606412463168,spambase,5,RF,normalization
3672,0.5115511551155115,0.5115022655977692,0.5342763804129544,0.5101803713964674,0.5609424015336354,Hill_Valley_with_noise,0,KNN,normalization
3673,0.5132013201320133,0.5132178023701638,0.5324866420969332,0.5122759677430062,0.5544505925409551,Hill_Valley_with_noise,1,KNN,normalization
3674,0.5165016501650164,0.5164963837574068,0.5330437807801365,0.5150637471915395,0.552773178807947,Hill_Valley_with_noise,2,KNN,normalization
3675,0.509075907590759,0.5090514987800627,0.5145472603466653,0.508266117226456,0.5213597943534333,Hill_Valley_with_noise,3,KNN,normalization
3676,0.4975247524752475,0.4975383408853259,0.5161695095807652,0.4985700623645306,0.5363584872777971,Hill_Valley_with_noise,4,KNN,normalization
3677,0.5090759075907592,0.5090623910770303,0.5348188073513181,0.5084104029713667,0.5643625827814569,Hill_Valley_with_noise,5,KNN,normalization
3678,0.6188118811881188,0.6188839752527013,0.3906269969646138,0.9375128008192524,0.2526141512722203,Hill_Valley_with_noise,0,SVC,normalization
3679,0.6064356435643564,0.6063905106308818,0.3614672942704106,0.9362399193548387,0.2259933774834437,Hill_Valley_with_noise,1,SVC,normalization
3680,0.6023102310231023,0.6023276838619729,0.3480024568036687,0.9492990247300592,0.2145455733705124,Hill_Valley_with_noise,2,SVC,normalization
3681,0.6014851485148515,0.6014944231439525,0.3507761737392904,0.9419642857142858,0.2161685256186824,Hill_Valley_with_noise,3,SVC,normalization
3682,0.6014851485148515,0.6014508539560823,0.3528360770501496,0.9392857142857144,0.217780585569885,Hill_Valley_with_noise,4,SVC,normalization
3683,0.6056105610561056,0.6056552805855699,0.3593398450102731,0.9428606237816765,0.2228781805507145,Hill_Valley_with_noise,5,SVC,normalization
3684,0.7178217821782178,0.7179112931334961,0.6112725586471219,0.9560091778646942,0.4556029975601254,Hill_Valley_with_noise,0,LR,normalization
3685,0.6996699669966997,0.6995741111885675,0.5778664446570139,0.9471589146915036,0.4206060474032764,Hill_Valley_with_noise,1,LR,normalization
3686,0.7128712871287128,0.7128844980829558,0.6063861539120883,0.959441630827716,0.4439046706169396,Hill_Valley_with_noise,2,LR,normalization
3687,0.7021452145214521,0.7021011240850471,0.585816520942848,0.9584715959045916,0.4223488149180899,Hill_Valley_with_noise,3,LR,normalization
3688,0.7021452145214521,0.7021229086789822,0.5820115425765023,0.9573888345292454,0.4224141686998954,Hill_Valley_with_noise,4,LR,normalization
3689,0.7029702970297029,0.7030215231788078,0.5864655843209168,0.9572653090258724,0.4242005054025793,Hill_Valley_with_noise,5,LR,normalization
3690,0.4900990099009901,0.4907742244684558,0.3262559212166542,0.5077058531372756,0.324034942488672,Hill_Valley_with_noise,0,NB,normalization
3691,0.5024752475247525,0.5025923666782851,0.2914691809521881,0.5035347406718462,0.2080210874869292,Hill_Valley_with_noise,1,NB,normalization
3692,0.4958745874587459,0.4952291739281979,0.3438590239618199,0.501018246985989,0.3492615022655978,Hill_Valley_with_noise,2,NB,normalization
3693,0.5033003300330032,0.5039375653537819,0.348718497626134,0.5253419547931744,0.3471266120599512,Hill_Valley_with_noise,3,NB,normalization
3694,0.5181518151815182,0.5179995207389334,0.2816794731395013,0.5611721008062471,0.1929243638898571,Hill_Valley_with_noise,4,NB,normalization
3695,0.4909240924092409,0.4922337922621122,0.4250731862676451,0.5078711201079622,0.5194100731962356,Hill_Valley_with_noise,5,NB,normalization
3696,0.5486798679867987,0.548710352039038,0.5481353313941484,0.5486930685714441,0.5478825374695016,Hill_Valley_with_noise,0,DT,normalization
3697,0.528877887788779,0.5288373562216802,0.5403450183270812,0.5271212574615407,0.554374346462182,Hill_Valley_with_noise,1,DT,normalization
3698,0.5338283828382838,0.533815135935866,0.5370925074589363,0.5332983464195283,0.5411946671314047,Hill_Valley_with_noise,2,DT,normalization
3699,0.5272277227722773,0.5272144039735099,0.5276593994904377,0.5273471883602296,0.5280149878006274,Hill_Valley_with_noise,3,DT,normalization
3700,0.528052805280528,0.5280748954339491,0.5386814805699128,0.5268917123216487,0.5511937957476473,Hill_Valley_with_noise,4,DT,normalization
3701,0.5305280528052805,0.5304712007668176,0.5450487264243673,0.527995126176769,0.5642536598117811,Hill_Valley_with_noise,5,DT,normalization
3702,0.5618811881188119,0.5618682467758801,0.5754365102577621,0.5588169459744521,0.594011415127222,Hill_Valley_with_noise,0,RF,normalization
3703,0.5816831683168318,0.581561519693273,0.5822571250977475,0.5821468238985366,0.5840667479958174,Hill_Valley_with_noise,1,RF,normalization
3704,0.5693069306930693,0.5693784855350296,0.5839466620756133,0.5657740921244298,0.6039778668525619,Hill_Valley_with_noise,2,RF,normalization
3705,0.5544554455445545,0.5544070233530847,0.5494202256070775,0.5538577873842833,0.5461070930637852,Hill_Valley_with_noise,3,RF,normalization
3706,0.5734323432343235,0.5734630968978738,0.5887739523659649,0.5684462579543108,0.612234227953991,Hill_Valley_with_noise,4,RF,normalization
3707,0.5420792079207921,0.5420115894039735,0.5439749618999489,0.54180005872811,0.5478062913907285,Hill_Valley_with_noise,5,RF,normalization
3708,0.5602310231023102,0.5601797385620915,0.5651947090517829,0.5654248124319595,0.565359477124183,Hill_Valley_without_noise,0,KNN,normalization
3709,0.5577557755775577,0.5576797385620915,0.5633487063563285,0.5619039184096556,0.565359477124183,Hill_Valley_without_noise,1,KNN,normalization
3710,0.5453795379537953,0.5450816993464052,0.5605952809413693,0.5469389928111484,0.5751633986928104,Hill_Valley_without_noise,2,KNN,normalization
3711,0.5635313531353136,0.5634803921568627,0.5678181702590115,0.5684559203744641,0.5686274509803921,Hill_Valley_without_noise,3,KNN,normalization
3712,0.5594059405940595,0.5590196078431373,0.5775858910361444,0.5599517906593322,0.5980392156862745,Hill_Valley_without_noise,4,KNN,normalization
3713,0.5528052805280528,0.5526633986928104,0.5612618779679178,0.5559543407303942,0.5669934640522876,Hill_Valley_without_noise,5,KNN,normalization
3714,0.5899339933993399,0.5859313725490196,0.7093135290224118,0.5526265077297717,0.9901960784313726,Hill_Valley_without_noise,0,SVC,normalization
3715,0.5907590759075907,0.5867156862745099,0.7107611355711201,0.5529005418435755,0.9950980392156864,Hill_Valley_without_noise,1,SVC,normalization
3716,0.5899339933993399,0.5859150326797385,0.7097438172372543,0.5527096999254755,0.9918300653594772,Hill_Valley_without_noise,2,SVC,normalization
3717,0.5874587458745875,0.5833986928104575,0.7086748650633791,0.5508096819247899,0.9934640522875816,Hill_Valley_without_noise,3,SVC,normalization
3718,0.5866336633663366,0.5825653594771243,0.7082231162992286,0.550245300312904,0.9934640522875816,Hill_Valley_without_noise,4,SVC,normalization
3719,0.5882838283828383,0.5842483660130718,0.7087115577089305,0.5513609510873275,0.9918300653594772,Hill_Valley_without_noise,5,SVC,normalization
3720,0.6617161716171618,0.6584967320261438,0.7462701256567319,0.6012672212268986,0.9836601307189544,Hill_Valley_without_noise,0,LR,normalization
3721,0.6716171617161716,0.6684313725490196,0.7531936858675681,0.6081459939294982,0.9901960784313726,Hill_Valley_without_noise,1,LR,normalization
3722,0.6641914191419143,0.6609313725490196,0.7488951859326759,0.6023555561086048,0.9901960784313726,Hill_Valley_without_noise,2,LR,normalization
3723,0.6625412541254126,0.6592647058823529,0.7477102439633021,0.6006544576955692,0.9901960784313726,Hill_Valley_without_noise,3,LR,normalization
3724,0.6674917491749175,0.664264705882353,0.7504897969557431,0.6042319570017318,0.9901960784313726,Hill_Valley_without_noise,4,LR,normalization
3725,0.6633663366336634,0.6600980392156863,0.7481945627900093,0.6012914216052283,0.9901960784313726,Hill_Valley_without_noise,5,LR,normalization
3726,0.5181518151815181,0.5145261437908497,0.6486021551214913,0.5134301026295571,0.880718954248366,Hill_Valley_without_noise,0,NB,normalization
3727,0.4884488448844885,0.4867320261437908,0.5061477182828698,0.4622102424225994,0.6601307189542484,Hill_Valley_without_noise,1,NB,normalization
3728,0.4966996699669966,0.4949183006535947,0.513316793255785,0.4710101334783393,0.6748366013071896,Hill_Valley_without_noise,2,NB,normalization
3729,0.5156765676567656,0.5120424836601307,0.6470359886167303,0.511984744182445,0.8790849673202614,Hill_Valley_without_noise,3,NB,normalization
3730,0.5008250825082509,0.4991339869281045,0.5097129880913963,0.4742868843059682,0.6699346405228759,Hill_Valley_without_noise,4,NB,normalization
3731,0.5016501650165016,0.4998529411764706,0.5188090751040391,0.4832234509457802,0.6813725490196079,Hill_Valley_without_noise,5,NB,normalization
3732,0.5981848184818481,0.5979411764705882,0.6097410356585033,0.5982939696078564,0.6225490196078431,Hill_Valley_without_noise,0,DT,normalization
3733,0.6056105610561057,0.6056209150326797,0.6056603181746278,0.60820100914266,0.6045751633986929,Hill_Valley_without_noise,1,DT,normalization
3734,0.5915841584158416,0.5911764705882352,0.6098601772700547,0.5889670175794172,0.6323529411764706,Hill_Valley_without_noise,2,DT,normalization
3735,0.5866336633663366,0.5864705882352941,0.595518645085305,0.5887703098737017,0.6029411764705882,Hill_Valley_without_noise,3,DT,normalization
3736,0.5759075907590759,0.575375816993464,0.5985710723369531,0.5718624235342027,0.6290849673202614,Hill_Valley_without_noise,4,DT,normalization
3737,0.5767326732673268,0.5765522875816993,0.5860505104653059,0.578803542315103,0.5947712418300654,Hill_Valley_without_noise,5,DT,normalization
3738,0.6006600660066007,0.6005555555555555,0.6071549433388839,0.6036539014547323,0.6111111111111112,Hill_Valley_without_noise,0,RF,normalization
3739,0.6270627062706271,0.6269444444444444,0.6329322285477559,0.6280495292556696,0.6388888888888888,Hill_Valley_without_noise,1,RF,normalization
3740,0.6031353135313531,0.602875816993464,0.6155902725594433,0.6029632113225639,0.6290849673202614,Hill_Valley_without_noise,2,RF,normalization
3741,0.5948844884488449,0.5946568627450981,0.606176661200782,0.5952424172270219,0.6176470588235294,Hill_Valley_without_noise,3,RF,normalization
3742,0.6039603960396039,0.6036764705882354,0.6168215222145843,0.6026396986692903,0.6323529411764706,Hill_Valley_without_noise,4,RF,normalization
3743,0.6006600660066007,0.6002777777777778,0.6176203870933779,0.5984932621085908,0.638888888888889,Hill_Valley_without_noise,5,RF,normalization
3744,0.7684,0.768729969170161,0.7682738996502352,0.768526476092088,0.768729969170161,waveform_40,0,KNN,normalization
3745,0.7678,0.7681575456783597,0.7676955879866587,0.7679923384664145,0.7681575456783597,waveform_40,1,KNN,normalization
3746,0.7684000000000001,0.7687175046670335,0.7682677955483188,0.7684255033115023,0.7687175046670335,waveform_40,2,KNN,normalization
3747,0.772,0.7722952525963704,0.7718841489062919,0.7724548666031589,0.7722952525963704,waveform_40,3,KNN,normalization
3748,0.7634000000000001,0.7637223809631656,0.763248422277576,0.7634448883671707,0.7637223809631656,waveform_40,4,KNN,normalization
3749,0.7789999999999999,0.7793392938131017,0.7788910513868355,0.7789844243248848,0.7793392938131017,waveform_40,5,KNN,normalization
3750,0.8646,0.8648694491585568,0.8645049257726765,0.8651426804416272,0.8648694491585568,waveform_40,0,SVC,normalization
3751,0.86,0.8602709807867461,0.8598407551194687,0.8605259305996386,0.8602709807867461,waveform_40,1,SVC,normalization
3752,0.8635999999999999,0.8638295134712451,0.8635461047747007,0.8640135063765473,0.8638295134712451,waveform_40,2,SVC,normalization
3753,0.8642,0.8644760292050152,0.8641317187435794,0.8650675579523001,0.8644760292050152,waveform_40,3,SVC,normalization
3754,0.8623999999999999,0.8626430213590565,0.8623795929822637,0.8626139884833723,0.8626430213590565,waveform_40,4,SVC,normalization
3755,0.8644000000000001,0.8647026301387455,0.8642516916424556,0.8647804443910158,0.8647026301387455,waveform_40,5,SVC,normalization
3756,0.867,0.8671959455563777,0.8669991738063307,0.8675184178287475,0.8671959455563777,waveform_40,0,LR,normalization
3757,0.8672,0.8674150594923891,0.8671528958408034,0.8673389166556057,0.8674150594923891,waveform_40,1,LR,normalization
3758,0.866,0.8661880421903314,0.8660319771053089,0.8663846306501891,0.8661880421903314,waveform_40,2,LR,normalization
3759,0.8674000000000001,0.8676228599733986,0.867389748972126,0.8678253954221363,0.8676228599733986,waveform_40,3,LR,normalization
3760,0.8666,0.8668163485501481,0.8665852777108762,0.8668024858998543,0.8668163485501481,waveform_40,4,LR,normalization
3761,0.8664000000000001,0.8666117523382453,0.8663724544901714,0.8665700858748869,0.8666117523382453,waveform_40,5,LR,normalization
3762,0.8006,0.8026725222040293,0.7894009929688253,0.8345927922570331,0.8026725222040293,waveform_40,0,NB,normalization
3763,0.8002,0.8023056696856066,0.788521991267217,0.8337535964913941,0.8023056696856066,waveform_40,1,NB,normalization
3764,0.7996000000000001,0.8016898278289175,0.7881621332199201,0.8331974118860256,0.8016898278289175,waveform_40,2,NB,normalization
3765,0.7994,0.8014939007722682,0.7880205115547138,0.8330926387297832,0.8014939007722682,waveform_40,3,NB,normalization
3766,0.8006,0.8026830371842053,0.7893506361963396,0.8336525331799485,0.8026830371842053,waveform_40,4,NB,normalization
3767,0.7988000000000001,0.8009020131603585,0.7870652095870311,0.8331100584182757,0.8009020131603585,waveform_40,5,NB,normalization
3768,0.7387999999999999,0.7389387904545714,0.7390632601612636,0.739470912788587,0.7389387904545714,waveform_40,0,DT,normalization
3769,0.7468,0.7469998604639316,0.7468385390754606,0.7473170298518818,0.7469998604639316,waveform_40,1,DT,normalization
3770,0.7485999999999999,0.7487069996418685,0.7488725054185034,0.7496451792848092,0.7487069996418685,waveform_40,2,DT,normalization
3771,0.7456,0.7458350619794826,0.7458291755522583,0.7465295195896074,0.7458350619794826,waveform_40,3,DT,normalization
3772,0.7514,0.7515691482102841,0.7516196578302002,0.7522163469741832,0.7515691482102841,waveform_40,4,DT,normalization
3773,0.7442,0.7442747592111018,0.744459358157207,0.744940747726084,0.7442747592111018,waveform_40,5,DT,normalization
3774,0.8503999999999999,0.8508715425314148,0.8499489662412612,0.851592761826942,0.8508715425314148,waveform_40,0,RF,normalization
3775,0.8506,0.8511145070141762,0.8500868547730881,0.8516522046312702,0.8511145070141762,waveform_40,1,RF,normalization
3776,0.8518,0.8523067439971906,0.8512938166261339,0.8531303451271166,0.8523067439971906,waveform_40,2,RF,normalization
3777,0.8542,0.8547665960607524,0.8536147567100835,0.8562363807022789,0.8547665960607524,waveform_40,3,RF,normalization
3778,0.8578,0.8583405486422153,0.8573235703571289,0.8595813749977295,0.8583405486422153,waveform_40,4,RF,normalization
3779,0.853,0.8535204257326743,0.8524835070983705,0.8541167283344553,0.8535204257326743,waveform_40,5,RF,normalization
3780,0.8132,0.8129114569112407,0.8120349986275585,0.8138229373932452,0.8129114569112407,waveform_21,0,KNN,normalization
3781,0.8086,0.8083216846748034,0.8073268862677273,0.8091020737284493,0.8083216846748034,waveform_21,1,KNN,normalization
3782,0.8111999999999999,0.8110006655371789,0.8101709662197765,0.8112711134981007,0.8110006655371789,waveform_21,2,KNN,normalization
3783,0.818,0.8177614268428354,0.817199042810507,0.818428560446917,0.8177614268428354,waveform_21,3,KNN,normalization
3784,0.8086,0.8083529809276354,0.8074486377857061,0.809391013249394,0.8083529809276354,waveform_21,4,KNN,normalization
3785,0.8109999999999999,0.8107512520220866,0.8098608463690046,0.8111741787384793,0.8107512520220866,waveform_21,5,KNN,normalization
3786,0.8694,0.869194281221522,0.8689867111734272,0.8696451389482248,0.869194281221522,waveform_21,0,SVC,normalization
3787,0.8672000000000001,0.866972771443847,0.866765986860879,0.867137533472241,0.866972771443847,waveform_21,1,SVC,normalization
3788,0.8684,0.8682104330614548,0.8680137279713911,0.8683761819888355,0.8682104330614548,waveform_21,2,SVC,normalization
3789,0.8706,0.8703712246560591,0.8702592921758341,0.8705407429602424,0.8703712246560591,waveform_21,3,SVC,normalization
3790,0.8692000000000001,0.8689928618019541,0.8687968432640976,0.8693074973063137,0.8689928618019541,waveform_21,4,SVC,normalization
3791,0.8692000000000001,0.8690081837364254,0.8687426177903559,0.8691766273724073,0.8690081837364254,waveform_21,5,SVC,normalization
3792,0.8708,0.8706272866584305,0.8704560650904943,0.8709259118122094,0.8706272866584305,waveform_21,0,LR,normalization
3793,0.8698000000000001,0.869611031572915,0.8695297262876622,0.8697220185483919,0.869611031572915,waveform_21,1,LR,normalization
3794,0.8695999999999999,0.8694396824719834,0.8693283841402117,0.8697057314190871,0.8694396824719834,waveform_21,2,LR,normalization
3795,0.8704000000000001,0.8702221715797054,0.8701453389798174,0.8703366946871496,0.8702221715797054,waveform_21,3,LR,normalization
3796,0.87,0.8698353703904664,0.869741421996821,0.870080616778602,0.8698353703904664,waveform_21,4,LR,normalization
3797,0.87,0.8698276489188421,0.8697085428234692,0.869919038142274,0.8698276489188421,waveform_21,5,LR,normalization
3798,0.808,0.8071881837882393,0.7954861976224711,0.8396159654210358,0.8071881837882393,waveform_21,0,NB,normalization
3799,0.8091999999999999,0.808383487077361,0.7970006243802389,0.8406138189764029,0.808383487077361,waveform_21,1,NB,normalization
3800,0.8095999999999999,0.8087742464961891,0.7969709736277074,0.8414997356860683,0.8087742464961891,waveform_21,2,NB,normalization
3801,0.8082,0.8073803167250961,0.7955278994302426,0.8396871438208504,0.8073803167250961,waveform_21,3,NB,normalization
3802,0.8088,0.8079841885917125,0.7963381238099825,0.8403507745943763,0.8079841885917125,waveform_21,4,NB,normalization
3803,0.8096000000000001,0.8087875043980058,0.7972769829112692,0.8406100569016705,0.8087875043980058,waveform_21,5,NB,normalization
3804,0.754,0.7538055226376712,0.7537128509911659,0.75458913224752,0.7538055226376712,waveform_21,0,DT,normalization
3805,0.7512000000000001,0.751133595178743,0.7511855302583862,0.7515535626584251,0.751133595178743,waveform_21,1,DT,normalization
3806,0.7454,0.7453032163309385,0.7452954162453885,0.7455744658375838,0.7453032163309385,waveform_21,2,DT,normalization
3807,0.7496,0.7493616934539504,0.7491505200238288,0.7493393869026601,0.7493616934539504,waveform_21,3,DT,normalization
3808,0.7518,0.7516430534712449,0.7513742174154687,0.7519056717261537,0.7516430534712449,waveform_21,4,DT,normalization
3809,0.7554000000000001,0.7551840701414428,0.7551763116038771,0.7557390530126706,0.7551840701414428,waveform_21,5,DT,normalization
3810,0.8503999999999999,0.8500963276113418,0.8496171662985135,0.851158328702617,0.8500963276113418,waveform_21,0,RF,normalization
3811,0.846,0.8456395438284275,0.845165372857029,0.8462707464002089,0.8456395438284275,waveform_21,1,RF,normalization
3812,0.8532,0.8529574359724947,0.852693765469097,0.8535667477729365,0.8529574359724947,waveform_21,2,RF,normalization
3813,0.8476,0.847290162524594,0.8468120437257682,0.8477808442237407,0.847290162524594,waveform_21,3,RF,normalization
3814,0.8520000000000001,0.8516976380343779,0.8512708103623037,0.8526790280505474,0.8516976380343779,waveform_21,4,RF,normalization
3815,0.8476000000000001,0.8472573687258419,0.8467567665100549,0.847752141757905,0.8472573687258419,waveform_21,5,RF,normalization
3816,0.6972222222222222,0.6972222222222222,0.6903991144036911,0.7575764921353159,0.6972222222222222,movement_libras,0,KNN,normalization
3817,0.7222222222222222,0.7222222222222221,0.7190142129112717,0.7748045935545936,0.7222222222222221,movement_libras,1,KNN,normalization
3818,0.7305555555555556,0.7305555555555556,0.7216752336519466,0.7867829338417573,0.7305555555555556,movement_libras,2,KNN,normalization
3819,0.7222222222222223,0.7222222222222222,0.7117451611569259,0.7774957912457914,0.7222222222222222,movement_libras,3,KNN,normalization
3820,0.7138888888888888,0.713888888888889,0.7076754983063032,0.7580398305398306,0.713888888888889,movement_libras,4,KNN,normalization
3821,0.7055555555555556,0.7055555555555555,0.6943634796575973,0.7651942039442039,0.7055555555555555,movement_libras,5,KNN,normalization
3822,0.7944444444444445,0.7944444444444445,0.7880783214606745,0.8175793650793651,0.7944444444444445,movement_libras,0,SVC,normalization
3823,0.8250000000000001,0.8250000000000001,0.8202360956037427,0.8495670995670996,0.8250000000000001,movement_libras,1,SVC,normalization
3824,0.7694444444444444,0.7694444444444445,0.7605360026683556,0.7923611111111111,0.7694444444444445,movement_libras,2,SVC,normalization
3825,0.7805555555555556,0.7805555555555557,0.7715734156910627,0.8183766233766234,0.7805555555555557,movement_libras,3,SVC,normalization
3826,0.7666666666666667,0.7666666666666666,0.7628345728345729,0.8010449735449735,0.7666666666666666,movement_libras,4,SVC,normalization
3827,0.7583333333333333,0.7583333333333335,0.74127627002627,0.7672883597883597,0.7583333333333335,movement_libras,5,SVC,normalization
3828,0.7444444444444445,0.7444444444444444,0.7415893365893366,0.7762698412698412,0.7444444444444444,movement_libras,0,LR,normalization
3829,0.7722222222222221,0.7722222222222224,0.7676997539497539,0.7990079365079366,0.7722222222222224,movement_libras,1,LR,normalization
3830,0.7388888888888889,0.7388888888888889,0.731718142968143,0.7624867724867725,0.7388888888888889,movement_libras,2,LR,normalization
3831,0.7694444444444445,0.7694444444444444,0.7630504218004218,0.8109986772486772,0.7694444444444444,movement_libras,3,LR,normalization
3832,0.775,0.7750000000000001,0.7734538609538609,0.8069444444444445,0.7750000000000001,movement_libras,4,LR,normalization
3833,0.7222222222222222,0.7222222222222222,0.7150790413290412,0.75125,0.7222222222222222,movement_libras,5,LR,normalization
3834,0.5916666666666667,0.5916666666666667,0.5895459876380928,0.6475356125356126,0.5916666666666667,movement_libras,0,NB,normalization
3835,0.6027777777777779,0.6027777777777776,0.599694483076836,0.6380820105820105,0.6027777777777776,movement_libras,1,NB,normalization
3836,0.6305555555555555,0.6305555555555555,0.632178513207925,0.6766329966329966,0.6305555555555555,movement_libras,2,NB,normalization
3837,0.6333333333333333,0.6333333333333333,0.6338656006303065,0.6729130591630591,0.6333333333333333,movement_libras,3,NB,normalization
3838,0.6194444444444445,0.6194444444444444,0.61808531065884,0.6584042809042809,0.6194444444444444,movement_libras,4,NB,normalization
3839,0.6,0.6,0.5964662461721286,0.652759139009139,0.6,movement_libras,5,NB,normalization
3840,0.6222222222222222,0.6222222222222222,0.6182117746088334,0.668462000962001,0.6222222222222222,movement_libras,0,DT,normalization
3841,0.6916666666666667,0.6916666666666665,0.6838462000962001,0.7110515873015872,0.6916666666666665,movement_libras,1,DT,normalization
3842,0.6611111111111111,0.6611111111111111,0.6540174422527363,0.7046699134199135,0.6611111111111111,movement_libras,2,DT,normalization
3843,0.6472222222222221,0.6472222222222221,0.6421890364537423,0.6664249639249639,0.6472222222222221,movement_libras,3,DT,normalization
3844,0.6611111111111111,0.6611111111111111,0.664029119029119,0.7024338624338625,0.6611111111111111,movement_libras,4,DT,normalization
3845,0.6361111111111111,0.6361111111111111,0.6347565397565397,0.6724669312169314,0.6361111111111111,movement_libras,5,DT,normalization
3846,0.7916666666666666,0.7916666666666667,0.785832304949952,0.8200234487734488,0.7916666666666667,movement_libras,0,RF,normalization
3847,0.8138888888888889,0.8138888888888889,0.8088110963110963,0.8400330687830688,0.8138888888888889,movement_libras,1,RF,normalization
3848,0.8055555555555556,0.8055555555555556,0.8028481594658065,0.8229004329004329,0.8055555555555556,movement_libras,2,RF,normalization
3849,0.8055555555555556,0.8055555555555558,0.8025100825100824,0.8238425925925925,0.8055555555555558,movement_libras,3,RF,normalization
3850,0.7916666666666667,0.7916666666666667,0.7877942427942426,0.8142261904761905,0.7916666666666667,movement_libras,4,RF,normalization
3851,0.775,0.775,0.7689509455685926,0.7962205387205388,0.775,movement_libras,5,RF,normalization
3852,0.9078487882217254,0.890172228317954,0.8917728780478424,0.8939974345909206,0.890172228317954,satimage,0,KNN,normalization
3853,0.9038079490675894,0.8846715268403597,0.88657365953045,0.889120033748912,0.8846715268403597,satimage,1,KNN,normalization
3854,0.9041173483112714,0.8854316886029728,0.8872116799704226,0.8898668529222995,0.8854316886029728,satimage,2,KNN,normalization
3855,0.9017866115352386,0.8813102810918231,0.8838723474871125,0.887339923081186,0.8813102810918231,satimage,3,KNN,normalization
3856,0.9062918394355136,0.8861741970836152,0.8885714219287285,0.8919010862724501,0.8861741970836152,satimage,4,KNN,normalization
3857,0.9084691327390394,0.8895453648790367,0.8917555870775334,0.8947454602971112,0.8895453648790367,satimage,5,KNN,normalization
3858,0.8717961428098785,0.8373927334841103,0.8406941059406825,0.8457721158426219,0.8373927334841103,satimage,0,SVC,normalization
3859,0.8686873664616631,0.8333193813904326,0.8364428218606125,0.8414585073673756,0.8333193813904326,satimage,1,SVC,normalization
3860,0.8688418728297604,0.8323778604493874,0.8357009648018399,0.8412237533013022,0.8323778604493874,satimage,2,SVC,normalization
3861,0.86899753872032,0.8340257663549516,0.8374818141092687,0.8434042878670094,0.8340257663549516,satimage,3,SVC,normalization
3862,0.870707254590936,0.8329775911423299,0.8365467265458942,0.8432093922214334,0.8329775911423299,satimage,4,SVC,normalization
3863,0.8700847842824411,0.8337239426499606,0.8371313849563308,0.8430536432338381,0.8337239426499606,satimage,5,SVC,normalization
3864,0.8564114055267478,0.8091511998513023,0.8135128782186637,0.8245656433667342,0.8091511998513023,satimage,0,LR,normalization
3865,0.8564104392580293,0.8101861713119344,0.8147204972866725,0.82543282393274,0.8101861713119344,satimage,1,LR,normalization
3866,0.8554782798252368,0.8074803255287958,0.8117120211281692,0.8232974658176244,0.8074803255287958,satimage,2,LR,normalization
3867,0.8588966486708781,0.8144874315833918,0.8191608792097442,0.8302870701290054,0.8144874315833918,satimage,3,LR,normalization
3868,0.8559432483326067,0.808907919294309,0.8130334960317411,0.8240805483673151,0.808907919294309,satimage,4,LR,normalization
3869,0.8584311970291489,0.8126621496091997,0.8167905427884429,0.8274752817336785,0.8126621496091997,satimage,5,LR,normalization
3870,0.7965818823842256,0.786364072307031,0.7787712744860871,0.7812546194828452,0.786364072307031,satimage,0,NB,normalization
3871,0.7954927042846673,0.7853514235159819,0.7777239704841501,0.780812477688616,0.7853514235159819,satimage,1,NB,normalization
3872,0.7961139184438282,0.786221572480379,0.7782924314879953,0.7810571358093368,0.786221572480379,satimage,2,NB,normalization
3873,0.7959609581056805,0.7861617632051581,0.7783552057859099,0.7817021465472006,0.7861617632051581,satimage,3,NB,normalization
3874,0.7967361954985792,0.7862010650328206,0.7786882184755453,0.7817896124068406,0.7862010650328206,satimage,4,NB,normalization
3875,0.7965816891304818,0.7863451456557059,0.7786874981328126,0.7817977508886008,0.7863451456557059,satimage,5,NB,normalization
3876,0.8543907443825002,0.8291680226405553,0.829078939194338,0.8294289812814151,0.8291680226405553,satimage,0,DT,normalization
3877,0.8472421917757391,0.8209413260529114,0.8206157330205476,0.8211086968209163,0.8209413260529114,satimage,1,DT,normalization
3878,0.8512801321237196,0.8269325748401609,0.827443450136789,0.8286263388226439,0.8269325748401609,satimage,2,DT,normalization
3879,0.8599862132779236,0.8356659241656584,0.8365508546793016,0.8380764349601666,0.8356659241656584,satimage,3,DT,normalization
3880,0.8533017595366857,0.8290309331583328,0.82996377096222,0.8313229330883801,0.8290309331583328,satimage,4,DT,normalization
3881,0.8592065310489195,0.8357844048325054,0.8363997888739853,0.8374149081898382,0.8357844048325054,satimage,5,DT,normalization
3882,0.9142207506593818,0.8880437619454138,0.8949902047415068,0.9064831951541228,0.8880437619454138,satimage,0,RF,normalization
3883,0.9162394792661924,0.891222066097669,0.8977673350922977,0.9090312269733246,0.891222066097669,satimage,1,RF,normalization
3884,0.9148399356542334,0.8906130679802317,0.896844957859212,0.9062725190651656,0.8906130679802317,satimage,2,RF,normalization
3885,0.9121985434851844,0.8865097274704512,0.8922323467827457,0.9025564574033472,0.8865097274704512,satimage,3,RF,normalization
3886,0.9156170089576976,0.8902348485117334,0.8966353438232314,0.9081682018500336,0.8902348485117334,satimage,4,RF,normalization
3887,0.9145304397836794,0.8884592385223323,0.8948229905280668,0.9060222782462988,0.8884592385223323,satimage,5,RF,normalization
3888,0.9308510638297872,0.930398023169637,0.9342738293009658,0.9280633623159172,0.9406905097931224,chess,0,KNN,normalization
3889,0.932415519399249,0.9321942020087608,0.9353257885165116,0.9337642778457834,0.937080479157344,chess,1,KNN,normalization
3890,0.9321026282853566,0.9316940238443944,0.9353501096415794,0.9302996141804144,0.9406732986816287,chess,2,KNN,normalization
3891,0.9358573216520653,0.9353475102839306,0.9391111478903954,0.931763170743378,0.9466713710371416,chess,3,KNN,normalization
3892,0.935857321652065,0.9355753931954944,0.93879910414251,0.9358078376559508,0.9418795107454708,chess,4,KNN,normalization
3893,0.9346057571964956,0.9344395874343764,0.9375259751764438,0.9369623171420932,0.9382852569618946,chess,5,KNN,normalization
3894,0.9683979974968712,0.9690480876037992,0.9692338741850184,0.9845084918223642,0.9544780443587711,chess,0,SVC,normalization
3895,0.968397997496871,0.9689058847300284,0.9693479884110252,0.9816068711159752,0.9574641722029076,chess,1,SVC,normalization
3896,0.9671464330413015,0.9676313200144018,0.9681498318198684,0.9799330788558176,0.9568646518192144,chess,2,SVC,normalization
3897,0.9668335419274092,0.967441136120798,0.9677639270665042,0.9821231692926524,0.9538699184193316,chess,3,SVC,normalization
3898,0.9677722152690864,0.968253585857185,0.9687772334427602,0.980445442729533,0.9574684749807808,chess,4,SVC,normalization
3899,0.9662077596996244,0.9667293211340628,0.9672285285070436,0.979860085645633,0.9550675249274264,chess,5,SVC,normalization
3900,0.967459324155194,0.967652003278608,0.968617330793692,0.9739666592920616,0.963469415854876,chess,0,LR,normalization
3901,0.9693366708385482,0.96949918186993,0.9705109617067404,0.9752614110980672,0.9658531547967368,chess,1,LR,normalization
3902,0.969336670838548,0.96939074788823,0.97054038178556,0.9729549993394148,0.9682454992943444,chess,2,LR,normalization
3903,0.969336670838548,0.9695292233848072,0.9704931798594142,0.9758644628741256,0.9652536344130436,chess,3,LR,normalization
3904,0.9687108886107636,0.9688504601604973,0.969904736077268,0.9740657429438524,0.965856023315319,chess,4,LR,normalization
3905,0.9687108886107634,0.9689010872607108,0.969877421275898,0.9752054871185232,0.964648376992186,chess,5,LR,normalization
3906,0.6004380475594493,0.5819991497695313,0.7227036184921423,0.5667759471708901,0.997005266600117,chess,0,NB,normalization
3907,0.6038798498122653,0.5856116508174564,0.7244573480109993,0.5689631631598795,0.997003832340826,chess,1,NB,normalization
3908,0.6091989987484355,0.5912929078483573,0.7266746022076791,0.5728252976979632,0.9940062304223608,chess,2,NB,normalization
3909,0.6032540675844806,0.5849902523181015,0.7240626117684885,0.5687115064616558,0.9964086147350062,chess,3,NB,normalization
3910,0.6029411764705882,0.5846281159785981,0.7239903106058896,0.5683860103746246,0.997005266600117,chess,4,NB,normalization
3911,0.610450563204005,0.5925175541085986,0.7276817874174002,0.5734372330775789,0.9958062258327308,chess,5,NB,normalization
3912,0.9946808510638298,0.9946314370081448,0.9949108787346944,0.9940290621848532,0.9958090943513132,chess,0,DT,normalization
3913,0.9943679599499374,0.9942710183858638,0.9946250055060496,0.992871227826945,0.996405746216424,chess,1,DT,normalization
3914,0.9946808510638298,0.994574931141801,0.9949187492788204,0.9928527255421016,0.997006700859408,chess,2,DT,normalization
3915,0.9918648310387984,0.9918235937963864,0.9922140797537888,0.991640741715902,0.9928129266921392,chess,3,DT,normalization
3916,0.9924906132665832,0.992476760012658,0.99280717586402,0.9928085275745906,0.9928172294700124,chess,4,DT,normalization
3917,0.991239048811014,0.9910263737449726,0.991643882433356,0.9875252282889913,0.9958047915734398,chess,5,DT,normalization
3918,0.9890488110137672,0.9888734144667084,0.9895531031663204,0.9863165324066464,0.9928129266921392,chess,0,RF,normalization
3919,0.9909261576971214,0.9908630793897324,0.9913314877165416,0.9904984876078836,0.9922076692712816,chess,1,RF,normalization
3920,0.9909261576971212,0.9907569470107518,0.9913472310914913,0.9881422036248906,0.9946114878432184,chess,2,RF,normalization
3921,0.9890488110137672,0.9889056073705222,0.9895365336025056,0.9869135344804896,0.9922177090863196,chess,3,RF,normalization
3922,0.9890488110137672,0.9889316380502748,0.9895380284521164,0.9874964251763706,0.9916153201840442,chess,4,RF,normalization
3923,0.9893617021276596,0.9892574289218736,0.9898318119125232,0.988058261296548,0.991612451665462,chess,5,RF,normalization
3924,0.9330413016270338,0.9328530967773804,0.9359857845887892,0.9348957622228898,0.9370876504537996,kr_vs_kp,0,KNN,normalization
3925,0.932415519399249,0.9321792117316234,0.9353790542023108,0.9333489692068412,0.937701513430404,kr_vs_kp,1,KNN,normalization
3926,0.9327284105131416,0.932386687505084,0.935904622632019,0.9318410634117974,0.940086686631556,kr_vs_kp,2,KNN,normalization
3927,0.9380475594493116,0.9376825950672812,0.9410159390038568,0.9361219788699606,0.9460818904684865,kr_vs_kp,3,KNN,normalization
3928,0.9355444305381728,0.9352217037131376,0.9385650165153556,0.9347835258995252,0.9424775968698724,kr_vs_kp,4,KNN,normalization
3929,0.937421777221527,0.9369854953845692,0.9404798182601262,0.9344553089250368,0.9466699367778504,kr_vs_kp,5,KNN,normalization
3930,0.9677722152690864,0.968314961417265,0.9686447289607574,0.98162601724472,0.9562737369912684,kr_vs_kp,0,SVC,normalization
3931,0.9668335419274092,0.9673451328100358,0.96784897504172,0.9804682326569194,0.9556584397553728,kr_vs_kp,1,SVC,normalization
3932,0.968397997496871,0.9689932824850438,0.9693109420527184,0.9838162723237688,0.9556584397553728,kr_vs_kp,2,SVC,normalization
3933,0.9668335419274092,0.9673747406531988,0.967770353946886,0.9809997190084918,0.9550546165938062,kr_vs_kp,3,SVC,normalization
3934,0.968397997496871,0.9688505211802272,0.9693589504316864,0.980575879421204,0.9586589101924202,kr_vs_kp,4,SVC,normalization
3935,0.9680851063829786,0.9687539057505176,0.9689420299308348,0.9845996782127746,0.9538742211972048,kr_vs_kp,5,SVC,normalization
3936,0.9671464330413015,0.9673263456511576,0.9683318589320804,0.9734552847724252,0.9634622445584202,kr_vs_kp,0,LR,normalization
3937,0.9668335419274092,0.9669596230758496,0.9681341210168808,0.972264698137729,0.9640531593863666,kr_vs_kp,1,LR,normalization
3938,0.9668335419274092,0.9670224244104036,0.9680847416740564,0.9734202024509432,0.9628526843596894,kr_vs_kp,2,LR,normalization
3939,0.969336670838548,0.9695223440311,0.9704642394409472,0.9759367758808578,0.9652450288572968,kr_vs_kp,3,LR,normalization
3940,0.9702753441802252,0.9704781304729836,0.971373913243913,0.9771965729682092,0.9658459835002812,kr_vs_kp,4,LR,normalization
3941,0.969336670838548,0.9693824427600486,0.9705859013934668,0.9729783953170495,0.968242630775762,kr_vs_kp,5,LR,normalization
3942,0.6023153942428036,0.5843270265381584,0.7222233748386547,0.5687094062544652,0.9898311016258764,kr_vs_kp,0,NB,normalization
3943,0.5985607008760951,0.5800615276694951,0.7218662353884944,0.5663991725919644,0.9958062258327308,kr_vs_kp,1,NB,normalization
3944,0.5960575719649562,0.5775098401989249,0.7201833142375926,0.5642943863235395,0.995206705449038,kr_vs_kp,2,NB,normalization
3945,0.6038798498122653,0.585874276187334,0.7233548272184385,0.5697527022170261,0.9910086285038956,kr_vs_kp,3,NB,normalization
3946,0.6066958698372966,0.5885599521644295,0.7259625470751434,0.5711491497404547,0.996405746216424,kr_vs_kp,4,NB,normalization
3947,0.6126408010012515,0.5948446357582161,0.7287587934222898,0.5747836402193777,0.9958105286106044,kr_vs_kp,5,NB,normalization
3948,0.994055068836045,0.9940284811900066,0.9943091794079336,0.9940133052794476,0.9946100535839272,kr_vs_kp,0,DT,normalization
3949,0.993116395494368,0.9929357952398028,0.9934380771112984,0.9899283898684258,0.9970023980815348,kr_vs_kp,1,DT,normalization
3950,0.9956195244055068,0.9954727774580494,0.9958183990442054,0.9928543016251848,0.998802393491905,kr_vs_kp,2,DT,normalization
3951,0.994993742177722,0.9949283286814092,0.9952124433481186,0.9940262689757982,0.9964028776978416,kr_vs_kp,3,DT,normalization
3952,0.9959324155193992,0.9959371855551912,0.996103437712898,0.996408552623954,0.9958062258327308,kr_vs_kp,4,DT,normalization
3953,0.9956195244055068,0.9955830708859376,0.9958119577230098,0.995222420832985,0.9964086147350062,kr_vs_kp,5,DT,normalization
3954,0.9918648310387984,0.9917918345642864,0.9922276940337642,0.9910543127162588,0.9934124470758322,kr_vs_kp,0,RF,normalization
3955,0.9912390488110138,0.9910286668628748,0.9916431857228414,0.9875252282889913,0.995807660092022,kr_vs_kp,1,RF,normalization
3956,0.991551939924906,0.9914368525516044,0.9919268603561116,0.9898637550562042,0.9940062304223608,kr_vs_kp,2,RF,normalization
3957,0.9893617021276596,0.989282884200946,0.9898102147353643,0.9886287752884596,0.9910071942446044,kr_vs_kp,3,RF,normalization
3958,0.9909261576971214,0.9907844119497952,0.9913345326878438,0.9886776161680192,0.9940119674595252,kr_vs_kp,4,RF,normalization
3959,0.990613266583229,0.9904819334531492,0.9910486201192948,0.9887129354554752,0.9934138813351232,kr_vs_kp,5,RF,normalization
3960,0.9765124555160144,0.9764981112450348,0.9765512693722668,0.9769025885260484,0.9764981112450348,optdigits,0,KNN,normalization
3961,0.9774021352313168,0.9774073823402848,0.9774504867755356,0.977739984137361,0.9774073823402848,optdigits,1,KNN,normalization
3962,0.9768683274021353,0.9768653337871782,0.9768808108739152,0.9771800867506036,0.9768653337871782,optdigits,2,KNN,normalization
3963,0.9774021352313168,0.9774135001817404,0.9774647415008236,0.977739147694228,0.9774135001817404,optdigits,3,KNN,normalization
3964,0.9779359430604982,0.9779187938031036,0.977957655061486,0.9783568197125228,0.9779187938031036,optdigits,4,KNN,normalization
3965,0.9781138790035588,0.9781062509796046,0.9781372859935202,0.978388666178906,0.9781062509796046,optdigits,5,KNN,normalization
3966,0.9766903914590748,0.9766891541164404,0.9767681443409548,0.9771235291240628,0.9766891541164404,optdigits,0,SVC,normalization
3967,0.9795373665480428,0.9795057988795024,0.9795376067240444,0.9798382564342266,0.9795057988795024,optdigits,1,SVC,normalization
3968,0.9786476868327404,0.9786384544084408,0.978679247729234,0.97891462880965,0.9786384544084408,optdigits,2,SVC,normalization
3969,0.9814946619217082,0.9814907668170912,0.9815522586441676,0.9817743493556594,0.9814907668170912,optdigits,3,SVC,normalization
3970,0.9779359430604982,0.9779000795688424,0.9779162537778968,0.9782242856746616,0.9779000795688424,optdigits,4,SVC,normalization
3971,0.9798932384341636,0.979893595464872,0.9799063159598354,0.9800623557572908,0.979893595464872,optdigits,5,SVC,normalization
3972,0.9704626334519572,0.970495107585606,0.970471933415058,0.9707247167916518,0.970495107585606,optdigits,0,LR,normalization
3973,0.9699288256227756,0.9699414278361876,0.9699219003558566,0.9701288516804502,0.9699414278361876,optdigits,1,LR,normalization
3974,0.9704626334519572,0.9704685785704416,0.970473742361378,0.9707234969550592,0.9704685785704416,optdigits,2,LR,normalization
3975,0.9704626334519572,0.970507558132206,0.970540903016382,0.9707706129493204,0.970507558132206,optdigits,3,LR,normalization
3976,0.9715302491103204,0.9715334724261528,0.971545349816602,0.9718403697153823,0.9715334724261528,optdigits,4,LR,normalization
3977,0.9685053380782918,0.9684972357271332,0.9685068917182336,0.9687056896949208,0.9684972357271332,optdigits,5,LR,normalization
3978,0.7094306049822063,0.7107332451037283,0.6995667318667865,0.8148604576693633,0.7107332451037283,optdigits,0,NB,normalization
3979,0.7261565836298932,0.7272399281205182,0.717735832247861,0.8221029307276929,0.7272399281205182,optdigits,1,NB,normalization
3980,0.7220640569395017,0.7231698974286221,0.712614336953013,0.8197314365532077,0.7231698974286221,optdigits,2,NB,normalization
3981,0.699288256227758,0.7004976432139327,0.6930049623623118,0.8144675922865702,0.7004976432139327,optdigits,3,NB,normalization
3982,0.7058718861209965,0.7071303903143503,0.7009176736486382,0.8147117161666001,0.7071303903143503,optdigits,4,NB,normalization
3983,0.7051601423487546,0.7064190927471458,0.6955341775449617,0.812256980321677,0.7064190927471458,optdigits,5,NB,normalization
3984,0.896085409252669,0.8962103734494065,0.8963427476388965,0.897547806450713,0.8962103734494065,optdigits,0,DT,normalization
3985,0.8943060498220641,0.8943410208049511,0.8944360520961905,0.8956544833460984,0.8943410208049511,optdigits,1,DT,normalization
3986,0.8951957295373666,0.8953193473178724,0.8955427946079704,0.8965028078526981,0.8953193473178724,optdigits,2,DT,normalization
3987,0.8953736654804271,0.8953929681450388,0.8954526999053258,0.8960528886741035,0.8953929681450388,optdigits,3,DT,normalization
3988,0.8976868327402135,0.8977278100388575,0.8979283301167187,0.8987251399005489,0.8977278100388575,optdigits,4,DT,normalization
3989,0.901779359430605,0.9018467843127768,0.9021248758454504,0.9033912283270512,0.9018467843127768,optdigits,5,DT,normalization
3990,0.9832740213523132,0.983279591848956,0.9833048691399358,0.983538678592569,0.983279591848956,optdigits,0,RF,normalization
3991,0.9804270462633452,0.9804182346403782,0.9804326382928692,0.9806024484843912,0.9804182346403782,optdigits,1,RF,normalization
3992,0.9797153024911032,0.9797280702608258,0.9797213977740528,0.9798829816911307,0.9797280702608258,optdigits,2,RF,normalization
3993,0.9811387900355872,0.9811516487563704,0.981177329886216,0.981375050517111,0.9811516487563704,optdigits,3,RF,normalization
3994,0.9825622775800712,0.9825498138701718,0.9825618614155648,0.9827766274394228,0.9825498138701718,optdigits,4,RF,normalization
3995,0.9823843416370106,0.9823953330964648,0.9824180195639748,0.9825687234767068,0.9823953330964648,optdigits,5,RF,normalization
3996,0.6461731493099121,0.669593352197278,0.6338005756297619,0.6675890286786449,0.669593352197278,splice,0,KNN,normalization
3997,0.633939774153074,0.6577437565703381,0.6234075223439958,0.6601990581967699,0.6577437565703381,splice,1,KNN,normalization
3998,0.6386449184441656,0.6659307238777284,0.6277674127835365,0.6630405694767375,0.6659307238777284,splice,2,KNN,normalization
3999,0.6389585947302383,0.6617247107658829,0.6248185882566437,0.6604935697757618,0.6617247107658829,splice,3,KNN,normalization
4000,0.6361355081555835,0.6629301221457955,0.625578251577557,0.6631297402788585,0.6629301221457955,splice,4,KNN,normalization
4001,0.6461731493099122,0.6721473814644965,0.6364522454654966,0.6707925872177684,0.6721473814644965,splice,5,KNN,normalization
4002,0.8259096612296111,0.8259400535782462,0.8151317687562291,0.8074792873299366,0.8259400535782462,splice,0,SVC,normalization
4003,0.8303011292346298,0.8306248729363426,0.8203884195070561,0.8129997290174635,0.8306248729363426,splice,1,SVC,normalization
4004,0.8259096612296111,0.8275685081073034,0.8152544548632068,0.8071066287927477,0.8275685081073034,splice,2,SVC,normalization
4005,0.828732747804266,0.8298796902152678,0.8182081448511377,0.8100806043257512,0.8298796902152678,splice,3,SVC,normalization
4006,0.8309284818067755,0.8303244276639208,0.8201062445096399,0.813286412660679,0.8303244276639208,splice,4,SVC,normalization
4007,0.8249686323713927,0.8241983681119203,0.8137209120644954,0.8068024455968484,0.8241983681119203,splice,5,SVC,normalization
4008,0.8281053952321205,0.8263963878318943,0.8179431203301748,0.8118777366289894,0.8263963878318943,splice,0,LR,normalization
4009,0.8309284818067754,0.8289378258029967,0.8206464552284523,0.8143561048823442,0.8289378258029967,splice,1,LR,normalization
4010,0.8259096612296111,0.8235938978309681,0.8148068977093373,0.8081998714047585,0.8235938978309681,splice,2,LR,normalization
4011,0.8293601003764116,0.8284333796996625,0.819134820268921,0.8126147369320955,0.8284333796996625,splice,3,LR,normalization
4012,0.828732747804266,0.8272538213439307,0.8184720885325966,0.812424473177685,0.8272538213439307,splice,4,LR,normalization
4013,0.8259096612296111,0.8240908201511645,0.8147598092594784,0.8083268709219494,0.8240908201511645,splice,5,LR,normalization
4014,0.9137390213299874,0.9230857830583902,0.9064050378807424,0.8964622211356493,0.9230857830583902,splice,0,NB,normalization
4015,0.9099749058971142,0.9188783515048008,0.9017714983010324,0.8923722353678344,0.9188783515048008,splice,1,NB,normalization
4016,0.907465495608532,0.9153361153205434,0.8987739712210935,0.8916310280583243,0.9153361153205434,splice,2,NB,normalization
4017,0.9159347553324968,0.9256567308288562,0.9090557843117912,0.8992579473004554,0.9256567308288562,splice,3,NB,normalization
4018,0.9149937264742786,0.9245897126616864,0.9079247510066634,0.8980886509425311,0.9245897126616864,splice,4,NB,normalization
4019,0.890840652446675,0.8912629574944587,0.8738544762076355,0.878834582158938,0.8912629574944587,splice,5,NB,normalization
4020,0.9077791718946048,0.8988139192754762,0.8988629752272143,0.8994351724050041,0.8988139192754762,splice,0,DT,normalization
4021,0.9068381430363864,0.8975427382490471,0.8972333843141275,0.8974046233576073,0.8975427382490471,splice,1,DT,normalization
4022,0.9143663739021328,0.9072488096056572,0.9059896891888982,0.905138187955446,0.9072488096056572,splice,2,DT,normalization
4023,0.9112296110414052,0.9059339106056205,0.9031584180484172,0.9011574099885844,0.9059339106056205,splice,3,DT,normalization
4024,0.9153074027603514,0.9099479581464688,0.9060966296158552,0.9036012465566324,0.9099479581464688,splice,4,DT,normalization
4025,0.9011919698870764,0.892023413469579,0.8911318843097576,0.8904842543129201,0.892023413469579,splice,5,DT,normalization
4026,0.951693851944793,0.9472930588679828,0.9461430578778768,0.9452704818587496,0.9472930588679828,splice,0,RF,normalization
4027,0.9538895859473024,0.9498869654271556,0.9490340121789548,0.9485022244058746,0.9498869654271556,splice,1,RF,normalization
4028,0.954516938519448,0.949577107693974,0.9490807202662416,0.9488641020083244,0.949577107693974,splice,2,RF,normalization
4029,0.9532622333751568,0.9494904835957058,0.94815433727416,0.9471045044501528,0.9494904835957058,splice,3,RF,normalization
4030,0.9535759096612296,0.950154655635962,0.9482028635452256,0.946873947905909,0.950154655635962,splice,4,RF,normalization
4031,0.9551442910915936,0.9520807636525864,0.9507287139683388,0.9497258819086424,0.9520807636525864,splice,5,RF,normalization
4032,0.9821818181818182,0.9821818181818182,0.9821765677686368,0.9824365419234508,0.9821818181818182,texture,0,KNN,normalization
4033,0.9812727272727272,0.9812727272727272,0.9812980935090012,0.9816081478683724,0.9812727272727272,texture,1,KNN,normalization
4034,0.984,0.984,0.9839841750785452,0.9843002693436552,0.984,texture,2,KNN,normalization
4035,0.9810909090909092,0.9810909090909092,0.9810915722722522,0.9814439832617888,0.9810909090909092,texture,3,KNN,normalization
4036,0.9829090909090908,0.982909090909091,0.9829044144674912,0.983219390225286,0.982909090909091,texture,4,KNN,normalization
4037,0.9814545454545456,0.9814545454545454,0.9814747274683256,0.9817817670159577,0.9814545454545454,texture,5,KNN,normalization
4038,0.9976363636363637,0.9976363636363638,0.9976377310672636,0.9976548926439984,0.9976363636363638,texture,0,SVC,normalization
4039,0.997818181818182,0.997818181818182,0.997818132361728,0.9978310768338708,0.997818181818182,texture,1,SVC,normalization
4040,0.9974545454545456,0.9974545454545456,0.9974544115526676,0.9974816908368034,0.9974545454545456,texture,2,SVC,normalization
4041,0.996909090909091,0.9969090909090912,0.9969097716461384,0.9969234522004398,0.9969090909090912,texture,3,SVC,normalization
4042,0.9983636363636365,0.9983636363636365,0.9983643403749004,0.9983722710980776,0.9983636363636365,texture,4,SVC,normalization
4043,0.9981818181818184,0.9981818181818184,0.9981817920688464,0.9981904074673952,0.9981818181818184,texture,5,SVC,normalization
4044,0.9941818181818182,0.9941818181818182,0.9941873810626344,0.994241765165168,0.9941818181818182,texture,0,LR,normalization
4045,0.9943636363636364,0.9943636363636364,0.994369698784707,0.9944441854233694,0.9943636363636364,texture,1,LR,normalization
4046,0.9945454545454546,0.9945454545454546,0.9945478889894492,0.9946216767835148,0.9945454545454546,texture,2,LR,normalization
4047,0.9949090909090909,0.9949090909090909,0.9949094278176498,0.9949682166901276,0.9949090909090909,texture,3,LR,normalization
4048,0.994,0.994,0.9939959474368916,0.9940442317720743,0.994,texture,4,LR,normalization
4049,0.994909090909091,0.994909090909091,0.9949125337204794,0.9949501699094748,0.994909090909091,texture,5,LR,normalization
4050,0.7729090909090909,0.7729090909090909,0.7690234076105816,0.7756020879543107,0.7729090909090909,texture,0,NB,normalization
4051,0.776,0.776,0.7728667980718047,0.7798842211497967,0.776,texture,1,NB,normalization
4052,0.7763636363636364,0.7763636363636364,0.7728520376387484,0.7791483634114973,0.7763636363636364,texture,2,NB,normalization
4053,0.776,0.776,0.7726482780547281,0.7791706301561759,0.776,texture,3,NB,normalization
4054,0.7756363636363636,0.7756363636363636,0.7718508909206828,0.7778517620386091,0.7756363636363636,texture,4,NB,normalization
4055,0.7759999999999999,0.776,0.7725810288339546,0.7797937602153814,0.776,texture,5,NB,normalization
4056,0.9196363636363636,0.9196363636363636,0.9198049348229188,0.9206102240109054,0.9196363636363636,texture,0,DT,normalization
4057,0.9258181818181818,0.9258181818181818,0.9258616730177642,0.92694395223466,0.9258181818181818,texture,1,DT,normalization
4058,0.923818181818182,0.923818181818182,0.923946366588067,0.9245318958926606,0.923818181818182,texture,2,DT,normalization
4059,0.9223636363636364,0.9223636363636364,0.9223858259820156,0.9229906543423868,0.9223636363636364,texture,3,DT,normalization
4060,0.919818181818182,0.9198181818181816,0.9198437126775404,0.9205489327806298,0.9198181818181816,texture,4,DT,normalization
4061,0.9243636363636364,0.9243636363636364,0.9244619731506324,0.9254503225946158,0.9243636363636364,texture,5,DT,normalization
4062,0.976909090909091,0.976909090909091,0.9769303654413032,0.9772656333332216,0.976909090909091,texture,0,RF,normalization
4063,0.9778181818181818,0.9778181818181818,0.9778690782735332,0.9780853289813388,0.9778181818181818,texture,1,RF,normalization
4064,0.9772727272727272,0.9772727272727272,0.9773109180859229,0.9776540295350792,0.9772727272727272,texture,2,RF,normalization
4065,0.976,0.976,0.9760255690968632,0.9762464387081744,0.976,texture,3,RF,normalization
4066,0.9761818181818182,0.9761818181818184,0.976211586275192,0.9765325529920396,0.9761818181818184,texture,4,RF,normalization
4067,0.975818181818182,0.9758181818181816,0.9758451447357273,0.976075446213362,0.9758181818181816,texture,5,RF,normalization
4068,0.7403846153846153,0.731084656084656,0.6704564172432048,0.8004725180425981,0.5875,sonar,0,KNN,normalization
4069,0.764423076923077,0.7538955026455025,0.7047888229238344,0.8541666666666666,0.6066666666666667,sonar,1,KNN,normalization
4070,0.7884615384615384,0.7796527777777779,0.7416851441241684,0.8664086687306501,0.6495833333333333,sonar,2,KNN,normalization
4071,0.8028846153846154,0.7962268518518518,0.7672899872252323,0.851010101010101,0.70125,sonar,3,KNN,normalization
4072,0.8125,0.8065178571428572,0.7779506995651351,0.8680847338935574,0.7112499999999999,sonar,4,KNN,normalization
4073,0.7932692307692306,0.7866765873015873,0.7549226906303688,0.8374741200828157,0.6904166666666667,sonar,5,KNN,normalization
4074,0.7403846153846154,0.7403042328042329,0.7228090500204444,0.7403602589361103,0.7233333333333334,sonar,0,SVC,normalization
4075,0.7596153846153846,0.7542757936507936,0.7219444444444445,0.7944482600732601,0.67125,sonar,1,SVC,normalization
4076,0.75,0.7503042328042328,0.7315877643099897,0.7263813628899836,0.7433333333333333,sonar,2,SVC,normalization
4077,0.7403846153846154,0.7400496031746031,0.7235019007603041,0.7164351851851852,0.7320833333333334,sonar,3,SVC,normalization
4078,0.764423076923077,0.7618353174603174,0.734951550387597,0.7529337557941678,0.7220833333333334,sonar,4,SVC,normalization
4079,0.7596153846153846,0.7547255291005291,0.7255989352262645,0.7831746031746032,0.6804166666666667,sonar,5,SVC,normalization
4080,0.7403846153846154,0.7406746031746032,0.7269323671497585,0.7332251082251082,0.7333333333333334,sonar,0,LR,normalization
4081,0.7740384615384617,0.7698578042328041,0.7425595238095237,0.7951388888888888,0.7020833333333333,sonar,1,LR,normalization
4082,0.7692307692307693,0.7672089947089947,0.7471187943262412,0.763381093544137,0.7325,sonar,2,LR,normalization
4083,0.7692307692307692,0.7673710317460318,0.748638639208101,0.7599879227053141,0.7420833333333334,sonar,3,LR,normalization
4084,0.7932692307692307,0.7915542328042328,0.7701624925462135,0.7846246049907377,0.7633333333333334,sonar,4,LR,normalization
4085,0.7836538461538463,0.7812599206349207,0.762340425531915,0.7868001563653738,0.7420833333333332,sonar,5,LR,normalization
4086,0.6682692307692307,0.6767228835978836,0.6932048681541582,0.6189523702201187,0.7945833333333334,sonar,0,NB,normalization
4087,0.6538461538461539,0.6609292328042328,0.6755521314843348,0.6002846299810247,0.7729166666666667,sonar,1,NB,normalization
4088,0.6923076923076923,0.6994146825396825,0.7071446999852572,0.6323398636906701,0.8045833333333332,sonar,2,NB,normalization
4089,0.7163461538461539,0.7236342592592593,0.7381807496408515,0.6581256581256582,0.8454166666666666,sonar,3,NB,normalization
4090,0.6971153846153846,0.7050033068783068,0.7074222322800865,0.649622492675231,0.79625,sonar,4,NB,normalization
4091,0.6826923076923077,0.6908961640211639,0.704173813607776,0.6296146953405017,0.80375,sonar,5,NB,normalization
4092,0.7163461538461539,0.7162400793650794,0.7027095572362736,0.7013569604086846,0.7112499999999999,sonar,0,DT,normalization
4093,0.7451923076923077,0.743806216931217,0.7249307331628304,0.7320487483530962,0.7204166666666666,sonar,1,DT,normalization
4094,0.7403846153846153,0.7410383597883599,0.7290405228285168,0.7226893939393939,0.7416666666666667,sonar,2,DT,normalization
4095,0.7019230769230769,0.6988723544973545,0.669675925925926,0.6762623152709359,0.6679166666666667,sonar,3,DT,normalization
4096,0.6826923076923077,0.6827248677248677,0.6626254180602007,0.660443722943723,0.6716666666666667,sonar,4,DT,normalization
4097,0.7307692307692308,0.7288029100529101,0.7083795474711624,0.7177651515151515,0.7,sonar,5,DT,normalization
4098,0.826923076923077,0.8230919312169311,0.8042404839762207,0.8543130925138934,0.7629166666666667,sonar,0,RF,normalization
4099,0.8076923076923077,0.7998611111111111,0.768775419075319,0.8707078525189981,0.69,sonar,1,RF,normalization
4100,0.8076923076923077,0.8046527777777777,0.7826680672268909,0.8194444444444444,0.7620833333333333,sonar,2,RF,normalization
4101,0.8076923076923077,0.8024636243386243,0.7801340826185548,0.840007215007215,0.73125,sonar,3,RF,normalization
4102,0.8269230769230769,0.823181216931217,0.8002859114660358,0.8626878023936847,0.7541666666666667,sonar,4,RF,normalization
4103,0.826923076923077,0.822883597883598,0.8050470064324593,0.8554191803619722,0.7625,sonar,5,RF,normalization
4104,0.8205128205128205,0.8207417582417582,0.8110754985754985,0.8548951048951049,0.7733516483516483,molecular_biology_promoters,0,KNN,normalization
4105,0.7824074074074074,0.7809065934065934,0.7783758361204014,0.7786324786324785,0.7898351648351648,molecular_biology_promoters,1,KNN,normalization
4106,0.7738603988603989,0.7733516483516483,0.774537037037037,0.7648133116883117,0.7898351648351648,molecular_biology_promoters,2,KNN,normalization
4107,0.8301282051282051,0.8303571428571428,0.8364244312520174,0.8105769230769231,0.8695054945054945,molecular_biology_promoters,3,KNN,normalization
4108,0.811965811965812,0.8111263736263735,0.8170940170940172,0.8060325091575092,0.831043956043956,molecular_biology_promoters,4,KNN,normalization
4109,0.8201566951566952,0.8214285714285714,0.818901098901099,0.8314102564102563,0.8118131868131868,molecular_biology_promoters,5,KNN,normalization
4110,0.7364672364672364,0.7376373626373627,0.7302348825587206,0.7532852564102565,0.7184065934065934,molecular_biology_promoters,0,SVC,normalization
4111,0.7264957264957265,0.7259615384615385,0.73,0.7120535714285714,0.7513736263736264,molecular_biology_promoters,1,SVC,normalization
4112,0.7357549857549858,0.7335164835164835,0.7241701729780271,0.751890756302521,0.712912087912088,molecular_biology_promoters,2,SVC,normalization
4113,0.7539173789173789,0.7548076923076923,0.7594708994708995,0.7354449472096531,0.7939560439560439,molecular_biology_promoters,3,SVC,normalization
4114,0.7735042735042734,0.7726648351648351,0.7589743589743589,0.8068910256410257,0.7335164835164835,molecular_biology_promoters,4,SVC,normalization
4115,0.7346866096866097,0.7342032967032968,0.709752090800478,0.7613220113220113,0.6964285714285714,molecular_biology_promoters,5,SVC,normalization
4116,0.746082621082621,0.7472527472527473,0.7381400208986417,0.7755074786324786,0.7184065934065934,molecular_biology_promoters,0,LR,normalization
4117,0.735042735042735,0.7348901098901099,0.7363612703573772,0.7135309543397779,0.7692307692307692,molecular_biology_promoters,1,LR,normalization
4118,0.7546296296296298,0.7527472527472527,0.7539272321881016,0.7553643724696355,0.7692307692307692,molecular_biology_promoters,2,LR,normalization
4119,0.7731481481481481,0.7747252747252747,0.7758709106984969,0.7536764705882353,0.8131868131868132,molecular_biology_promoters,3,LR,normalization
4120,0.792022792022792,0.7918956043956044,0.7721387169663032,0.8222527472527473,0.7527472527472527,molecular_biology_promoters,4,LR,normalization
4121,0.7731481481481481,0.7726648351648352,0.7507275132275132,0.7947603866721513,0.7348901098901099,molecular_biology_promoters,5,LR,normalization
4122,0.8782051282051282,0.8777472527472527,0.8738198757763975,0.925595238095238,0.831043956043956,molecular_biology_promoters,0,NB,normalization
4123,0.8582621082621082,0.8571428571428572,0.8473291925465838,0.9184523809523808,0.7912087912087913,molecular_biology_promoters,1,NB,normalization
4124,0.8490028490028491,0.8468406593406594,0.8278787878787879,0.921875,0.7706043956043955,molecular_biology_promoters,2,NB,normalization
4125,0.8960113960113961,0.8956043956043956,0.8858549783549783,0.9613095238095238,0.8282967032967032,molecular_biology_promoters,3,NB,normalization
4126,0.8863960113960114,0.8880494505494505,0.8740796160361379,0.9666666666666668,0.8118131868131868,molecular_biology_promoters,4,NB,normalization
4127,0.8671652421652422,0.8674450549450549,0.847991452991453,0.9434523809523808,0.7912087912087913,molecular_biology_promoters,5,NB,normalization
4128,0.698005698005698,0.6971153846153846,0.6906468680662229,0.7064075630252101,0.6964285714285714,molecular_biology_promoters,0,DT,normalization
4129,0.6794871794871795,0.6792582417582418,0.6767631289322057,0.6831670168067228,0.695054945054945,molecular_biology_promoters,1,DT,normalization
4130,0.7460826210826211,0.7445054945054945,0.7681970009556217,0.7198796269519954,0.8296703296703297,molecular_biology_promoters,2,DT,normalization
4131,0.7542735042735043,0.7534340659340659,0.7572669220945084,0.7446428571428572,0.7719780219780219,molecular_biology_promoters,3,DT,normalization
4132,0.7827635327635327,0.7822802197802198,0.7925925925925926,0.7589285714285714,0.8296703296703296,molecular_biology_promoters,4,DT,normalization
4133,0.745014245014245,0.7445054945054945,0.7410333294891016,0.7381410256410257,0.7541208791208791,molecular_biology_promoters,5,DT,normalization
4134,0.8682336182336182,0.867445054945055,0.8629877369007803,0.9146634615384616,0.8282967032967032,molecular_biology_promoters,0,RF,normalization
4135,0.9063390313390314,0.9059065934065936,0.904843059239611,0.9282051282051282,0.8859890109890111,molecular_biology_promoters,1,RF,normalization
4136,0.8493589743589743,0.8475274725274725,0.8476704545454545,0.8888888888888888,0.8282967032967032,molecular_biology_promoters,2,RF,normalization
4137,0.8671652421652422,0.8667582417582418,0.8608632746563782,0.8727831196581196,0.8667582417582418,molecular_biology_promoters,3,RF,normalization
4138,0.8871082621082622,0.8866758241758241,0.880843685300207,0.9434523809523808,0.8296703296703297,molecular_biology_promoters,4,RF,normalization
4139,0.8664529914529915,0.8660714285714286,0.8553589124241299,0.9115384615384616,0.8090659340659341,molecular_biology_promoters,5,RF,normalization
4140,0.7925,0.7925,0.7910822373879222,0.7968704864134084,0.7925,mfeat_fourier,0,KNN,normalization
4141,0.792,0.792,0.7912140035575006,0.7970209332513744,0.792,mfeat_fourier,1,KNN,normalization
4142,0.7865,0.7865,0.7859632218834776,0.7912555950547977,0.7865,mfeat_fourier,2,KNN,normalization
4143,0.7945,0.7945,0.7934343495649032,0.7991385715727763,0.7945,mfeat_fourier,3,KNN,normalization
4144,0.792,0.792,0.790879683598492,0.7966825982422205,0.792,mfeat_fourier,4,KNN,normalization
4145,0.7915000000000001,0.7915000000000001,0.7902283976513008,0.7958821485362133,0.7915000000000001,mfeat_fourier,5,KNN,normalization
4146,0.818,0.8180000000000001,0.8180012768474301,0.8216601272321251,0.8180000000000001,mfeat_fourier,0,SVC,normalization
4147,0.8234999999999999,0.8234999999999999,0.8239824291623465,0.8269012354121215,0.8234999999999999,mfeat_fourier,1,SVC,normalization
4148,0.8125,0.8125,0.8134920141654636,0.8170286728952934,0.8125,mfeat_fourier,2,SVC,normalization
4149,0.817,0.817,0.8172382658189103,0.8217547014023697,0.817,mfeat_fourier,3,SVC,normalization
4150,0.8025000000000001,0.8025000000000001,0.801614985689017,0.8030009712253041,0.8025000000000001,mfeat_fourier,4,SVC,normalization
4151,0.8245,0.8245,0.8246482624340807,0.8276119718433349,0.8245,mfeat_fourier,5,SVC,normalization
4152,0.811,0.811,0.8108220724075492,0.8143154166580502,0.811,mfeat_fourier,0,LR,normalization
4153,0.8125,0.8125,0.8125599578142726,0.8154230546809634,0.8125,mfeat_fourier,1,LR,normalization
4154,0.8035,0.8035,0.8038461354239967,0.806281024147651,0.8035,mfeat_fourier,2,LR,normalization
4155,0.8025,0.8025,0.8017859168891619,0.8042978258249578,0.8025,mfeat_fourier,3,LR,normalization
4156,0.8105,0.8104999999999999,0.8110292052561643,0.8135966739938655,0.8104999999999999,mfeat_fourier,4,LR,normalization
4157,0.8115000000000001,0.8115000000000001,0.8113716232285212,0.8142226095011733,0.8115000000000001,mfeat_fourier,5,LR,normalization
4158,0.761,0.7610000000000001,0.7603398088875593,0.7698141871396381,0.7610000000000001,mfeat_fourier,0,NB,normalization
4159,0.757,0.757,0.7571823176181972,0.7652155594595218,0.757,mfeat_fourier,1,NB,normalization
4160,0.7635,0.7635,0.7641971012928443,0.7723629809785729,0.7635,mfeat_fourier,2,NB,normalization
4161,0.7615000000000001,0.7615,0.7618552267697165,0.7689015009097229,0.7615,mfeat_fourier,3,NB,normalization
4162,0.7605000000000001,0.7605000000000001,0.760772549917601,0.768686852457423,0.7605000000000001,mfeat_fourier,4,NB,normalization
4163,0.7645,0.7645,0.7649347086220784,0.771854141425652,0.7645,mfeat_fourier,5,NB,normalization
4164,0.7135,0.7135,0.7124979883673817,0.7154958815860862,0.7135,mfeat_fourier,0,DT,normalization
4165,0.7395,0.7395,0.7398478743293293,0.7430038776029776,0.7395,mfeat_fourier,1,DT,normalization
4166,0.7295,0.7295,0.7302773034609036,0.7341612370745129,0.7295,mfeat_fourier,2,DT,normalization
4167,0.734,0.734,0.7322787684249251,0.7365060551112734,0.734,mfeat_fourier,3,DT,normalization
4168,0.728,0.728,0.7287340105123246,0.7312807478588832,0.728,mfeat_fourier,4,DT,normalization
4169,0.7045000000000001,0.7045000000000001,0.7032470256255855,0.7064493055348446,0.7045000000000001,mfeat_fourier,5,DT,normalization
4170,0.819,0.819,0.8172001323440963,0.8192315132882517,0.819,mfeat_fourier,0,RF,normalization
4171,0.8275,0.8274999999999999,0.8258305032709555,0.8265577071361809,0.8274999999999999,mfeat_fourier,1,RF,normalization
4172,0.8245,0.8245,0.8234374795077465,0.8248384923543743,0.8245,mfeat_fourier,2,RF,normalization
4173,0.831,0.831,0.8297418960430257,0.8322020075596579,0.831,mfeat_fourier,3,RF,normalization
4174,0.8275,0.8275,0.8265843059542493,0.8283300340132106,0.8275,mfeat_fourier,4,RF,normalization
4175,0.827,0.827,0.8254332828932965,0.8287861932576397,0.827,mfeat_fourier,5,RF,normalization
4176,0.9952493793726022,0.99667507697571,0.996736496843066,0.9968398759209968,0.99667507697571,analcatdata_authorship,0,KNN,normalization
4177,0.9952380952380953,0.9966750769757098,0.996726781528182,0.9968422067901236,0.9966750769757098,analcatdata_authorship,1,KNN,normalization
4178,0.9940532611148724,0.9958304823811152,0.9955994345222988,0.995432167399467,0.9958304823811152,analcatdata_authorship,2,KNN,normalization
4179,0.9940476190476192,0.9958839377352036,0.9959087408548324,0.9959439212328768,0.9958839377352036,analcatdata_authorship,3,KNN,normalization
4180,0.9964285714285714,0.9975731269243928,0.9975467139056762,0.9975309328315658,0.9975731269243928,analcatdata_authorship,4,KNN,normalization
4181,0.9940476190476192,0.9958839377352036,0.9959108395642644,0.9959695512820512,0.9958839377352036,analcatdata_authorship,5,KNN,normalization
4182,0.997624689686301,0.998364266164899,0.998369078914986,0.9983950617283952,0.998364266164899,analcatdata_authorship,0,SVC,normalization
4183,0.9976190476190476,0.9983108108108107,0.9983625856164384,0.9984567901234568,0.9983108108108107,analcatdata_authorship,1,SVC,normalization
4184,0.9964285714285714,0.9975731269243928,0.9975467139056762,0.9975309328315658,0.9975731269243928,analcatdata_authorship,2,SVC,normalization
4185,0.9952380952380953,0.99667507697571,0.9967251712328768,0.9968171296296297,0.99667507697571,analcatdata_authorship,3,SVC,normalization
4186,0.9928740690589032,0.9951026877352036,0.9951066074283026,0.9951315585714609,0.9951026877352036,analcatdata_authorship,4,SVC,normalization
4187,0.9952380952380953,0.99667507697571,0.996727762506832,0.9968017661648992,0.99667507697571,analcatdata_authorship,5,SVC,normalization
4188,0.9988151658767772,0.9991554054054054,0.9991866311742088,0.9992283950617284,0.9991554054054054,analcatdata_authorship,0,LR,normalization
4189,0.9988095238095238,0.9991554054054054,0.9991817481709664,0.99921875,0.9991554054054054,analcatdata_authorship,1,LR,normalization
4190,0.997624689686301,0.9977349508599508,0.9980438942791204,0.9983854166666666,0.9977349508599508,analcatdata_authorship,2,LR,normalization
4191,0.9976190476190476,0.9983108108108107,0.9983625856164384,0.9984567901234568,0.9983108108108107,analcatdata_authorship,3,LR,normalization
4192,0.997624689686301,0.9983108108108107,0.9983683793451752,0.9984471450617284,0.9983108108108107,analcatdata_authorship,4,LR,normalization
4193,0.9952437373053488,0.99609921702485,0.9964081604440196,0.9967496828315658,0.99609921702485,analcatdata_authorship,5,LR,normalization
4194,0.9809749492213948,0.9739406763297328,0.9793849257402358,0.9867700016502082,0.9739406763297328,analcatdata_authorship,0,NB,normalization
4195,0.9869160460392687,0.985379886955956,0.9878263206169604,0.9905899705652488,0.985379886955956,analcatdata_authorship,1,NB,normalization
4196,0.985742496050553,0.9769552265872548,0.9828512192081188,0.9897658761517556,0.9769552265872548,analcatdata_authorship,2,NB,normalization
4197,0.9857199277815392,0.984525403120855,0.9869814880681742,0.9897049728299728,0.984525403120855,analcatdata_authorship,3,NB,normalization
4198,0.9857368539832996,0.9769756481147048,0.9828475236349424,0.9896786849199084,0.9769756481147048,analcatdata_authorship,4,NB,normalization
4199,0.98454073572557,0.9837468761795374,0.9861833892833902,0.989138803209782,0.9837468761795374,analcatdata_authorship,5,NB,normalization
4200,0.9369611825772964,0.919373661528504,0.921880050018504,0.9257562161346444,0.919373661528504,analcatdata_authorship,0,DT,normalization
4201,0.919137892123674,0.90691728326084,0.9016556187127244,0.8987972550745147,0.90691728326084,analcatdata_authorship,1,DT,normalization
4202,0.9250789889415484,0.9154851375862104,0.9086074170996816,0.9054183438611376,0.9154851375862104,analcatdata_authorship,2,DT,normalization
4203,0.9334236064093884,0.9094134458226396,0.9161700201346809,0.9293644854697652,0.9094134458226396,analcatdata_authorship,3,DT,normalization
4204,0.9370119611825772,0.9150501351758896,0.91616020156464,0.9196838530122816,0.9150501351758896,analcatdata_authorship,4,DT,normalization
4205,0.935781990521327,0.8982719891688282,0.9015738341843812,0.9073892781988154,0.8982719891688282,analcatdata_authorship,5,DT,normalization
4206,0.9881121642969984,0.9845383824715312,0.9865877886612926,0.989496018156121,0.9845383824715312,analcatdata_authorship,0,RF,normalization
4207,0.9916779508011736,0.9896326462959244,0.9915478590403994,0.9937035409507008,0.9896326462959244,analcatdata_authorship,1,RF,normalization
4208,0.9893139246219816,0.9834044994427776,0.9870407525499476,0.9914991967041418,0.9834044994427776,analcatdata_authorship,2,RF,normalization
4209,0.9892857142857144,0.9847107386940328,0.9880185900781048,0.992089017583002,0.9847107386940328,analcatdata_authorship,3,RF,normalization
4210,0.9869160460392687,0.981813651190353,0.985608580869562,0.9899406605135772,0.981813651190353,analcatdata_authorship,4,RF,normalization
4211,0.9892913563529676,0.9843673321006262,0.9883476685308852,0.9927293769243928,0.9843673321006262,analcatdata_authorship,5,RF,normalization
4212,0.9144918061366808,0.90605334136279,0.9332643736738412,0.930366740178061,0.9363381716322892,tokyo1,0,KNN,normalization
4213,0.9186759065550908,0.9112748237736444,0.9365786310936776,0.935580130410282,0.9379933791698496,tokyo1,1,KNN,normalization
4214,0.92282949790795,0.915051734892883,0.939719178277418,0.936917456416322,0.9428741193447076,tokyo1,2,KNN,normalization
4215,0.9207766736401674,0.9122275006573796,0.9383813137344136,0.93396288035319,0.9429059502588916,tokyo1,3,KNN,normalization
4216,0.929101290097629,0.9200645465593104,0.9450132338066536,0.9379075308835904,0.9526992615227908,tokyo1,4,KNN,normalization
4217,0.9197088563458856,0.9119642595926856,0.9373339665319896,0.9355098773450508,0.9396061454884984,tokyo1,5,KNN,normalization
4218,0.9228469316596932,0.9125171568712536,0.9401520956044715,0.9313926741206616,0.949399456752398,tokyo1,0,SVC,normalization
4219,0.924943340306834,0.9124087267042122,0.9422663429528824,0.9277852316582588,0.9575693913929209,tokyo1,1,SVC,normalization
4220,0.9186715481171548,0.9080597270134512,0.9369120135943948,0.928143180954956,0.9461314828961888,tokyo1,2,SVC,normalization
4221,0.9280901324965132,0.9173441648293056,0.944443487351004,0.9336456065703542,0.9559460147695442,tokyo1,3,SVC,normalization
4222,0.9270179567642955,0.917815285332621,0.9433072517327014,0.9361127982447,0.951107715813598,tokyo1,4,SVC,normalization
4223,0.9176211645746164,0.907114384598582,0.936304448816746,0.9288784461981114,0.9445081062728122,tokyo1,5,SVC,normalization
4224,0.9249215481171548,0.9141291318840968,0.9419155088712432,0.93172959182915,0.9526568203038792,tokyo1,0,LR,normalization
4225,0.9249389818688982,0.9135981827058056,0.9420475760793664,0.9302619664837336,0.9543014175367116,tokyo1,1,LR,normalization
4226,0.9249302649930264,0.9148104419284664,0.941612605009158,0.9326822063273132,0.9510122230710468,tokyo1,2,LR,normalization
4227,0.9228687238493724,0.910093429731738,0.9406239193557276,0.9262305777172788,0.9559460147695442,tokyo1,3,LR,normalization
4228,0.9228512900976288,0.9126932521933464,0.9401885574762964,0.9317722276058386,0.9494843391902216,tokyo1,4,LR,normalization
4229,0.9217878312412832,0.9110241585151958,0.9396114300997402,0.930284521957938,0.949420677361854,tokyo1,5,LR,normalization
4230,0.8967834728033474,0.8828273290069837,0.920417679547025,0.9082080540867612,0.93312324929972,tokyo1,0,NB,normalization
4231,0.8999084728033473,0.8872159024966941,0.9228948141955432,0.913471401681984,0.933112638994992,tokyo1,1,NB,normalization
4232,0.895733089260809,0.8830844268158529,0.91929732434057,0.911986743074068,0.9281576266870384,tokyo1,2,NB,normalization
4233,0.8665794979079497,0.8644463629781334,0.8910673697147965,0.9184195673261412,0.8730052627111451,tokyo1,3,NB,normalization
4234,0.895759239888424,0.882102897050536,0.9195751267688574,0.9092657563988727,0.931574144809439,tokyo1,4,NB,normalization
4235,0.8873823221757322,0.8727552441112043,0.913104569642358,0.9024880655376064,0.924974535268653,tokyo1,5,NB,normalization
4236,0.915511680613668,0.9048887178987656,0.9344249057211076,0.9264153319524742,0.9428635090399796,tokyo1,0,DT,normalization
4237,0.8988711645746165,0.890710108981018,0.9207878307894592,0.9217199563949662,0.9200195229606992,tokyo1,1,DT,normalization
4238,0.907169630404463,0.8972081293210827,0.9273438503572222,0.9228120216895036,0.9330489771666244,tokyo1,2,DT,normalization
4239,0.9124128312412833,0.900694529105657,0.9322846816220558,0.9220328642839164,0.9428953399541636,tokyo1,3,DT,normalization
4240,0.9061497559274756,0.8995378229540218,0.9264072722954274,0.929859582056712,0.9233405483405484,tokyo1,4,DT,normalization
4241,0.901983089260809,0.8962250339614838,0.92285297026869,0.929063488622312,0.916815210932858,tokyo1,5,DT,normalization
4242,0.9322088563458856,0.924912728329163,0.9470358900970364,0.9432720338787732,0.9510016127663186,tokyo1,0,RF,normalization
4243,0.9280596234309624,0.9211077088364932,0.9438293510022318,0.9417865746979672,0.9461314828961888,tokyo1,1,RF,normalization
4244,0.9301516736401674,0.9239592601396224,0.9451810684641764,0.944915188851426,0.9461208725914608,tokyo1,2,RF,normalization
4245,0.93744769874477,0.9296721179298189,0.9513642104102756,0.945297005612449,0.9575800016976488,tokyo1,3,RF,normalization
4246,0.931167189679219,0.924166284457454,0.9462384799241178,0.943424157033028,0.9494418979713096,tokyo1,4,RF,normalization
4247,0.9301473152022316,0.9232999620105145,0.945520226162436,0.9436205147931996,0.9477760801290214,tokyo1,5,RF,normalization
4248,0.8696727951535643,0.8853096179183136,0.8976158610378133,0.9325070554549564,0.8853096179183136,soybean,0,KNN,normalization
4249,0.8799749929557622,0.8895915678524374,0.8971473494680908,0.925233378916638,0.8895915678524374,soybean,1,KNN,normalization
4250,0.8651644829529446,0.8762900746596398,0.887626201178893,0.918154855478002,0.8762900746596398,soybean,2,KNN,normalization
4251,0.8814895040856578,0.8836462450592886,0.8967304228139764,0.925634600406325,0.8836462450592886,soybean,3,KNN,normalization
4252,0.8696727951535643,0.8795015371102327,0.8894927877913702,0.9180245121325568,0.8795015371102327,soybean,4,KNN,normalization
4253,0.8741194702733165,0.887203557312253,0.8967022320824504,0.9219914393642228,0.887203557312253,soybean,5,KNN,normalization
4254,0.8978585517047055,0.9342555994729907,0.9329623827745046,0.9414337142846326,0.9342555994729907,soybean,0,SVC,normalization
4255,0.8977528881375035,0.9298803249890206,0.9309228825378943,0.9448923279406016,0.9298803249890206,soybean,1,SVC,normalization
4256,0.8948207241476472,0.9285353535353535,0.9302212849880916,0.9404486437816592,0.9285353535353535,soybean,2,SVC,normalization
4257,0.8977528881375035,0.9276789635485287,0.931558608990269,0.941973483476326,0.9276789635485287,soybean,3,SVC,normalization
4258,0.8962912087912087,0.9271848924022836,0.930467603665326,0.9423163167453096,0.9271848924022836,soybean,4,SVC,normalization
4259,0.8948559453367146,0.9242424242424242,0.925027836016567,0.938129962528762,0.9242424242424242,soybean,5,SVC,normalization
4260,0.9008171315863622,0.933261967501098,0.9354410492780612,0.9478239688561008,0.933261967501098,soybean,0,LR,normalization
4261,0.9007378839109608,0.9332894158981117,0.9367266952335768,0.9453045733294588,0.9332894158981117,soybean,1,LR,normalization
4262,0.8963000140884756,0.9291666666666668,0.9307824233775664,0.938731326376254,0.9291666666666668,soybean,2,LR,normalization
4263,0.902225979149056,0.9294356609574,0.9354844960911964,0.948865229988028,0.9294356609574,soybean,3,LR,normalization
4264,0.8903652437306283,0.9269158981115502,0.9316162192480556,0.941112685754937,0.9269158981115502,soybean,4,LR,normalization
4265,0.8919061707523246,0.9273276240667546,0.928961732756001,0.9367627428584162,0.9273276240667546,soybean,5,LR,normalization
4266,0.844498450267681,0.9186539306104524,0.9068159611999874,0.929324323770918,0.9186539306104524,soybean,0,NB,normalization
4267,0.8503539729501268,0.9319938515590688,0.9172213713244128,0.9336868134517128,0.9319938515590688,soybean,1,NB,normalization
4268,0.8474041983657369,0.9285573122529645,0.9148524497800744,0.9329867562337076,0.9285573122529645,soybean,2,NB,normalization
4269,0.85329494223725,0.9331741326306544,0.91789385303427,0.9341834022220202,0.9331741326306544,soybean,3,NB,normalization
4270,0.84739539306847,0.9264382960035134,0.911535834469574,0.9309507805141112,0.9264382960035134,soybean,4,NB,normalization
4271,0.8488746830092985,0.929161176987264,0.9161218275960836,0.9318431088733874,0.929161176987264,soybean,5,NB,normalization
4272,0.9155836151028458,0.9458498023715416,0.9441706323858357,0.9528142529772964,0.9458498023715416,soybean,0,DT,normalization
4273,0.9036964637926176,0.9353260869565216,0.9341032944398348,0.9405740887534366,0.9353260869565216,soybean,1,DT,normalization
4274,0.9155924204001128,0.95006038647343,0.946046517765185,0.948650447110592,0.95006038647343,soybean,2,DT,normalization
4275,0.9125810087348548,0.9397233201581028,0.9436320734473508,0.9543256401408576,0.9397233201581028,soybean,3,DT,normalization
4276,0.9215007748661594,0.9361056214317084,0.93712513258721,0.9465927946181568,0.9361056214317084,soybean,4,DT,normalization
4277,0.903722879684418,0.9283432147562584,0.9293035135331092,0.941691458568585,0.9283432147562584,soybean,5,DT,normalization
4278,0.9378081854043392,0.9592281510759773,0.9597064541755252,0.9681214357301312,0.9592281510759773,soybean,0,RF,normalization
4279,0.937772964215272,0.9701800614844092,0.969140758493304,0.9702982579579644,0.9701800614844092,soybean,1,RF,normalization
4280,0.9363112848689772,0.960798199385156,0.9610624081415902,0.9666539793930764,0.960798199385156,soybean,2,RF,normalization
4281,0.9452222457030148,0.9731719367588932,0.9708903756705468,0.9711714080125596,0.9731719367588932,soybean,3,RF,normalization
4282,0.9377905748098057,0.9658047870004391,0.9631137184745012,0.9648842299309192,0.9658047870004391,soybean,4,RF,normalization
4283,0.9170629050436744,0.9486275801493192,0.9485134262684756,0.9535742368770592,0.9486275801493192,soybean,5,RF,normalization
4284,0.95,0.95,0.9500718247400994,0.953786232669027,0.95,mfeat_karhunen,0,KNN,normalization
4285,0.9525,0.9525,0.9524848044095696,0.955639088022193,0.9525,mfeat_karhunen,1,KNN,normalization
4286,0.9485,0.9485,0.9485233340119046,0.9525502788623216,0.9485,mfeat_karhunen,2,KNN,normalization
4287,0.9485,0.9485,0.9483742848244848,0.95231007613985,0.9485,mfeat_karhunen,3,KNN,normalization
4288,0.947,0.947,0.946849437366478,0.9505306904335492,0.947,mfeat_karhunen,4,KNN,normalization
4289,0.949,0.949,0.9488612932921314,0.952238277546434,0.949,mfeat_karhunen,5,KNN,normalization
4290,0.955,0.955,0.954953642803612,0.9562118122695852,0.955,mfeat_karhunen,0,SVC,normalization
4291,0.9475,0.9475,0.94745151747378,0.9488442122336624,0.9475,mfeat_karhunen,1,SVC,normalization
4292,0.9545,0.9545,0.9545661210942136,0.9558231304754212,0.9545,mfeat_karhunen,2,SVC,normalization
4293,0.95,0.95,0.9498888910595652,0.9506904450957536,0.95,mfeat_karhunen,3,SVC,normalization
4294,0.955,0.955,0.9550295559655722,0.9560178319778626,0.955,mfeat_karhunen,4,SVC,normalization
4295,0.952,0.952,0.9519989490552072,0.9529601832590864,0.952,mfeat_karhunen,5,SVC,normalization
4296,0.948,0.948,0.9480787484927948,0.9492595543527752,0.948,mfeat_karhunen,0,LR,normalization
4297,0.939,0.9389999999999998,0.9389301864374004,0.94067917325964,0.9389999999999998,mfeat_karhunen,1,LR,normalization
4298,0.95,0.95,0.9499752773858132,0.951228154291015,0.95,mfeat_karhunen,2,LR,normalization
4299,0.9495,0.9495,0.9493771704752456,0.9506528512778096,0.9495,mfeat_karhunen,3,LR,normalization
4300,0.9465,0.9465,0.9465645383897348,0.9477290601320802,0.9465,mfeat_karhunen,4,LR,normalization
4301,0.948,0.9479999999999998,0.9481668775732126,0.9494560573995032,0.9479999999999998,mfeat_karhunen,5,LR,normalization
4302,0.9375,0.9375,0.9376777283675276,0.9400715297073492,0.9375,mfeat_karhunen,0,NB,normalization
4303,0.9355,0.9355,0.9356996278890604,0.9386279874385886,0.9355,mfeat_karhunen,1,NB,normalization
4304,0.9345,0.9345,0.9348211871732272,0.9379038084633003,0.9345,mfeat_karhunen,2,NB,normalization
4305,0.9335,0.9335,0.9339627821938596,0.9371218437928076,0.9335,mfeat_karhunen,3,NB,normalization
4306,0.934,0.934,0.9341519829849262,0.9374884812785764,0.934,mfeat_karhunen,4,NB,normalization
4307,0.9325,0.9325,0.9329203907019912,0.9355660230909444,0.9325,mfeat_karhunen,5,NB,normalization
4308,0.817,0.817,0.8166956879832397,0.8185924288324057,0.817,mfeat_karhunen,0,DT,normalization
4309,0.8165,0.8165,0.8163432686873442,0.8195338410881919,0.8165,mfeat_karhunen,1,DT,normalization
4310,0.814,0.8140000000000001,0.8142381894892796,0.8173693181325017,0.8140000000000001,mfeat_karhunen,2,DT,normalization
4311,0.809,0.809,0.8085970596160111,0.811983192437265,0.809,mfeat_karhunen,3,DT,normalization
4312,0.8109999999999999,0.8109999999999999,0.8110913384419236,0.8147036804505208,0.8109999999999999,mfeat_karhunen,4,DT,normalization
4313,0.804,0.804,0.8038046847551639,0.8072322062989963,0.804,mfeat_karhunen,5,DT,normalization
4314,0.958,0.958,0.9579624384647883,0.9586437415890264,0.958,mfeat_karhunen,0,RF,normalization
4315,0.9585,0.9585,0.958446443860049,0.9593950366625528,0.9585,mfeat_karhunen,1,RF,normalization
4316,0.962,0.962,0.9620347128495972,0.9630785636790672,0.962,mfeat_karhunen,2,RF,normalization
4317,0.9575,0.9575,0.9574187240413006,0.958216418623964,0.9575,mfeat_karhunen,3,RF,normalization
4318,0.96,0.96,0.9599941118796864,0.9607304928157246,0.96,mfeat_karhunen,4,RF,normalization
4319,0.959,0.959,0.958962197425008,0.9597334772638052,0.959,mfeat_karhunen,5,RF,normalization
