,test_accuracy,test_balanced_accuracy,test_f1,test_precision,test_recall,iteration,alg,leak,ds
0,0.51375,0.51375,0.4846962886315126,0.519371301267452,0.45749999999999996,0,KNN,True,GAMETES_Epistasis_2_Way_1000atts_0.4H_EDM_1_EDM_1_1
1,0.5143749999999999,0.514375,0.486490541228344,0.5187950838505173,0.46125,0,KNN,False,GAMETES_Epistasis_2_Way_1000atts_0.4H_EDM_1_EDM_1_1
2,0.5175000000000001,0.5175000000000001,0.49065906369921475,0.518446417923162,0.46875,1,KNN,True,GAMETES_Epistasis_2_Way_1000atts_0.4H_EDM_1_EDM_1_1
3,0.514375,0.514375,0.488539933158206,0.5151970876493169,0.46749999999999997,1,KNN,False,GAMETES_Epistasis_2_Way_1000atts_0.4H_EDM_1_EDM_1_1
4,0.5037499999999999,0.5037499999999999,0.4756073670615734,0.5043506710731553,0.44999999999999996,2,KNN,True,GAMETES_Epistasis_2_Way_1000atts_0.4H_EDM_1_EDM_1_1
5,0.50625,0.5062500000000001,0.4809533366601909,0.5070274859635348,0.4575,2,KNN,False,GAMETES_Epistasis_2_Way_1000atts_0.4H_EDM_1_EDM_1_1
6,0.513125,0.513125,0.4883585929055467,0.5147589208272347,0.46625,3,KNN,True,GAMETES_Epistasis_2_Way_1000atts_0.4H_EDM_1_EDM_1_1
7,0.5049999999999999,0.505,0.4768435421060603,0.5056490590909124,0.45249999999999996,3,KNN,False,GAMETES_Epistasis_2_Way_1000atts_0.4H_EDM_1_EDM_1_1
8,0.513125,0.513125,0.49029036625793965,0.5149165399165399,0.47,4,KNN,True,GAMETES_Epistasis_2_Way_1000atts_0.4H_EDM_1_EDM_1_1
9,0.51625,0.51625,0.49467941439451335,0.5176801324824917,0.47625,4,KNN,False,GAMETES_Epistasis_2_Way_1000atts_0.4H_EDM_1_EDM_1_1
10,0.501875,0.501875,0.47207165611462243,0.4997814813804847,0.44875,5,KNN,True,GAMETES_Epistasis_2_Way_1000atts_0.4H_EDM_1_EDM_1_1
11,0.5175000000000001,0.5175000000000001,0.4919613393695275,0.5178221907198141,0.47000000000000003,5,KNN,False,GAMETES_Epistasis_2_Way_1000atts_0.4H_EDM_1_EDM_1_1
12,0.484375,0.484375,0.4831109993707933,0.4839647185361162,0.4825,0,SVC,True,GAMETES_Epistasis_2_Way_1000atts_0.4H_EDM_1_EDM_1_1
13,0.48625,0.48625,0.48530513701540284,0.48590643745620543,0.485,0,SVC,False,GAMETES_Epistasis_2_Way_1000atts_0.4H_EDM_1_EDM_1_1
14,0.50625,0.50625,0.49620967868251886,0.5059892698460764,0.4875,1,SVC,True,GAMETES_Epistasis_2_Way_1000atts_0.4H_EDM_1_EDM_1_1
15,0.5037499999999999,0.50375,0.49303977494345064,0.5034449209280395,0.48374999999999996,1,SVC,False,GAMETES_Epistasis_2_Way_1000atts_0.4H_EDM_1_EDM_1_1
16,0.500625,0.500625,0.5067835827230851,0.4997606613918616,0.515,2,SVC,True,GAMETES_Epistasis_2_Way_1000atts_0.4H_EDM_1_EDM_1_1
17,0.5031249999999999,0.503125,0.5086787857021167,0.5021471627127946,0.51625,2,SVC,False,GAMETES_Epistasis_2_Way_1000atts_0.4H_EDM_1_EDM_1_1
18,0.49624999999999997,0.49624999999999997,0.48537452694767064,0.49629705400981994,0.475,3,SVC,True,GAMETES_Epistasis_2_Way_1000atts_0.4H_EDM_1_EDM_1_1
19,0.495,0.495,0.48276223632442494,0.49492353541066775,0.47124999999999995,3,SVC,False,GAMETES_Epistasis_2_Way_1000atts_0.4H_EDM_1_EDM_1_1
20,0.51125,0.51125,0.5073988814656739,0.5115964771513495,0.50375,4,SVC,True,GAMETES_Epistasis_2_Way_1000atts_0.4H_EDM_1_EDM_1_1
21,0.5125,0.5125,0.5086397746290556,0.5127819967256622,0.505,4,SVC,False,GAMETES_Epistasis_2_Way_1000atts_0.4H_EDM_1_EDM_1_1
22,0.50625,0.5062500000000001,0.5033866584900942,0.5059319870742285,0.50125,5,SVC,True,GAMETES_Epistasis_2_Way_1000atts_0.4H_EDM_1_EDM_1_1
23,0.504375,0.504375,0.5005593840566637,0.5039867089672411,0.49750000000000005,5,SVC,False,GAMETES_Epistasis_2_Way_1000atts_0.4H_EDM_1_EDM_1_1
24,0.49124999999999996,0.49125,0.489212767251977,0.49100256621778204,0.48750000000000004,0,LR,True,GAMETES_Epistasis_2_Way_1000atts_0.4H_EDM_1_EDM_1_1
25,0.49249999999999994,0.49250000000000005,0.49107514553900433,0.4922527041383898,0.49000000000000005,0,LR,False,GAMETES_Epistasis_2_Way_1000atts_0.4H_EDM_1_EDM_1_1
26,0.503125,0.503125,0.489949609262323,0.5023777658521357,0.47875,1,LR,True,GAMETES_Epistasis_2_Way_1000atts_0.4H_EDM_1_EDM_1_1
27,0.5,0.5,0.48694317615986715,0.49883839859278123,0.47625,1,LR,False,GAMETES_Epistasis_2_Way_1000atts_0.4H_EDM_1_EDM_1_1
28,0.498125,0.498125,0.5024478480641021,0.49747296904913063,0.50875,2,LR,True,GAMETES_Epistasis_2_Way_1000atts_0.4H_EDM_1_EDM_1_1
29,0.49999999999999994,0.5,0.5029114123927627,0.4993863631039102,0.5075,2,LR,False,GAMETES_Epistasis_2_Way_1000atts_0.4H_EDM_1_EDM_1_1
30,0.4931249999999999,0.49312500000000004,0.47911509537004066,0.4928173408704205,0.46624999999999994,3,LR,True,GAMETES_Epistasis_2_Way_1000atts_0.4H_EDM_1_EDM_1_1
31,0.49374999999999997,0.49375,0.4794104003695848,0.4934455625339986,0.46624999999999994,3,LR,False,GAMETES_Epistasis_2_Way_1000atts_0.4H_EDM_1_EDM_1_1
32,0.519375,0.519375,0.5164943559524402,0.5197313722000451,0.51375,4,LR,True,GAMETES_Epistasis_2_Way_1000atts_0.4H_EDM_1_EDM_1_1
33,0.5187499999999999,0.51875,0.5154698684244317,0.5190272348704809,0.5125,4,LR,False,GAMETES_Epistasis_2_Way_1000atts_0.4H_EDM_1_EDM_1_1
34,0.50125,0.50125,0.49859612592971625,0.5011154669486498,0.49625,5,LR,True,GAMETES_Epistasis_2_Way_1000atts_0.4H_EDM_1_EDM_1_1
35,0.499375,0.499375,0.49825808256813964,0.49917924815865433,0.49750000000000005,5,LR,False,GAMETES_Epistasis_2_Way_1000atts_0.4H_EDM_1_EDM_1_1
36,0.50125,0.50125,0.48681157141514203,0.5011526837524178,0.47375,0,NB,True,GAMETES_Epistasis_2_Way_1000atts_0.4H_EDM_1_EDM_1_1
37,0.50125,0.50125,0.48681157141514203,0.5011526837524178,0.47375,0,NB,False,GAMETES_Epistasis_2_Way_1000atts_0.4H_EDM_1_EDM_1_1
38,0.520625,0.520625,0.5095122796706006,0.5215171247911088,0.49875,1,NB,True,GAMETES_Epistasis_2_Way_1000atts_0.4H_EDM_1_EDM_1_1
39,0.520625,0.520625,0.5095122796706006,0.5215171247911088,0.49875,1,NB,False,GAMETES_Epistasis_2_Way_1000atts_0.4H_EDM_1_EDM_1_1
40,0.506875,0.506875,0.49395212715235515,0.5068853560232871,0.48250000000000004,2,NB,True,GAMETES_Epistasis_2_Way_1000atts_0.4H_EDM_1_EDM_1_1
41,0.506875,0.506875,0.49395212715235515,0.5068853560232871,0.48250000000000004,2,NB,False,GAMETES_Epistasis_2_Way_1000atts_0.4H_EDM_1_EDM_1_1
42,0.5062500000000001,0.50625,0.5067300767491615,0.5066988056066155,0.5075000000000001,3,NB,True,GAMETES_Epistasis_2_Way_1000atts_0.4H_EDM_1_EDM_1_1
43,0.5062500000000001,0.50625,0.5067300767491615,0.5066988056066155,0.5075000000000001,3,NB,False,GAMETES_Epistasis_2_Way_1000atts_0.4H_EDM_1_EDM_1_1
44,0.510625,0.510625,0.49716254269838445,0.5104992450783908,0.485,4,NB,True,GAMETES_Epistasis_2_Way_1000atts_0.4H_EDM_1_EDM_1_1
45,0.510625,0.510625,0.49716254269838445,0.5104992450783908,0.485,4,NB,False,GAMETES_Epistasis_2_Way_1000atts_0.4H_EDM_1_EDM_1_1
46,0.5025,0.5025,0.4936916591388136,0.5028286910088036,0.48624999999999996,5,NB,True,GAMETES_Epistasis_2_Way_1000atts_0.4H_EDM_1_EDM_1_1
47,0.5025,0.5025,0.4936916591388136,0.5028286910088036,0.48624999999999996,5,NB,False,GAMETES_Epistasis_2_Way_1000atts_0.4H_EDM_1_EDM_1_1
48,0.49875,0.49875,0.4949307152004257,0.4987809354324767,0.49124999999999996,0,DT,True,GAMETES_Epistasis_2_Way_1000atts_0.4H_EDM_1_EDM_1_1
49,0.499375,0.499375,0.4952438125572249,0.4994423110938524,0.49124999999999996,0,DT,False,GAMETES_Epistasis_2_Way_1000atts_0.4H_EDM_1_EDM_1_1
50,0.49624999999999997,0.49624999999999997,0.49918271368814326,0.4962657022458948,0.5025,1,DT,True,GAMETES_Epistasis_2_Way_1000atts_0.4H_EDM_1_EDM_1_1
51,0.49624999999999997,0.49624999999999997,0.49918271368814326,0.4962657022458948,0.5025,1,DT,False,GAMETES_Epistasis_2_Way_1000atts_0.4H_EDM_1_EDM_1_1
52,0.50875,0.50875,0.5206489095278087,0.5087146621054631,0.53375,2,DT,True,GAMETES_Epistasis_2_Way_1000atts_0.4H_EDM_1_EDM_1_1
53,0.51,0.51,0.520638540556013,0.5098895716743904,0.5325,2,DT,False,GAMETES_Epistasis_2_Way_1000atts_0.4H_EDM_1_EDM_1_1
54,0.519375,0.519375,0.522458376701666,0.518185310214672,0.5275,3,DT,True,GAMETES_Epistasis_2_Way_1000atts_0.4H_EDM_1_EDM_1_1
55,0.52,0.52,0.5227355146931206,0.5187909138517937,0.5275,3,DT,False,GAMETES_Epistasis_2_Way_1000atts_0.4H_EDM_1_EDM_1_1
56,0.49124999999999996,0.49124999999999996,0.486157292517084,0.4908019741421842,0.48250000000000004,4,DT,True,GAMETES_Epistasis_2_Way_1000atts_0.4H_EDM_1_EDM_1_1
57,0.49124999999999996,0.49124999999999996,0.486157292517084,0.4908019741421842,0.48250000000000004,4,DT,False,GAMETES_Epistasis_2_Way_1000atts_0.4H_EDM_1_EDM_1_1
58,0.5031249999999999,0.503125,0.5103952279613506,0.5026447022309168,0.51875,5,DT,True,GAMETES_Epistasis_2_Way_1000atts_0.4H_EDM_1_EDM_1_1
59,0.5025,0.5025000000000001,0.5101055590654928,0.5020609755165368,0.51875,5,DT,False,GAMETES_Epistasis_2_Way_1000atts_0.4H_EDM_1_EDM_1_1
60,0.48812500000000003,0.48812500000000003,0.4535013979672136,0.48702953605731725,0.425,0,RF,True,GAMETES_Epistasis_2_Way_1000atts_0.4H_EDM_1_EDM_1_1
61,0.484375,0.484375,0.4495698267249991,0.4827084764849595,0.42125,0,RF,False,GAMETES_Epistasis_2_Way_1000atts_0.4H_EDM_1_EDM_1_1
62,0.47250000000000003,0.47250000000000003,0.45336116480841454,0.4694119585997758,0.4387500000000001,1,RF,True,GAMETES_Epistasis_2_Way_1000atts_0.4H_EDM_1_EDM_1_1
63,0.475625,0.475625,0.45888390671305246,0.4727261335156072,0.44625000000000004,1,RF,False,GAMETES_Epistasis_2_Way_1000atts_0.4H_EDM_1_EDM_1_1
64,0.5087499999999999,0.50875,0.4720357793926681,0.510177330558642,0.44,2,RF,True,GAMETES_Epistasis_2_Way_1000atts_0.4H_EDM_1_EDM_1_1
65,0.515625,0.515625,0.4823806807330263,0.5176162931763704,0.4525,2,RF,False,GAMETES_Epistasis_2_Way_1000atts_0.4H_EDM_1_EDM_1_1
66,0.49250000000000005,0.49250000000000005,0.4685076738617514,0.4894038723575621,0.45,3,RF,True,GAMETES_Epistasis_2_Way_1000atts_0.4H_EDM_1_EDM_1_1
67,0.490625,0.49062500000000003,0.46799421012665876,0.4879634732555648,0.44999999999999996,3,RF,False,GAMETES_Epistasis_2_Way_1000atts_0.4H_EDM_1_EDM_1_1
68,0.49125,0.49125,0.4720109670320318,0.4911436611000925,0.45499999999999996,4,RF,True,GAMETES_Epistasis_2_Way_1000atts_0.4H_EDM_1_EDM_1_1
69,0.488125,0.488125,0.46984397127020716,0.48834076052604536,0.45375,4,RF,False,GAMETES_Epistasis_2_Way_1000atts_0.4H_EDM_1_EDM_1_1
70,0.47062500000000007,0.47062500000000007,0.44295525352119836,0.4674295724317904,0.42125000000000007,5,RF,True,GAMETES_Epistasis_2_Way_1000atts_0.4H_EDM_1_EDM_1_1
71,0.47375,0.47375,0.4466654025180782,0.47109852831049787,0.425,5,RF,False,GAMETES_Epistasis_2_Way_1000atts_0.4H_EDM_1_EDM_1_1
72,1.0,1.0,1.0,1.0,1.0,0,KNN,True,agaricus_lepiota
73,1.0,1.0,1.0,1.0,1.0,0,KNN,False,agaricus_lepiota
74,1.0,1.0,1.0,1.0,1.0,1,KNN,True,agaricus_lepiota
75,1.0,1.0,1.0,1.0,1.0,1,KNN,False,agaricus_lepiota
76,0.99987721021611,0.9998723186925433,0.9998722534491569,1.0,0.9997446373850868,2,KNN,True,agaricus_lepiota
77,0.99987721021611,0.9998723186925433,0.9998722534491569,1.0,0.9997446373850868,2,KNN,False,agaricus_lepiota
78,1.0,1.0,1.0,1.0,1.0,3,KNN,True,agaricus_lepiota
79,1.0,1.0,1.0,1.0,1.0,3,KNN,False,agaricus_lepiota
80,1.0,1.0,1.0,1.0,1.0,4,KNN,True,agaricus_lepiota
81,1.0,1.0,1.0,1.0,1.0,4,KNN,False,agaricus_lepiota
82,1.0,1.0,1.0,1.0,1.0,5,KNN,True,agaricus_lepiota
83,1.0,1.0,1.0,1.0,1.0,5,KNN,False,agaricus_lepiota
84,0.9851435211842217,0.9853044587437692,0.9846044270856884,0.9797641017569575,0.9895303933626566,0,SVC,True,agaricus_lepiota
85,0.9851435211842217,0.9853044587437692,0.9846044270856884,0.9797641017569575,0.9895303933626566,0,SVC,False,agaricus_lepiota
86,0.9839164069816451,0.9840288182526391,0.9833277966160382,0.9797240812769199,0.9869791123803966,1,SVC,True,agaricus_lepiota
87,0.9839164069816451,0.9840288182526391,0.9833277966160382,0.9797240812769199,0.9869791123803966,1,SVC,False,agaricus_lepiota
88,0.9840390762061006,0.9841282333103845,0.9834431725847452,0.9804538344685113,0.9864683871505702,2,SVC,True,agaricus_lepiota
89,0.9839162864222107,0.9840005520029278,0.9833128136299994,0.9804488632804707,0.986213024535657,2,SVC,False,agaricus_lepiota
90,0.9829348120671314,0.9829713731916675,0.9822711831053108,0.9806789918265663,0.9839181484646975,3,SVC,True,agaricus_lepiota
91,0.9829348120671314,0.9829713731916675,0.9822711831053108,0.9806789918265663,0.9839181484646975,3,SVC,False,agaricus_lepiota
92,0.9845307778591152,0.984639349401356,0.9839633373656185,0.9804729180136935,0.9874906193325133,4,SVC,True,agaricus_lepiota
93,0.9845307778591152,0.984639349401356,0.9839633373656185,0.9804729180136935,0.9874906193325133,4,SVC,False,agaricus_lepiota
94,0.9823197781127723,0.9823401738577985,0.9816015369851969,0.980403934347241,0.9828922682453983,5,SVC,True,agaricus_lepiota
95,0.9823197781127723,0.9823401738577985,0.9816015369851969,0.980403934347241,0.9828922682453983,5,SVC,False,agaricus_lepiota
96,0.9555550411686358,0.9554047856382878,0.9536632483932623,0.9558774005329724,0.9514907444080798,0,LR,True,agaricus_lepiota
97,0.9555550411686358,0.9554047856382878,0.9536632483932623,0.9558774005329724,0.9514907444080798,0,LR,False,agaricus_lepiota
98,0.9544502345122117,0.9542670302601419,0.9524791369592871,0.9556416854803785,0.9494517521002273,1,LR,True,agaricus_lepiota
99,0.9544502345122117,0.9542670302601419,0.9524791369592871,0.9556416854803785,0.9494517521002273,1,LR,False,agaricus_lepiota
100,0.9551873951735719,0.9550150556606978,0.9532554035814647,0.9561096682829853,0.950474766004461,2,LR,True,agaricus_lepiota
101,0.9553101246777447,0.955142606681106,0.9533905897098776,0.9561194644999039,0.9507298680452774,2,LR,False,agaricus_lepiota
102,0.956538504754382,0.9563630175432978,0.954681966791685,0.9576861777967269,0.951751579079027,3,LR,True,agaricus_lepiota
103,0.9566612342585548,0.956490568563706,0.9548171065682223,0.9576977097805499,0.9520066811198432,3,LR,False,agaricus_lepiota
104,0.9560463208636298,0.9558795162667952,0.9541817954342846,0.9569185556855127,0.951494131871339,4,LR,True,agaricus_lepiota
105,0.9561691106475199,0.9560071975742519,0.9543152343798191,0.9569319139268282,0.9517494944862521,4,LR,False,agaricus_lepiota
106,0.9553109685937851,0.9551427369681544,0.9533882051014032,0.9561001282725304,0.9507301286193742,5,LR,True,agaricus_lepiota
107,0.9553109685937851,0.9551427369681544,0.9533882051014032,0.9561001282725304,0.9507301286193742,5,LR,False,agaricus_lepiota
108,0.9211781212596435,0.9212213425440122,0.9183893914268921,0.9145018489308183,0.922385920660399,0,NB,True,agaricus_lepiota
109,0.9211781212596435,0.9212213425440122,0.9183893914268921,0.9145018489308183,0.922385920660399,0,NB,False,agaricus_lepiota
110,0.9189679654293411,0.9190756563602651,0.9163251413109706,0.9110945873971761,0.9218788434679285,1,NB,True,agaricus_lepiota
111,0.9189679654293411,0.9190756563602651,0.9163251413109706,0.9110945873971761,0.9218788434679285,1,NB,False,agaricus_lepiota
112,0.9216700037518095,0.9216971154689071,0.9188753515149418,0.9154571903844865,0.9223913927164328,2,NB,True,agaricus_lepiota
113,0.9216700037518095,0.9216971154689071,0.9188753515149418,0.9154571903844865,0.9223913927164328,2,NB,False,agaricus_lepiota
114,0.9194596068026384,0.919492942480011,0.9166228822046069,0.9130342695730433,0.9203482312230306,3,NB,True,agaricus_lepiota
115,0.9194596068026384,0.919492942480011,0.9166228822046069,0.9130342695730433,0.9203482312230306,3,NB,False,agaricus_lepiota
116,0.9194599082012243,0.9195297188036204,0.9167008362489064,0.9121424431314756,0.9213678576640053,4,NB,True,agaricus_lepiota
117,0.9194599082012243,0.9195297188036204,0.9167008362489064,0.9121424431314756,0.9213678576640053,4,NB,False,agaricus_lepiota
118,0.9210560548323596,0.9210861934590449,0.9182597960103951,0.9147098033725344,0.9218791040420253,5,NB,True,agaricus_lepiota
119,0.9210560548323596,0.9210861934590449,0.9182597960103951,0.9147098033725344,0.9218791040420253,5,NB,False,agaricus_lepiota
120,1.0,1.0,1.0,1.0,1.0,0,DT,True,agaricus_lepiota
121,1.0,1.0,1.0,1.0,1.0,0,DT,False,agaricus_lepiota
122,1.0,1.0,1.0,1.0,1.0,1,DT,True,agaricus_lepiota
123,1.0,1.0,1.0,1.0,1.0,1,DT,False,agaricus_lepiota
124,1.0,1.0,1.0,1.0,1.0,2,DT,True,agaricus_lepiota
125,1.0,1.0,1.0,1.0,1.0,2,DT,False,agaricus_lepiota
126,1.0,1.0,1.0,1.0,1.0,3,DT,True,agaricus_lepiota
127,1.0,1.0,1.0,1.0,1.0,3,DT,False,agaricus_lepiota
128,1.0,1.0,1.0,1.0,1.0,4,DT,True,agaricus_lepiota
129,1.0,1.0,1.0,1.0,1.0,4,DT,False,agaricus_lepiota
130,1.0,1.0,1.0,1.0,1.0,5,DT,True,agaricus_lepiota
131,1.0,1.0,1.0,1.0,1.0,5,DT,False,agaricus_lepiota
132,1.0,1.0,1.0,1.0,1.0,0,RF,True,agaricus_lepiota
133,1.0,1.0,1.0,1.0,1.0,0,RF,False,agaricus_lepiota
134,1.0,1.0,1.0,1.0,1.0,1,RF,True,agaricus_lepiota
135,1.0,1.0,1.0,1.0,1.0,1,RF,False,agaricus_lepiota
136,1.0,1.0,1.0,1.0,1.0,2,RF,True,agaricus_lepiota
137,1.0,1.0,1.0,1.0,1.0,2,RF,False,agaricus_lepiota
138,1.0,1.0,1.0,1.0,1.0,3,RF,True,agaricus_lepiota
139,1.0,1.0,1.0,1.0,1.0,3,RF,False,agaricus_lepiota
140,1.0,1.0,1.0,1.0,1.0,4,RF,True,agaricus_lepiota
141,1.0,1.0,1.0,1.0,1.0,4,RF,False,agaricus_lepiota
142,1.0,1.0,1.0,1.0,1.0,5,RF,True,agaricus_lepiota
143,1.0,1.0,1.0,1.0,1.0,5,RF,False,agaricus_lepiota
144,1.0,1.0,1.0,1.0,1.0,0,KNN,True,mushroom
145,1.0,1.0,1.0,1.0,1.0,0,KNN,False,mushroom
146,1.0,1.0,1.0,1.0,1.0,1,KNN,True,mushroom
147,1.0,1.0,1.0,1.0,1.0,1,KNN,False,mushroom
148,1.0,1.0,1.0,1.0,1.0,2,KNN,True,mushroom
149,1.0,1.0,1.0,1.0,1.0,2,KNN,False,mushroom
150,1.0,1.0,1.0,1.0,1.0,3,KNN,True,mushroom
151,1.0,1.0,1.0,1.0,1.0,3,KNN,False,mushroom
152,0.9996307237813885,0.9996169560776302,0.999616368286445,1.0,0.9992339121552605,4,KNN,True,mushroom
153,0.9996307237813885,0.9996169560776302,0.999616368286445,1.0,0.9992339121552605,4,KNN,False,mushroom
154,0.9998769079271295,0.9998723186925433,0.9998722534491569,1.0,0.9997446373850868,5,KNN,True,mushroom
155,0.9998769079271295,0.9998723186925433,0.9998722534491569,1.0,0.9997446373850868,5,KNN,False,mushroom
156,0.9714426390940424,0.9711576179619927,0.9701694814046926,0.9772311965758563,0.9632277834525026,0,SVC,True,mushroom
157,0.9714426390940424,0.9711576179619927,0.9701694814046926,0.9772311965758563,0.9632277834525026,0,SVC,False,mushroom
158,0.9727966518956179,0.9726241324467817,0.9716643316350024,0.9755959298841743,0.9678243105209398,1,SVC,True,mushroom
159,0.9727966518956179,0.9726241324467817,0.9716643316350024,0.9755959298841743,0.9678243105209398,1,SVC,False,mushroom
160,0.9714426390940423,0.9711576179619927,0.9701591114776145,0.9772127629131493,0.9632277834525025,2,SVC,True,mushroom
161,0.9714426390940423,0.9711576179619927,0.9701591114776145,0.9772127629131493,0.9632277834525025,2,SVC,False,mushroom
162,0.9714426390940424,0.9711576179619927,0.970165935672759,0.977212398075218,0.9632277834525025,3,SVC,True,mushroom
163,0.9714426390940424,0.9711576179619927,0.970165935672759,0.977212398075218,0.9632277834525025,3,SVC,False,mushroom
164,0.9724273756770064,0.9722410885244119,0.9712399570282184,0.9756186528228411,0.9670582226762001,4,SVC,True,mushroom
165,0.9724273756770064,0.9722410885244119,0.9712399570282184,0.9756186528228411,0.9670582226762001,4,SVC,False,mushroom
166,0.9714426390940423,0.9711576179619927,0.9701538658750577,0.9771929671837227,0.9632277834525025,5,SVC,True,mushroom
167,0.9714426390940423,0.9711576179619927,0.9701538658750577,0.9771929671837227,0.9632277834525025,5,SVC,False,mushroom
168,0.9521171836533727,0.9517229937042919,0.9498924194324185,0.9592756749686557,0.940755873340143,0,LR,True,mushroom
169,0.9521171836533727,0.9517229937042919,0.9498924194324185,0.9592756749686557,0.940755873340143,0,LR,False,mushroom
170,0.9522402757262433,0.951806374938344,0.9499222428296481,0.9603837873171068,0.9397344228804902,1,LR,True,mushroom
171,0.9522402757262433,0.951806374938344,0.9499222428296481,0.9603837873171068,0.9397344228804902,1,LR,False,mushroom
172,0.9526095519448547,0.9521628388166711,0.9502600133036687,0.9611016425033968,0.9397344228804904,2,LR,True,mushroom
173,0.9526095519448547,0.9521628388166711,0.9502600133036687,0.9611016425033968,0.9397344228804904,2,LR,False,mushroom
174,0.9503938946331856,0.9498911553264953,0.9478541670092739,0.9601881326845673,0.9359039836567926,3,LR,True,mushroom
175,0.9503938946331856,0.9498911553264953,0.9478541670092739,0.9601881326845673,0.9359039836567926,3,LR,False,mushroom
176,0.9526095519448547,0.9522248589194374,0.9503643291827106,0.9594101430379846,0.9415219611848825,4,LR,True,mushroom
177,0.9524864598719842,0.9521060376266617,0.9502421225914598,0.9591580771514558,0.9415219611848825,4,LR,False,mushroom
178,0.9528557360905958,0.952444781475627,0.9505956214321604,0.96039344010022,0.9410112359550562,5,LR,True,mushroom
179,0.9528557360905958,0.952444781475627,0.9505956214321604,0.96039344010022,0.9410112359550562,5,LR,False,mushroom
180,0.8570901033973413,0.857839972114014,0.855759375846542,0.834161605828826,0.8787027579162411,0,NB,True,mushroom
181,0.8570901033973413,0.857839972114014,0.855759375846542,0.834161605828826,0.8787027579162411,0,NB,False,mushroom
182,0.8557360905957656,0.8565506579228437,0.8547321517939566,0.8319644718214314,0.8792134831460674,1,NB,True,mushroom
183,0.8557360905957656,0.8565506579228437,0.8547321517939566,0.8319644718214314,0.8792134831460674,1,NB,False,mushroom
184,0.8563515509601182,0.8571624844160838,0.8553189531695776,0.8324513153416282,0.8797242083758937,2,NB,True,mushroom
185,0.8563515509601182,0.8571624844160838,0.8553189531695776,0.8324513153416282,0.8797242083758937,2,NB,False,mushroom
186,0.8559822747415067,0.8567528604496712,0.854707340993223,0.8330259019887254,0.8781920326864148,3,NB,True,mushroom
187,0.8559822747415067,0.8567528604496712,0.854707340993223,0.8330259019887254,0.8781920326864148,3,NB,False,mushroom
188,0.8581979320531758,0.8589713838517616,0.8568121375720268,0.8348216640655547,0.8804902962206334,4,NB,True,mushroom
189,0.8581979320531758,0.8589713838517616,0.8568121375720268,0.8348216640655547,0.8804902962206334,4,NB,False,mushroom
190,0.8562284588872476,0.8570702431673509,0.8552164970012318,0.8316313330362861,0.8804902962206334,5,NB,True,mushroom
191,0.8562284588872476,0.8570702431673509,0.8552164970012318,0.8316313330362861,0.8804902962206334,5,NB,False,mushroom
192,1.0,1.0,1.0,1.0,1.0,0,DT,True,mushroom
193,1.0,1.0,1.0,1.0,1.0,0,DT,False,mushroom
194,1.0,1.0,1.0,1.0,1.0,1,DT,True,mushroom
195,1.0,1.0,1.0,1.0,1.0,1,DT,False,mushroom
196,1.0,1.0,1.0,1.0,1.0,2,DT,True,mushroom
197,1.0,1.0,1.0,1.0,1.0,2,DT,False,mushroom
198,1.0,1.0,1.0,1.0,1.0,3,DT,True,mushroom
199,1.0,1.0,1.0,1.0,1.0,3,DT,False,mushroom
200,1.0,1.0,1.0,1.0,1.0,4,DT,True,mushroom
201,1.0,1.0,1.0,1.0,1.0,4,DT,False,mushroom
202,1.0,1.0,1.0,1.0,1.0,5,DT,True,mushroom
203,1.0,1.0,1.0,1.0,1.0,5,DT,False,mushroom
204,1.0,1.0,1.0,1.0,1.0,0,RF,True,mushroom
205,1.0,1.0,1.0,1.0,1.0,0,RF,False,mushroom
206,1.0,1.0,1.0,1.0,1.0,1,RF,True,mushroom
207,1.0,1.0,1.0,1.0,1.0,1,RF,False,mushroom
208,1.0,1.0,1.0,1.0,1.0,2,RF,True,mushroom
209,1.0,1.0,1.0,1.0,1.0,2,RF,False,mushroom
210,1.0,1.0,1.0,1.0,1.0,3,RF,True,mushroom
211,1.0,1.0,1.0,1.0,1.0,3,RF,False,mushroom
212,1.0,1.0,1.0,1.0,1.0,4,RF,True,mushroom
213,1.0,1.0,1.0,1.0,1.0,4,RF,False,mushroom
214,1.0,1.0,1.0,1.0,1.0,5,RF,True,mushroom
215,1.0,1.0,1.0,1.0,1.0,5,RF,False,mushroom
216,0.6832432432432433,0.6801310043668122,0.7612099249419089,0.614481537300899,1.0,0,KNN,True,ring
217,0.6833783783783783,0.6802674672489083,0.7612875085368749,0.6145826838473845,1.0,0,KNN,False,ring
218,0.6798648648648649,0.6767194323144105,0.7592799875763376,0.611973243890001,1.0,1,KNN,True,ring
219,0.6799999999999999,0.6768558951965065,0.7593574360944519,0.6120740951212108,1.0,1,KNN,False,ring
220,0.6833783783783783,0.6802674672489084,0.7613398097815643,0.6146923007332734,1.0,2,KNN,True,ring
221,0.6833783783783783,0.6802674672489084,0.7613391727184855,0.614690953697346,1.0,2,KNN,False,ring
222,0.6837837837837838,0.6806768558951966,0.7615243994499037,0.6148947945837983,1.0,3,KNN,True,ring
223,0.6837837837837838,0.6806768558951966,0.7615237724275464,0.6148934816500844,1.0,3,KNN,False,ring
224,0.6835135135135135,0.6804039301310043,0.7613684792570036,0.6146909241004922,1.0,4,KNN,True,ring
225,0.6835135135135135,0.6804039301310043,0.7613690397499076,0.6146920927336106,1.0,4,KNN,False,ring
226,0.6816216216216217,0.6784934497816593,0.7602813598860987,0.6132729560872109,1.0,5,KNN,True,ring
227,0.6822972972972973,0.6791757641921398,0.7606661678623313,0.6137721279116497,1.0,5,KNN,False,ring
228,0.7643243243243244,0.7634025836193112,0.7861875940734864,0.7254362420034698,0.8581370449678801,0,SVC,True,ring
229,0.7643243243243244,0.7634025836193112,0.7861875940734864,0.7254362420034698,0.8581370449678801,0,SVC,False,ring
230,0.7645945945945946,0.7637044383456608,0.7857547121149507,0.7268212927311685,0.8551927194860813,1,SVC,True,ring
231,0.764054054054054,0.7631585868172766,0.7853687762600239,0.7261569864406637,0.8551927194860813,1,SVC,False,ring
232,0.7645945945945947,0.7637149579682635,0.7855479905800344,0.7273548331457933,0.8541220556745182,2,SVC,True,ring
233,0.7647297297297297,0.7638514208503596,0.7856441804523576,0.7275183903871523,0.8541220556745182,2,SVC,False,ring
234,0.764054054054054,0.7631612167229271,0.7853655722389166,0.7263221327334561,0.8549250535331906,3,SVC,True,ring
235,0.764054054054054,0.7631638466285777,0.7853156163818937,0.7264307992256374,0.8546573875802997,3,SVC,False,ring
236,0.7633783783783784,0.7624762724067962,0.7848862746781397,0.7253851055281958,0.8551927194860814,4,SVC,True,ring
237,0.7632432432432433,0.7623424394303508,0.7847398700382388,0.7253236828698857,0.8549250535331906,4,SVC,False,ring
238,0.7650000000000001,0.7640927877467436,0.7865321614783336,0.726620334235862,0.8573340471092077,5,SVC,True,ring
239,0.7648648648648648,0.7639589547702983,0.786382613445721,0.7265602731231454,0.857066381156317,5,SVC,False,ring
240,0.7567567567567568,0.756278753635114,0.7697919725705533,0.7372420803470416,0.8054068522483939,0,LR,True,ring
241,0.7567567567567568,0.756278753635114,0.7697919725705533,0.7372420803470416,0.8054068522483939,0,LR,False,ring
242,0.757972972972973,0.7574963999513759,0.7708686531881461,0.738338628092081,0.8064775160599571,1,LR,True,ring
243,0.757972972972973,0.7574963999513759,0.7708686531881461,0.738338628092081,0.8064775160599571,1,LR,False,ring
244,0.757972972972973,0.7575069195739785,0.7705668388068843,0.738873023353671,0.805406852248394,2,LR,True,ring
245,0.757972972972973,0.7575069195739785,0.7705668388068843,0.738873023353671,0.805406852248394,2,LR,False,ring
246,0.7601351351351351,0.7596508771027556,0.773134233611754,0.7401194018738888,0.8094218415417559,3,LR,True,ring
247,0.7601351351351351,0.7596508771027556,0.773134233611754,0.7401194018738888,0.8094218415417559,3,LR,False,ring
248,0.7618918918918919,0.7614380440982579,0.7740709773505186,0.7429927195306525,0.808083511777302,4,LR,True,ring
249,0.7618918918918919,0.7614380440982579,0.7740709773505186,0.7429927195306525,0.808083511777302,4,LR,False,ring
250,0.7612162162162162,0.7607504698764762,0.7737303286761625,0.7419080738386418,0.8086188436830835,5,LR,True,ring
251,0.7612162162162162,0.7607504698764762,0.7737303286761625,0.7419080738386418,0.8086188436830835,5,LR,False,ring
252,0.9795945945945946,0.9795177103690751,0.9799429782032409,0.9725843743037192,0.9874197002141327,0,NB,True,ring
253,0.9795945945945946,0.9795177103690751,0.9799429782032409,0.9725843743037192,0.9874197002141327,0,NB,False,ring
254,0.9793243243243244,0.9792474145105337,0.9796807070665593,0.9723249339345699,0.987152034261242,1,NB,True,ring
255,0.9793243243243244,0.9792474145105337,0.9796807070665593,0.9723249339345699,0.987152034261242,1,NB,False,ring
256,0.9798648648648648,0.9797906361332673,0.9802023224686707,0.9730927425789961,0.9874197002141328,2,NB,True,ring
257,0.9798648648648648,0.9797906361332673,0.9802023224686707,0.9730927425789961,0.9874197002141328,2,NB,False,ring
258,0.9797297297297298,0.9796515433455206,0.9800777726832646,0.9725980761290498,0.9876873661670236,3,NB,True,ring
259,0.9797297297297298,0.9796515433455206,0.9800777726832646,0.9725980761290498,0.9876873661670236,3,NB,False,ring
260,0.9801351351351352,0.9800530422748568,0.9804940522317829,0.9726470506997154,0.9884903640256959,4,NB,True,ring
261,0.9801351351351352,0.9800530422748568,0.9804940522317829,0.9726470506997154,0.9884903640256959,4,NB,False,ring
262,0.9797297297297298,0.9796541732511712,0.9800734647254312,0.9728432761329792,0.9874197002141328,5,NB,True,ring
263,0.9797297297297298,0.9796541732511712,0.9800734647254312,0.9728432761329792,0.9874197002141328,5,NB,False,ring
264,0.8713513513513513,0.8711892667121738,0.8744910346489859,0.8616858599859574,0.887847965738758,0,DT,True,ring
265,0.8712162162162161,0.8710554337357284,0.8743433334822305,0.8616521174610151,0.8875802997858673,0,DT,False,ring
266,0.8739189189189189,0.8738109904341564,0.876395839648953,0.8681530178232998,0.8849036402569593,1,DT,True,ring
267,0.8737837837837837,0.8736771574577111,0.8762470957712056,0.8681200886444754,0.8846359743040685,1,DT,False,ring
268,0.8728378378378379,0.8727008780378332,0.8756568582765546,0.8648909416621031,0.886777301927195,2,DT,True,ring
269,0.872972972972973,0.8728373409199294,0.8757744538336744,0.8651257558675056,0.886777301927195,2,DT,False,ring
270,0.8724324324324324,0.872291489391545,0.875312733682383,0.8642548377893412,0.8867773019271948,3,DT,True,ring
271,0.8725675675675676,0.872427952273641,0.8754268076978873,0.8644736025974284,0.8867773019271948,3,DT,False,ring
272,0.8748648648648649,0.8747346717410209,0.877530106508212,0.867316051317004,0.8881156316916488,4,DT,True,ring
273,0.875,0.8748711346231169,0.8776461444426704,0.8675399338234645,0.8881156316916488,4,DT,False,ring
274,0.8770270270270271,0.8769312273828114,0.8792054715351112,0.8718239008841534,0.8867773019271948,5,DT,True,ring
275,0.8770270270270271,0.8769312273828114,0.8792063782428508,0.8718308388933305,0.8867773019271948,5,DT,False,ring
276,0.9479729729729729,0.9482270929373592,0.9470815112007602,0.9735054275357768,0.9221092077087795,0,RF,True,ring
277,0.9479729729729729,0.9482270929373592,0.9470815112007602,0.9735054275357768,0.9221092077087795,0,RF,False,ring
278,0.949054054054054,0.949292496937621,0.9482586429284852,0.9729741043170922,0.9247858672376874,1,RF,True,ring
279,0.949054054054054,0.949292496937621,0.9482586429284852,0.9729741043170922,0.9247858672376874,1,RF,False,ring
280,0.9482432432432433,0.9485000187015512,0.9472550485396588,0.9739851847279215,0.9221092077087795,2,RF,True,ring
281,0.9482432432432433,0.9484973887959006,0.947272522666035,0.9737221391626929,0.9223768736616702,2,RF,False,ring
282,0.9506756756756756,0.9509090122775685,0.9499258865497477,0.9741360795515276,0.9269271948608138,3,RF,True,ring
283,0.9508108108108108,0.9510428452540138,0.9500677658870109,0.9741428470997802,0.9271948608137045,3,RF,False,ring
284,0.9475675675675677,0.947841373441927,0.9465256369865518,0.9750713075073569,0.9197002141327623,4,RF,True,ring
285,0.9475675675675677,0.947841373441927,0.9465256369865518,0.9750713075073569,0.9197002141327623,4,RF,False,ring
286,0.9516216216216216,0.9518563627352888,0.950857718894216,0.9752122341504024,0.9277301927194861,5,RF,True,ring
287,0.9516216216216216,0.9518563627352888,0.950857718894216,0.9752122341504024,0.9277301927194861,5,RF,False,ring
288,0.9686486486486486,0.9686457002709703,0.9686004388241591,0.9697026781942525,0.9675400725400726,0,KNN,True,twonorm
289,0.9689189189189189,0.9689152402381345,0.9688447160094464,0.9707390998098717,0.9669989469989471,0,KNN,False,twonorm
290,0.9705405405405406,0.9705425589820837,0.970563008769345,0.9690049976864156,0.9721393471393472,1,KNN,True,twonorm
291,0.9702702702702702,0.9702721424616674,0.9702925923986557,0.9687335999915635,0.9718687843687844,1,KNN,False,twonorm
292,0.9694594594594594,0.9694570963982412,0.9693749847992627,0.9712362160808194,0.9675415350415351,2,KNN,True,twonorm
293,0.9691891891891892,0.969186972062242,0.9691127768198756,0.9707100454302423,0.9675415350415351,2,KNN,False,twonorm
294,0.9694594594594594,0.9694604547817289,0.9694670127790486,0.9684412136721903,0.970516263016263,3,KNN,True,twonorm
295,0.9697297297297297,0.9697302869333106,0.9697276792218662,0.9689589218781857,0.9705159705159705,3,KNN,False,twonorm
296,0.9682432432432432,0.9682429238935718,0.9682038461112726,0.9694737910452396,0.9670015795015796,4,KNN,True,twonorm
297,0.9683783783783784,0.9683782055947283,0.9683410362719087,0.9694734302979491,0.9672724347724347,4,KNN,False,twonorm
298,0.9681081081081081,0.9681050125326582,0.9680401675888457,0.9694480912550372,0.9667280917280917,5,KNN,True,twonorm
299,0.9685135135135134,0.9685102723196675,0.9684448823154227,0.9699906296721248,0.9669986544986544,5,KNN,False,twonorm
300,0.9775675675675676,0.9775647730210365,0.9775478357911286,0.9781393074469793,0.9770068445068445,0,SVC,True,twonorm
301,0.9778378378378378,0.9778351895414531,0.9778168836720434,0.9784003472050433,0.9772774072774073,0,SVC,False,twonorm
302,0.9789189189189189,0.9789184624794777,0.9788861007098884,0.9796868019685866,0.9780908505908505,1,SVC,True,twonorm
303,0.9789189189189189,0.9789184624794777,0.9788861007098884,0.9796868019685866,0.9780908505908505,1,SVC,False,twonorm
304,0.9777027027027028,0.97770151438078,0.9776531219033228,0.9791306415179183,0.9761969111969112,2,SVC,True,twonorm
305,0.9777027027027028,0.97770151438078,0.9776531219033228,0.9791306415179183,0.9761969111969112,2,SVC,False,twonorm
306,0.9778378378378378,0.9778369410685825,0.9777962151745241,0.9788621837915743,0.9767371592371592,3,SVC,True,twonorm
307,0.9778378378378378,0.9778369410685825,0.9777962151745241,0.9788621837915743,0.9767371592371592,3,SVC,False,twonorm
308,0.977027027027027,0.9770256924549581,0.9769811380763315,0.9783416795216275,0.9756560781560781,4,SVC,True,twonorm
309,0.977027027027027,0.9770256924549581,0.9769811380763315,0.9783416795216275,0.9756560781560781,4,SVC,False,twonorm
310,0.9782432432432433,0.9782410314861718,0.9781956988023787,0.9791673491405055,0.9772762372762374,5,SVC,True,twonorm
311,0.9782432432432433,0.9782410314861718,0.9781956988023787,0.9791673491405055,0.9772762372762374,5,SVC,False,twonorm
312,0.9779729729729729,0.9779703246765882,0.9779348901233696,0.9788998667020822,0.977007137007137,0,LR,True,twonorm
313,0.9779729729729729,0.9779703246765882,0.9779348901233696,0.9788998667020822,0.977007137007137,0,LR,False,twonorm
314,0.9789189189189189,0.9789186084137489,0.9788855377587771,0.9796842430649313,0.9780908505908507,1,LR,True,twonorm
315,0.9789189189189189,0.9789186084137489,0.9788855377587771,0.9796842430649313,0.9780908505908507,1,LR,False,twonorm
316,0.9778378378378377,0.977836503581644,0.9777886557280682,0.9791405741147106,0.9764671814671815,2,LR,True,twonorm
317,0.9778378378378377,0.977836503581644,0.9777886557280682,0.9791405741147106,0.9764671814671815,2,LR,False,twonorm
318,0.9785135135135136,0.9785129095604258,0.9784753491492815,0.9794074580037292,0.9775488475488475,3,LR,True,twonorm
319,0.9785135135135136,0.9785129095604258,0.9784753491492815,0.9794074580037292,0.9775488475488475,3,LR,False,twonorm
320,0.9775675675675677,0.9775663792456449,0.9775247639435958,0.9788755534746633,0.9761969111969111,4,LR,True,twonorm
321,0.9775675675675677,0.9775663792456449,0.9775247639435958,0.9788755534746633,0.9761969111969111,4,LR,False,twonorm
322,0.9781081081081081,0.9781060422853081,0.9780598249813048,0.9791852718902379,0.977005967005967,5,LR,True,twonorm
323,0.9781081081081081,0.9781060422853081,0.9780598249813048,0.9791852718902379,0.977005967005967,5,LR,False,twonorm
324,0.978108108108108,0.9781041448239072,0.9780362898637178,0.9804703945000808,0.9756543231543232,0,NB,True,twonorm
325,0.978108108108108,0.9781041448239072,0.9780362898637178,0.9804703945000808,0.9756543231543232,0,NB,False,twonorm
326,0.9782432432432433,0.9782426392901554,0.9781918849129843,0.9796685519685733,0.9767380367380368,1,NB,True,twonorm
327,0.9782432432432433,0.9782426392901554,0.9781918849129843,0.9796685519685733,0.9767380367380368,1,NB,False,twonorm
328,0.9781081081081082,0.9781063363649757,0.9780467014695631,0.9799187385839525,0.9761972036972036,2,NB,True,twonorm
329,0.9781081081081082,0.9781063363649757,0.9780467014695631,0.9799187385839525,0.9761972036972036,2,NB,False,twonorm
330,0.9789189189189189,0.978917439360204,0.9788694966775808,0.9804716935861651,0.9772785772785773,3,NB,True,twonorm
331,0.9789189189189189,0.978917439360204,0.9788694966775808,0.9804716935861651,0.9772785772785773,3,NB,False,twonorm
332,0.977972972972973,0.9779706171768807,0.9779144164873317,0.9802150757553184,0.9756563706563707,4,NB,True,twonorm
333,0.977972972972973,0.9779706171768807,0.9779144164873317,0.9802150757553184,0.9756563706563707,4,NB,False,twonorm
334,0.9785135135135135,0.9785108642695035,0.9784534211375843,0.9804816579370162,0.9764657189657189,5,NB,True,twonorm
335,0.9785135135135135,0.9785108642695035,0.9784534211375843,0.9804816579370162,0.9764657189657189,5,NB,False,twonorm
336,0.8421621621621621,0.8421626107047273,0.8427494525407779,0.8392695625242218,0.8463612963612963,0,DT,True,twonorm
337,0.8421621621621621,0.8421626107047273,0.8427494525407779,0.8392695625242218,0.8463612963612963,0,DT,False,twonorm
338,0.8381081081081081,0.838114976179231,0.8390169881839722,0.8340050060244293,0.8441976716976718,1,DT,True,twonorm
339,0.8381081081081081,0.838114976179231,0.8390169881839722,0.8340050060244293,0.8441976716976718,1,DT,False,twonorm
340,0.8460810810810812,0.8460746637636487,0.8452852337340075,0.8490025977244458,0.842030537030537,2,DT,True,twonorm
341,0.8460810810810812,0.8460746637636487,0.8452852337340075,0.8490025977244458,0.842030537030537,2,DT,False,twonorm
342,0.8379729729729729,0.8379706383405088,0.8369229545993362,0.8417028168321287,0.8322975897975897,3,DT,True,twonorm
343,0.8379729729729729,0.8379706383405088,0.8369229545993362,0.8417028168321287,0.8322975897975897,3,DT,False,twonorm
344,0.8404054054054054,0.8404042410899862,0.8405201209896,0.8391095664437791,0.842029952029952,4,DT,True,twonorm
345,0.8404054054054054,0.8404042410899862,0.8405201209896,0.8391095664437791,0.842029952029952,4,DT,False,twonorm
346,0.8383783783783784,0.838376923773792,0.8383924426948843,0.8379161223434795,0.8390584415584416,5,DT,True,twonorm
347,0.8383783783783784,0.838376923773792,0.8383924426948843,0.8379161223434795,0.8390584415584416,5,DT,False,twonorm
348,0.9727027027027028,0.9727003415367346,0.972626071013191,0.97475404176199,0.970516263016263,0,RF,True,twonorm
349,0.9727027027027028,0.9727003415367346,0.972626071013191,0.97475404176199,0.970516263016263,0,RF,False,twonorm
350,0.971081081081081,0.9710787180198628,0.970997366038624,0.9728484387078026,0.9691631566631567,1,RF,True,twonorm
351,0.971081081081081,0.9710787180198628,0.970997366038624,0.9728484387078026,0.9691631566631567,1,RF,False,twonorm
352,0.97,0.9699973450702393,0.9698681947089993,0.9736164768691059,0.9661901836901836,2,RF,True,twonorm
353,0.97,0.9699973450702393,0.9698681947089993,0.9736164768691059,0.9661901836901836,2,RF,False,twonorm
354,0.9702702702702702,0.9702692209333679,0.9701866574490148,0.9723096018785041,0.968082368082368,3,RF,True,twonorm
355,0.9702702702702702,0.9702692209333679,0.9701866574490148,0.9723096018785041,0.968082368082368,3,RF,False,twonorm
356,0.9683783783783784,0.9683765990542448,0.968267432890657,0.9712218873625642,0.9653793728793729,4,RF,True,twonorm
357,0.9683783783783784,0.9683765990542448,0.968267432890657,0.9712218873625642,0.9653793728793729,4,RF,False,twonorm
358,0.972027027027027,0.9720224733723654,0.9718744195368523,0.9762981684628584,0.9675400725400726,5,RF,True,twonorm
359,0.972027027027027,0.9720224733723654,0.9718744195368523,0.9762981684628584,0.9675400725400726,5,RF,False,twonorm
360,0.907563025210084,0.9137577103171923,0.9013438014584803,0.8520291161278137,0.9613499245852187,0,KNN,True,clean1
361,0.9054621848739496,0.9119194750230747,0.8997035997193896,0.8501092831345779,0.9613499245852187,0,KNN,False,clean1
362,0.8823529411764706,0.8893266979581729,0.8748053916748607,0.8172186233033667,0.9421191553544495,1,KNN,True,clean1
363,0.8907563025210083,0.8973198205803561,0.8833256288620815,0.8285332836562345,0.9470211161387632,1,KNN,False,clean1
364,0.907563025210084,0.9121234888903896,0.8990362338986192,0.8559977530031976,0.9468325791855203,2,KNN,True,clean1
365,0.907563025210084,0.9115578780306611,0.8984789158843861,0.8589781664191827,0.942024886877828,2,KNN,False,clean1
366,0.8949579831932772,0.9015422041376826,0.8876069745634962,0.8323823207443897,0.9517345399698341,3,KNN,True,clean1
367,0.8949579831932774,0.901569640485356,0.887721324735186,0.8328163304435954,0.9517345399698341,3,KNN,False,clean1
368,0.8970588235294117,0.9000690833164495,0.8865255112254169,0.8538199924517944,0.9228883861236803,4,KNN,True,clean1
369,0.8949579831932774,0.8982308480223318,0.8841022126572585,0.8494118689814497,0.9228883861236803,4,KNN,False,clean1
370,0.9054621848739497,0.9119588708043493,0.8987815830854217,0.8451697857815442,0.9615384615384616,5,KNN,True,clean1
371,0.9054621848739497,0.9119863071520227,0.8988202694216509,0.8448468676916953,0.9615384615384616,5,KNN,False,clean1
372,1.0,1.0,1.0,1.0,1.0,0,SVC,True,clean1
373,1.0,1.0,1.0,1.0,1.0,0,SVC,False,clean1
374,1.0,1.0,1.0,1.0,1.0,1,SVC,True,clean1
375,1.0,1.0,1.0,1.0,1.0,1,SVC,False,clean1
376,1.0,1.0,1.0,1.0,1.0,2,SVC,True,clean1
377,1.0,1.0,1.0,1.0,1.0,2,SVC,False,clean1
378,1.0,1.0,1.0,1.0,1.0,3,SVC,True,clean1
379,1.0,1.0,1.0,1.0,1.0,3,SVC,False,clean1
380,1.0,1.0,1.0,1.0,1.0,4,SVC,True,clean1
381,1.0,1.0,1.0,1.0,1.0,4,SVC,False,clean1
382,1.0,1.0,1.0,1.0,1.0,5,SVC,True,clean1
383,0.9957983193277311,0.9963235294117647,0.9951923076923077,0.9905660377358491,1.0,5,SVC,False,clean1
384,0.9936974789915967,0.9938725490196079,0.9927184466019418,0.9903846153846154,0.9950980392156863,0,LR,True,clean1
385,0.9936974789915967,0.9938725490196079,0.9927184466019418,0.9903846153846154,0.9950980392156863,0,LR,False,clean1
386,0.9978991596638656,0.9975490196078431,0.9975247524752475,1.0,0.9950980392156863,1,LR,True,clean1
387,0.9957983193277311,0.9956833479660521,0.9951438000942952,0.9952830188679245,0.9950980392156863,1,LR,False,clean1
388,0.9936974789915967,0.9938648105625718,0.9928571428571429,0.9905660377358491,0.9951923076923077,2,LR,True,clean1
389,0.9936974789915967,0.9938648105625718,0.9928571428571429,0.9905660377358491,0.9951923076923077,2,LR,False,clean1
390,0.9978991596638656,0.9975961538461539,0.9975728155339806,1.0,0.9951923076923077,3,LR,True,clean1
391,0.9978991596638656,0.9975961538461539,0.9975728155339806,1.0,0.9951923076923077,3,LR,False,clean1
392,0.9978991596638656,0.9975961538461539,0.9975728155339806,1.0,0.9951923076923077,4,LR,True,clean1
393,0.9978991596638656,0.9975961538461539,0.9975728155339806,1.0,0.9951923076923077,4,LR,False,clean1
394,0.9957983193277311,0.9957304822043628,0.9951923076923077,0.9951923076923077,0.9951923076923077,5,LR,True,clean1
395,0.9936974789915967,0.9938922469102451,0.9927651232262883,0.9903846153846154,0.9951923076923077,5,LR,False,clean1
396,0.8088235294117647,0.8119013248238446,0.7943806398060348,0.7623049335060976,0.835501508295626,0,NB,True,clean1
397,0.8088235294117647,0.8119013248238446,0.7943806398060348,0.7623049335060976,0.835501508295626,0,NB,False,clean1
398,0.8088235294117647,0.8135278077936112,0.7954415954415954,0.7484536108174947,0.8501131221719456,1,NB,True,clean1
399,0.8088235294117647,0.8135278077936112,0.7954415954415954,0.7484536108174947,0.8501131221719456,1,NB,False,clean1
400,0.8151260504201681,0.8198634936178834,0.801047325473931,0.7534029038112522,0.8554864253393666,2,NB,True,clean1
401,0.8151260504201681,0.8198634936178834,0.801047325473931,0.7534029038112522,0.8554864253393666,2,NB,False,clean1
402,0.8046218487394958,0.8075769343328605,0.786502365908948,0.748361543599565,0.8306938159879336,3,NB,True,clean1
403,0.8046218487394958,0.8075769343328605,0.786502365908948,0.748361543599565,0.8306938159879336,3,NB,False,clean1
404,0.8067226890756303,0.8112027532023143,0.7936006178172204,0.7495398094966044,0.8456825037707391,4,NB,True,clean1
405,0.8067226890756303,0.8112027532023143,0.7936006178172204,0.7495398094966044,0.8456825037707391,4,NB,False,clean1
406,0.7920168067226891,0.798896496026654,0.7816378100288458,0.7253816032465159,0.8502073906485671,5,NB,True,clean1
407,0.7920168067226891,0.798896496026654,0.7816378100288458,0.7253816032465159,0.8502073906485671,5,NB,False,clean1
408,1.0,1.0,1.0,1.0,1.0,0,DT,True,clean1
409,1.0,1.0,1.0,1.0,1.0,0,DT,False,clean1
410,0.9915966386554622,0.9925373134328358,0.9907407407407407,0.9821428571428572,1.0,1,DT,True,clean1
411,1.0,1.0,1.0,1.0,1.0,1,DT,False,clean1
412,1.0,1.0,1.0,1.0,1.0,2,DT,True,clean1
413,1.0,1.0,1.0,1.0,1.0,2,DT,False,clean1
414,1.0,1.0,1.0,1.0,1.0,3,DT,True,clean1
415,1.0,1.0,1.0,1.0,1.0,3,DT,False,clean1
416,1.0,1.0,1.0,1.0,1.0,4,DT,True,clean1
417,1.0,1.0,1.0,1.0,1.0,4,DT,False,clean1
418,1.0,1.0,1.0,1.0,1.0,5,DT,True,clean1
419,1.0,1.0,1.0,1.0,1.0,5,DT,False,clean1
420,0.9936974789915967,0.9927884615384616,0.9925742574257426,1.0,0.9855769230769231,0,RF,True,clean1
421,0.9936974789915967,0.9927884615384616,0.9925742574257426,1.0,0.9855769230769231,0,RF,False,clean1
422,0.9852941176470589,0.9830316742081449,0.9825713153839656,1.0,0.9660633484162895,1,RF,True,clean1
423,0.9852941176470589,0.9830316742081449,0.9825713153839656,1.0,0.9660633484162895,1,RF,False,clean1
424,0.9915966386554622,0.9919991389207806,0.990430402930403,0.9857583454281567,0.9951923076923077,2,RF,True,clean1
425,0.9915966386554622,0.9919991389207806,0.990430402930403,0.9857583454281567,0.9951923076923077,2,RF,False,clean1
426,0.9936974789915967,0.9933266360505166,0.9927651232262883,0.9951923076923077,0.9903846153846154,3,RF,True,clean1
427,0.9936974789915967,0.9933266360505166,0.9927651232262883,0.9951923076923077,0.9903846153846154,3,RF,False,clean1
428,0.9894957983193278,0.9890845546025528,0.9877661205787708,0.9904753265602322,0.9855769230769231,4,RF,True,clean1
429,0.9894957983193278,0.9890845546025528,0.9877661205787708,0.9904753265602322,0.9855769230769231,4,RF,False,clean1
430,0.9915966386554622,0.9909227898966705,0.9901960784313726,0.995,0.9855769230769231,5,RF,True,clean1
431,0.9915966386554622,0.9909227898966705,0.9901960784313726,0.995,0.9855769230769231,5,RF,False,clean1
432,0.7558085282119507,0.8004878236706964,0.7544547255232824,0.7506199405626814,0.8004878236706964,0,KNN,True,dna
433,0.7554940637945058,0.7995923742396427,0.7538473458966293,0.7501521612381559,0.7995923742396427,0,KNN,False,dna
434,0.7677384727905525,0.8125877235091065,0.7669018807025799,0.7628699584270844,0.8125877235091065,1,KNN,True,dna
435,0.7699349949244341,0.8149304591319974,0.7693462998617902,0.7648054020425857,0.8149304591319974,1,KNN,False,dna
436,0.758321485091707,0.8009295642964969,0.7560543204926944,0.7527552931998898,0.8009295642964969,2,KNN,True,dna
437,0.7564378511125263,0.7985458004176541,0.7539828591296096,0.7507505506934516,0.7985458004176541,2,KNN,False,dna
438,0.7523446908318253,0.7950156162497933,0.7508535517628665,0.7467175157551031,0.7950156162497933,3,KNN,True,dna
439,0.7529724374696569,0.7954177053585884,0.7513524799406505,0.747179809263792,0.7954177053585884,3,KNN,False,dna
440,0.7467024583393758,0.7916405867734656,0.7448837742424431,0.7448186958108797,0.7916405867734656,4,KNN,True,dna
441,0.7460739235701721,0.7905315123524581,0.7440603670544274,0.7442319259327345,0.7905315123524581,4,KNN,False,dna
442,0.7579995334262277,0.8049216327784715,0.7571381768447308,0.7553967461898222,0.8049216327784715,5,KNN,True,dna
443,0.7554893350062735,0.8030748527483722,0.754746449330166,0.7534625221920878,0.8030748527483722,5,KNN,False,dna
444,0.9193355422028586,0.91381888115926,0.9104683312685895,0.9079757239486465,0.91381888115926,0,SVC,True,dna
445,0.9193355422028586,0.91381888115926,0.9104683312685895,0.9079757239486465,0.91381888115926,0,SVC,False,dna
446,0.9174530904207361,0.9110045405601619,0.9090097529498619,0.9080793681573784,0.9110045405601619,1,SVC,True,dna
447,0.9168253437829044,0.9101319402111219,0.9083272407357789,0.9076161953824815,0.9101319402111219,1,SVC,False,dna
448,0.9183917548848383,0.9123087317832901,0.9098408302516606,0.9080152654910922,0.9123087317832901,2,SVC,True,dna
449,0.918705431170911,0.9125100200280566,0.9101349607209002,0.9083849048416275,0.9125100200280566,2,SVC,False,dna
450,0.9152502632358783,0.910776418784211,0.9060823989001208,0.9024909309540275,0.910776418784211,3,SVC,True,dna
451,0.915563545456265,0.9112099591812508,0.9064268506372657,0.9027418773653756,0.9112099591812508,3,SVC,False,dna
452,0.9196464600291293,0.9136024106695921,0.9108672114236694,0.909132260077544,0.9136024106695921,4,SVC,True,dna
453,0.9196464600291293,0.9136024106695921,0.9108672114236694,0.909132260077544,0.9136024106695921,4,SVC,False,dna
454,0.9187050371052251,0.9134375664949362,0.9099444096221706,0.9073606916153397,0.9134375664949362,5,SVC,True,dna
455,0.9196460659634433,0.9145069102952583,0.9109958648712404,0.908374449006985,0.9145069102952583,5,SVC,False,dna
456,0.9331451801037811,0.9287961029579713,0.9262792899469735,0.9241490014634833,0.9287961029579713,0,LR,True,dna
457,0.9331451801037811,0.9287961029579713,0.9262792899469735,0.9241490014634833,0.9287961029579713,0,LR,False,dna
458,0.9328287453579062,0.927426578394768,0.9253108877129956,0.92368105153927,0.927426578394768,1,LR,True,dna
459,0.9328287453579062,0.927426578394768,0.9253108877129956,0.92368105153927,0.927426578394768,1,LR,False,dna
460,0.9356573488521654,0.9316017617687087,0.9286005729924457,0.9259737948073666,0.9316017617687087,2,LR,True,dna
461,0.9353436725660927,0.9311654615941886,0.9282768968114108,0.9257369314026133,0.9311654615941886,2,LR,False,dna
462,0.9347104090086569,0.9307380471073335,0.9278985997126526,0.9253107418238473,0.9307380471073335,3,LR,True,dna
463,0.9347104090086569,0.9307380471073335,0.9278985997126526,0.9253107418238473,0.9307380471073335,3,LR,False,dna
464,0.9315748283449872,0.9268640586501067,0.9240934081484331,0.9218254192393469,0.9268640586501067,4,LR,True,dna
465,0.9315744342793011,0.9268635712693689,0.9240934042349984,0.9218648340484257,0.9268635712693689,4,LR,False,dna
466,0.9306294647642227,0.9269493229278718,0.9232439323744933,0.9199724778151536,0.9269493229278718,5,LR,True,dna
467,0.9306294647642227,0.9269493229278718,0.9232439323744933,0.9199724778151536,0.9269493229278718,5,LR,False,dna
468,0.93439712678827,0.9401155902906448,0.9281601970456925,0.9199172251320241,0.9401155902906448,0,NB,True,dna
469,0.93439712678827,0.9401155902906448,0.9281601970456925,0.9199172251320241,0.9401155902906448,0,NB,False,dna
470,0.925604339136082,0.9275093473182413,0.9162718163923003,0.9110807756114334,0.9275093473182413,1,NB,True,dna
471,0.925604339136082,0.9275093473182413,0.9162718163923003,0.9110807756114334,0.9275093473182413,1,NB,False,dna
472,0.9275017654142734,0.930966564880134,0.9193402350515552,0.9125363446648701,0.930966564880134,2,NB,True,dna
473,0.9268740187764418,0.9300939645310939,0.9184928051116896,0.911846791578622,0.9300939645310939,2,NB,False,dna
474,0.9309455054444115,0.9367607749144746,0.9244127234833546,0.9160861568869502,0.9367607749144746,3,NB,True,dna
475,0.9309455054444115,0.9367607749144746,0.9244127234833546,0.9160861568869502,0.9367607749144746,3,NB,False,dna
476,0.9202694778787287,0.9212924587311764,0.9102637526335305,0.9072996521260871,0.9212924587311764,4,NB,True,dna
477,0.9199558015926558,0.9208584309533986,0.9098449623692481,0.9070072953285039,0.9208584309533986,4,NB,False,dna
478,0.9237270102078776,0.9265142286857635,0.9150773518087103,0.9091494778690086,0.9265142286857635,5,NB,True,dna
479,0.9237270102078776,0.9265142286857635,0.9150773518087103,0.9091494778690086,0.9265142286857635,5,NB,False,dna
480,0.9083501730736493,0.9000107117546517,0.8968656776446724,0.8953887793281069,0.9000107117546517,0,DT,True,dna
481,0.9083501730736493,0.9000107117546517,0.8968656776446724,0.8953887793281069,0.9000107117546517,0,DT,False,dna
482,0.9092963247857859,0.8976254915547329,0.8966872307332007,0.8961871432795514,0.8976254915547329,1,DT,True,dna
483,0.9092963247857859,0.8976254915547329,0.8966872307332007,0.8961871432795514,0.8976254915547329,1,DT,False,dna
484,0.8992437091353884,0.8907030279656208,0.887500529652739,0.8853423906849576,0.8907030279656208,2,DT,True,dna
485,0.8992437091353884,0.8907030279656208,0.887500529652739,0.8853423906849576,0.8907030279656208,2,DT,False,dna
486,0.9083446561540449,0.8967689169573753,0.8969895117429647,0.8974421561884239,0.8967689169573753,3,DT,True,dna
487,0.9083446561540449,0.8967689169573753,0.8969895117429647,0.8974421561884239,0.8967689169573753,3,DT,False,dna
488,0.9111732596483042,0.9070144759849189,0.902637784052121,0.8993046486956175,0.9070144759849189,4,DT,True,dna
489,0.9111732596483042,0.9070144759849189,0.902637784052121,0.8993046486956175,0.9070144759849189,4,DT,False,dna
490,0.9008113024343802,0.8895847909940685,0.888691855747879,0.8885128209878499,0.8895847909940685,5,DT,True,dna
491,0.9008113024343802,0.8895847909940685,0.888691855747879,0.8885128209878499,0.8895847909940685,5,DT,False,dna
492,0.9522955902473471,0.9450661664357911,0.9461445071916964,0.9478241513266314,0.9450661664357911,0,RF,True,dna
493,0.9522955902473471,0.9450661664357911,0.9461445071916964,0.9478241513266314,0.9450661664357911,0,RF,False,dna
494,0.9494642282932858,0.9409323735839498,0.9421948663485319,0.9437979240267055,0.9409323735839498,1,RF,True,dna
495,0.9494642282932858,0.9409323735839498,0.9421948663485319,0.9437979240267055,0.9409323735839498,1,RF,False,dna
496,0.9519779733044141,0.9441888961786757,0.9449249394268626,0.9463100296067792,0.9441888961786757,2,RF,True,dna
497,0.9519779733044141,0.9441888961786757,0.9449249394268626,0.9463100296067792,0.9441888961786757,2,RF,False,dna
498,0.9494661986217159,0.9409391907741766,0.9422966304956807,0.9441522174673955,0.9409391907741766,3,RF,True,dna
499,0.9494661986217159,0.9409391907741766,0.9422966304956807,0.9441522174673955,0.9409391907741766,3,RF,False,dna
500,0.9526021733510716,0.9443718801349134,0.9460388173200093,0.9486272013655574,0.9443718801349134,4,RF,True,dna
501,0.9526021733510716,0.9443718801349134,0.9460388173200093,0.9486272013655574,0.9443718801349134,4,RF,False,dna
502,0.9526009911540135,0.9457491633975668,0.9468603119338863,0.9483658735068897,0.9457491633975668,5,RF,True,dna
503,0.9526009911540135,0.9457491633975668,0.9468603119338863,0.9483658735068897,0.9457491633975668,5,RF,False,dna
504,0.8754626202812732,0.8416369711437948,0.7815382787848786,0.8052512833654333,0.7597543444520776,0,KNN,True,phoneme
505,0.8747224278312362,0.8409285072197574,0.780391157942727,0.8035011821951136,0.7591230313207644,0,KNN,False,phoneme
506,0.8686158401184307,0.8319998974166489,0.7682404152597802,0.7959991158267021,0.7433608757601202,1,KNN,True,phoneme
507,0.8686158401184307,0.8318168583140598,0.7680891286311506,0.7964004036539543,0.7427327430476045,1,KNN,False,phoneme
508,0.8739822353811991,0.8374622557837683,0.7773721622016276,0.8081440752935918,0.7490458743607359,2,KNN,True,phoneme
509,0.8736121391561806,0.8370163670691424,0.7767209558780189,0.8074853575627174,0.7484161514388215,2,KNN,False,phoneme
510,0.8737971872686898,0.8364136195998791,0.7762598377575616,0.809283202987902,0.7459020303793604,3,KNN,True,phoneme
511,0.873982235381199,0.8367284810608364,0.776681286465881,0.8094635725630799,0.7465317533012746,3,KNN,False,phoneme
512,0.8749074759437454,0.8399406519243124,0.7795592185691849,0.8072041951060049,0.7553192504388977,4,KNN,True,phoneme
513,0.8749074759437454,0.8399391989162264,0.7795001975037239,0.8071521458228557,0.7553160700201003,4,KNN,False,phoneme
514,0.8752775721687638,0.8383878092103818,0.7791652787424348,0.8123428867049962,0.7490617764547236,5,KNN,True,phoneme
515,0.8758327165062917,0.8389655202833759,0.7800839568716396,0.813588641330834,0.7496930895860366,5,KNN,False,phoneme
516,0.7738712065136935,0.7175976640038515,0.6014239848559175,0.6230178209147148,0.5813487520036638,0,SVC,True,phoneme
517,0.7740562546262029,0.7177285540562075,0.6016236469661924,0.6234462981724603,0.5813487520036638,0,SVC,False,phoneme
518,0.7744263508512212,0.7174184051163187,0.6011571901013499,0.6255516528758182,0.5794198280029514,1,SVC,True,phoneme
519,0.7742413027387121,0.71728737786265,0.6009626440421547,0.6251433101191904,0.5794198280029514,1,SVC,False,phoneme
520,0.7716506291635825,0.713623730999076,0.5957602207131114,0.6205514214872279,0.5731369106683968,2,SVC,True,phoneme
521,0.7716506291635825,0.713623730999076,0.5957602207131114,0.6205514214872279,0.5731369106683968,2,SVC,False,phoneme
522,0.7738712065136935,0.7166688707160582,0.599665887102815,0.6239874688094257,0.5781778744625092,3,SVC,True,phoneme
523,0.7738712065136935,0.7166688707160582,0.599665887102815,0.6239874688094257,0.5781778744625092,3,SVC,False,phoneme
524,0.7740562546262029,0.7160550446727851,0.5991137857450616,0.6255335293412769,0.5756462610996617,4,SVC,True,phoneme
525,0.7740562546262029,0.7160550446727851,0.5991137857450616,0.6255335293412769,0.5756462610996617,4,SVC,False,phoneme
526,0.7738712065136937,0.7166668407995441,0.600208208534747,0.6246220124777639,0.5781762842531104,5,SVC,True,phoneme
527,0.7740562546262029,0.7169824973652007,0.6006807166519583,0.6248749664658622,0.5788075973844236,5,SVC,False,phoneme
528,0.7505551443375278,0.6675543172488304,0.5231027722846042,0.5956577964360156,0.4665960613693611,0,LR,True,phoneme
529,0.7505551443375278,0.6675543172488304,0.5231027722846042,0.5956577964360156,0.4665960613693611,0,LR,False,phoneme
530,0.751480384900074,0.6683863780816166,0.5246900105886703,0.5992493418533087,0.46721306261608525,1,LR,True,phoneme
531,0.751480384900074,0.6683863780816166,0.5246900105886703,0.5992493418533087,0.46721306261608525,1,LR,False,phoneme
532,0.750740192450037,0.6675007995000426,0.5232049865269631,0.5965856962959274,0.4659599776098517,2,LR,True,phoneme
533,0.7505551443375278,0.6671859380390853,0.5226795489934404,0.59624777543085,0.4653302546879373,2,LR,False,phoneme
534,0.749259807549963,0.6659048642792299,0.5196526324991506,0.5927089057879795,0.4640739892629062,3,LR,True,phoneme
535,0.749259807549963,0.6659048642792299,0.5196526324991506,0.5927089057879795,0.4640739892629062,3,LR,False,phoneme
536,0.7494448556624723,0.6650913829296392,0.5187089389041595,0.5943819250488916,0.46088402920896626,4,LR,True,phoneme
537,0.7494448556624723,0.6650913829296392,0.5187089389041595,0.5943819250488916,0.46088402920896626,4,LR,False,phoneme
538,0.7511102886750556,0.66849402190537,0.5247829164863923,0.5972583996391166,0.4684740986693128,5,LR,True,phoneme
539,0.7511102886750556,0.66849402190537,0.5247829164863923,0.5972583996391166,0.4684740986693128,5,LR,False,phoneme
540,0.7603626943005182,0.7506092959964947,0.6404460285866538,0.572472888204768,0.7269976210467395,0,NB,True,phoneme
541,0.7603626943005182,0.7506092959964947,0.6404460285866538,0.572472888204768,0.7269976210467395,0,NB,False,phoneme
542,0.7590673575129534,0.7500540459125773,0.6396013120773913,0.57057142148136,0.7282395745871817,1,NB,True,phoneme
543,0.7590673575129534,0.7500540459125773,0.6396013120773913,0.57057142148136,0.7282395745871817,1,NB,False,phoneme
544,0.7598075499629904,0.7509461258476318,0.6406827226946488,0.5713130954349979,0.7294974302216115,2,NB,True,phoneme
545,0.7598075499629904,0.7509461258476318,0.6406827226946488,0.5713130954349979,0.7294974302216115,2,NB,False,phoneme
546,0.7605477424130275,0.7516594166062195,0.6414876966794902,0.5722687153539738,0.7301351041905197,3,NB,True,phoneme
547,0.7605477424130275,0.7516594166062195,0.6414876966794902,0.5722687153539738,0.7301351041905197,3,NB,False,phoneme
548,0.760177646188009,0.7506570579192926,0.6405359499124271,0.5722814743890635,0.7276178027122613,4,NB,True,phoneme
549,0.760177646188009,0.7506570579192926,0.6405359499124271,0.5722814743890635,0.7276178027122613,4,NB,False,phoneme
550,0.7596225018504811,0.750085028306475,0.6401068694480763,0.5724344458553534,0.7269833091621504,5,NB,True,phoneme
551,0.7596225018504811,0.750085028306475,0.6401068694480763,0.5724344458553534,0.7269833091621504,5,NB,False,phoneme
552,0.8682457438934122,0.8415181547284156,0.7758110742839466,0.7748351924427793,0.7768029794163296,0,DT,True,phoneme
553,0.8689859363434492,0.842410727262367,0.7770664878745218,0.7760936071027259,0.7780640154695571,0,DT,False,phoneme
554,0.8656550703182828,0.8361779271607575,0.7696133678120258,0.7745422647811915,0.7648128005495763,1,DT,True,phoneme
555,0.8654700222057735,0.8360475578104754,0.7693770756437956,0.7740610968262279,0.7648143907589752,1,DT,False,phoneme
556,0.8615840118430791,0.8314513387793061,0.7632270545068195,0.7686571607845849,0.7585012594458438,2,DT,True,phoneme
557,0.8613989637305699,0.8313212438316495,0.7630045884769844,0.7681780564969459,0.7585028496552426,2,DT,False,phoneme
558,0.8693560325684678,0.8399062481060595,0.7754784826287315,0.7831407058582107,0.7686006793374552,3,DT,True,phoneme
559,0.8686158401184307,0.8391983048840961,0.7743403564247892,0.7814909043447164,0.7679709564155408,3,DT,False,phoneme
560,0.863619541080681,0.8327092969612709,0.765282421162246,0.7729802860456126,0.757874716942727,4,DT,True,phoneme
561,0.863619541080681,0.8327092969612709,0.765282421162246,0.7729802860456126,0.757874716942727,4,DT,False,phoneme
562,0.8719467061435974,0.846720769457938,0.782702383867762,0.7799917172975357,0.7856334122077195,5,DT,True,phoneme
563,0.8717616580310881,0.8465889470995698,0.7824537711120261,0.7794650020494249,0.7856318219983208,5,DT,False,phoneme
564,0.90840118430792,0.8846737818174117,0.8412869442477149,0.8560088399934426,0.827231699870239,0,RF,True,phoneme
565,0.9082161361954109,0.8845428917650557,0.8410182764693195,0.8554402125424622,0.827231699870239,0,RF,False,phoneme
566,0.9050703182827535,0.8804691915391629,0.835512257698064,0.8509699431005767,0.82091538813831,1,RF,True,phoneme
567,0.9050703182827535,0.88046905433785,0.8354919269924346,0.8509065755602926,0.82091538813831,1,RF,False,phoneme
568,0.9089563286454478,0.8857998431966505,0.8424759158894582,0.8557500746199532,0.8297442307203012,2,RF,True,phoneme
569,0.9093264248704663,0.8858787214000863,0.8429237635169728,0.857306901967581,0.8291160980077856,2,RF,False,phoneme
570,0.9045151739452257,0.8782446211417643,0.8336067917496934,0.8537058376515307,0.8146340610131542,3,RF,True,phoneme
571,0.9045151739452257,0.8784285925503654,0.8337199442960105,0.8532424812030075,0.8152637839350686,3,RF,False,phoneme
572,0.9045151739452257,0.8809932227949074,0.8349261498124427,0.8466546099889256,0.8240640027478818,4,RF,True,phoneme
573,0.9043301258327165,0.8806774290279381,0.8345474953415024,0.8465964955555092,0.8234326896165687,4,RF,False,phoneme
574,0.9078460399703924,0.8828100263980981,0.8396792046234793,0.8579860369683099,0.8221939164949241,5,RF,True,phoneme
575,0.9080310880829016,0.8831256829637546,0.8400353618823916,0.8580301196724173,0.8228252296262372,5,RF,False,phoneme
576,0.976,0.976,0.9760054958579463,0.9765756025479051,0.976,0,KNN,True,mfeat_pixel
577,0.976,0.976,0.9760154499145764,0.9765948102309784,0.976,0,KNN,False,mfeat_pixel
578,0.975,0.975,0.9750189921132675,0.975655004423376,0.975,1,KNN,True,mfeat_pixel
579,0.9755,0.9754999999999999,0.9755046789172421,0.9761082703451294,0.9754999999999999,1,KNN,False,mfeat_pixel
580,0.978,0.978,0.9780635556346725,0.9788270557144302,0.978,2,KNN,True,mfeat_pixel
581,0.978,0.978,0.9780635556346725,0.9788270557144302,0.978,2,KNN,False,mfeat_pixel
582,0.9755,0.9755,0.9755018191206215,0.9761202936383391,0.9755,3,KNN,True,mfeat_pixel
583,0.9755,0.9755,0.9755018191206215,0.9761202936383391,0.9755,3,KNN,False,mfeat_pixel
584,0.9715,0.9715,0.9715263741903587,0.9721284430274005,0.9715,4,KNN,True,mfeat_pixel
585,0.9715,0.9715,0.9715122825646166,0.9720652005396297,0.9715,4,KNN,False,mfeat_pixel
586,0.974,0.9740000000000001,0.9739863287305616,0.9746036346253358,0.9740000000000001,5,KNN,True,mfeat_pixel
587,0.9735,0.9735000000000001,0.9734745292630016,0.9741385153799991,0.9735000000000001,5,KNN,False,mfeat_pixel
588,0.9735,0.9735,0.973494150188478,0.9741368485630021,0.9735,0,SVC,True,mfeat_pixel
589,0.9735,0.9735,0.973494150188478,0.9741368485630021,0.9735,0,SVC,False,mfeat_pixel
590,0.9690000000000001,0.9689999999999999,0.9690991712638511,0.9702112170170856,0.9689999999999999,1,SVC,True,mfeat_pixel
591,0.9690000000000001,0.9689999999999999,0.9690991712638511,0.9702112170170856,0.9689999999999999,1,SVC,False,mfeat_pixel
592,0.975,0.975,0.9750263560740217,0.9755862593949045,0.975,2,SVC,True,mfeat_pixel
593,0.975,0.975,0.9750263560740217,0.9755862593949045,0.975,2,SVC,False,mfeat_pixel
594,0.973,0.973,0.9730409609969818,0.9736892956911578,0.973,3,SVC,True,mfeat_pixel
595,0.973,0.973,0.9730409609969818,0.9736892956911578,0.973,3,SVC,False,mfeat_pixel
596,0.9704999999999999,0.9705,0.9705088541358387,0.9714001311619632,0.9705,4,SVC,True,mfeat_pixel
597,0.9704999999999999,0.9705,0.9705088541358387,0.9714001311619632,0.9705,4,SVC,False,mfeat_pixel
598,0.972,0.972,0.9720277177957579,0.972445467620204,0.972,5,SVC,True,mfeat_pixel
599,0.972,0.972,0.9720277177957579,0.972445467620204,0.972,5,SVC,False,mfeat_pixel
600,0.9649999999999999,0.9650000000000001,0.9650160769974365,0.9659050506034068,0.9650000000000001,0,LR,True,mfeat_pixel
601,0.9649999999999999,0.9650000000000001,0.965007836407829,0.9658214565892715,0.9650000000000001,0,LR,False,mfeat_pixel
602,0.962,0.962,0.9621024355282872,0.9630895348951335,0.962,1,LR,True,mfeat_pixel
603,0.9614999999999999,0.9614999999999999,0.9616024355282873,0.9625895348951335,0.9614999999999999,1,LR,False,mfeat_pixel
604,0.9664999999999999,0.9664999999999999,0.9666045136518333,0.9674036742630261,0.9664999999999999,2,LR,True,mfeat_pixel
605,0.9664999999999999,0.9664999999999999,0.966627837530913,0.9674945911329187,0.9664999999999999,2,LR,False,mfeat_pixel
606,0.9644999999999999,0.9644999999999999,0.9644939299610491,0.9651349122293371,0.9644999999999999,3,LR,True,mfeat_pixel
607,0.9644999999999999,0.9644999999999999,0.9644939299610491,0.9651349122293371,0.9644999999999999,3,LR,False,mfeat_pixel
608,0.9654999999999999,0.9655,0.9655280395108685,0.966414661035281,0.9655,4,LR,True,mfeat_pixel
609,0.9649999999999999,0.9650000000000001,0.9650318924771977,0.9659707738650283,0.9650000000000001,4,LR,False,mfeat_pixel
610,0.968,0.968,0.9680177911210625,0.9683806244921771,0.968,5,LR,True,mfeat_pixel
611,0.9684999999999999,0.9684999999999999,0.968533504937342,0.9688929044041419,0.9684999999999999,5,LR,False,mfeat_pixel
612,0.919,0.919,0.9191355278041831,0.9223098447792444,0.919,0,NB,True,mfeat_pixel
613,0.9185000000000001,0.9184999999999999,0.9186701090299548,0.9218608145785492,0.9184999999999999,0,NB,False,mfeat_pixel
614,0.92,0.9199999999999999,0.9205222812970777,0.9242361617140821,0.9199999999999999,1,NB,True,mfeat_pixel
615,0.92,0.9199999999999999,0.9205222812970777,0.9242361617140821,0.9199999999999999,1,NB,False,mfeat_pixel
616,0.918,0.9179999999999999,0.9181885942157261,0.9215091143866377,0.9179999999999999,2,NB,True,mfeat_pixel
617,0.918,0.9179999999999999,0.9181885942157261,0.9215091143866377,0.9179999999999999,2,NB,False,mfeat_pixel
618,0.923,0.923,0.9232398525235093,0.925748601611398,0.923,3,NB,True,mfeat_pixel
619,0.923,0.923,0.9232398525235093,0.925748601611398,0.923,3,NB,False,mfeat_pixel
620,0.9195000000000001,0.9195,0.9197291124281107,0.9232598223855621,0.9195,4,NB,True,mfeat_pixel
621,0.9195000000000001,0.9195,0.9197291124281107,0.9232598223855621,0.9195,4,NB,False,mfeat_pixel
622,0.926,0.9259999999999999,0.9265792065665004,0.9297129120545136,0.9259999999999999,5,NB,True,mfeat_pixel
623,0.926,0.9259999999999999,0.9265792065665004,0.9297129120545136,0.9259999999999999,5,NB,False,mfeat_pixel
624,0.872,0.8720000000000001,0.8721899218763274,0.8752944967407965,0.8720000000000001,0,DT,True,mfeat_pixel
625,0.8724999999999999,0.8724999999999999,0.8726190930245612,0.8756663205986215,0.8724999999999999,0,DT,False,mfeat_pixel
626,0.866,0.8660000000000001,0.8661853911057477,0.8717592090844489,0.8660000000000001,1,DT,True,mfeat_pixel
627,0.867,0.867,0.8672671657599098,0.872878627486959,0.867,1,DT,False,mfeat_pixel
628,0.862,0.8620000000000001,0.8619589809966037,0.8653436907504308,0.8620000000000001,2,DT,True,mfeat_pixel
629,0.861,0.8610000000000001,0.8608716340364724,0.864427840665412,0.8610000000000001,2,DT,False,mfeat_pixel
630,0.861,0.861,0.8611969544871081,0.864557950415671,0.861,3,DT,True,mfeat_pixel
631,0.862,0.862,0.8621353076968397,0.8655393575109656,0.862,3,DT,False,mfeat_pixel
632,0.871,0.871,0.8708126068445781,0.8747805818105467,0.871,4,DT,True,mfeat_pixel
633,0.8694999999999999,0.8694999999999999,0.8693256316654915,0.873500206512998,0.8694999999999999,4,DT,False,mfeat_pixel
634,0.8685,0.8684999999999998,0.8683573583414627,0.8699335024185376,0.8684999999999998,5,DT,True,mfeat_pixel
635,0.871,0.8709999999999999,0.8708321905495542,0.8722620324383148,0.8709999999999999,5,DT,False,mfeat_pixel
636,0.9755,0.9755,0.9755539761096458,0.9762273989058613,0.9755,0,RF,True,mfeat_pixel
637,0.9755,0.9755,0.9755447077070775,0.9761625012486851,0.9755,0,RF,False,mfeat_pixel
638,0.976,0.9759999999999999,0.9759997299062645,0.9765298856995062,0.9759999999999999,1,RF,True,mfeat_pixel
639,0.9755,0.9754999999999998,0.9755085223821982,0.9760693232499731,0.9754999999999998,1,RF,False,mfeat_pixel
640,0.9770000000000001,0.9770000000000001,0.9770461053483906,0.9776168673535183,0.9770000000000001,2,RF,True,mfeat_pixel
641,0.9770000000000001,0.9770000000000001,0.9770654130414648,0.9776941905905053,0.9770000000000001,2,RF,False,mfeat_pixel
642,0.9735,0.9735,0.9735233904532661,0.9741762424740168,0.9735,3,RF,True,mfeat_pixel
643,0.975,0.975,0.9750003724706799,0.9755286207338194,0.975,3,RF,False,mfeat_pixel
644,0.9744999999999999,0.9744999999999999,0.9744961470056501,0.9751835312204726,0.9744999999999999,4,RF,True,mfeat_pixel
645,0.974,0.974,0.9739964442142426,0.9746646544389908,0.974,4,RF,False,mfeat_pixel
646,0.9735,0.9735,0.9735312893409309,0.9742771593192714,0.9735,5,RF,True,mfeat_pixel
647,0.9724999999999999,0.9725000000000001,0.9725172024069149,0.9731886112055221,0.9725000000000001,5,RF,False,mfeat_pixel
648,0.889811320754717,0.8872796593384829,0.8753150619797201,0.8882272822640064,0.8627946127946127,0,KNN,True,banana
649,0.889622641509434,0.8870692216280451,0.8750725921178802,0.8881763552401513,0.8623737373737372,0,KNN,False,banana
650,0.891132075471698,0.8886344060762665,0.8767405814081213,0.8898424205611436,0.8644781144781144,1,KNN,True,banana
651,0.891132075471698,0.8886344060762665,0.8767405814081213,0.8898424205611436,0.8644781144781144,1,KNN,False,banana
652,0.8866037735849057,0.8843726825942968,0.8721532676544312,0.8817611684567602,0.8627946127946128,2,KNN,True,banana
653,0.8869811320754717,0.8847935580151723,0.8726330074913021,0.8818750198396075,0.8636363636363636,2,KNN,False,banana
654,0.889811320754717,0.8877923673580309,0.875986209703581,0.8841026047248898,0.8682659932659933,3,KNN,True,banana
655,0.889811320754717,0.8877923673580309,0.875986209703581,0.8841026047248898,0.8682659932659933,3,KNN,False,banana
656,0.8856603773584906,0.8833993721989618,0.8710030763072663,0.8810399321633091,0.8615319865319866,4,KNN,True,banana
657,0.8856603773584906,0.8833993721989618,0.8710030763072663,0.8810399321633091,0.8615319865319866,4,KNN,False,banana
658,0.8913207547169812,0.8895153081199593,0.8779947427399544,0.884111043814509,0.872053872053872,5,KNN,True,banana
659,0.8911320754716981,0.8893443094879483,0.8778096080508802,0.8837360241913892,0.872053872053872,5,KNN,False,banana
660,0.5516981132075471,0.5,0.0,0.0,0.0,0,SVC,True,banana
661,0.5516981132075471,0.5,0.0,0.0,0.0,0,SVC,False,banana
662,0.5516981132075471,0.5,0.0,0.0,0.0,1,SVC,True,banana
663,0.5516981132075471,0.5,0.0,0.0,0.0,1,SVC,False,banana
664,0.5516981132075471,0.5,0.0,0.0,0.0,2,SVC,True,banana
665,0.5516981132075471,0.5,0.0,0.0,0.0,2,SVC,False,banana
666,0.5516981132075471,0.5,0.0,0.0,0.0,3,SVC,True,banana
667,0.5516981132075471,0.5,0.0,0.0,0.0,3,SVC,False,banana
668,0.5516981132075471,0.5,0.0,0.0,0.0,4,SVC,True,banana
669,0.5516981132075471,0.5,0.0,0.0,0.0,4,SVC,False,banana
670,0.5516981132075471,0.5,0.0,0.0,0.0,5,SVC,True,banana
671,0.5516981132075471,0.5,0.0,0.0,0.0,5,SVC,False,banana
672,0.5588679245283019,0.518290232466019,0.2030063574934559,0.5539475534308211,0.12584175084175087,0,LR,True,banana
673,0.5590566037735849,0.5185006701764567,0.20366818635430162,0.554783673832159,0.12626262626262627,0,LR,False,banana
674,0.5569811320754717,0.5165802461459097,0.20163961156215615,0.5758806700767953,0.12584175084175084,1,LR,True,banana
675,0.5567924528301886,0.5164092475138987,0.20156985121800514,0.5754479257565646,0.12584175084175084,1,LR,False,banana
676,0.5533962264150943,0.5131340767455679,0.19860247282191978,0.5216625498477668,0.12373737373737374,2,LR,True,banana
677,0.5532075471698114,0.5129630781135569,0.19854183307256407,0.5210847378292769,0.12373737373737374,2,LR,False,banana
678,0.558490566037736,0.5184609432215451,0.20836733709860134,0.5311320682923117,0.13131313131313133,3,LR,True,banana
679,0.558490566037736,0.5184609432215451,0.20836733709860134,0.5311320682923117,0.13131313131313133,3,LR,False,banana
680,0.5537735849056604,0.5135549521664433,0.19923732643137307,0.5424387131872141,0.12457912457912457,4,LR,True,banana
681,0.5537735849056604,0.5135549521664433,0.19923732643137307,0.5424387131872141,0.12457912457912457,4,LR,False,banana
682,0.5573584905660377,0.5166461698609441,0.19678252146025427,0.585787335065361,0.12289562289562289,5,LR,True,banana
683,0.5573584905660377,0.5166461698609441,0.19678252146025427,0.585787335065361,0.12289562289562289,5,LR,False,banana
684,0.6126415094339623,0.5844569152537689,0.4191934529882775,0.6403544522804121,0.31186868686868685,0,NB,True,banana
685,0.6126415094339623,0.5844569152537689,0.4191934529882775,0.6403544522804121,0.31186868686868685,0,NB,False,banana
686,0.6113207547169811,0.5836543156139599,0.421648095852993,0.6332566230845491,0.31607744107744107,1,NB,True,banana
687,0.6113207547169811,0.5836543156139599,0.421648095852993,0.6332566230845491,0.31607744107744107,1,NB,False,banana
688,0.6122641509433963,0.5842332352250272,0.419981602944488,0.6379751868485182,0.31313131313131315,2,NB,True,banana
689,0.6122641509433963,0.5842332352250272,0.419981602944488,0.6379751868485182,0.31313131313131315,2,NB,False,banana
690,0.6115094339622641,0.5838253142459708,0.4217500761627727,0.6347029770453523,0.31607744107744107,3,NB,True,banana
691,0.6115094339622641,0.5838253142459708,0.4217500761627727,0.6347029770453523,0.31607744107744107,3,NB,False,banana
692,0.6128301886792453,0.5850223046700475,0.42260989315258174,0.63792110737798,0.31607744107744107,4,NB,True,banana
693,0.6128301886792453,0.5850223046700475,0.42260989315258174,0.63792110737798,0.31607744107744107,4,NB,False,banana
694,0.6133962264150943,0.5856536178013607,0.42378866532182247,0.6388233990886178,0.31734006734006737,5,NB,True,banana
695,0.6133962264150943,0.5856536178013607,0.42378866532182247,0.6388233990886178,0.31734006734006737,5,NB,False,banana
696,0.8641509433962264,0.8627617948753379,0.8486000274909377,0.8480185117822073,0.8493265993265993,0,DT,True,banana
697,0.8643396226415094,0.862932793507349,0.8487768521102594,0.8483388327645494,0.8493265993265993,0,DT,False,banana
698,0.8679245283018868,0.866497280142971,0.8526790532093377,0.8531832768128981,0.8526936026936027,1,DT,True,banana
699,0.8679245283018868,0.8664578410645443,0.8526291355938217,0.8535155783269301,0.8522727272727273,1,DT,False,banana
700,0.8728301886792452,0.8709826836536823,0.8573964624023968,0.8619007811531767,0.8531144781144782,2,DT,True,banana
701,0.8724528301886793,0.8706801254680872,0.8570992881795109,0.8608619927894408,0.8535353535353536,2,DT,False,banana
702,0.8716981132075472,0.8708637906654323,0.857716123926559,0.8531288599703961,0.8627946127946128,3,DT,True,banana
703,0.8724528301886791,0.8714689070366224,0.8583051964937031,0.8550979052979442,0.8619528619528619,3,DT,False,banana
704,0.8705660377358491,0.8695617253243793,0.8562221527963716,0.8529653001480775,0.8598484848484848,4,DT,True,banana
705,0.8683018867924529,0.8673519854265408,0.8538038401781873,0.8498210526129237,0.8581649831649831,4,DT,False,banana
706,0.8724528301886793,0.8717449805856099,0.8587592872803345,0.8527303199812588,0.8648989898989898,5,DT,True,banana
707,0.8720754716981133,0.8715607396352951,0.8586421650013331,0.8508887315731893,0.8665824915824916,5,DT,False,banana
708,0.8883018867924528,0.8859511093608221,0.8738789075706604,0.8848207154934482,0.8632154882154882,0,RF,True,banana
709,0.8888679245283018,0.8865429834137084,0.8745418046800649,0.8853122448951182,0.8640572390572391,0,RF,False,banana
710,0.8947169811320755,0.8919228191629012,0.8803018735617234,0.8966855851359229,0.86489898989899,1,RF,True,banana
711,0.8954716981132076,0.892606813690945,0.8810626341823683,0.8982540770122109,0.86489898989899,1,RF,False,banana
712,0.8911320754716981,0.8888710405468271,0.8771867487453502,0.8877525958816008,0.867003367003367,2,RF,True,banana
713,0.8922641509433962,0.8900547886525999,0.8785138793148444,0.8887168002538133,0.8686868686868686,2,RF,False,banana
714,0.8954716981132076,0.8933955952594803,0.8822121948627973,0.891804720094628,0.8733164983164983,3,RF,True,banana
715,0.8954716981132076,0.8933955952594803,0.8822142498829336,0.8918075795442745,0.8733164983164984,3,RF,False,banana
716,0.8937735849056604,0.891501655865541,0.8800339454844758,0.8910688401366751,0.8695286195286195,4,RF,True,banana
717,0.8930188679245283,0.8906599050237902,0.879089786756097,0.8908910770390718,0.8678451178451178,4,RF,False,banana
718,0.8950943396226415,0.8929747198386049,0.8817537101020266,0.891290313725416,0.8724747474747474,5,RF,True,banana
719,0.8945283018867924,0.8923828457857186,0.881088207135461,0.8907932271197142,0.8716329966329965,5,RF,False,banana
720,0.9650000000000001,0.965,0.9648118402298911,0.96591838268658,0.965,0,KNN,True,mfeat_factors
721,0.9650000000000001,0.965,0.9648118402298911,0.96591838268658,0.965,0,KNN,False,mfeat_factors
722,0.964,0.9640000000000002,0.9638636934213816,0.9647416710049107,0.9640000000000002,1,KNN,True,mfeat_factors
723,0.9650000000000001,0.9650000000000001,0.9648786193592174,0.9657696016125056,0.9650000000000001,1,KNN,False,mfeat_factors
724,0.9675,0.9674999999999999,0.9674582588676802,0.9680400740798092,0.9674999999999999,2,KNN,True,mfeat_factors
725,0.968,0.968,0.9679535614591639,0.9685106623151032,0.968,2,KNN,False,mfeat_factors
726,0.9685,0.9685,0.9684939204014118,0.9695803710360635,0.9685,3,KNN,True,mfeat_factors
727,0.9685,0.9685,0.9684861753441454,0.9695012464569388,0.9685,3,KNN,False,mfeat_factors
728,0.9650000000000001,0.9650000000000001,0.964894811725331,0.9657134025395719,0.9650000000000001,4,KNN,True,mfeat_factors
729,0.9650000000000001,0.9650000000000001,0.964894811725331,0.9657134025395719,0.9650000000000001,4,KNN,False,mfeat_factors
730,0.9650000000000001,0.9650000000000001,0.9649636782951527,0.9658128139043574,0.9650000000000001,5,KNN,True,mfeat_factors
731,0.9645,0.9644999999999999,0.964466903528133,0.9653837844833646,0.9644999999999999,5,KNN,False,mfeat_factors
732,0.981,0.9810000000000001,0.980972634462738,0.9814033065249967,0.9810000000000001,0,SVC,True,mfeat_factors
733,0.981,0.9810000000000001,0.980972634462738,0.9814033065249967,0.9810000000000001,0,SVC,False,mfeat_factors
734,0.9775,0.9775,0.9774114505628392,0.9779892650628035,0.9775,1,SVC,True,mfeat_factors
735,0.978,0.978,0.9779165010678897,0.9784994691444362,0.978,1,SVC,False,mfeat_factors
736,0.978,0.978,0.9780268567751027,0.9785630747995672,0.978,2,SVC,True,mfeat_factors
737,0.9775,0.9775,0.9775271069201653,0.9780340170226102,0.9775,2,SVC,False,mfeat_factors
738,0.9775,0.9775,0.9774439309475651,0.9779004443839729,0.9775,3,SVC,True,mfeat_factors
739,0.9775,0.9775,0.9774439309475651,0.9779004443839729,0.9775,3,SVC,False,mfeat_factors
740,0.9729999999999999,0.973,0.9729914479751307,0.9734079362672058,0.973,4,SVC,True,mfeat_factors
741,0.9729999999999999,0.973,0.9729914479751307,0.9734079362672058,0.973,4,SVC,False,mfeat_factors
742,0.975,0.975,0.9750010925868192,0.9756118484026582,0.975,5,SVC,True,mfeat_factors
743,0.975,0.975,0.9750010925868192,0.9756118484026582,0.975,5,SVC,False,mfeat_factors
744,0.9775,0.9775,0.9775119455000327,0.9780298175874125,0.9775,0,LR,True,mfeat_factors
745,0.978,0.978,0.978002288651995,0.9784917331228573,0.978,0,LR,False,mfeat_factors
746,0.9755,0.9754999999999998,0.9755218396278562,0.9762783506729313,0.9754999999999998,1,LR,True,mfeat_factors
747,0.9749999999999999,0.9749999999999999,0.9750267901229057,0.9757881545945,0.9749999999999999,1,LR,False,mfeat_factors
748,0.977,0.977,0.9770348236991964,0.9776124764953439,0.977,2,LR,True,mfeat_factors
749,0.9765,0.9765,0.9765386081717742,0.977165089731414,0.9765,2,LR,False,mfeat_factors
750,0.9734999999999999,0.9735,0.9734786735130714,0.9740533469012127,0.9735,3,LR,True,mfeat_factors
751,0.9734999999999999,0.9735,0.9734786735130714,0.9740533469012127,0.9735,3,LR,False,mfeat_factors
752,0.974,0.9740000000000002,0.9739840255691452,0.9743640436944008,0.9740000000000002,4,LR,True,mfeat_factors
753,0.974,0.9740000000000002,0.9739840255691452,0.9743640436944008,0.9740000000000002,4,LR,False,mfeat_factors
754,0.978,0.978,0.9780469747291272,0.9785407073488965,0.978,5,LR,True,mfeat_factors
755,0.978,0.978,0.9780469747291272,0.9785407073488965,0.978,5,LR,False,mfeat_factors
756,0.926,0.9259999999999999,0.925855510068077,0.9283420168273463,0.9259999999999999,0,NB,True,mfeat_factors
757,0.926,0.9259999999999999,0.925855510068077,0.9283420168273463,0.9259999999999999,0,NB,False,mfeat_factors
758,0.9235,0.9235,0.9236724641421301,0.926340012921026,0.9235,1,NB,True,mfeat_factors
759,0.9235,0.9235,0.9236724641421301,0.926340012921026,0.9235,1,NB,False,mfeat_factors
760,0.9195,0.9194999999999999,0.9195791948745801,0.9223670732525912,0.9194999999999999,2,NB,True,mfeat_factors
761,0.9195,0.9194999999999999,0.9195791948745801,0.9223670732525912,0.9194999999999999,2,NB,False,mfeat_factors
762,0.925,0.925,0.9249283216923571,0.9271417532270283,0.925,3,NB,True,mfeat_factors
763,0.925,0.925,0.9249283216923571,0.9271417532270283,0.925,3,NB,False,mfeat_factors
764,0.9275000000000001,0.9275,0.927524546669078,0.930360042767753,0.9275,4,NB,True,mfeat_factors
765,0.9275000000000001,0.9275,0.927524546669078,0.930360042767753,0.9275,4,NB,False,mfeat_factors
766,0.9219999999999999,0.922,0.9220960539981934,0.9249052741464046,0.922,5,NB,True,mfeat_factors
767,0.9219999999999999,0.922,0.9220960539981934,0.9249052741464046,0.922,5,NB,False,mfeat_factors
768,0.888,0.8879999999999999,0.8878556537173465,0.8904659218031523,0.8879999999999999,0,DT,True,mfeat_factors
769,0.8875000000000001,0.8875,0.8872887505880049,0.8898527838837321,0.8875,0,DT,False,mfeat_factors
770,0.884,0.884,0.8834388680926918,0.885686953625924,0.884,1,DT,True,mfeat_factors
771,0.885,0.8849999999999999,0.8843700125717273,0.8861772805732939,0.8849999999999999,1,DT,False,mfeat_factors
772,0.876,0.8759999999999999,0.8759210064598205,0.8780611679005298,0.8759999999999999,2,DT,True,mfeat_factors
773,0.8765,0.8765000000000001,0.876386437118182,0.8783781139250548,0.8765000000000001,2,DT,False,mfeat_factors
774,0.885,0.885,0.8851566915559638,0.8888604523432599,0.885,3,DT,True,mfeat_factors
775,0.8845000000000001,0.8845000000000001,0.8846456316681982,0.8883991860607687,0.8845000000000001,3,DT,False,mfeat_factors
776,0.8875,0.8875,0.8870992269059479,0.8888669020925457,0.8875,4,DT,True,mfeat_factors
777,0.886,0.8860000000000001,0.8855920018278771,0.8874018891391231,0.8860000000000001,4,DT,False,mfeat_factors
778,0.883,0.883,0.8829875078997688,0.8862475141037895,0.883,5,DT,True,mfeat_factors
779,0.883,0.883,0.8829199729361937,0.886107698776594,0.883,5,DT,False,mfeat_factors
780,0.9684999999999999,0.9684999999999999,0.9685178939890546,0.9697150727305262,0.9684999999999999,0,RF,True,mfeat_factors
781,0.9690000000000001,0.969,0.9690231945191075,0.9702162732107182,0.969,0,RF,False,mfeat_factors
782,0.9650000000000001,0.9649999999999999,0.9651006857768745,0.9659607620983931,0.9649999999999999,1,RF,True,mfeat_factors
783,0.966,0.966,0.9661095470633647,0.9669917330920741,0.966,1,RF,False,mfeat_factors
784,0.968,0.968,0.9680923676057337,0.9688285037413683,0.968,2,RF,True,mfeat_factors
785,0.9694999999999999,0.9694999999999999,0.9695792813723711,0.9702305023807619,0.9694999999999999,2,RF,False,mfeat_factors
786,0.9635,0.9634999999999999,0.9634104326854793,0.9640904750668207,0.9634999999999999,3,RF,True,mfeat_factors
787,0.9635,0.9635,0.9633646204404298,0.9641673158701526,0.9635,3,RF,False,mfeat_factors
788,0.9675,0.9675,0.9675189808205698,0.9682651886801138,0.9675,4,RF,True,mfeat_factors
789,0.9675,0.9675,0.9675108591195802,0.9681693616831938,0.9675,4,RF,False,mfeat_factors
790,0.969,0.969,0.9690247557962092,0.9697247268828135,0.969,5,RF,True,mfeat_factors
791,0.9675,0.9675,0.9675424563827755,0.9682653123477687,0.9675,5,RF,False,mfeat_factors
792,0.9089351414648889,0.9018133285845574,0.88239351092764,0.8972572375623606,0.8681890674991004,0,KNN,True,spambase
793,0.9087171835454992,0.9015361748079725,0.88213635836508,0.8972419551775457,0.8676347599459306,0,KNN,False,spambase
794,0.90458655989121,0.8967769478000335,0.8765770234927804,0.8942464494002292,0.8599097062169968,1,KNN,True,spambase
795,0.9035001699845125,0.895303089863134,0.8748884664364629,0.8946509844003092,0.8566033102858088,1,KNN,False,spambase
796,0.9095873153779321,0.9020554762534905,0.8831129595507112,0.9005877901345627,0.8665212824926335,2,KNN,True,spambase
797,0.9095876931212934,0.9019600936790787,0.8830416535320813,0.9010242586077977,0.8659718372864214,2,KNN,False,spambase
798,0.9058888301288104,0.8990960004064001,0.8788348498106682,0.8911761341188884,0.8670585718314516,3,KNN,True,spambase
799,0.9061052770747555,0.8989849381582716,0.8788704471198923,0.8929368018120305,0.8654017271056393,3,KNN,False,spambase
800,0.9067606618063687,0.8988564958102125,0.8792891892652527,0.897868212045334,0.8615580418356333,4,KNN,True,spambase
801,0.9078476183281079,0.8997525881603149,0.8805394878514312,0.9004836808603021,0.8615568262488937,4,KNN,False,spambase
802,0.9052357118573642,0.897981430320259,0.8777430442083374,0.8922057108152661,0.8637533914870029,5,KNN,True,spambase
803,0.9065398708117705,0.8990574704924255,0.8792421784372507,0.8953049740751373,0.8637533914870029,5,KNN,False,spambase
804,0.9298005515053073,0.923655742793817,0.9094231544678634,0.9247419182341989,0.8946572531629567,0,SVC,True,spambase
805,0.9295829713292789,0.9233798046039715,0.9091055314055684,0.9246880570409981,0.8941053767832658,0,SVC,False,spambase
806,0.9265376043516036,0.9207700148676199,0.9056376064002944,0.9186459254348769,0.8935486380566172,1,SVC,True,spambase
807,0.9269721980886185,0.9213212834539412,0.906248360697544,0.9187315477831135,0.8946511752292597,1,SVC,False,spambase
808,0.9295801382540702,0.9242358166001976,0.9095786853163592,0.9209359705762737,0.8990455212922173,2,SVC,True,spambase
809,0.9295801382540702,0.9242358166001976,0.9095786853163592,0.9209359705762737,0.8990455212922173,2,SVC,False,spambase
810,0.9282746571978998,0.9221962259899994,0.9073597941375389,0.9219841714982285,0.8935316198422655,3,SVC,True,spambase
811,0.9282746571978998,0.922003637461067,0.9072590897028656,0.9229272036713064,0.892429082669623,3,SVC,False,spambase
812,0.9280583991236354,0.9214433749280956,0.9069777645304832,0.9247074472898921,0.8902325174315138,4,SVC,True,spambase
813,0.9284933706040117,0.9218986531466354,0.9075304851436761,0.9252814367176356,0.8907843938112048,4,SVC,False,spambase
814,0.9276249386167038,0.9214741264821595,0.9067188533297232,0.9214632150188078,0.8924461008839747,5,SVC,True,spambase
815,0.9276249386167038,0.9215707246433106,0.906777032565407,0.921000436667374,0.8929979772636657,5,SVC,False,spambase
816,0.9258876968987271,0.9188844828723793,0.9039179051357823,0.9229273518822698,0.8858320934348591,0,LR,True,spambase
817,0.9254532920333924,0.9183338220794277,0.9032900135456413,0.9228219906595232,0.8847307718489561,0,LR,False,spambase
818,0.9228430854077739,0.9155985060079703,0.9000983106765023,0.919980350059554,0.8814122200503739,1,LR,True,spambase
819,0.9237126506251652,0.9164130720772687,0.9011588589544882,0.921593184355239,0.8819653120168042,1,LR,False,spambase
820,0.9274060363389114,0.9213816599207009,0.9064772934612164,0.9208508272393361,0.8929785278758351,2,LR,True,spambase
821,0.9276230498998979,0.921656382523807,0.9067585974660134,0.9209178257220556,0.8935279730820472,2,LR,False,spambase
822,0.9228400634608847,0.9150110157272577,0.899476078168425,0.9222514555633503,0.8780851591446158,3,LR,True,spambase
823,0.9228398745892041,0.9150110157272577,0.8994794081795696,0.9222214072857784,0.8780851591446158,3,LR,False,spambase
824,0.9241459222604163,0.9163823205232048,0.9013789144382163,0.9245850609267044,0.8797517285643435,4,LR,True,spambase
825,0.9243631246930835,0.9166582587130502,0.9017010284919269,0.9246638710066539,0.8803036049440345,4,LR,False,spambase
826,0.921755562270993,0.9144120113810451,0.8986504730925936,0.9184200763218295,0.8797565909113011,5,LR,True,spambase
827,0.9219729535753409,0.914495361041958,0.8988427805706553,0.9194260584816023,0.8792059301183496,5,LR,False,spambase
828,0.8154752011483398,0.8390628915558362,0.8023282063847438,0.694251656045593,0.9503639466697786,0,NB,True,spambase
829,0.8154752011483398,0.8390628915558362,0.8023282063847438,0.694251656045593,0.9503639466697786,0,NB,False,spambase
830,0.8119978846371775,0.836578020361221,0.79969852352438,0.6891687286384197,0.9525678054283242,1,NB,True,spambase
831,0.8119978846371775,0.836578020361221,0.79969852352438,0.6891687286384197,0.9525678054283242,1,NB,False,spambase
832,0.8174317228874703,0.8413488843885555,0.8047433256042646,0.6958500250848805,0.9542185722204394,2,NB,True,spambase
833,0.8174317228874703,0.8413488843885555,0.8047433256042646,0.6958500250848805,0.9542185722204394,2,NB,False,spambase
834,0.8178642390359989,0.841417769962491,0.8047600781141024,0.6966798499001032,0.9525629430813666,3,NB,True,spambase
835,0.8178642390359989,0.841417769962491,0.8047600781141024,0.6966798499001032,0.9525629430813666,3,NB,False,spambase
836,0.8176494919351792,0.8417238519130308,0.805038562444266,0.6956900007972536,0.9553271873267789,4,NB,True,spambase
837,0.8176494919351792,0.8417238519130308,0.805038562444266,0.6956900007972536,0.9553271873267789,4,NB,False,spambase
838,0.8159109281154383,0.839903346832241,0.8031792328025045,0.6940723018567707,0.9531208973947545,5,NB,True,spambase
839,0.8159109281154383,0.839903346832241,0.8031792328025045,0.6940723018567707,0.9531208973947545,5,NB,False,spambase
840,0.9117597174479659,0.908190931445275,0.8883933367480251,0.8861537937009265,0.891345994884811,0,DT,True,spambase
841,0.9121941223133003,0.9085496115026638,0.8888773023316187,0.8870768440908681,0.891345994884811,0,DT,False,spambase
842,0.9080627431722887,0.9050479839697978,0.8842010110403545,0.8780353957740132,0.8907989808520776,1,DT,True,spambase
843,0.908279945604956,0.9052267162051226,0.8844479341491196,0.8784936645243405,0.8907977652653383,1,DT,False,spambase
844,0.9102360896007253,0.9080837888975724,0.8874392821272789,0.8774171056069566,0.8979466308797931,2,DT,True,spambase
845,0.9102360896007252,0.9079871907364212,0.887372678895066,0.877802326064932,0.8973947545001021,2,DT,False,spambase
846,0.9117600951913271,0.9089594621808955,0.8889608677413555,0.8825225894929984,0.8957524968151627,3,DT,True,spambase
847,0.9111082990216447,0.9083248439336613,0.8881841395899367,0.8815619166043478,0.8952006204354717,3,DT,False,spambase
848,0.9163215351490197,0.911957679841227,0.8935210355994961,0.896048396262947,0.8913472104715504,4,DT,True,spambase
849,0.9163215351490197,0.9119576798412272,0.8935199756644921,0.896033899195593,0.8913472104715504,4,DT,False,spambase
850,0.910236656215767,0.9086706713849151,0.8878302607644459,0.874865457475249,0.9012724761988116,5,DT,True,spambase
851,0.9100192649114192,0.908490723562851,0.8875773425168427,0.8743440879258311,0.9012712606120722,5,DT,False,spambase
852,0.9517508404789785,0.9466864750101108,0.9377289846632595,0.953359271374229,0.922784714726104,0,RF,True,spambase
853,0.9517506516072979,0.9467824653778922,0.9377663099535571,0.9528597250035103,0.9233353755190555,0,RF,False,spambase
854,0.9502291013485438,0.9444699755446969,0.9355581597790854,0.9547685797840019,0.9172756756231097,1,RF,True,spambase
855,0.9504464926528916,0.9447459137345424,0.9358569460539989,0.9547983478519249,0.9178275520028008,1,RF,False,spambase
856,0.9521833566275073,0.9471356752949536,0.938369192404722,0.954036675242606,0.9233244352384009,2,RF,True,spambase
857,0.9519659653231595,0.9468597371051082,0.9380719744671071,0.954021836846232,0.9227725588587099,2,RF,False,spambase
858,0.953052732973218,0.948337241802226,0.9395742548803871,0.9535643100466975,0.9260862483103344,3,RF,True,spambase
859,0.9530525441015374,0.948337241802226,0.9395718437598359,0.9535580271201,0.9260862483103344,3,RF,False,spambase
860,0.9530536773316208,0.9479538881244702,0.9394218690673952,0.9555697408757989,0.9238848207252677,4,RF,True,spambase
861,0.9532708797642881,0.948229218520946,0.9397194768556398,0.9555933589557015,0.9244354815182192,4,RF,False,spambase
862,0.9563130359233937,0.9522831183276059,0.943937471546469,0.9549011818299573,0.9332606412463168,5,RF,True,spambase
863,0.9563130359233937,0.9522831183276059,0.943937471546469,0.9549011818299573,0.9332606412463168,5,RF,False,spambase
864,0.5115511551155115,0.5115077117462531,0.5342675705601583,0.5101265760381696,0.5609424015336354,0,KNN,True,Hill_Valley_with_noise
865,0.5115511551155115,0.5115022655977692,0.5342763804129544,0.5101803713964674,0.5609424015336354,0,KNN,False,Hill_Valley_with_noise
866,0.5132013201320133,0.5132178023701638,0.5324866420969332,0.5122759677430062,0.5544505925409551,1,KNN,True,Hill_Valley_with_noise
867,0.5132013201320133,0.5132178023701638,0.5324866420969332,0.5122759677430062,0.5544505925409551,1,KNN,False,Hill_Valley_with_noise
868,0.5156765676567656,0.5156685691878703,0.5332919906990639,0.5141966354485095,0.5544179156500523,2,KNN,True,Hill_Valley_with_noise
869,0.5165016501650164,0.5164963837574068,0.5330437807801365,0.5150637471915395,0.552773178807947,2,KNN,False,Hill_Valley_with_noise
870,0.5107260726072607,0.5107016817706518,0.5169071809728563,0.5097789210790591,0.5246601603346114,3,KNN,True,Hill_Valley_with_noise
871,0.509075907590759,0.5090514987800627,0.5145472603466653,0.508266117226456,0.5213597943534333,3,KNN,False,Hill_Valley_with_noise
872,0.4975247524752475,0.4975383408853259,0.5161695095807652,0.4985700623645306,0.5363584872777971,4,KNN,True,Hill_Valley_with_noise
873,0.4975247524752475,0.4975383408853259,0.5161695095807652,0.4985700623645306,0.5363584872777971,4,KNN,False,Hill_Valley_with_noise
874,0.5115511551155116,0.5115512809341234,0.5375393579381309,0.5106727946220816,0.567662948762635,5,KNN,True,Hill_Valley_with_noise
875,0.5090759075907592,0.5090623910770303,0.5348188073513181,0.5084104029713667,0.5643625827814569,5,KNN,False,Hill_Valley_with_noise
876,0.6196369636963697,0.6197117898222377,0.3922896789902604,0.9376368087557605,0.2542697804112931,0,SVC,True,Hill_Valley_with_noise
877,0.6188118811881188,0.6188839752527013,0.3906269969646138,0.9375128008192524,0.2526141512722203,0,SVC,False,Hill_Valley_with_noise
878,0.6039603960396039,0.6039288515162078,0.3561236023816209,0.9364766617790812,0.2210700592540955,1,SVC,True,Hill_Valley_with_noise
879,0.6064356435643564,0.6063905106308818,0.36146729427041063,0.9362399193548387,0.2259933774834437,1,SVC,False,Hill_Valley_with_noise
880,0.6064356435643564,0.6064667567096549,0.359129149538839,0.9523238380809594,0.2228237190658766,2,SVC,True,Hill_Valley_with_noise
881,0.6023102310231023,0.6023276838619729,0.3480024568036687,0.9492990247300591,0.2145455733705124,2,SVC,False,Hill_Valley_with_noise
882,0.5981848184818481,0.5981940571627745,0.3456882036069399,0.9277372531682876,0.21286815963750433,3,SVC,True,Hill_Valley_with_noise
883,0.6014851485148515,0.6014944231439525,0.35077617373929043,0.9419642857142858,0.21616852561868244,3,SVC,False,Hill_Valley_with_noise
884,0.6031353135313531,0.6031064830951551,0.3574552238665611,0.9403273809523809,0.22109184384803066,4,SVC,True,Hill_Valley_with_noise
885,0.6014851485148515,0.6014508539560823,0.3528360770501496,0.9392857142857143,0.217780585569885,4,SVC,False,Hill_Valley_with_noise
886,0.6047854785478548,0.6048274660160335,0.35898292384329616,0.9352548036758563,0.2228781805507145,5,SVC,True,Hill_Valley_with_noise
887,0.6056105610561056,0.6056552805855699,0.35933984501027316,0.9428606237816763,0.2228781805507145,5,SVC,False,Hill_Valley_with_noise
888,0.7178217821782178,0.7179112931334961,0.6112725586471219,0.9560091778646942,0.45560299756012546,0,LR,True,Hill_Valley_with_noise
889,0.7178217821782178,0.7179112931334961,0.6112725586471219,0.9560091778646942,0.45560299756012546,0,LR,False,Hill_Valley_with_noise
890,0.6988448844884488,0.6987517427675148,0.5765547612442365,0.9471277037052366,0.41896131056117114,1,LR,True,Hill_Valley_with_noise
891,0.6996699669966997,0.6995741111885675,0.5778664446570139,0.9471589146915037,0.4206060474032764,1,LR,False,Hill_Valley_with_noise
892,0.712046204620462,0.7120566835134193,0.6057202764335443,0.9557703021563873,0.44390467061693967,2,LR,True,Hill_Valley_with_noise
893,0.7128712871287128,0.7128844980829558,0.6063861539120883,0.9594416308277159,0.44390467061693967,2,LR,False,Hill_Valley_with_noise
894,0.7013201320132013,0.7012733095155107,0.5841445393678634,0.9584715959045917,0.42069318577901704,3,LR,True,Hill_Valley_with_noise
895,0.7021452145214521,0.7021011240850471,0.585816520942848,0.9584715959045917,0.42234881491808995,3,LR,False,Hill_Valley_with_noise
896,0.7029702970297029,0.7029507232485186,0.583799911212697,0.9576237969352606,0.4240697978389683,4,LR,True,Hill_Valley_with_noise
897,0.7021452145214521,0.7021229086789822,0.5820115425765023,0.9573888345292454,0.4224141686998954,4,LR,False,Hill_Valley_with_noise
898,0.7029702970297029,0.7030215231788078,0.5864655843209168,0.9572653090258725,0.4242005054025793,5,LR,True,Hill_Valley_with_noise
899,0.7029702970297029,0.7030215231788078,0.5864655843209168,0.9572653090258725,0.4242005054025793,5,LR,False,Hill_Valley_with_noise
900,0.4900990099009901,0.49077422446845587,0.3262559212166542,0.5077058531372756,0.32403494248867204,0,NB,True,Hill_Valley_with_noise
901,0.4900990099009901,0.49077422446845587,0.3262559212166542,0.5077058531372756,0.32403494248867204,0,NB,False,Hill_Valley_with_noise
902,0.5024752475247525,0.5025923666782851,0.29146918095218816,0.5035347406718462,0.20802108748692924,1,NB,True,Hill_Valley_with_noise
903,0.5024752475247525,0.5025923666782851,0.29146918095218816,0.5035347406718462,0.20802108748692924,1,NB,False,Hill_Valley_with_noise
904,0.4958745874587459,0.49522917392819793,0.34385902396181994,0.501018246985989,0.3492615022655978,2,NB,True,Hill_Valley_with_noise
905,0.4958745874587459,0.49522917392819793,0.34385902396181994,0.501018246985989,0.3492615022655978,2,NB,False,Hill_Valley_with_noise
906,0.5033003300330032,0.5039375653537819,0.348718497626134,0.5253419547931744,0.3471266120599512,3,NB,True,Hill_Valley_with_noise
907,0.5033003300330032,0.5039375653537819,0.348718497626134,0.5253419547931744,0.3471266120599512,3,NB,False,Hill_Valley_with_noise
908,0.5181518151815182,0.5179995207389334,0.2816794731395013,0.5611721008062471,0.1929243638898571,4,NB,True,Hill_Valley_with_noise
909,0.5181518151815182,0.5179995207389334,0.2816794731395013,0.5611721008062471,0.1929243638898571,4,NB,False,Hill_Valley_with_noise
910,0.4909240924092409,0.4922337922621122,0.4250731862676451,0.5078711201079622,0.5194100731962356,5,NB,True,Hill_Valley_with_noise
911,0.4909240924092409,0.4922337922621122,0.4250731862676451,0.5078711201079622,0.5194100731962356,5,NB,False,Hill_Valley_with_noise
912,0.5495049504950495,0.5495381666085744,0.5485703301512947,0.549602374192606,0.5478825374695016,0,DT,True,Hill_Valley_with_noise
913,0.5486798679867987,0.548710352039038,0.5481353313941484,0.5486930685714441,0.5478825374695016,0,DT,False,Hill_Valley_with_noise
914,0.528877887788779,0.5288373562216802,0.5403450183270812,0.5271212574615407,0.554374346462182,1,DT,True,Hill_Valley_with_noise
915,0.528877887788779,0.5288373562216802,0.5403450183270812,0.5271212574615407,0.554374346462182,1,DT,False,Hill_Valley_with_noise
916,0.5363036303630363,0.5362931334959917,0.5407323616289994,0.5356616027745909,0.5461506622516556,2,DT,True,Hill_Valley_with_noise
917,0.5338283828382838,0.533815135935866,0.5370925074589363,0.5332983464195283,0.5411946671314047,2,DT,False,Hill_Valley_with_noise
918,0.5255775577557755,0.5255642209829209,0.525992732823771,0.5256693360112363,0.5263593586615546,3,DT,True,Hill_Valley_with_noise
919,0.5272277227722773,0.5272144039735099,0.5276593994904377,0.5273471883602296,0.5280149878006274,3,DT,False,Hill_Valley_with_noise
920,0.5288778877887789,0.5289027100034855,0.5398295059662311,0.5276127784041604,0.5528494248867201,4,DT,True,Hill_Valley_with_noise
921,0.528052805280528,0.5280748954339491,0.5386814805699128,0.5268917123216487,0.5511937957476473,4,DT,False,Hill_Valley_with_noise
922,0.5305280528052805,0.5304712007668176,0.5450487264243673,0.527995126176769,0.5642536598117811,5,DT,True,Hill_Valley_with_noise
923,0.5305280528052805,0.5304712007668176,0.5450487264243673,0.527995126176769,0.5642536598117811,5,DT,False,Hill_Valley_with_noise
924,0.5610561056105611,0.5610513245033113,0.5743760984974439,0.5581515082157517,0.5923666782851167,0,RF,True,Hill_Valley_with_noise
925,0.5618811881188119,0.5618682467758801,0.5754365102577621,0.5588169459744521,0.594011415127222,0,RF,False,Hill_Valley_with_noise
926,0.5833333333333333,0.5832062565353782,0.5845295308286742,0.5834436267716825,0.5873562216800279,1,RF,True,Hill_Valley_with_noise
927,0.5816831683168318,0.581561519693273,0.5822571250977475,0.5821468238985366,0.5840667479958174,1,RF,False,Hill_Valley_with_noise
928,0.5684818481848184,0.5685561171139769,0.5827727545499143,0.5650503534974654,0.6023331300104566,2,RF,True,Hill_Valley_with_noise
929,0.5693069306930693,0.5693784855350296,0.5839466620756133,0.5657740921244298,0.6039778668525619,2,RF,False,Hill_Valley_with_noise
930,0.5519801980198019,0.5519235796444755,0.5464343759714856,0.5513520085594786,0.5427958347856395,3,RF,True,Hill_Valley_with_noise
931,0.5544554455445545,0.5544070233530847,0.5494202256070775,0.5538577873842833,0.5461070930637852,3,RF,False,Hill_Valley_with_noise
932,0.5717821782178218,0.571807467758801,0.5871471880825078,0.5669188296399046,0.6105785988149182,4,RF,True,Hill_Valley_with_noise
933,0.5734323432343235,0.5734630968978738,0.5887739523659649,0.5684462579543108,0.612234227953991,4,RF,False,Hill_Valley_with_noise
934,0.5412541254125413,0.5411946671314047,0.5442038996288866,0.5407964229153543,0.5494619205298014,5,RF,True,Hill_Valley_with_noise
935,0.5420792079207921,0.5420115894039735,0.5439749618999489,0.54180005872811,0.5478062913907285,5,RF,False,Hill_Valley_with_noise
936,0.5627062706270627,0.5626633986928105,0.5672815415908173,0.5679287242443878,0.5669934640522876,0,KNN,True,Hill_Valley_without_noise
937,0.5602310231023102,0.5601797385620915,0.5651947090517829,0.5654248124319595,0.565359477124183,0,KNN,False,Hill_Valley_without_noise
938,0.5561056105610561,0.5560620915032679,0.5602616052702024,0.5605390666190428,0.5604575163398693,1,KNN,True,Hill_Valley_without_noise
939,0.5577557755775577,0.5576797385620915,0.5633487063563285,0.5619039184096556,0.565359477124183,1,KNN,False,Hill_Valley_without_noise
940,0.5445544554455446,0.5442483660130719,0.5601290388526048,0.5460705523085616,0.5751633986928104,2,KNN,True,Hill_Valley_without_noise
941,0.5453795379537953,0.5450816993464052,0.5605952809413693,0.5469389928111484,0.5751633986928104,2,KNN,False,Hill_Valley_without_noise
942,0.5635313531353136,0.5634640522875818,0.5685201699262504,0.5680985752755356,0.5702614379084967,3,KNN,True,Hill_Valley_without_noise
943,0.5635313531353136,0.5634803921568627,0.5678181702590115,0.5684559203744641,0.5686274509803921,3,KNN,False,Hill_Valley_without_noise
944,0.5594059405940595,0.5590196078431373,0.5775048283950087,0.5598740702067516,0.5980392156862745,4,KNN,True,Hill_Valley_without_noise
945,0.5594059405940595,0.5590196078431373,0.5775858910361444,0.5599517906593322,0.5980392156862745,4,KNN,False,Hill_Valley_without_noise
946,0.5544554455445545,0.554297385620915,0.5636477631994199,0.5574445435347344,0.5702614379084967,5,KNN,True,Hill_Valley_without_noise
947,0.5528052805280528,0.5526633986928104,0.5612618779679178,0.5559543407303942,0.5669934640522876,5,KNN,False,Hill_Valley_without_noise
948,0.5882838283828382,0.584281045751634,0.7081386894211561,0.5516977081361072,0.988562091503268,0,SVC,True,Hill_Valley_without_noise
949,0.5899339933993399,0.5859313725490196,0.7093135290224118,0.5526265077297717,0.9901960784313726,0,SVC,False,Hill_Valley_without_noise
950,0.5915841584158416,0.5875490196078431,0.7111693163737324,0.5533904724797116,0.9950980392156863,1,SVC,True,Hill_Valley_without_noise
951,0.5907590759075907,0.5867156862745099,0.7107611355711201,0.5529005418435755,0.9950980392156863,1,SVC,False,Hill_Valley_without_noise
952,0.5899339933993399,0.5859150326797385,0.7097438172372543,0.5527096999254755,0.9918300653594772,2,SVC,True,Hill_Valley_without_noise
953,0.5899339933993399,0.5859150326797385,0.7097438172372543,0.5527096999254755,0.9918300653594772,2,SVC,False,Hill_Valley_without_noise
954,0.5874587458745875,0.5833986928104575,0.7086606043806896,0.5507847630924776,0.9934640522875817,3,SVC,True,Hill_Valley_without_noise
955,0.5874587458745875,0.5833986928104575,0.7086748650633791,0.5508096819247899,0.9934640522875817,3,SVC,False,Hill_Valley_without_noise
956,0.5858085808580858,0.5817320261437908,0.707811125189563,0.5497482564160798,0.9934640522875817,4,SVC,True,Hill_Valley_without_noise
957,0.5866336633663366,0.5825653594771243,0.7082231162992286,0.550245300312904,0.9934640522875817,4,SVC,False,Hill_Valley_without_noise
958,0.5866336633663366,0.5825816993464052,0.7078849975766808,0.5503546178971171,0.9918300653594772,5,SVC,True,Hill_Valley_without_noise
959,0.5882838283828383,0.5842483660130718,0.7087115577089305,0.5513609510873275,0.9918300653594772,5,SVC,False,Hill_Valley_without_noise
960,0.6633663366336633,0.6601470588235294,0.7475308902884032,0.6023158375194174,0.9852941176470589,0,LR,True,Hill_Valley_without_noise
961,0.6617161716171618,0.6584967320261438,0.7462701256567319,0.6012672212268986,0.9836601307189543,0,LR,False,Hill_Valley_without_noise
962,0.6716171617161716,0.6684313725490196,0.753220652805067,0.6082013821919974,0.9901960784313726,1,LR,True,Hill_Valley_without_noise
963,0.6716171617161716,0.6684313725490196,0.7531936858675681,0.6081459939294982,0.9901960784313726,1,LR,False,Hill_Valley_without_noise
964,0.6641914191419143,0.6609313725490196,0.7488951859326759,0.6023555561086048,0.9901960784313726,2,LR,True,Hill_Valley_without_noise
965,0.6641914191419143,0.6609313725490196,0.7488951859326759,0.6023555561086048,0.9901960784313726,2,LR,False,Hill_Valley_without_noise
966,0.6617161716171618,0.6584477124183006,0.7469378788231209,0.6002584165386585,0.988562091503268,3,LR,True,Hill_Valley_without_noise
967,0.6625412541254126,0.6592647058823529,0.7477102439633021,0.6006544576955692,0.9901960784313726,3,LR,False,Hill_Valley_without_noise
968,0.6666666666666666,0.6634313725490197,0.7500306350023282,0.6036398558661524,0.9901960784313726,4,LR,True,Hill_Valley_without_noise
969,0.6674917491749175,0.664264705882353,0.7504897969557431,0.6042319570017318,0.9901960784313726,4,LR,False,Hill_Valley_without_noise
970,0.6625412541254125,0.659264705882353,0.7477369798108677,0.6006977961072203,0.9901960784313726,5,LR,True,Hill_Valley_without_noise
971,0.6633663366336634,0.6600980392156863,0.7481945627900093,0.6012914216052283,0.9901960784313726,5,LR,False,Hill_Valley_without_noise
972,0.5181518151815181,0.5145261437908497,0.6486021551214913,0.5134301026295571,0.880718954248366,0,NB,True,Hill_Valley_without_noise
973,0.5181518151815181,0.5145261437908497,0.6486021551214913,0.5134301026295571,0.880718954248366,0,NB,False,Hill_Valley_without_noise
974,0.4884488448844885,0.48673202614379085,0.5061477182828698,0.4622102424225994,0.6601307189542484,1,NB,True,Hill_Valley_without_noise
975,0.4884488448844885,0.48673202614379085,0.5061477182828698,0.4622102424225994,0.6601307189542484,1,NB,False,Hill_Valley_without_noise
976,0.49669966996699666,0.49491830065359477,0.513316793255785,0.4710101334783393,0.6748366013071896,2,NB,True,Hill_Valley_without_noise
977,0.49669966996699666,0.49491830065359477,0.513316793255785,0.4710101334783393,0.6748366013071896,2,NB,False,Hill_Valley_without_noise
978,0.5156765676567656,0.5120424836601307,0.6470359886167303,0.511984744182445,0.8790849673202614,3,NB,True,Hill_Valley_without_noise
979,0.5156765676567656,0.5120424836601307,0.6470359886167303,0.511984744182445,0.8790849673202614,3,NB,False,Hill_Valley_without_noise
980,0.5008250825082509,0.4991339869281045,0.5097129880913963,0.47428688430596827,0.6699346405228759,4,NB,True,Hill_Valley_without_noise
981,0.5008250825082509,0.4991339869281045,0.5097129880913963,0.47428688430596827,0.6699346405228759,4,NB,False,Hill_Valley_without_noise
982,0.5016501650165016,0.4998529411764706,0.5188090751040391,0.48322345094578023,0.6813725490196079,5,NB,True,Hill_Valley_without_noise
983,0.5016501650165016,0.4998529411764706,0.5188090751040391,0.48322345094578023,0.6813725490196079,5,NB,False,Hill_Valley_without_noise
984,0.5957095709570956,0.5954575163398692,0.6076168700342333,0.5957953739808579,0.6209150326797386,0,DT,True,Hill_Valley_without_noise
985,0.5981848184818481,0.5979411764705882,0.6097410356585033,0.5982939696078564,0.6225490196078431,0,DT,False,Hill_Valley_without_noise
986,0.6047854785478548,0.6047875816993463,0.6051826388277459,0.6072297067144039,0.6045751633986929,1,DT,True,Hill_Valley_without_noise
987,0.6056105610561057,0.6056209150326797,0.6056603181746278,0.60820100914266,0.6045751633986929,1,DT,False,Hill_Valley_without_noise
988,0.5965346534653465,0.5961274509803921,0.6145330744663164,0.5934313032937029,0.6372549019607843,2,DT,True,Hill_Valley_without_noise
989,0.5915841584158416,0.5911764705882352,0.6098601772700547,0.5889670175794172,0.6323529411764706,2,DT,False,Hill_Valley_without_noise
990,0.5882838283828382,0.5881699346405229,0.5951758634884827,0.5912745518202742,0.5996732026143791,3,DT,True,Hill_Valley_without_noise
991,0.5866336633663366,0.5864705882352941,0.595518645085305,0.5887703098737017,0.6029411764705882,3,DT,False,Hill_Valley_without_noise
992,0.5750825082508251,0.5745588235294118,0.5972388100424391,0.5710503920443679,0.6274509803921569,4,DT,True,Hill_Valley_without_noise
993,0.5759075907590759,0.575375816993464,0.5985710723369531,0.5718624235342027,0.6290849673202614,4,DT,False,Hill_Valley_without_noise
994,0.5775577557755776,0.5773529411764706,0.587746427816563,0.5790152017248756,0.5980392156862745,5,DT,True,Hill_Valley_without_noise
995,0.5767326732673268,0.5765522875816993,0.5860505104653059,0.578803542315103,0.5947712418300654,5,DT,False,Hill_Valley_without_noise
996,0.5981848184818482,0.5981209150326796,0.603285013359622,0.602370407390479,0.6045751633986928,0,RF,True,Hill_Valley_without_noise
997,0.6006600660066007,0.6005555555555555,0.6071549433388839,0.6036539014547323,0.6111111111111112,0,RF,False,Hill_Valley_without_noise
998,0.6221122112211221,0.6220098039215686,0.6272180676845758,0.6235568661245847,0.6323529411764706,1,RF,True,Hill_Valley_without_noise
999,0.6270627062706271,0.6269444444444444,0.6329322285477559,0.6280495292556696,0.6388888888888888,1,RF,False,Hill_Valley_without_noise
1000,0.5965346534653466,0.5962418300653595,0.6103555462318435,0.5957971810911873,0.6258169934640523,2,RF,True,Hill_Valley_without_noise
1001,0.6031353135313531,0.602875816993464,0.6155902725594433,0.6029632113225639,0.6290849673202614,2,RF,False,Hill_Valley_without_noise
1002,0.5965346534653465,0.5963071895424836,0.6078137327186391,0.5968858618251351,0.619281045751634,3,RF,True,Hill_Valley_without_noise
1003,0.5948844884488449,0.5946568627450981,0.606176661200782,0.5952424172270219,0.6176470588235294,3,RF,False,Hill_Valley_without_noise
1004,0.5990099009900991,0.5986928104575163,0.6133975916096264,0.5976454986460557,0.630718954248366,4,RF,True,Hill_Valley_without_noise
1005,0.6039603960396039,0.6036764705882354,0.6168215222145843,0.6026396986692903,0.6323529411764706,4,RF,False,Hill_Valley_without_noise
1006,0.5981848184818482,0.5978104575163399,0.6150213594105106,0.596387403446227,0.6356209150326797,5,RF,True,Hill_Valley_without_noise
1007,0.6006600660066007,0.6002777777777778,0.6176203870933779,0.5984932621085908,0.638888888888889,5,RF,False,Hill_Valley_without_noise
1008,0.7684,0.7687433047367351,0.7682774935805682,0.7685764771436379,0.7687433047367351,0,KNN,True,waveform_40
1009,0.7684,0.768729969170161,0.7682738996502352,0.768526476092088,0.768729969170161,0,KNN,False,waveform_40
1010,0.7686000000000001,0.7689493630908516,0.7685063416187512,0.7688616199672951,0.7689493630908516,1,KNN,True,waveform_40
1011,0.7678,0.7681575456783597,0.7676955879866587,0.7679923384664145,0.7681575456783597,1,KNN,False,waveform_40
1012,0.7686000000000001,0.7689250251633638,0.768462843483691,0.7685267340405023,0.7689250251633638,2,KNN,True,waveform_40
1013,0.7684000000000001,0.7687175046670335,0.7682677955483188,0.7684255033115023,0.7687175046670335,2,KNN,False,waveform_40
1014,0.7728,0.7730970976083003,0.7727041355072387,0.773228561700607,0.7730970976083003,3,KNN,True,waveform_40
1015,0.772,0.7722952525963704,0.7718841489062919,0.7724548666031589,0.7722952525963704,3,KNN,False,waveform_40
1016,0.7642,0.7645403821280677,0.7640010184859818,0.7642483200198599,0.7645403821280677,4,KNN,True,waveform_40
1017,0.7634000000000001,0.7637223809631656,0.763248422277576,0.7634448883671707,0.7637223809631656,4,KNN,False,waveform_40
1018,0.7786,0.778953360857279,0.7784459746992455,0.7785876862841478,0.778953360857279,5,KNN,True,waveform_40
1019,0.7789999999999999,0.7793392938131017,0.7788910513868355,0.7789844243248848,0.7793392938131017,5,KNN,False,waveform_40
1020,0.8648,0.8650664546747113,0.864704501382387,0.8653375850957917,0.8650664546747113,0,SVC,True,waveform_40
1021,0.8646,0.8648694491585568,0.8645049257726765,0.8651426804416272,0.8648694491585568,0,SVC,False,waveform_40
1022,0.86,0.8602709807867461,0.8598407551194687,0.8605259305996386,0.8602709807867461,1,SVC,True,waveform_40
1023,0.86,0.8602709807867461,0.8598407551194687,0.8605259305996386,0.8602709807867461,1,SVC,False,waveform_40
1024,0.8638,0.8640308017160117,0.8637465601937221,0.8642174095149656,0.8640308017160117,2,SVC,True,waveform_40
1025,0.8635999999999999,0.8638295134712451,0.8635461047747007,0.8640135063765473,0.8638295134712451,2,SVC,False,waveform_40
1026,0.864,0.8642790236888608,0.8639289737852207,0.8648729585508775,0.8642790236888608,3,SVC,True,waveform_40
1027,0.8642,0.8644760292050152,0.8641317187435794,0.8650675579523001,0.8644760292050152,3,SVC,False,waveform_40
1028,0.8623999999999999,0.8626430213590565,0.8623795929822637,0.8626139884833723,0.8626430213590565,4,SVC,True,waveform_40
1029,0.8623999999999999,0.8626430213590565,0.8623795929822637,0.8626139884833723,0.8626430213590565,4,SVC,False,waveform_40
1030,0.8642,0.864501341893979,0.8640565709470727,0.8645893626478706,0.864501341893979,5,SVC,True,waveform_40
1031,0.8644000000000001,0.8647026301387455,0.8642516916424556,0.8647804443910158,0.8647026301387455,5,SVC,False,waveform_40
1032,0.867,0.8671959455563777,0.8669991738063307,0.8675184178287475,0.8671959455563777,0,LR,True,waveform_40
1033,0.867,0.8671959455563777,0.8669991738063307,0.8675184178287475,0.8671959455563777,0,LR,False,waveform_40
1034,0.8672,0.8674150594923891,0.8671528958408034,0.8673389166556057,0.8674150594923891,1,LR,True,waveform_40
1035,0.8672,0.8674150594923891,0.8671528958408034,0.8673389166556057,0.8674150594923891,1,LR,False,waveform_40
1036,0.866,0.8661880421903314,0.8660319771053089,0.8663846306501891,0.8661880421903314,2,LR,True,waveform_40
1037,0.866,0.8661880421903314,0.8660319771053089,0.8663846306501891,0.8661880421903314,2,LR,False,waveform_40
1038,0.8674000000000001,0.8676228599733986,0.867389748972126,0.8678253954221363,0.8676228599733986,3,LR,True,waveform_40
1039,0.8674000000000001,0.8676228599733986,0.867389748972126,0.8678253954221363,0.8676228599733986,3,LR,False,waveform_40
1040,0.8666,0.8668163485501481,0.8665852777108762,0.8668024858998543,0.8668163485501481,4,LR,True,waveform_40
1041,0.8666,0.8668163485501481,0.8665852777108762,0.8668024858998543,0.8668163485501481,4,LR,False,waveform_40
1042,0.8664000000000001,0.8666117523382453,0.8663724544901714,0.8665700858748869,0.8666117523382453,5,LR,True,waveform_40
1043,0.8664000000000001,0.8666117523382453,0.8663724544901714,0.8665700858748869,0.8666117523382453,5,LR,False,waveform_40
1044,0.8006,0.8026725222040293,0.7894009929688253,0.8345927922570331,0.8026725222040293,0,NB,True,waveform_40
1045,0.8006,0.8026725222040293,0.7894009929688253,0.8345927922570331,0.8026725222040293,0,NB,False,waveform_40
1046,0.8002,0.8023056696856066,0.788521991267217,0.8337535964913941,0.8023056696856066,1,NB,True,waveform_40
1047,0.8002,0.8023056696856066,0.788521991267217,0.8337535964913941,0.8023056696856066,1,NB,False,waveform_40
1048,0.7996000000000001,0.8016898278289175,0.7881621332199201,0.8331974118860256,0.8016898278289175,2,NB,True,waveform_40
1049,0.7996000000000001,0.8016898278289175,0.7881621332199201,0.8331974118860256,0.8016898278289175,2,NB,False,waveform_40
1050,0.7994,0.8014939007722682,0.7880205115547138,0.8330926387297832,0.8014939007722682,3,NB,True,waveform_40
1051,0.7994,0.8014939007722682,0.7880205115547138,0.8330926387297832,0.8014939007722682,3,NB,False,waveform_40
1052,0.8006,0.8026830371842053,0.7893506361963396,0.8336525331799485,0.8026830371842053,4,NB,True,waveform_40
1053,0.8006,0.8026830371842053,0.7893506361963396,0.8336525331799485,0.8026830371842053,4,NB,False,waveform_40
1054,0.7988000000000001,0.8009020131603585,0.7870652095870311,0.8331100584182757,0.8009020131603585,5,NB,True,waveform_40
1055,0.7988000000000001,0.8009020131603585,0.7870652095870311,0.8331100584182757,0.8009020131603585,5,NB,False,waveform_40
1056,0.7387999999999999,0.7389383030738336,0.7390682611527795,0.7394926707601853,0.7389383030738336,0,DT,True,waveform_40
1057,0.7387999999999999,0.7389387904545714,0.7390632601612636,0.739470912788587,0.7389387904545714,0,DT,False,waveform_40
1058,0.7478,0.7480029937206281,0.7478428398660459,0.74831612329025,0.7480029937206281,1,DT,True,waveform_40
1059,0.7468,0.7469998604639316,0.7468385390754606,0.7473170298518818,0.7469998604639316,1,DT,False,waveform_40
1060,0.7482,0.7483082185002096,0.7484811401208563,0.7492353249545921,0.7483082185002096,2,DT,True,waveform_40
1061,0.7485999999999999,0.7487069996418685,0.7488725054185034,0.7496451792848092,0.7487069996418685,2,DT,False,waveform_40
1062,0.7455999999999999,0.7458350619794826,0.7458369090794368,0.746546564840053,0.7458350619794826,3,DT,True,waveform_40
1063,0.7456,0.7458350619794826,0.7458291755522583,0.7465295195896074,0.7458350619794826,3,DT,False,waveform_40
1064,0.7522,0.7523662231128638,0.752432680512521,0.7530104953408242,0.7523662231128638,4,DT,True,waveform_40
1065,0.7514,0.7515691482102841,0.7516196578302002,0.7522163469741832,0.7515691482102841,4,DT,False,waveform_40
1066,0.7438,0.7438716953408309,0.7440585090372982,0.7445554799915277,0.7438716953408309,5,DT,True,waveform_40
1067,0.7442,0.7442747592111018,0.744459358157207,0.744940747726084,0.7442747592111018,5,DT,False,waveform_40
1068,0.8506,0.8510776008855313,0.8501418297385728,0.8518038056228104,0.8510776008855313,0,RF,True,waveform_40
1069,0.8503999999999999,0.8508715425314148,0.8499489662412612,0.851592761826942,0.8508715425314148,0,RF,False,waveform_40
1070,0.8506,0.8511145070141762,0.8500796445750447,0.8516775068474484,0.8511145070141762,1,RF,True,waveform_40
1071,0.8506,0.8511145070141762,0.8500868547730881,0.8516522046312702,0.8511145070141762,1,RF,False,waveform_40
1072,0.8512,0.8516981091535413,0.8507203479496488,0.8524670471288635,0.8516981091535413,2,RF,True,waveform_40
1073,0.8518,0.8523067439971906,0.8512938166261339,0.8531303451271166,0.8523067439971906,2,RF,False,waveform_40
1074,0.854,0.8545657951967239,0.853427811853869,0.8560447504874513,0.8545657951967239,3,RF,True,waveform_40
1075,0.8542,0.8547665960607524,0.8536147567100835,0.8562363807022789,0.8547665960607524,3,RF,False,waveform_40
1076,0.8576,0.8581435431260609,0.8571072996404361,0.8593531651523034,0.8581435431260609,4,RF,True,waveform_40
1077,0.8578,0.8583405486422153,0.8573235703571289,0.8595813749977295,0.8583405486422153,4,RF,False,waveform_40
1078,0.8534,0.8539144367649832,0.8529005567044788,0.8544630104717338,0.8539144367649832,5,RF,True,waveform_40
1079,0.853,0.8535204257326743,0.8524835070983705,0.8541167283344553,0.8535204257326743,5,RF,False,waveform_40
1080,0.8150000000000002,0.8147187958453626,0.8139132897203115,0.8156547333651446,0.8147187958453626,0,KNN,True,waveform_21
1081,0.8132,0.8129114569112407,0.8120349986275585,0.8138229373932452,0.8129114569112407,0,KNN,False,waveform_21
1082,0.8096,0.8093173002199662,0.8082901938575137,0.8100524170366494,0.8093173002199662,1,KNN,True,waveform_21
1083,0.8086,0.8083216846748034,0.8073268862677273,0.8091020737284493,0.8083216846748034,1,KNN,False,waveform_21
1084,0.8109999999999999,0.8107921835434861,0.8099646174015488,0.8110522893003509,0.8107921835434861,2,KNN,True,waveform_21
1085,0.8111999999999999,0.8110006655371789,0.8101709662197765,0.8112711134981007,0.8110006655371789,2,KNN,False,waveform_21
1086,0.8188,0.8185698578945312,0.8180463370859938,0.8191978532963219,0.8185698578945312,3,KNN,True,waveform_21
1087,0.818,0.8177614268428354,0.817199042810507,0.818428560446917,0.8177614268428354,3,KNN,False,waveform_21
1088,0.8096,0.8093613764062715,0.8084918128862386,0.8104555673799945,0.8093613764062715,4,KNN,True,waveform_21
1089,0.8086,0.8083529809276354,0.8074486377857061,0.809391013249394,0.8083529809276354,4,KNN,False,waveform_21
1090,0.812,0.8117496677402809,0.810867367369806,0.812222232948446,0.8117496677402809,5,KNN,True,waveform_21
1091,0.8109999999999999,0.8107512520220866,0.8098608463690046,0.8111741787384793,0.8107512520220866,5,KNN,False,waveform_21
1092,0.8692,0.8689920158493537,0.8687862233891291,0.8694238464840772,0.8689920158493537,0,SVC,True,waveform_21
1093,0.8694,0.869194281221522,0.8689867111734272,0.8696451389482248,0.869194281221522,0,SVC,False,waveform_21
1094,0.8672000000000001,0.866972771443847,0.866765986860879,0.867137533472241,0.866972771443847,1,SVC,True,waveform_21
1095,0.8672000000000001,0.866972771443847,0.866765986860879,0.867137533472241,0.866972771443847,1,SVC,False,waveform_21
1096,0.8684,0.8682104330614548,0.8680137279713911,0.8683761819888355,0.8682104330614548,2,SVC,True,waveform_21
1097,0.8684,0.8682104330614548,0.8680137279713911,0.8683761819888355,0.8682104330614548,2,SVC,False,waveform_21
1098,0.8706,0.8703712246560591,0.8702592921758341,0.8705407429602424,0.8703712246560591,3,SVC,True,waveform_21
1099,0.8706,0.8703712246560591,0.8702592921758341,0.8705407429602424,0.8703712246560591,3,SVC,False,waveform_21
1100,0.8688,0.86858881605516,0.8683907304756656,0.8688878414984057,0.86858881605516,4,SVC,True,waveform_21
1101,0.8692000000000001,0.8689928618019541,0.8687968432640976,0.8693074973063137,0.8689928618019541,4,SVC,False,waveform_21
1102,0.8692000000000001,0.8690081837364254,0.8687426177903559,0.8691766273724073,0.8690081837364254,5,SVC,True,waveform_21
1103,0.8692000000000001,0.8690081837364254,0.8687426177903559,0.8691766273724073,0.8690081837364254,5,SVC,False,waveform_21
1104,0.8708,0.8706272866584305,0.8704560650904943,0.8709259118122094,0.8706272866584305,0,LR,True,waveform_21
1105,0.8708,0.8706272866584305,0.8704560650904943,0.8709259118122094,0.8706272866584305,0,LR,False,waveform_21
1106,0.8700000000000001,0.8698075724534181,0.8697237377153039,0.869922655017682,0.8698075724534181,1,LR,True,waveform_21
1107,0.8698000000000001,0.869611031572915,0.8695297262876622,0.8697220185483919,0.869611031572915,1,LR,False,waveform_21
1108,0.8695999999999999,0.8694396824719834,0.8693283841402117,0.8697057314190871,0.8694396824719834,2,LR,True,waveform_21
1109,0.8695999999999999,0.8694396824719834,0.8693283841402117,0.8697057314190871,0.8694396824719834,2,LR,False,waveform_21
1110,0.8704000000000001,0.8702221715797054,0.8701453389798174,0.8703366946871496,0.8702221715797054,3,LR,True,waveform_21
1111,0.8704000000000001,0.8702221715797054,0.8701453389798174,0.8703366946871496,0.8702221715797054,3,LR,False,waveform_21
1112,0.87,0.8698353703904664,0.869741421996821,0.870080616778602,0.8698353703904664,4,LR,True,waveform_21
1113,0.87,0.8698353703904664,0.869741421996821,0.870080616778602,0.8698353703904664,4,LR,False,waveform_21
1114,0.87,0.8698276489188421,0.8697085428234692,0.869919038142274,0.8698276489188421,5,LR,True,waveform_21
1115,0.87,0.8698276489188421,0.8697085428234692,0.869919038142274,0.8698276489188421,5,LR,False,waveform_21
1116,0.808,0.8071881837882393,0.7954861976224711,0.8396159654210358,0.8071881837882393,0,NB,True,waveform_21
1117,0.808,0.8071881837882393,0.7954861976224711,0.8396159654210358,0.8071881837882393,0,NB,False,waveform_21
1118,0.8091999999999999,0.808383487077361,0.7970006243802389,0.8406138189764029,0.808383487077361,1,NB,True,waveform_21
1119,0.8091999999999999,0.808383487077361,0.7970006243802389,0.8406138189764029,0.808383487077361,1,NB,False,waveform_21
1120,0.8095999999999999,0.8087742464961891,0.7969709736277074,0.8414997356860683,0.8087742464961891,2,NB,True,waveform_21
1121,0.8095999999999999,0.8087742464961891,0.7969709736277074,0.8414997356860683,0.8087742464961891,2,NB,False,waveform_21
1122,0.8082,0.8073803167250961,0.7955278994302426,0.8396871438208504,0.8073803167250961,3,NB,True,waveform_21
1123,0.8082,0.8073803167250961,0.7955278994302426,0.8396871438208504,0.8073803167250961,3,NB,False,waveform_21
1124,0.8088,0.8079841885917125,0.7963381238099825,0.8403507745943763,0.8079841885917125,4,NB,True,waveform_21
1125,0.8088,0.8079841885917125,0.7963381238099825,0.8403507745943763,0.8079841885917125,4,NB,False,waveform_21
1126,0.8096000000000001,0.8087875043980058,0.7972769829112692,0.8406100569016705,0.8087875043980058,5,NB,True,waveform_21
1127,0.8096000000000001,0.8087875043980058,0.7972769829112692,0.8406100569016705,0.8087875043980058,5,NB,False,waveform_21
1128,0.7535999999999999,0.7534067163506272,0.7533026874711697,0.7542038796690684,0.7534067163506272,0,DT,True,waveform_21
1129,0.754,0.7538055226376712,0.7537128509911659,0.75458913224752,0.7538055226376712,0,DT,False,waveform_21
1130,0.7518,0.7517403912952478,0.751784770661298,0.7521146781942281,0.7517403912952478,1,DT,True,waveform_21
1131,0.7512000000000001,0.751133595178743,0.7511855302583862,0.7515535626584251,0.751133595178743,1,DT,False,waveform_21
1132,0.7462,0.7461088614054912,0.7461072143186006,0.7463797967190284,0.7461088614054912,2,DT,True,waveform_21
1133,0.7454,0.7453032163309385,0.7452954162453885,0.7455744658375838,0.7453032163309385,2,DT,False,waveform_21
1134,0.7492,0.7489700738522612,0.7487517094689735,0.748906623846429,0.7489700738522612,3,DT,True,waveform_21
1135,0.7496,0.7493616934539504,0.7491505200238288,0.7493393869026601,0.7493616934539504,3,DT,False,waveform_21
1136,0.7526,0.7524392038172709,0.7521644755347814,0.7526984067737571,0.7524392038172709,4,DT,True,waveform_21
1137,0.7518,0.7516430534712449,0.7513742174154687,0.7519056717261537,0.7516430534712449,4,DT,False,waveform_21
1138,0.7552,0.7549827818966763,0.7549726283367864,0.755511903172047,0.7549827818966763,5,DT,True,waveform_21
1139,0.7554000000000001,0.7551840701414428,0.7551763116038771,0.7557390530126706,0.7551840701414428,5,DT,False,waveform_21
1140,0.8503999999999999,0.850109245851933,0.8496201090918211,0.8511764296042437,0.850109245851933,0,RF,True,waveform_21
1141,0.8503999999999999,0.8500963276113418,0.8496171662985135,0.851158328702617,0.8500963276113418,0,RF,False,waveform_21
1142,0.846,0.8456405280881462,0.8451621471066505,0.846323950443087,0.8456405280881462,1,RF,True,waveform_21
1143,0.846,0.8456395438284275,0.845165372857029,0.8462707464002089,0.8456395438284275,1,RF,False,waveform_21
1144,0.854,0.8537688055730852,0.853531517392703,0.8544269679444584,0.8537688055730852,2,RF,True,waveform_21
1145,0.8532,0.8529574359724947,0.852693765469097,0.8535667477729365,0.8529574359724947,2,RF,False,waveform_21
1146,0.8477999999999999,0.8474909586395012,0.8470166827581885,0.8479321781884671,0.8474909586395012,3,RF,True,waveform_21
1147,0.8476,0.847290162524594,0.8468120437257682,0.8477808442237407,0.847290162524594,3,RF,False,waveform_21
1148,0.8522000000000001,0.851893693882966,0.8514673613592599,0.8528673917490125,0.851893693882966,4,RF,True,waveform_21
1149,0.8520000000000001,0.8516976380343779,0.8512708103623037,0.8526790280505474,0.8516976380343779,4,RF,False,waveform_21
1150,0.8482000000000001,0.8478612334601413,0.84738512636806,0.8483047942601116,0.8478612334601413,5,RF,True,waveform_21
1151,0.8476000000000001,0.8472573687258419,0.8467567665100549,0.847752141757905,0.8472573687258419,5,RF,False,waveform_21
1152,0.7,0.7000000000000001,0.6944395184440951,0.7603542699130936,0.7000000000000001,0,KNN,True,movement_libras
1153,0.6972222222222222,0.6972222222222222,0.6903991144036911,0.7575764921353159,0.6972222222222222,0,KNN,False,movement_libras
1154,0.7194444444444444,0.7194444444444443,0.7134338564485623,0.7720701058201059,0.7194444444444443,1,KNN,True,movement_libras
1155,0.7222222222222222,0.7222222222222221,0.7190142129112717,0.7748045935545936,0.7222222222222221,1,KNN,False,movement_libras
1156,0.7361111111111112,0.7361111111111112,0.7272696392463522,0.7924972195560431,0.7361111111111112,2,KNN,True,movement_libras
1157,0.7305555555555556,0.7305555555555556,0.7216752336519466,0.7867829338417573,0.7305555555555556,2,KNN,False,movement_libras
1158,0.7250000000000001,0.725,0.7138877407995055,0.7779719817219819,0.725,3,KNN,True,movement_libras
1159,0.7222222222222223,0.7222222222222222,0.7117451611569259,0.7774957912457914,0.7222222222222222,3,KNN,False,movement_libras
1160,0.711111111111111,0.7111111111111112,0.7048488804796853,0.7555795130795131,0.7111111111111112,4,KNN,True,movement_libras
1161,0.7138888888888888,0.713888888888889,0.7076754983063032,0.7580398305398306,0.713888888888889,4,KNN,False,movement_libras
1162,0.7027777777777778,0.7027777777777777,0.6915228480669657,0.7610143097643097,0.7027777777777777,5,KNN,True,movement_libras
1163,0.7055555555555556,0.7055555555555555,0.6943634796575973,0.7651942039442039,0.7055555555555555,5,KNN,False,movement_libras
1164,0.7944444444444445,0.7944444444444445,0.7880783214606745,0.8175793650793651,0.7944444444444445,0,SVC,True,movement_libras
1165,0.7944444444444445,0.7944444444444445,0.7880783214606745,0.8175793650793651,0.7944444444444445,0,SVC,False,movement_libras
1166,0.8250000000000001,0.8250000000000001,0.8202360956037427,0.8495670995670996,0.8250000000000001,1,SVC,True,movement_libras
1167,0.8250000000000001,0.8250000000000001,0.8202360956037427,0.8495670995670996,0.8250000000000001,1,SVC,False,movement_libras
1168,0.7722222222222224,0.7722222222222223,0.7625862672186201,0.7960648148148148,0.7722222222222223,2,SVC,True,movement_libras
1169,0.7694444444444444,0.7694444444444445,0.7605360026683556,0.7923611111111111,0.7694444444444445,2,SVC,False,movement_libras
1170,0.7861111111111111,0.7861111111111113,0.7788838013838014,0.8248809523809524,0.7861111111111113,3,SVC,True,movement_libras
1171,0.7805555555555556,0.7805555555555557,0.7715734156910627,0.8183766233766234,0.7805555555555557,3,SVC,False,movement_libras
1172,0.7666666666666667,0.7666666666666666,0.7630730843230843,0.8019047619047619,0.7666666666666666,4,SVC,True,movement_libras
1173,0.7666666666666667,0.7666666666666666,0.7628345728345729,0.8010449735449735,0.7666666666666666,4,SVC,False,movement_libras
1174,0.7583333333333333,0.7583333333333335,0.7414355551855552,0.7667724867724868,0.7583333333333335,5,SVC,True,movement_libras
1175,0.7583333333333333,0.7583333333333335,0.74127627002627,0.7672883597883597,0.7583333333333335,5,SVC,False,movement_libras
1176,0.7444444444444445,0.7444444444444444,0.7415893365893366,0.7762698412698412,0.7444444444444444,0,LR,True,movement_libras
1177,0.7444444444444445,0.7444444444444444,0.7415893365893366,0.7762698412698412,0.7444444444444444,0,LR,False,movement_libras
1178,0.7777777777777777,0.7777777777777779,0.772854044104044,0.8035185185185186,0.7777777777777779,1,LR,True,movement_libras
1179,0.7722222222222221,0.7722222222222224,0.7676997539497539,0.7990079365079366,0.7722222222222224,1,LR,False,movement_libras
1180,0.7388888888888889,0.7388888888888889,0.7317059329559329,0.7601058201058202,0.7388888888888889,2,LR,True,movement_libras
1181,0.7388888888888889,0.7388888888888889,0.731718142968143,0.7624867724867725,0.7388888888888889,2,LR,False,movement_libras
1182,0.7722222222222223,0.7722222222222223,0.7657440244940246,0.8171097883597883,0.7722222222222223,3,LR,True,movement_libras
1183,0.7694444444444445,0.7694444444444444,0.7630504218004218,0.8109986772486772,0.7694444444444444,3,LR,False,movement_libras
1184,0.775,0.7750000000000001,0.7734538609538609,0.8069444444444445,0.7750000000000001,4,LR,True,movement_libras
1185,0.775,0.7750000000000001,0.7734538609538609,0.8069444444444445,0.7750000000000001,4,LR,False,movement_libras
1186,0.725,0.725,0.7180704943204942,0.7544246031746031,0.725,5,LR,True,movement_libras
1187,0.7222222222222222,0.7222222222222222,0.7150790413290412,0.75125,0.7222222222222222,5,LR,False,movement_libras
1188,0.5916666666666667,0.5916666666666667,0.5895459876380928,0.6475356125356126,0.5916666666666667,0,NB,True,movement_libras
1189,0.5916666666666667,0.5916666666666667,0.5895459876380928,0.6475356125356126,0.5916666666666667,0,NB,False,movement_libras
1190,0.6027777777777779,0.6027777777777776,0.599694483076836,0.6380820105820105,0.6027777777777776,1,NB,True,movement_libras
1191,0.6027777777777779,0.6027777777777776,0.599694483076836,0.6380820105820105,0.6027777777777776,1,NB,False,movement_libras
1192,0.6305555555555555,0.6305555555555555,0.632178513207925,0.6766329966329966,0.6305555555555555,2,NB,True,movement_libras
1193,0.6305555555555555,0.6305555555555555,0.632178513207925,0.6766329966329966,0.6305555555555555,2,NB,False,movement_libras
1194,0.6333333333333333,0.6333333333333333,0.6338656006303065,0.6729130591630591,0.6333333333333333,3,NB,True,movement_libras
1195,0.6333333333333333,0.6333333333333333,0.6338656006303065,0.6729130591630591,0.6333333333333333,3,NB,False,movement_libras
1196,0.6194444444444445,0.6194444444444444,0.61808531065884,0.6584042809042809,0.6194444444444444,4,NB,True,movement_libras
1197,0.6194444444444445,0.6194444444444444,0.61808531065884,0.6584042809042809,0.6194444444444444,4,NB,False,movement_libras
1198,0.6,0.6,0.5964662461721286,0.652759139009139,0.6,5,NB,True,movement_libras
1199,0.6,0.6,0.5964662461721286,0.652759139009139,0.6,5,NB,False,movement_libras
1200,0.6222222222222222,0.6222222222222222,0.6182117746088334,0.668462000962001,0.6222222222222222,0,DT,True,movement_libras
1201,0.6222222222222222,0.6222222222222222,0.6182117746088334,0.668462000962001,0.6222222222222222,0,DT,False,movement_libras
1202,0.6944444444444444,0.6944444444444443,0.6861889961889962,0.7128703703703704,0.6944444444444443,1,DT,True,movement_libras
1203,0.6916666666666667,0.6916666666666665,0.6838462000962001,0.7110515873015872,0.6916666666666665,1,DT,False,movement_libras
1204,0.6638888888888889,0.6638888888888889,0.6569389651742592,0.7087968975468976,0.6638888888888889,2,DT,True,movement_libras
1205,0.6611111111111111,0.6611111111111111,0.6540174422527363,0.7046699134199135,0.6611111111111111,2,DT,False,movement_libras
1206,0.6472222222222221,0.6472222222222221,0.6421890364537423,0.6664249639249639,0.6472222222222221,3,DT,True,movement_libras
1207,0.6472222222222221,0.6472222222222221,0.6421890364537423,0.6664249639249639,0.6472222222222221,3,DT,False,movement_libras
1208,0.6611111111111111,0.6611111111111111,0.664029119029119,0.7024338624338625,0.6611111111111111,4,DT,True,movement_libras
1209,0.6611111111111111,0.6611111111111111,0.664029119029119,0.7024338624338625,0.6611111111111111,4,DT,False,movement_libras
1210,0.6361111111111111,0.6361111111111111,0.6347779072779073,0.6729431216931219,0.6361111111111111,5,DT,True,movement_libras
1211,0.6361111111111111,0.6361111111111111,0.6347565397565397,0.6724669312169314,0.6361111111111111,5,DT,False,movement_libras
1212,0.7916666666666666,0.7916666666666667,0.785832304949952,0.8200234487734488,0.7916666666666667,0,RF,True,movement_libras
1213,0.7916666666666666,0.7916666666666667,0.785832304949952,0.8200234487734488,0.7916666666666667,0,RF,False,movement_libras
1214,0.8111111111111111,0.8111111111111111,0.8059750434750433,0.8374933862433863,0.8111111111111111,1,RF,True,movement_libras
1215,0.8138888888888889,0.8138888888888889,0.8088110963110963,0.8400330687830688,0.8138888888888889,1,RF,False,movement_libras
1216,0.8055555555555556,0.8055555555555556,0.8028192994369464,0.8236411736411737,0.8055555555555556,2,RF,True,movement_libras
1217,0.8055555555555556,0.8055555555555556,0.8028481594658065,0.8229004329004329,0.8055555555555556,2,RF,False,movement_libras
1218,0.8027777777777778,0.802777777777778,0.7994731194731193,0.8215211640211639,0.802777777777778,3,RF,True,movement_libras
1219,0.8055555555555556,0.8055555555555558,0.8025100825100824,0.8238425925925925,0.8055555555555558,3,RF,False,movement_libras
1220,0.7972222222222223,0.7972222222222223,0.7939120139120137,0.8201587301587301,0.7972222222222223,4,RF,True,movement_libras
1221,0.7916666666666667,0.7916666666666667,0.7877942427942426,0.8142261904761905,0.7916666666666667,4,RF,False,movement_libras
1222,0.775,0.775,0.7689509455685926,0.7962205387205388,0.775,5,RF,True,movement_libras
1223,0.775,0.775,0.7689509455685926,0.7962205387205388,0.775,5,RF,False,movement_libras
1224,0.9076935088386533,0.8899351221857544,0.8915710660417725,0.893871562970846,0.8899351221857544,0,KNN,True,satimage
1225,0.9078487882217254,0.890172228317954,0.8917728780478424,0.8939974345909206,0.890172228317954,0,KNN,False,satimage
1226,0.9034971970477013,0.8841655952812139,0.8861180375794966,0.8887353188771214,0.8841655952812139,1,KNN,True,satimage
1227,0.9038079490675894,0.8846715268403597,0.88657365953045,0.889120033748912,0.8846715268403597,1,KNN,False,satimage
1228,0.9039619723013275,0.8851645945858788,0.8869765953202353,0.8896763761980133,0.8851645945858788,2,KNN,True,satimage
1229,0.9041173483112714,0.8854316886029728,0.8872116799704226,0.8898668529222995,0.8854316886029728,2,KNN,False,satimage
1230,0.9017867081621105,0.8811850363561143,0.8838436271205787,0.8874539494771825,0.8811850363561143,3,KNN,True,satimage
1231,0.9017866115352386,0.8813102810918231,0.8838723474871125,0.887339923081186,0.8813102810918231,3,KNN,False,satimage
1232,0.9066025914554017,0.8863935089982544,0.8888298363983281,0.892176133085581,0.8863935089982544,4,KNN,True,satimage
1233,0.9062918394355135,0.8861741970836152,0.8885714219287285,0.8919010862724501,0.8861741970836152,4,KNN,False,satimage
1234,0.9083137567290954,0.8891237132248958,0.8914957287358515,0.8946879994723126,0.8891237132248958,5,KNN,True,satimage
1235,0.9084691327390394,0.8895453648790367,0.8917555870775334,0.8947454602971112,0.8895453648790367,5,KNN,False,satimage
1236,0.8717961428098785,0.8373927334841103,0.8406941059406825,0.8457721158426219,0.8373927334841103,0,SVC,True,satimage
1237,0.8717961428098785,0.8373927334841103,0.8406941059406825,0.8457721158426219,0.8373927334841103,0,SVC,False,satimage
1238,0.8688428390984789,0.8335847741717489,0.8367122729270935,0.8417293884794717,0.8335847741717489,1,SVC,True,satimage
1239,0.8686873664616631,0.8333193813904326,0.8364428218606125,0.8414585073673756,0.8333193813904326,1,SVC,False,satimage
1240,0.8688418728297604,0.8323778604493874,0.8357009648018399,0.8412237533013022,0.8323778604493874,2,SVC,True,satimage
1241,0.8688418728297604,0.8323778604493874,0.8357009648018399,0.8412237533013022,0.8323778604493874,2,SVC,False,satimage
1242,0.86899753872032,0.8340257663549516,0.8374818141092687,0.8434042878670094,0.8340257663549516,3,SVC,True,satimage
1243,0.86899753872032,0.8340257663549516,0.8374818141092687,0.8434042878670094,0.8340257663549516,3,SVC,False,satimage
1244,0.8710180066108241,0.8333235177009976,0.8368456101604214,0.8434776192052841,0.8333235177009976,4,SVC,True,satimage
1245,0.870707254590936,0.8329775911423299,0.8365467265458942,0.8432093922214334,0.8329775911423299,4,SVC,False,satimage
1246,0.8700848809093129,0.8337239426499606,0.837108312067993,0.8430529246155742,0.8337239426499606,5,SVC,True,satimage
1247,0.8700847842824411,0.8337239426499606,0.8371313849563308,0.8430536432338381,0.8337239426499606,5,SVC,False,satimage
1248,0.8564114055267478,0.8091511998513023,0.8135128782186637,0.8245656433667342,0.8091511998513023,0,LR,True,satimage
1249,0.8564114055267478,0.8091511998513023,0.8135128782186637,0.8245656433667342,0.8091511998513023,0,LR,False,satimage
1250,0.8564104392580293,0.8101861713119344,0.8147204972866725,0.82543282393274,0.8101861713119344,1,LR,True,satimage
1251,0.8564104392580293,0.8101861713119344,0.8147204972866725,0.82543282393274,0.8101861713119344,1,LR,False,satimage
1252,0.8556336558351809,0.8075888324732402,0.8118638359376054,0.8235259045262349,0.8075888324732402,2,LR,True,satimage
1253,0.8554782798252368,0.8074803255287958,0.8117120211281692,0.8232974658176244,0.8074803255287958,2,LR,False,satimage
1254,0.8588966486708781,0.8144874315833918,0.8191608792097442,0.8302870701290054,0.8144874315833918,3,LR,True,satimage
1255,0.8588966486708781,0.8144874315833918,0.8191608792097442,0.8302870701290054,0.8144874315833918,3,LR,False,satimage
1256,0.8559432483326067,0.8088762301736369,0.8129353125744258,0.8239599557249689,0.8088762301736369,4,LR,True,satimage
1257,0.8559432483326067,0.808907919294309,0.8130334960317411,0.8240805483673151,0.808907919294309,4,LR,False,satimage
1258,0.8584311970291489,0.8126621496091997,0.8167905427884429,0.8274752817336785,0.8126621496091997,5,LR,True,satimage
1259,0.8584311970291489,0.8126621496091997,0.8167905427884429,0.8274752817336785,0.8126621496091997,5,LR,False,satimage
1260,0.7965818823842256,0.786364072307031,0.7787712744860871,0.7812546194828452,0.786364072307031,0,NB,True,satimage
1261,0.7965818823842256,0.786364072307031,0.7787712744860871,0.7812546194828452,0.786364072307031,0,NB,False,satimage
1262,0.7954927042846673,0.7853514235159819,0.7777239704841501,0.780812477688616,0.7853514235159819,1,NB,True,satimage
1263,0.7954927042846673,0.7853514235159819,0.7777239704841501,0.780812477688616,0.7853514235159819,1,NB,False,satimage
1264,0.7961139184438282,0.786221572480379,0.7782924314879953,0.7810571358093368,0.786221572480379,2,NB,True,satimage
1265,0.7961139184438282,0.786221572480379,0.7782924314879953,0.7810571358093368,0.786221572480379,2,NB,False,satimage
1266,0.7959609581056805,0.7861617632051581,0.7783552057859099,0.7817021465472006,0.7861617632051581,3,NB,True,satimage
1267,0.7959609581056805,0.7861617632051581,0.7783552057859099,0.7817021465472006,0.7861617632051581,3,NB,False,satimage
1268,0.7967361954985792,0.7862010650328206,0.7786882184755453,0.7817896124068406,0.7862010650328206,4,NB,True,satimage
1269,0.7967361954985792,0.7862010650328206,0.7786882184755453,0.7817896124068406,0.7862010650328206,4,NB,False,satimage
1270,0.7965816891304818,0.7863451456557059,0.7786874981328126,0.7817977508886008,0.7863451456557059,5,NB,True,satimage
1271,0.7965816891304818,0.7863451456557059,0.7786874981328126,0.7817977508886008,0.7863451456557059,5,NB,False,satimage
1272,0.8556339457157964,0.8304674750374393,0.8303726177781157,0.8306713096253889,0.8304674750374393,0,DT,True,satimage
1273,0.8543907443825002,0.8291680226405553,0.829078939194338,0.8294289812814151,0.8291680226405553,0,DT,False,satimage
1274,0.8458437110593707,0.8196367623138084,0.8194414815597159,0.8201148273952825,0.8196367623138084,1,DT,True,satimage
1275,0.8472421917757391,0.8209413260529114,0.8206157330205476,0.8211086968209163,0.8209413260529114,1,DT,False,satimage
1276,0.852212291556512,0.8278269258996488,0.828539993666025,0.829874517872868,0.8278269258996488,2,DT,True,satimage
1277,0.8512801321237196,0.8269325748401609,0.827443450136789,0.8286263388226439,0.8269325748401609,2,DT,False,satimage
1278,0.8601415892878677,0.8355934745260226,0.8366423545011779,0.8383432886987383,0.8355934745260226,3,DT,True,satimage
1279,0.8599862132779236,0.8356659241656584,0.8365508546793016,0.8380764349601666,0.8356659241656584,3,DT,False,satimage
1280,0.853767790939646,0.8288958700700572,0.8299659766950777,0.8314302125410394,0.8288958700700572,4,DT,True,satimage
1281,0.8533017595366857,0.8290309331583328,0.82996377096222,0.8313229330883801,0.8290309331583328,4,DT,False,satimage
1282,0.8588955857752876,0.8359713535474828,0.8363325197816414,0.837103100750672,0.8359713535474828,5,DT,True,satimage
1283,0.8592065310489195,0.8357844048325054,0.8363997888739853,0.8374149081898382,0.8357844048325054,5,DT,False,satimage
1284,0.9142207506593818,0.8877302255601099,0.894720919935528,0.9063710314359773,0.8877302255601099,0,RF,True,satimage
1285,0.9142207506593818,0.8880437619454138,0.8949902047415068,0.9064831951541227,0.8880437619454138,0,RF,False,satimage
1286,0.9167055106691526,0.8916730367810763,0.898157870219857,0.909228359595367,0.8916730367810763,1,RF,True,satimage
1287,0.9162394792661923,0.891222066097669,0.8977673350922977,0.9090312269733246,0.891222066097669,1,RF,False,satimage
1288,0.9142184316144573,0.8899407046134715,0.8963627188938074,0.9062180800400933,0.8899407046134715,2,RF,True,satimage
1289,0.9148399356542334,0.8906130679802317,0.896844957859212,0.9062725190651656,0.8906130679802317,2,RF,False,satimage
1290,0.9132862721816648,0.8874489378483597,0.8933484760644594,0.9040217111637495,0.8874489378483597,3,RF,True,satimage
1291,0.9121985434851845,0.8865097274704512,0.8922323467827457,0.9025564574033471,0.8865097274704512,3,RF,False,satimage
1292,0.9151508809278652,0.8892893851709224,0.8955772813515991,0.9072055003775715,0.8892893851709224,4,RF,True,satimage
1293,0.9156170089576976,0.8902348485117334,0.8966353438232314,0.9081682018500336,0.8902348485117334,4,RF,False,satimage
1294,0.9149962779328961,0.8892154665677596,0.8955049125491119,0.9064047123266252,0.8892154665677596,5,RF,True,satimage
1295,0.9145304397836794,0.8884592385223323,0.8948229905280668,0.9060222782462987,0.8884592385223323,5,RF,False,satimage
1296,0.9321026282853566,0.9316778827658969,0.935446999616297,0.9298234729303545,0.9412885959175243,0,KNN,True,chess
1297,0.9308510638297873,0.930398023169637,0.9342738293009658,0.9280633623159171,0.9406905097931224,0,KNN,False,chess
1298,0.9327284105131414,0.9324374563342634,0.9357173198223172,0.9327712015105066,0.938877606049132,1,KNN,True,chess
1299,0.932415519399249,0.9321942020087609,0.9353257885165115,0.9337642778457834,0.9370804791573439,1,KNN,False,chess
1300,0.9355444305381727,0.9351287106499235,0.9386405554862055,0.9332756198199594,0.9442704209837871,2,KNN,True,chess
1301,0.9321026282853566,0.9316940238443943,0.9353501096415794,0.9302996141804143,0.9406732986816289,2,KNN,False,chess
1302,0.939299123904881,0.9388098037574693,0.9423409927470082,0.9352520314747221,0.9496675386963157,3,KNN,True,chess
1303,0.9358573216520651,0.9353475102839306,0.9391111478903954,0.9317631707433779,0.9466713710371416,3,KNN,False,chess
1304,0.9367959949937421,0.9364738149124227,0.9397527674321311,0.9359101191785721,0.9436780718965498,4,KNN,True,chess
1305,0.935857321652065,0.9355753931954943,0.9387991041425101,0.9358078376559507,0.9418795107454707,4,KNN,False,chess
1306,0.9361702127659575,0.9359933182716962,0.9390159694707996,0.9381036118017025,0.9400838181129737,5,KNN,True,chess
1307,0.9346057571964955,0.9344395874343765,0.9375259751764438,0.9369623171420933,0.9382852569618946,5,KNN,False,chess
1308,0.9683979974968712,0.9690480876037992,0.9692338741850184,0.9845084918223642,0.9544780443587713,0,SVC,True,chess
1309,0.9683979974968712,0.9690480876037992,0.9692338741850184,0.9845084918223642,0.9544780443587713,0,SVC,False,chess
1310,0.9680851063829787,0.9686061245381818,0.9690346609617754,0.9815933214700728,0.9568646518192144,1,SVC,True,chess
1311,0.968397997496871,0.9689058847300283,0.9693479884110252,0.9816068711159753,0.9574641722029076,1,SVC,False,chess
1312,0.9671464330413015,0.9676313200144018,0.9681498318198685,0.9799330788558176,0.9568646518192144,2,SVC,True,chess
1313,0.9671464330413015,0.9676313200144018,0.9681498318198685,0.9799330788558176,0.9568646518192144,2,SVC,False,chess
1314,0.9671464330413017,0.9677683612516881,0.9680566851558724,0.9827209328479523,0.9538699184193316,3,SVC,True,chess
1315,0.9668335419274093,0.967441136120798,0.9677639270665042,0.9821231692926524,0.9538699184193316,3,SVC,False,chess
1316,0.9677722152690864,0.968253585857185,0.9687772334427602,0.980445442729533,0.9574684749807809,4,SVC,True,chess
1317,0.9677722152690864,0.968253585857185,0.9687772334427602,0.980445442729533,0.9574684749807809,4,SVC,False,chess
1318,0.9662077596996244,0.9667567860731062,0.9672098831362589,0.9804195426146639,0.9544680045437334,5,SVC,True,chess
1319,0.9662077596996244,0.9667293211340627,0.9672285285070437,0.979860085645633,0.9550675249274264,5,SVC,False,chess
1320,0.9671464330413015,0.9673522430867616,0.9683108231601584,0.9739469589622217,0.9628698954711828,0,LR,True,chess
1321,0.9674593241551941,0.9676520032786081,0.9686173307936919,0.9739666592920616,0.9634694158548759,0,LR,False,chess
1322,0.9693366708385482,0.9694991818699299,0.9705109617067404,0.9752614110980672,0.9658531547967368,1,LR,True,chess
1323,0.9693366708385482,0.9694991818699299,0.9705109617067404,0.9752614110980672,0.9658531547967368,1,LR,False,chess
1324,0.9693366708385481,0.9693907478882299,0.97054038178556,0.9729549993394148,0.9682454992943444,2,LR,True,chess
1325,0.9693366708385481,0.9693907478882299,0.97054038178556,0.9729549993394148,0.9682454992943444,2,LR,False,chess
1326,0.9690237797246557,0.9692011393953058,0.9702018096619235,0.9752710262828255,0.9652536344130437,3,LR,True,chess
1327,0.9693366708385481,0.9695292233848072,0.9704931798594142,0.9758644628741256,0.9652536344130437,3,LR,False,chess
1328,0.9687108886107635,0.9688504601604971,0.9699047360772681,0.9740657429438524,0.965856023315319,4,LR,True,chess
1329,0.9687108886107635,0.9688504601604971,0.9699047360772681,0.9740657429438524,0.965856023315319,4,LR,False,chess
1330,0.9687108886107634,0.9689010872607109,0.969877421275898,0.9752054871185232,0.9646483769921861,5,LR,True,chess
1331,0.9687108886107634,0.9689010872607109,0.969877421275898,0.9752054871185232,0.9646483769921861,5,LR,False,chess
1332,0.6016896120150188,0.5833080502930914,0.7233359202405267,0.567555341986193,0.997005266600117,0,NB,True,chess
1333,0.6004380475594493,0.5819991497695313,0.7227036184921423,0.5667759471708901,0.997005266600117,0,NB,False,chess
1334,0.6054443053817271,0.5872477764719066,0.7252470177796904,0.5699392683947635,0.9970038323408259,1,NB,True,chess
1335,0.6038798498122653,0.5856116508174564,0.7244573480109993,0.5689631631598795,0.9970038323408259,1,NB,False,chess
1336,0.6104505632040049,0.5926018083719176,0.7273130087347655,0.5736178036214372,0.9940062304223607,2,NB,True,chess
1337,0.6091989987484355,0.5912929078483573,0.7266746022076791,0.5728252976979632,0.9940062304223607,2,NB,False,chess
1338,0.6041927409261577,0.585972786569383,0.7245405196933425,0.5693052088679116,0.9964086147350062,3,NB,True,chess
1339,0.6032540675844806,0.5849902523181015,0.7240626117684885,0.5687115064616558,0.9964086147350062,3,NB,False,chess
1340,0.6032540675844806,0.5849561999680994,0.7241507818977299,0.568586349409915,0.997005266600117,4,NB,True,chess
1341,0.6029411764705882,0.5846281159785981,0.7239903106058896,0.5683860103746246,0.997005266600117,4,NB,False,chess
1342,0.6107634543178974,0.5928447792394886,0.7278491420527606,0.573651101215246,0.9958062258327309,5,NB,True,chess
1343,0.610450563204005,0.5925175541085986,0.7276817874174002,0.5734372330775789,0.9958062258327309,5,NB,False,chess
1344,0.9946808510638298,0.9946314370081448,0.9949108787346944,0.9940290621848533,0.9958090943513132,0,DT,True,chess
1345,0.9946808510638298,0.9946314370081448,0.9949108787346944,0.9940290621848533,0.9958090943513132,0,DT,False,chess
1346,0.9943679599499374,0.9942710183858638,0.9946250055060497,0.992871227826945,0.996405746216424,1,DT,True,chess
1347,0.9943679599499374,0.9942710183858638,0.9946250055060497,0.992871227826945,0.996405746216424,1,DT,False,chess
1348,0.9946808510638298,0.994574931141801,0.9949187492788203,0.9928527255421017,0.9970067008594081,2,DT,True,chess
1349,0.9946808510638298,0.994574931141801,0.9949187492788203,0.9928527255421017,0.9970067008594081,2,DT,False,chess
1350,0.9918648310387984,0.9918235937963863,0.9922140797537888,0.991640741715902,0.9928129266921392,3,DT,True,chess
1351,0.9918648310387984,0.9918235937963863,0.9922140797537888,0.991640741715902,0.9928129266921392,3,DT,False,chess
1352,0.9924906132665832,0.992476760012658,0.9928071758640199,0.9928085275745906,0.9928172294700125,4,DT,True,chess
1353,0.9924906132665832,0.992476760012658,0.9928071758640199,0.9928085275745906,0.9928172294700125,4,DT,False,chess
1354,0.9912390488110139,0.9910263737449726,0.9916438824333561,0.9875252282889911,0.9958047915734398,5,DT,True,chess
1355,0.9912390488110139,0.9910263737449726,0.9916438824333561,0.9875252282889911,0.9958047915734398,5,DT,False,chess
1356,0.9890488110137672,0.9888734144667083,0.9895531031663203,0.9863165324066463,0.9928129266921392,0,RF,True,chess
1357,0.9890488110137672,0.9888734144667083,0.9895531031663203,0.9863165324066463,0.9928129266921392,0,RF,False,chess
1358,0.9909261576971214,0.9908630793897324,0.9913314877165416,0.9904984876078835,0.9922076692712815,1,RF,True,chess
1359,0.9909261576971214,0.9908630793897324,0.9913314877165416,0.9904984876078835,0.9922076692712815,1,RF,False,chess
1360,0.9909261576971213,0.9907569470107518,0.9913472310914911,0.9881422036248906,0.9946114878432183,2,RF,True,chess
1361,0.9909261576971213,0.9907569470107518,0.9913472310914911,0.9881422036248906,0.9946114878432183,2,RF,False,chess
1362,0.9890488110137672,0.9889056073705222,0.9895365336025055,0.9869135344804896,0.9922177090863195,3,RF,True,chess
1363,0.9890488110137672,0.9889056073705222,0.9895365336025055,0.9869135344804896,0.9922177090863195,3,RF,False,chess
1364,0.9890488110137672,0.9889316380502747,0.9895380284521164,0.9874964251763706,0.9916153201840442,4,RF,True,chess
1365,0.9890488110137672,0.9889316380502747,0.9895380284521164,0.9874964251763706,0.9916153201840442,4,RF,False,chess
1366,0.9893617021276595,0.9892574289218736,0.9898318119125231,0.988058261296548,0.9916124516654619,5,RF,True,chess
1367,0.9893617021276595,0.9892574289218736,0.9898318119125231,0.988058261296548,0.9916124516654619,5,RF,False,chess
1368,0.935857321652065,0.9356609399891387,0.9386821613243133,0.9372851743156981,0.9400838181129737,0,KNN,True,kr_vs_kp
1369,0.9330413016270338,0.9328530967773803,0.9359857845887892,0.9348957622228898,0.9370876504537996,0,KNN,False,kr_vs_kp
1370,0.9349186483103881,0.9346598298124918,0.937801396281152,0.9352393629843717,0.9406976810895781,1,KNN,True,kr_vs_kp
1371,0.932415519399249,0.9321792117316234,0.9353790542023108,0.9333489692068413,0.937701513430404,1,KNN,False,kr_vs_kp
1372,0.9346057571964956,0.9342951084123374,0.9376523335742588,0.9341394436796084,0.9412857273989421,2,KNN,True,kr_vs_kp
1373,0.9327284105131415,0.9323866875050841,0.935904622632019,0.9318410634117974,0.940086686631556,2,KNN,False,kr_vs_kp
1374,0.9380475594493117,0.9377114942656157,0.9409681685201334,0.9366425698505327,0.9454852386033756,3,KNN,True,kr_vs_kp
1375,0.9380475594493116,0.9376825950672811,0.9410159390038568,0.9361219788699606,0.9460818904684865,3,KNN,False,kr_vs_kp
1376,0.9386733416770964,0.9383835198651842,0.9415076003291633,0.9382691913171206,0.9448728098860624,4,KNN,True,kr_vs_kp
1377,0.9355444305381728,0.9352217037131377,0.9385650165153555,0.9347835258995251,0.9424775968698724,4,KNN,False,kr_vs_kp
1378,0.9411764705882353,0.9408040549162981,0.9439924308647707,0.9390411748492143,0.9490680183126226,5,KNN,True,kr_vs_kp
1379,0.937421777221527,0.9369854953845691,0.9404798182601262,0.9344553089250369,0.9466699367778504,5,KNN,False,kr_vs_kp
1380,0.9677722152690864,0.968314961417265,0.9686447289607574,0.98162601724472,0.9562737369912683,0,SVC,True,kr_vs_kp
1381,0.9677722152690864,0.968314961417265,0.9686447289607574,0.98162601724472,0.9562737369912683,0,SVC,False,kr_vs_kp
1382,0.967459324155194,0.9680013007890385,0.9684269307749115,0.9816297131111102,0.9556584397553729,1,SVC,True,kr_vs_kp
1383,0.9668335419274092,0.9673451328100358,0.9678489750417201,0.9804682326569194,0.9556584397553729,1,SVC,False,kr_vs_kp
1384,0.968397997496871,0.9689932824850438,0.9693109420527184,0.9838162723237689,0.9556584397553727,2,SVC,True,kr_vs_kp
1385,0.968397997496871,0.9689932824850438,0.9693109420527184,0.9838162723237689,0.9556584397553727,2,SVC,False,kr_vs_kp
1386,0.9668335419274092,0.9673747406531988,0.9677703539468859,0.9809997190084918,0.9550546165938062,3,SVC,True,kr_vs_kp
1387,0.9668335419274092,0.9673747406531988,0.9677703539468859,0.9809997190084918,0.9550546165938062,3,SVC,False,kr_vs_kp
1388,0.9680851063829787,0.9685507609883806,0.9690545762619596,0.9805604005906156,0.9580593898087272,4,SVC,True,kr_vs_kp
1389,0.968397997496871,0.9688505211802272,0.9693589504316865,0.9805758794212039,0.9586589101924202,4,SVC,False,kr_vs_kp
1390,0.9677722152690863,0.9684541455586708,0.9686301529475038,0.9845906006174902,0.9532747008135118,5,SVC,True,kr_vs_kp
1391,0.9680851063829786,0.9687539057505175,0.9689420299308349,0.9845996782127746,0.9538742211972049,5,SVC,False,kr_vs_kp
1392,0.9671464330413017,0.9673263456511577,0.9683318589320803,0.9734552847724252,0.9634622445584202,0,LR,True,kr_vs_kp
1393,0.9671464330413017,0.9673263456511577,0.9683318589320803,0.9734552847724252,0.9634622445584202,0,LR,False,kr_vs_kp
1394,0.9668335419274092,0.9669596230758495,0.9681341210168808,0.972264698137729,0.9640531593863666,1,LR,True,kr_vs_kp
1395,0.9668335419274092,0.9669596230758495,0.9681341210168808,0.972264698137729,0.9640531593863666,1,LR,False,kr_vs_kp
1396,0.9668335419274092,0.9670224244104035,0.9680847416740563,0.9734202024509432,0.9628526843596894,2,LR,True,kr_vs_kp
1397,0.9668335419274092,0.9670224244104035,0.9680847416740563,0.9734202024509432,0.9628526843596894,2,LR,False,kr_vs_kp
1398,0.9690237797246558,0.9692233009688991,0.970156264387641,0.9759182195094563,0.964646942732895,3,LR,True,kr_vs_kp
1399,0.9693366708385481,0.9695223440310999,0.9704642394409472,0.9759367758808578,0.9652450288572969,3,LR,False,kr_vs_kp
1400,0.9702753441802253,0.9704781304729835,0.971373913243913,0.9771965729682092,0.9658459835002812,4,LR,True,kr_vs_kp
1401,0.9702753441802253,0.9704781304729835,0.971373913243913,0.9771965729682092,0.9658459835002812,4,LR,False,kr_vs_kp
1402,0.9693366708385481,0.9693824427600486,0.9705859013934668,0.9729783953170495,0.9682426307757621,5,LR,True,kr_vs_kp
1403,0.9693366708385481,0.9693824427600486,0.9705859013934668,0.9729783953170495,0.9682426307757621,5,LR,False,kr_vs_kp
1404,0.6023153942428036,0.5843270265381584,0.7222233748386547,0.5687094062544652,0.9898311016258763,0,NB,True,kr_vs_kp
1405,0.6023153942428036,0.5843270265381584,0.7222233748386547,0.5687094062544652,0.9898311016258763,0,NB,False,kr_vs_kp
1406,0.5998122653316647,0.5814004697079327,0.7223521224685624,0.5671919044651869,0.9952067054490379,1,NB,True,kr_vs_kp
1407,0.5985607008760951,0.5800615276694951,0.7218662353884944,0.5663991725919644,0.9958062258327309,1,NB,False,kr_vs_kp
1408,0.5963704630788486,0.5778379241884263,0.7203432232124838,0.5644936177499982,0.9952067054490379,2,NB,True,kr_vs_kp
1409,0.5960575719649562,0.5775098401989249,0.7201833142375926,0.5642943863235395,0.9952067054490379,2,NB,False,kr_vs_kp
1410,0.6045056320400501,0.5865561913881576,0.723547129536028,0.5702019041652276,0.9904091081202024,3,NB,True,kr_vs_kp
1411,0.6038798498122653,0.585874276187334,0.7233548272184385,0.5697527022170261,0.9910086285038955,3,NB,False,kr_vs_kp
1412,0.6073216520650814,0.5892144024262096,0.7262680053800848,0.5715189281756163,0.996405746216424,4,NB,True,kr_vs_kp
1413,0.6066958698372966,0.5885599521644295,0.7259625470751434,0.5711491497404547,0.996405746216424,4,NB,False,kr_vs_kp
1414,0.6135794743429287,0.5958280288681088,0.7292522686006716,0.5754099941733062,0.9958105286106044,5,NB,True,kr_vs_kp
1415,0.6126408010012515,0.5948446357582161,0.7287587934222898,0.5747836402193777,0.9958105286106044,5,NB,False,kr_vs_kp
1416,0.994055068836045,0.9940284811900066,0.9943091794079335,0.9940133052794475,0.9946100535839271,0,DT,True,kr_vs_kp
1417,0.994055068836045,0.9940284811900066,0.9943091794079335,0.9940133052794475,0.9946100535839271,0,DT,False,kr_vs_kp
1418,0.9931163954943679,0.9929357952398028,0.9934380771112983,0.9899283898684258,0.9970023980815348,1,DT,True,kr_vs_kp
1419,0.9931163954943679,0.9929357952398028,0.9934380771112983,0.9899283898684258,0.9970023980815348,1,DT,False,kr_vs_kp
1420,0.9956195244055069,0.9954727774580494,0.9958183990442054,0.9928543016251847,0.998802393491905,2,DT,True,kr_vs_kp
1421,0.9956195244055069,0.9954727774580494,0.9958183990442054,0.9928543016251847,0.998802393491905,2,DT,False,kr_vs_kp
1422,0.9949937421777221,0.9949283286814091,0.9952124433481186,0.9940262689757982,0.9964028776978417,3,DT,True,kr_vs_kp
1423,0.9949937421777221,0.9949283286814091,0.9952124433481186,0.9940262689757982,0.9964028776978417,3,DT,False,kr_vs_kp
1424,0.9959324155193992,0.9959371855551913,0.9961034377128979,0.9964085526239539,0.9958062258327309,4,DT,True,kr_vs_kp
1425,0.9959324155193992,0.9959371855551913,0.9961034377128979,0.9964085526239539,0.9958062258327309,4,DT,False,kr_vs_kp
1426,0.9956195244055068,0.9955830708859377,0.9958119577230098,0.995222420832985,0.9964086147350062,5,DT,True,kr_vs_kp
1427,0.9956195244055068,0.9955830708859377,0.9958119577230098,0.995222420832985,0.9964086147350062,5,DT,False,kr_vs_kp
1428,0.9918648310387985,0.9917918345642865,0.9922276940337642,0.9910543127162588,0.9934124470758322,0,RF,True,kr_vs_kp
1429,0.9918648310387985,0.9917918345642865,0.9922276940337642,0.9910543127162588,0.9934124470758322,0,RF,False,kr_vs_kp
1430,0.9912390488110138,0.9910286668628749,0.9916431857228414,0.9875252282889911,0.995807660092022,1,RF,True,kr_vs_kp
1431,0.9912390488110138,0.9910286668628749,0.9916431857228414,0.9875252282889911,0.995807660092022,1,RF,False,kr_vs_kp
1432,0.9915519399249061,0.9914368525516044,0.9919268603561116,0.9898637550562042,0.9940062304223607,2,RF,True,kr_vs_kp
1433,0.9915519399249061,0.9914368525516044,0.9919268603561116,0.9898637550562042,0.9940062304223607,2,RF,False,kr_vs_kp
1434,0.9893617021276596,0.9892828842009461,0.9898102147353645,0.9886287752884597,0.9910071942446044,3,RF,True,kr_vs_kp
1435,0.9893617021276596,0.9892828842009461,0.9898102147353645,0.9886287752884597,0.9910071942446044,3,RF,False,kr_vs_kp
1436,0.9909261576971214,0.9907844119497953,0.9913345326878438,0.9886776161680192,0.9940119674595252,4,RF,True,kr_vs_kp
1437,0.9909261576971214,0.9907844119497953,0.9913345326878438,0.9886776161680192,0.9940119674595252,4,RF,False,kr_vs_kp
1438,0.9903003754693366,0.9901547083222593,0.9907541936478719,0.988131722499048,0.9934138813351233,5,RF,True,kr_vs_kp
1439,0.990613266583229,0.9904819334531493,0.9910486201192947,0.9887129354554753,0.9934138813351233,5,RF,False,kr_vs_kp
1440,0.9768683274021353,0.9768527211741129,0.9769081753814228,0.9772729502454557,0.9768527211741129,0,KNN,True,optdigits
1441,0.9765124555160143,0.9764981112450348,0.9765512693722667,0.9769025885260484,0.9764981112450348,0,KNN,False,optdigits
1442,0.9772241992882562,0.9772212466583834,0.9772579876875369,0.9775347018545667,0.9772212466583834,1,KNN,True,optdigits
1443,0.9774021352313167,0.9774073823402849,0.9774504867755356,0.977739984137361,0.9774073823402849,1,KNN,False,optdigits
1444,0.9768683274021353,0.9768652802638447,0.9768760891814958,0.9771990276625807,0.9768652802638447,2,KNN,True,optdigits
1445,0.9768683274021351,0.9768653337871782,0.9768808108739151,0.9771800867506037,0.9768653337871782,2,KNN,False,optdigits
1446,0.9775800711743773,0.9775908051462794,0.9776456759189615,0.9779249330954405,0.9775908051462794,3,KNN,True,optdigits
1447,0.9774021352313168,0.9774135001817403,0.9774647415008235,0.9777391476942279,0.9774135001817403,3,KNN,False,optdigits
1448,0.9779359430604982,0.9779200249663065,0.9779576457313299,0.9783505328583109,0.9779200249663065,4,KNN,True,optdigits
1449,0.9779359430604982,0.9779187938031035,0.9779576550614861,0.9783568197125229,0.9779187938031035,4,KNN,False,optdigits
1450,0.9772241992882563,0.977223383212279,0.9772440986771881,0.9774689183325512,0.977223383212279,5,KNN,True,optdigits
1451,0.9781138790035587,0.9781062509796046,0.9781372859935202,0.978388666178906,0.9781062509796046,5,KNN,False,optdigits
1452,0.9770462633451957,0.977042550719837,0.9771151442747137,0.977476736850116,0.977042550719837,0,SVC,True,optdigits
1453,0.9766903914590747,0.9766891541164404,0.9767681443409548,0.9771235291240629,0.9766891541164404,0,SVC,False,optdigits
1454,0.9797153024911033,0.9796831038440416,0.9797120218559823,0.9800028500764667,0.9796831038440416,1,SVC,True,optdigits
1455,0.9795373665480428,0.9795057988795025,0.9795376067240443,0.9798382564342266,0.9795057988795025,1,SVC,False,optdigits
1456,0.9791814946619217,0.9791716718261161,0.9792190231787479,0.9794582612031901,0.9791716718261161,2,SVC,True,optdigits
1457,0.9786476868327403,0.9786384544084408,0.9786792477292339,0.9789146288096499,0.9786384544084408,2,SVC,False,optdigits
1458,0.9814946619217082,0.9814920332811236,0.9815509966871245,0.981772993704019,0.9814920332811236,3,SVC,True,optdigits
1459,0.9814946619217082,0.9814907668170911,0.9815522586441676,0.9817743493556594,0.9814907668170911,3,SVC,False,optdigits
1460,0.9779359430604982,0.9779000795688423,0.9779162537778967,0.9782242856746615,0.9779000795688423,4,SVC,True,optdigits
1461,0.9779359430604982,0.9779000795688423,0.9779162537778967,0.9782242856746615,0.9779000795688423,4,SVC,False,optdigits
1462,0.9798932384341636,0.979893595464872,0.9799063159598354,0.9800623557572907,0.979893595464872,5,SVC,True,optdigits
1463,0.9798932384341636,0.979893595464872,0.9799063159598354,0.9800623557572907,0.979893595464872,5,SVC,False,optdigits
1464,0.9704626334519573,0.9704913078085264,0.9704714271844582,0.9707196074141154,0.9704913078085264,0,LR,True,optdigits
1465,0.9704626334519573,0.9704951075856061,0.970471933415058,0.9707247167916518,0.9704951075856061,0,LR,False,optdigits
1466,0.9699288256227758,0.9699388766856187,0.9699219969577727,0.9701391889222865,0.9699388766856187,1,LR,True,optdigits
1467,0.9699288256227757,0.9699414278361876,0.9699219003558566,0.9701288516804502,0.9699414278361876,1,LR,False,optdigits
1468,0.9702846975088968,0.9702925222324134,0.9702992590870261,0.970537048944293,0.9702925222324134,2,LR,True,optdigits
1469,0.9704626334519573,0.9704685785704416,0.9704737423613781,0.9707234969550593,0.9704685785704416,2,LR,False,optdigits
1470,0.9701067615658363,0.9701452939702975,0.9701848416227217,0.9704203314549136,0.9701452939702975,3,LR,True,optdigits
1471,0.9704626334519573,0.9705075581322061,0.970540903016382,0.9707706129493205,0.9705075581322061,3,LR,False,optdigits
1472,0.9711743772241992,0.9711750448824734,0.9711849469240422,0.9714768596441581,0.9711750448824734,4,LR,True,optdigits
1473,0.9715302491103204,0.9715334724261528,0.9715453498166019,0.9718403697153823,0.9715334724261528,4,LR,False,optdigits
1474,0.9685053380782918,0.9684985204136698,0.9685048007255536,0.9687077954702312,0.9684985204136698,5,LR,True,optdigits
1475,0.9685053380782918,0.9684972357271333,0.9685068917182337,0.9687056896949209,0.9684972357271333,5,LR,False,optdigits
1476,0.7147686832740213,0.7160441702478646,0.7059418975466749,0.8171010597513466,0.7160441702478646,0,NB,True,optdigits
1477,0.7094306049822063,0.7107332451037283,0.6995667318667865,0.8148604576693633,0.7107332451037283,0,NB,False,optdigits
1478,0.7286476868327403,0.7297149727336295,0.720449885793037,0.82318555412511,0.7297149727336295,1,NB,True,optdigits
1479,0.7261565836298932,0.7272399281205182,0.717735832247861,0.8221029307276929,0.7272399281205182,1,NB,False,optdigits
1480,0.7282918149466192,0.7293622617764999,0.7200862335289073,0.8222915478600608,0.7293622617764999,2,NB,True,optdigits
1481,0.7220640569395017,0.7231698974286221,0.712614336953013,0.8197314365532077,0.7231698974286221,2,NB,False,optdigits
1482,0.7046263345195729,0.7058200398312873,0.6986571177748866,0.816061012535486,0.7058200398312873,3,NB,True,optdigits
1483,0.699288256227758,0.7004976432139327,0.6930049623623118,0.8144675922865702,0.7004976432139327,3,NB,False,optdigits
1484,0.7103202846975089,0.7115686333225055,0.7062085736103654,0.8167108132402651,0.7115686333225055,4,NB,True,optdigits
1485,0.7058718861209965,0.7071303903143503,0.7009176736486382,0.8147117161666001,0.7071303903143503,4,NB,False,optdigits
1486,0.7097864768683274,0.7110158559277752,0.7012183481903476,0.814364384384725,0.7110158559277752,5,NB,True,optdigits
1487,0.7051601423487546,0.7064190927471458,0.6955341775449617,0.812256980321677,0.7064190927471458,5,NB,False,optdigits
1488,0.896797153024911,0.89689317251633,0.8970832338440405,0.8983376975529085,0.89689317251633,0,DT,True,optdigits
1489,0.896085409252669,0.8962103734494065,0.8963427476388965,0.897547806450713,0.8962103734494065,0,DT,False,optdigits
1490,0.8937722419928826,0.893810173038524,0.8939433639905006,0.8952571330219172,0.893810173038524,1,DT,True,optdigits
1491,0.8943060498220641,0.8943410208049511,0.8944360520961905,0.8956544833460984,0.8943410208049511,1,DT,False,optdigits
1492,0.893594306049822,0.8937170364714699,0.8938988038256169,0.8947746609222099,0.8937170364714699,2,DT,True,optdigits
1493,0.8951957295373666,0.8953193473178724,0.8955427946079704,0.8965028078526981,0.8953193473178724,2,DT,False,optdigits
1494,0.894661921708185,0.8946773058394134,0.8946741801508353,0.895281182992292,0.8946773058394134,3,DT,True,optdigits
1495,0.8953736654804271,0.8953929681450388,0.8954526999053258,0.8960528886741035,0.8953929681450388,3,DT,False,optdigits
1496,0.8976868327402135,0.8977253124116222,0.8979271824515548,0.8987891132295345,0.8977253124116222,4,DT,True,optdigits
1497,0.8976868327402135,0.8977278100388575,0.8979283301167187,0.8987251399005489,0.8977278100388575,4,DT,False,optdigits
1498,0.901423487544484,0.9015034313674417,0.9017767135162138,0.9029910710544546,0.9015034313674417,5,DT,True,optdigits
1499,0.901779359430605,0.9018467843127769,0.9021248758454503,0.9033912283270512,0.9018467843127769,5,DT,False,optdigits
1500,0.9827402135231317,0.9827425025122225,0.9827700354507524,0.9830108853774833,0.9827425025122225,0,RF,True,optdigits
1501,0.9832740213523132,0.9832795918489561,0.9833048691399358,0.983538678592569,0.9832795918489561,0,RF,False,optdigits
1502,0.9806049822064056,0.9805955396049172,0.9806144678142953,0.9807815208918074,0.9805955396049172,1,RF,True,optdigits
1503,0.9804270462633451,0.9804182346403782,0.9804326382928691,0.9806024484843912,0.9804182346403782,1,RF,False,optdigits
1504,0.9800711743772242,0.9800814850867264,0.9800765561608713,0.9802193755440674,0.9800814850867264,2,RF,True,optdigits
1505,0.9797153024911032,0.9797280702608258,0.9797213977740529,0.9798829816911309,0.9797280702608258,2,RF,False,optdigits
1506,0.980782918149466,0.9807970027672667,0.9808204507826781,0.981019362467128,0.9807970027672667,3,RF,True,optdigits
1507,0.9811387900355872,0.9811516487563704,0.9811773298862159,0.981375050517111,0.9811516487563704,3,RF,False,optdigits
1508,0.9822064056939502,0.9821964172667752,0.9822048590798587,0.9824238486402392,0.9821964172667752,4,RF,True,optdigits
1509,0.9825622775800712,0.9825498138701718,0.9825618614155647,0.9827766274394227,0.9825498138701718,4,RF,False,optdigits
1510,0.9823843416370107,0.9823992057747196,0.9824194915937047,0.982586168699207,0.9823992057747196,5,RF,True,optdigits
1511,0.9823843416370106,0.9823953330964647,0.9824180195639748,0.9825687234767067,0.9823953330964647,5,RF,False,optdigits
1512,0.6474278544542033,0.6708634968616288,0.635033379354804,0.6685553810470938,0.6708634968616288,0,KNN,True,splice
1513,0.6461731493099121,0.669593352197278,0.6338005756297619,0.6675890286786449,0.669593352197278,0,KNN,False,splice
1514,0.6342534504391468,0.6577155288921586,0.6236895485588365,0.6613334381284844,0.6577155288921586,1,KNN,True,splice
1515,0.633939774153074,0.6577437565703381,0.6234075223439958,0.6601990581967699,0.6577437565703381,1,KNN,False,splice
1516,0.6411543287327478,0.6680042836014463,0.6299666611278425,0.6639502685397571,0.6680042836014463,2,KNN,True,splice
1517,0.6386449184441656,0.6659307238777284,0.6277674127835365,0.6630405694767375,0.6659307238777284,2,KNN,False,splice
1518,0.6398996235884568,0.6625605518749709,0.6256043846366984,0.6604242065758685,0.6625605518749709,3,KNN,True,splice
1519,0.6389585947302383,0.6617247107658829,0.6248185882566437,0.6604935697757618,0.6617247107658829,3,KNN,False,splice
1520,0.6370765370138017,0.664471762202367,0.6265141695896456,0.6638454201678818,0.664471762202367,4,KNN,True,splice
1521,0.6361355081555835,0.6629301221457955,0.625578251577557,0.6631297402788585,0.6629301221457955,4,KNN,False,splice
1522,0.6452321204516939,0.6706143436141562,0.6348274865245905,0.6697978836333638,0.6706143436141562,5,KNN,True,splice
1523,0.6461731493099122,0.6721473814644965,0.6364522454654966,0.6707925872177684,0.6721473814644965,5,KNN,False,splice
1524,0.8252823086574657,0.8253047140075492,0.8144291695991378,0.8067167953525313,0.8253047140075492,0,SVC,True,splice
1525,0.8259096612296111,0.8259400535782462,0.8151317687562291,0.8074792873299366,0.8259400535782462,0,SVC,False,splice
1526,0.8309284818067754,0.8312584274910353,0.8210870685533036,0.813699761199663,0.8312584274910353,1,SVC,True,splice
1527,0.8303011292346298,0.8306248729363426,0.8203884195070561,0.8129997290174635,0.8306248729363426,1,SVC,False,splice
1528,0.8252823086574654,0.8269331920847591,0.8146224333460588,0.8064372773247748,0.8269331920847591,2,SVC,True,splice
1529,0.8259096612296111,0.8275685081073034,0.8152544548632068,0.8071066287927477,0.8275685081073034,2,SVC,False,splice
1530,0.8290464240903388,0.8300814658407721,0.8184910097730127,0.8104443813469381,0.8300814658407721,3,SVC,True,splice
1531,0.828732747804266,0.8298796902152678,0.8182081448511377,0.8100806043257512,0.8298796902152678,3,SVC,False,splice
1532,0.8299874529485571,0.8294845762383918,0.8192033247694898,0.8123752934720362,0.8294845762383918,4,SVC,True,splice
1533,0.8309284818067755,0.8303244276639208,0.8201062445096399,0.813286412660679,0.8303244276639208,4,SVC,False,splice
1534,0.8252823086574655,0.8241668932755227,0.8139274388747784,0.8070910764140703,0.8241668932755227,5,SVC,True,splice
1535,0.8249686323713927,0.8241983681119203,0.8137209120644954,0.8068024455968484,0.8241983681119203,5,SVC,False,splice
1536,0.8281053952321205,0.8263963878318943,0.8179431203301748,0.8118777366289894,0.8263963878318943,0,LR,True,splice
1537,0.8281053952321205,0.8263963878318943,0.8179431203301748,0.8118777366289894,0.8263963878318943,0,LR,False,splice
1538,0.8306148055207025,0.8287360501774922,0.8203635052503131,0.8140187235029945,0.8287360501774922,1,LR,True,splice
1539,0.8309284818067754,0.8289378258029967,0.8206464552284523,0.8143561048823442,0.8289378258029967,1,LR,False,splice
1540,0.8255959849435383,0.8233926095862016,0.814515287514383,0.8078335674809523,0.8233926095862016,2,LR,True,splice
1541,0.8259096612296111,0.8235938978309681,0.8148068977093373,0.8081998714047585,0.8235938978309681,2,LR,False,splice
1542,0.8293601003764116,0.8284333796996625,0.819134820268921,0.8126147369320955,0.8284333796996625,3,LR,True,splice
1543,0.8293601003764116,0.8284333796996625,0.819134820268921,0.8126147369320955,0.8284333796996625,3,LR,False,splice
1544,0.828732747804266,0.8272538213439307,0.8184720885325966,0.812424473177685,0.8272538213439307,4,LR,True,splice
1545,0.828732747804266,0.8272538213439307,0.8184720885325966,0.812424473177685,0.8272538213439307,4,LR,False,splice
1546,0.8259096612296111,0.8240908201511645,0.8147598092594784,0.8083268709219494,0.8240908201511645,5,LR,True,splice
1547,0.8259096612296111,0.8240908201511645,0.8147598092594784,0.8083268709219494,0.8240908201511645,5,LR,False,splice
1548,0.9134253450439147,0.9226494828838702,0.9059944542828514,0.8961058106380961,0.9226494828838702,0,NB,True,splice
1549,0.9137390213299874,0.9230857830583902,0.9064050378807424,0.8964622211356493,0.9230857830583902,0,NB,False,splice
1550,0.9099749058971142,0.9188783515048007,0.9017714983010324,0.8923722353678344,0.9188783515048007,1,NB,True,splice
1551,0.9099749058971142,0.9188783515048007,0.9017714983010324,0.8923722353678344,0.9188783515048007,1,NB,False,splice
1552,0.907465495608532,0.9153361153205434,0.8987739712210935,0.8916310280583243,0.9153361153205434,2,NB,True,splice
1553,0.907465495608532,0.9153361153205434,0.8987739712210935,0.8916310280583243,0.9153361153205434,2,NB,False,splice
1554,0.9159347553324968,0.9256567308288562,0.9090557843117911,0.8992579473004554,0.9256567308288562,3,NB,True,splice
1555,0.9159347553324968,0.9256567308288562,0.9090557843117911,0.8992579473004554,0.9256567308288562,3,NB,False,splice
1556,0.9149937264742786,0.9245897126616863,0.9079247510066634,0.8980886509425311,0.9245897126616863,4,NB,True,splice
1557,0.9149937264742786,0.9245897126616863,0.9079247510066634,0.8980886509425311,0.9245897126616863,4,NB,False,splice
1558,0.890840652446675,0.8912629574944587,0.8738544762076355,0.878834582158938,0.8912629574944587,5,NB,True,splice
1559,0.890840652446675,0.8912629574944587,0.8738544762076355,0.878834582158938,0.8912629574944587,5,NB,False,splice
1560,0.9077791718946047,0.8988139192754762,0.8987760859106025,0.8992922461537346,0.8988139192754762,0,DT,True,splice
1561,0.9077791718946049,0.8988139192754762,0.8988629752272143,0.8994351724050041,0.8988139192754762,0,DT,False,splice
1562,0.9065244667503137,0.8973437224010228,0.897018795678065,0.8971446714169825,0.8973437224010228,1,DT,True,splice
1563,0.9068381430363865,0.8975427382490471,0.8972333843141275,0.8974046233576073,0.8975427382490471,1,DT,False,splice
1564,0.9140526976160602,0.9065825296756063,0.9055952186350531,0.9050656710818691,0.9065825296756063,2,DT,True,splice
1565,0.9143663739021329,0.9072488096056573,0.9059896891888982,0.9051381879554461,0.9072488096056573,2,DT,False,splice
1566,0.9118569636135508,0.906571499024907,0.9037878177192119,0.901740056146405,0.906571499024907,3,DT,True,splice
1567,0.9112296110414052,0.9059339106056203,0.9031584180484173,0.9011574099885843,0.9059339106056203,3,DT,False,splice
1568,0.9156210790464241,0.9108533309671729,0.9067741739081169,0.9039514196668456,0.9108533309671729,4,DT,True,splice
1569,0.9153074027603514,0.9099479581464688,0.9060966296158552,0.9036012465566325,0.9099479581464688,4,DT,False,splice
1570,0.9018193224592221,0.8928960138186192,0.8919501403664865,0.8912255167823131,0.8928960138186192,5,DT,True,splice
1571,0.9011919698870765,0.892023413469579,0.8911318843097576,0.8904842543129201,0.892023413469579,5,DT,False,splice
1572,0.9513801756587201,0.9468567586934628,0.945729787349704,0.944911272175721,0.9468567586934628,0,RF,True,splice
1573,0.951693851944793,0.9472930588679829,0.9461430578778769,0.9452704818587497,0.9472930588679829,0,RF,False,splice
1574,0.9551442910915935,0.9513858393080763,0.9503478814646074,0.9495926694758285,0.9513858393080763,1,RF,True,splice
1575,0.9538895859473024,0.9498869654271556,0.9490340121789548,0.9485022244058746,0.9498869654271556,1,RF,False,splice
1576,0.9548306148055208,0.9493116192374514,0.9492466451738795,0.9494485271187607,0.9493116192374514,2,RF,True,splice
1577,0.954516938519448,0.9495771076939741,0.9490807202662415,0.9488641020083243,0.9495771076939741,2,RF,False,splice
1578,0.9535759096612297,0.9492167629030481,0.9483245879487198,0.9477036635235706,0.9492167629030481,3,RF,True,splice
1579,0.9532622333751568,0.9494904835957058,0.9481543372741601,0.9471045044501528,0.9494904835957058,3,RF,False,splice
1580,0.9532622333751568,0.9499510949944532,0.9479130826662441,0.9465581918165793,0.9499510949944532,4,RF,True,splice
1581,0.9535759096612295,0.950154655635962,0.9482028635452255,0.946873947905909,0.950154655635962,4,RF,False,splice
1582,0.954516938519448,0.951208674232437,0.9497490864506066,0.9486389397889754,0.951208674232437,5,RF,True,splice
1583,0.9551442910915935,0.9520807636525864,0.9507287139683388,0.9497258819086423,0.9520807636525864,5,RF,False,splice
1584,0.9818181818181817,0.9818181818181818,0.9818127989146834,0.9820764266002469,0.9818181818181818,0,KNN,True,texture
1585,0.9821818181818182,0.9821818181818182,0.9821765677686369,0.9824365419234508,0.9821818181818182,0,KNN,False,texture
1586,0.9812727272727273,0.9812727272727273,0.9812980935090013,0.9816081478683725,0.9812727272727273,1,KNN,True,texture
1587,0.9812727272727273,0.9812727272727273,0.9812980935090013,0.9816081478683725,0.9812727272727273,1,KNN,False,texture
1588,0.9840000000000001,0.984,0.9839841750785452,0.9843002693436552,0.984,2,KNN,True,texture
1589,0.9840000000000001,0.984,0.9839841750785452,0.9843002693436552,0.984,2,KNN,False,texture
1590,0.9812727272727273,0.9812727272727273,0.9812707784999957,0.9816083371262505,0.9812727272727273,3,KNN,True,texture
1591,0.9810909090909091,0.9810909090909091,0.9810915722722522,0.9814439832617887,0.9810909090909091,3,KNN,False,texture
1592,0.983090909090909,0.9830909090909091,0.9830884057749885,0.9834055374114331,0.9830909090909091,4,KNN,True,texture
1593,0.9829090909090908,0.982909090909091,0.9829044144674912,0.9832193902252859,0.982909090909091,4,KNN,False,texture
1594,0.9814545454545455,0.9814545454545454,0.9814721373210981,0.9817590970785189,0.9814545454545454,5,KNN,True,texture
1595,0.9814545454545455,0.9814545454545454,0.9814747274683256,0.9817817670159575,0.9814545454545454,5,KNN,False,texture
1596,0.9976363636363637,0.9976363636363638,0.9976377310672636,0.9976548926439985,0.9976363636363638,0,SVC,True,texture
1597,0.9976363636363637,0.9976363636363638,0.9976377310672636,0.9976548926439985,0.9976363636363638,0,SVC,False,texture
1598,0.9978181818181819,0.9978181818181819,0.9978181323617279,0.9978310768338707,0.9978181818181819,1,SVC,True,texture
1599,0.9978181818181819,0.9978181818181819,0.9978181323617279,0.9978310768338707,0.9978181818181819,1,SVC,False,texture
1600,0.9974545454545455,0.9974545454545455,0.9974544115526676,0.9974816908368034,0.9974545454545455,2,SVC,True,texture
1601,0.9974545454545455,0.9974545454545455,0.9974544115526676,0.9974816908368034,0.9974545454545455,2,SVC,False,texture
1602,0.996909090909091,0.9969090909090911,0.9969097716461383,0.9969234522004398,0.9969090909090911,3,SVC,True,texture
1603,0.996909090909091,0.9969090909090911,0.9969097716461383,0.9969234522004398,0.9969090909090911,3,SVC,False,texture
1604,0.9981818181818183,0.9981818181818182,0.998182501828003,0.9981947364717241,0.9981818181818182,4,SVC,True,texture
1605,0.9983636363636365,0.9983636363636363,0.9983643403749005,0.9983722710980776,0.9983636363636363,4,SVC,False,texture
1606,0.9981818181818183,0.9981818181818183,0.9981817920688463,0.9981904074673951,0.9981818181818183,5,SVC,True,texture
1607,0.9981818181818183,0.9981818181818183,0.9981817920688463,0.9981904074673951,0.9981818181818183,5,SVC,False,texture
1608,0.9941818181818182,0.9941818181818182,0.9941873810626344,0.994241765165168,0.9941818181818182,0,LR,True,texture
1609,0.9941818181818182,0.9941818181818182,0.9941873810626344,0.994241765165168,0.9941818181818182,0,LR,False,texture
1610,0.9941818181818182,0.9941818181818182,0.9941871414691185,0.9942623910834318,0.9941818181818182,1,LR,True,texture
1611,0.9943636363636363,0.9943636363636363,0.994369698784707,0.9944441854233694,0.9943636363636363,1,LR,False,texture
1612,0.9943636363636363,0.9943636363636364,0.9943653465027869,0.9944369260503769,0.9943636363636364,2,LR,True,texture
1613,0.9945454545454546,0.9945454545454546,0.9945478889894491,0.9946216767835148,0.9945454545454546,2,LR,False,texture
1614,0.9949090909090909,0.9949090909090909,0.9949094278176498,0.9949682166901277,0.9949090909090909,3,LR,True,texture
1615,0.9949090909090909,0.9949090909090909,0.9949094278176498,0.9949682166901277,0.9949090909090909,3,LR,False,texture
1616,0.994,0.994,0.9939959474368915,0.9940442317720743,0.994,4,LR,True,texture
1617,0.994,0.994,0.9939959474368915,0.9940442317720743,0.994,4,LR,False,texture
1618,0.994909090909091,0.994909090909091,0.9949125337204794,0.9949501699094749,0.994909090909091,5,LR,True,texture
1619,0.994909090909091,0.994909090909091,0.9949125337204794,0.9949501699094749,0.994909090909091,5,LR,False,texture
1620,0.7729090909090909,0.7729090909090909,0.7690234076105816,0.7756020879543107,0.7729090909090909,0,NB,True,texture
1621,0.7729090909090909,0.7729090909090909,0.7690234076105816,0.7756020879543107,0.7729090909090909,0,NB,False,texture
1622,0.776,0.776,0.7728667980718047,0.7798842211497967,0.776,1,NB,True,texture
1623,0.776,0.776,0.7728667980718047,0.7798842211497967,0.776,1,NB,False,texture
1624,0.7763636363636364,0.7763636363636364,0.7728520376387484,0.7791483634114973,0.7763636363636364,2,NB,True,texture
1625,0.7763636363636364,0.7763636363636364,0.7728520376387484,0.7791483634114973,0.7763636363636364,2,NB,False,texture
1626,0.776,0.776,0.7726482780547281,0.7791706301561759,0.776,3,NB,True,texture
1627,0.776,0.776,0.7726482780547281,0.7791706301561759,0.776,3,NB,False,texture
1628,0.7756363636363636,0.7756363636363636,0.7718508909206828,0.7778517620386091,0.7756363636363636,4,NB,True,texture
1629,0.7756363636363636,0.7756363636363636,0.7718508909206828,0.7778517620386091,0.7756363636363636,4,NB,False,texture
1630,0.7759999999999999,0.776,0.7725810288339546,0.7797937602153814,0.776,5,NB,True,texture
1631,0.7759999999999999,0.776,0.7725810288339546,0.7797937602153814,0.776,5,NB,False,texture
1632,0.9201818181818182,0.9201818181818182,0.9203438238732432,0.9211593618307812,0.9201818181818182,0,DT,True,texture
1633,0.9196363636363637,0.9196363636363636,0.9198049348229187,0.9206102240109054,0.9196363636363636,0,DT,False,texture
1634,0.9261818181818182,0.9261818181818181,0.9262294569231723,0.9274161782113406,0.9261818181818181,1,DT,True,texture
1635,0.9258181818181818,0.9258181818181818,0.9258616730177642,0.9269439522346601,0.9258181818181818,1,DT,False,texture
1636,0.9236363636363636,0.9236363636363636,0.9237790586528978,0.9243980512180225,0.9236363636363636,2,DT,True,texture
1637,0.9238181818181819,0.9238181818181819,0.923946366588067,0.9245318958926606,0.9238181818181819,2,DT,False,texture
1638,0.9223636363636363,0.9223636363636364,0.9223926516138252,0.9229555861118313,0.9223636363636364,3,DT,True,texture
1639,0.9223636363636364,0.9223636363636364,0.9223858259820155,0.9229906543423867,0.9223636363636364,3,DT,False,texture
1640,0.9198181818181819,0.9198181818181816,0.9198328640137969,0.9205432365412425,0.9198181818181816,4,DT,True,texture
1641,0.9198181818181819,0.9198181818181816,0.9198437126775405,0.9205489327806298,0.9198181818181816,4,DT,False,texture
1642,0.9245454545454546,0.9245454545454544,0.9246430545226038,0.9256202230720791,0.9245454545454544,5,DT,True,texture
1643,0.9243636363636364,0.9243636363636364,0.9244619731506323,0.9254503225946158,0.9243636363636364,5,DT,False,texture
1644,0.9767272727272727,0.9767272727272727,0.9767538316541968,0.97710738660166,0.9767272727272727,0,RF,True,texture
1645,0.976909090909091,0.976909090909091,0.9769303654413033,0.9772656333332215,0.976909090909091,0,RF,False,texture
1646,0.978,0.978,0.9780472454878452,0.9782598157848579,0.978,1,RF,True,texture
1647,0.9778181818181818,0.9778181818181818,0.9778690782735333,0.9780853289813387,0.9778181818181818,1,RF,False,texture
1648,0.9772727272727273,0.9772727272727273,0.9773109180859227,0.9776540295350793,0.9772727272727273,2,RF,True,texture
1649,0.9772727272727273,0.9772727272727273,0.9773109180859227,0.9776540295350793,0.9772727272727273,2,RF,False,texture
1650,0.976,0.976,0.9760255690968633,0.9762464387081744,0.976,3,RF,True,texture
1651,0.976,0.976,0.9760255690968633,0.9762464387081744,0.976,3,RF,False,texture
1652,0.9763636363636363,0.9763636363636363,0.9763921928119094,0.9767039868832601,0.9763636363636363,4,RF,True,texture
1653,0.9761818181818182,0.9761818181818183,0.9762115862751921,0.9765325529920396,0.9761818181818183,4,RF,False,texture
1654,0.9754545454545456,0.9754545454545454,0.9754757080382912,0.9756863813312102,0.9754545454545454,5,RF,True,texture
1655,0.9758181818181819,0.9758181818181817,0.9758451447357271,0.9760754462133621,0.9758181818181817,5,RF,False,texture
1656,0.7403846153846153,0.7316633597883598,0.6760583422931401,0.7921802588312212,0.5979166666666667,0,KNN,True,sonar
1657,0.7403846153846153,0.731084656084656,0.6704564172432048,0.8004725180425981,0.5875,0,KNN,False,sonar
1658,0.7596153846153847,0.7486871693121693,0.6943422519509477,0.8553571428571428,0.59625,1,KNN,True,sonar
1659,0.764423076923077,0.7538955026455025,0.7047888229238344,0.8541666666666666,0.6066666666666667,1,KNN,False,sonar
1660,0.7788461538461537,0.7699801587301588,0.7303215077605321,0.8539086687306501,0.6391666666666667,2,KNN,True,sonar
1661,0.7884615384615384,0.7796527777777779,0.7416851441241684,0.8664086687306501,0.6495833333333333,2,KNN,False,sonar
1662,0.798076923076923,0.7910185185185185,0.7597406260173347,0.8493761140819964,0.6908333333333334,3,KNN,True,sonar
1663,0.8028846153846154,0.7962268518518518,0.7672899872252323,0.851010101010101,0.70125,3,KNN,False,sonar
1664,0.8125000000000001,0.8072619047619047,0.7814425947325341,0.8607954545454546,0.7216666666666667,4,KNN,True,sonar
1665,0.8125,0.8065178571428572,0.7779506995651351,0.8680847338935574,0.7112499999999999,4,KNN,False,sonar
1666,0.8028846153846154,0.7963492063492064,0.7656187444347606,0.8488260292675422,0.7008333333333332,5,KNN,True,sonar
1667,0.7932692307692306,0.7866765873015873,0.7549226906303688,0.8374741200828157,0.6904166666666667,5,KNN,False,sonar
1668,0.7403846153846154,0.7403042328042329,0.7228090500204444,0.7403602589361103,0.7233333333333334,0,SVC,True,sonar
1669,0.7403846153846154,0.7403042328042329,0.7228090500204444,0.7403602589361103,0.7233333333333334,0,SVC,False,sonar
1670,0.7548076923076923,0.749811507936508,0.7178381642512077,0.7852491258741259,0.67125,1,SVC,True,sonar
1671,0.7596153846153846,0.7542757936507936,0.7219444444444445,0.7944482600732601,0.67125,1,SVC,False,sonar
1672,0.75,0.7495601851851852,0.730002091208646,0.7325569358178053,0.7329166666666667,2,SVC,True,sonar
1673,0.75,0.7503042328042328,0.7315877643099897,0.7263813628899836,0.7433333333333333,2,SVC,False,sonar
1674,0.7355769230769231,0.7355853174603175,0.7198879551820728,0.7093518518518519,0.7320833333333334,3,SVC,True,sonar
1675,0.7403846153846154,0.7400496031746031,0.7235019007603041,0.7164351851851852,0.7320833333333334,3,SVC,False,sonar
1676,0.764423076923077,0.7618353174603174,0.734951550387597,0.7529337557941678,0.7220833333333334,4,SVC,True,sonar
1677,0.764423076923077,0.7618353174603174,0.734951550387597,0.7529337557941678,0.7220833333333334,4,SVC,False,sonar
1678,0.7596153846153846,0.7554695767195767,0.7283045629318922,0.773452380952381,0.6908333333333334,5,SVC,True,sonar
1679,0.7596153846153846,0.7547255291005291,0.7255989352262645,0.7831746031746032,0.6804166666666667,5,SVC,False,sonar
1680,0.7451923076923077,0.7453042328042327,0.7305555555555555,0.7421536796536796,0.7333333333333334,0,LR,True,sonar
1681,0.7403846153846154,0.7406746031746032,0.7269323671497585,0.7332251082251082,0.7333333333333334,0,LR,False,sonar
1682,0.7692307692307693,0.7653935185185186,0.7387329931972789,0.7876388888888889,0.7020833333333333,1,LR,True,sonar
1683,0.7740384615384617,0.7698578042328041,0.7425595238095237,0.7951388888888888,0.7020833333333333,1,LR,False,sonar
1684,0.7692307692307693,0.7672089947089947,0.7471187943262412,0.763381093544137,0.7325,2,LR,True,sonar
1685,0.7692307692307693,0.7672089947089947,0.7471187943262412,0.763381093544137,0.7325,2,LR,False,sonar
1686,0.7644230769230769,0.7636507936507937,0.7469789879931388,0.748405172413793,0.7525,3,LR,True,sonar
1687,0.7692307692307692,0.7673710317460318,0.748638639208101,0.7599879227053141,0.7420833333333334,3,LR,False,sonar
1688,0.798076923076923,0.7952744708994709,0.772447393591583,0.8043123046319978,0.7529166666666667,4,LR,True,sonar
1689,0.7932692307692307,0.7915542328042328,0.7701624925462135,0.7846246049907377,0.7633333333333334,4,LR,False,sonar
1690,0.783653846153846,0.7812599206349207,0.7628844622955565,0.7872781385281385,0.7420833333333334,5,LR,True,sonar
1691,0.7836538461538463,0.7812599206349207,0.762340425531915,0.7868001563653738,0.7420833333333332,5,LR,False,sonar
1692,0.6682692307692307,0.6767228835978836,0.6932048681541582,0.6189523702201187,0.7945833333333334,0,NB,True,sonar
1693,0.6682692307692307,0.6767228835978836,0.6932048681541582,0.6189523702201187,0.7945833333333334,0,NB,False,sonar
1694,0.6538461538461539,0.6609292328042328,0.6755521314843348,0.6002846299810247,0.7729166666666667,1,NB,True,sonar
1695,0.6538461538461539,0.6609292328042328,0.6755521314843348,0.6002846299810247,0.7729166666666667,1,NB,False,sonar
1696,0.6923076923076923,0.6994146825396825,0.7071446999852572,0.6323398636906701,0.8045833333333332,2,NB,True,sonar
1697,0.6923076923076923,0.6994146825396825,0.7071446999852572,0.6323398636906701,0.8045833333333332,2,NB,False,sonar
1698,0.7163461538461539,0.7236342592592593,0.7381807496408515,0.6581256581256582,0.8454166666666666,3,NB,True,sonar
1699,0.7163461538461539,0.7236342592592593,0.7381807496408515,0.6581256581256582,0.8454166666666666,3,NB,False,sonar
1700,0.6971153846153846,0.7050033068783068,0.7074222322800865,0.649622492675231,0.79625,4,NB,True,sonar
1701,0.6971153846153846,0.7050033068783068,0.7074222322800865,0.649622492675231,0.79625,4,NB,False,sonar
1702,0.6826923076923077,0.6908961640211639,0.704173813607776,0.6296146953405017,0.80375,5,NB,True,sonar
1703,0.6826923076923077,0.6908961640211639,0.704173813607776,0.6296146953405017,0.80375,5,NB,False,sonar
1704,0.7163461538461539,0.7162400793650794,0.7027095572362736,0.7013569604086846,0.7112499999999999,0,DT,True,sonar
1705,0.7163461538461539,0.7162400793650794,0.7027095572362736,0.7013569604086846,0.7112499999999999,0,DT,False,sonar
1706,0.7451923076923077,0.743806216931217,0.7249307331628304,0.7320487483530962,0.7204166666666666,1,DT,True,sonar
1707,0.7451923076923077,0.743806216931217,0.7249307331628304,0.7320487483530962,0.7204166666666666,1,DT,False,sonar
1708,0.7403846153846153,0.7410383597883599,0.7290405228285168,0.7226893939393939,0.7416666666666667,2,DT,True,sonar
1709,0.7403846153846153,0.7410383597883599,0.7290405228285168,0.7226893939393939,0.7416666666666667,2,DT,False,sonar
1710,0.7019230769230769,0.6988723544973545,0.669675925925926,0.6762623152709359,0.6679166666666667,3,DT,True,sonar
1711,0.7019230769230769,0.6988723544973545,0.669675925925926,0.6762623152709359,0.6679166666666667,3,DT,False,sonar
1712,0.6826923076923077,0.6827248677248677,0.6626254180602007,0.660443722943723,0.6716666666666667,4,DT,True,sonar
1713,0.6826923076923077,0.6827248677248677,0.6626254180602007,0.660443722943723,0.6716666666666667,4,DT,False,sonar
1714,0.7307692307692308,0.7288029100529101,0.7083795474711624,0.7177651515151515,0.7,5,DT,True,sonar
1715,0.7307692307692308,0.7288029100529101,0.7083795474711624,0.7177651515151515,0.7,5,DT,False,sonar
1716,0.826923076923077,0.8230919312169311,0.8042404839762207,0.8543130925138934,0.7629166666666667,0,RF,True,sonar
1717,0.826923076923077,0.8230919312169311,0.8042404839762207,0.8543130925138934,0.7629166666666667,0,RF,False,sonar
1718,0.8076923076923077,0.7998611111111111,0.768775419075319,0.8707078525189981,0.69,1,RF,True,sonar
1719,0.8076923076923077,0.7998611111111111,0.768775419075319,0.8707078525189981,0.69,1,RF,False,sonar
1720,0.8076923076923077,0.8046527777777777,0.7826680672268909,0.8194444444444444,0.7620833333333333,2,RF,True,sonar
1721,0.8076923076923077,0.8046527777777777,0.7826680672268909,0.8194444444444444,0.7620833333333333,2,RF,False,sonar
1722,0.8076923076923077,0.8024636243386243,0.7801340826185548,0.840007215007215,0.73125,3,RF,True,sonar
1723,0.8076923076923077,0.8024636243386243,0.7801340826185548,0.840007215007215,0.73125,3,RF,False,sonar
1724,0.8269230769230769,0.823181216931217,0.8002859114660358,0.8626878023936847,0.7541666666666667,4,RF,True,sonar
1725,0.8269230769230769,0.823181216931217,0.8002859114660358,0.8626878023936847,0.7541666666666667,4,RF,False,sonar
1726,0.8221153846153846,0.8184193121693122,0.8012792759360055,0.8477199049996533,0.7625,5,RF,True,sonar
1727,0.826923076923077,0.822883597883598,0.8050470064324593,0.8554191803619722,0.7625,5,RF,False,sonar
1728,0.8201566951566952,0.820054945054945,0.817078640167096,0.8315934065934065,0.8104395604395604,0,KNN,True,molecular_biology_promoters
1729,0.8205128205128205,0.8207417582417582,0.8110754985754985,0.8548951048951049,0.7733516483516483,0,KNN,False,molecular_biology_promoters
1730,0.792022792022792,0.790521978021978,0.789059596804162,0.7813797313797313,0.8090659340659341,1,KNN,True,molecular_biology_promoters
1731,0.7824074074074074,0.7809065934065934,0.7783758361204014,0.7786324786324785,0.7898351648351648,1,KNN,False,molecular_biology_promoters
1732,0.7742165242165242,0.7733516483516484,0.7722985347985348,0.7615166083916085,0.7898351648351649,2,KNN,True,molecular_biology_promoters
1733,0.7738603988603989,0.7733516483516483,0.774537037037037,0.7648133116883117,0.7898351648351648,2,KNN,False,molecular_biology_promoters
1734,0.8108974358974359,0.8111263736263736,0.8185672883948745,0.7939102564102564,0.8502747252747254,3,KNN,True,molecular_biology_promoters
1735,0.8301282051282051,0.8303571428571428,0.8364244312520174,0.8105769230769231,0.8695054945054945,3,KNN,False,molecular_biology_promoters
1736,0.8019943019943019,0.801510989010989,0.8048973376559583,0.7996336996336996,0.8118131868131868,4,KNN,True,molecular_biology_promoters
1737,0.811965811965812,0.8111263736263735,0.8170940170940172,0.8060325091575092,0.831043956043956,4,KNN,False,molecular_biology_promoters
1738,0.8012820512820512,0.8028846153846153,0.8051016799292661,0.806547619047619,0.8118131868131868,5,KNN,True,molecular_biology_promoters
1739,0.8201566951566952,0.8214285714285714,0.818901098901099,0.8314102564102563,0.8118131868131868,5,KNN,False,molecular_biology_promoters
1740,0.7364672364672364,0.7376373626373627,0.7302348825587206,0.7532852564102565,0.7184065934065934,0,SVC,True,molecular_biology_promoters
1741,0.7364672364672364,0.7376373626373627,0.7302348825587206,0.7532852564102565,0.7184065934065934,0,SVC,False,molecular_biology_promoters
1742,0.7357549857549858,0.7355769230769231,0.7425661375661375,0.7191964285714286,0.7706043956043955,1,SVC,True,molecular_biology_promoters
1743,0.7264957264957265,0.7259615384615385,0.73,0.7120535714285714,0.7513736263736264,1,SVC,False,molecular_biology_promoters
1744,0.7450142450142451,0.743131868131868,0.7386629266012155,0.7587089381207028,0.7321428571428572,2,SVC,True,molecular_biology_promoters
1745,0.7357549857549858,0.7335164835164835,0.7241701729780271,0.751890756302521,0.712912087912088,2,SVC,False,molecular_biology_promoters
1746,0.7539173789173789,0.7548076923076923,0.7594708994708995,0.7354449472096531,0.7939560439560439,3,SVC,True,molecular_biology_promoters
1747,0.7539173789173789,0.7548076923076923,0.7594708994708995,0.7354449472096531,0.7939560439560439,3,SVC,False,molecular_biology_promoters
1748,0.7638888888888888,0.7630494505494505,0.7423076923076923,0.80242673992674,0.7142857142857143,4,SVC,True,molecular_biology_promoters
1749,0.7735042735042734,0.7726648351648351,0.7589743589743589,0.8068910256410257,0.7335164835164835,4,SVC,False,molecular_biology_promoters
1750,0.7346866096866097,0.7342032967032968,0.709752090800478,0.7613220113220113,0.6964285714285714,5,SVC,True,molecular_biology_promoters
1751,0.7346866096866097,0.7342032967032968,0.709752090800478,0.7613220113220113,0.6964285714285714,5,SVC,False,molecular_biology_promoters
1752,0.746082621082621,0.7472527472527473,0.7381400208986417,0.7755074786324786,0.7184065934065934,0,LR,True,molecular_biology_promoters
1753,0.746082621082621,0.7472527472527473,0.7381400208986417,0.7755074786324786,0.7184065934065934,0,LR,False,molecular_biology_promoters
1754,0.735042735042735,0.7348901098901099,0.7363612703573772,0.7135309543397779,0.7692307692307692,1,LR,True,molecular_biology_promoters
1755,0.735042735042735,0.7348901098901099,0.7363612703573772,0.7135309543397779,0.7692307692307692,1,LR,False,molecular_biology_promoters
1756,0.7453703703703705,0.7431318681318682,0.7476883730080661,0.7461538461538462,0.7692307692307692,2,LR,True,molecular_biology_promoters
1757,0.7546296296296298,0.7527472527472527,0.7539272321881016,0.7553643724696355,0.7692307692307692,2,LR,False,molecular_biology_promoters
1758,0.7731481481481481,0.7747252747252747,0.7758709106984969,0.7536764705882353,0.8131868131868132,3,LR,True,molecular_biology_promoters
1759,0.7731481481481481,0.7747252747252747,0.7758709106984969,0.7536764705882353,0.8131868131868132,3,LR,False,molecular_biology_promoters
1760,0.792022792022792,0.7918956043956044,0.7721387169663032,0.8222527472527473,0.7527472527472527,4,LR,True,molecular_biology_promoters
1761,0.792022792022792,0.7918956043956044,0.7721387169663032,0.8222527472527473,0.7527472527472527,4,LR,False,molecular_biology_promoters
1762,0.7824074074074074,0.7822802197802197,0.7724720321494514,0.7948717948717949,0.7733516483516484,5,LR,True,molecular_biology_promoters
1763,0.7731481481481481,0.7726648351648352,0.7507275132275132,0.7947603866721513,0.7348901098901099,5,LR,False,molecular_biology_promoters
1764,0.8782051282051282,0.8777472527472527,0.8738198757763975,0.9255952380952381,0.831043956043956,0,NB,True,molecular_biology_promoters
1765,0.8782051282051282,0.8777472527472527,0.8738198757763975,0.9255952380952381,0.831043956043956,0,NB,False,molecular_biology_promoters
1766,0.8582621082621082,0.8571428571428572,0.8473291925465838,0.9184523809523809,0.7912087912087913,1,NB,True,molecular_biology_promoters
1767,0.8582621082621082,0.8571428571428572,0.8473291925465838,0.9184523809523809,0.7912087912087913,1,NB,False,molecular_biology_promoters
1768,0.8490028490028491,0.8468406593406594,0.8278787878787879,0.921875,0.7706043956043955,2,NB,True,molecular_biology_promoters
1769,0.8490028490028491,0.8468406593406594,0.8278787878787879,0.921875,0.7706043956043955,2,NB,False,molecular_biology_promoters
1770,0.8960113960113961,0.8956043956043956,0.8858549783549783,0.9613095238095238,0.8282967032967032,3,NB,True,molecular_biology_promoters
1771,0.8960113960113961,0.8956043956043956,0.8858549783549783,0.9613095238095238,0.8282967032967032,3,NB,False,molecular_biology_promoters
1772,0.8863960113960114,0.8880494505494505,0.8740796160361379,0.9666666666666667,0.8118131868131868,4,NB,True,molecular_biology_promoters
1773,0.8863960113960114,0.8880494505494505,0.8740796160361379,0.9666666666666667,0.8118131868131868,4,NB,False,molecular_biology_promoters
1774,0.8671652421652422,0.8674450549450549,0.847991452991453,0.9434523809523809,0.7912087912087913,5,NB,True,molecular_biology_promoters
1775,0.8671652421652422,0.8674450549450549,0.847991452991453,0.9434523809523809,0.7912087912087913,5,NB,False,molecular_biology_promoters
1776,0.698005698005698,0.6978021978021979,0.6856413063309615,0.7113095238095238,0.6785714285714286,0,DT,True,molecular_biology_promoters
1777,0.698005698005698,0.6971153846153846,0.6906468680662229,0.7064075630252101,0.6964285714285714,0,DT,False,molecular_biology_promoters
1778,0.6794871794871795,0.6792582417582418,0.6767631289322057,0.6831670168067228,0.695054945054945,1,DT,True,molecular_biology_promoters
1779,0.6794871794871795,0.6792582417582418,0.6767631289322057,0.6831670168067228,0.695054945054945,1,DT,False,molecular_biology_promoters
1780,0.7460826210826211,0.7445054945054945,0.7681970009556217,0.7198796269519954,0.8296703296703297,2,DT,True,molecular_biology_promoters
1781,0.7460826210826211,0.7445054945054945,0.7681970009556217,0.7198796269519954,0.8296703296703297,2,DT,False,molecular_biology_promoters
1782,0.7542735042735043,0.7534340659340659,0.7572669220945084,0.7446428571428572,0.7719780219780219,3,DT,True,molecular_biology_promoters
1783,0.7542735042735043,0.7534340659340659,0.7572669220945084,0.7446428571428572,0.7719780219780219,3,DT,False,molecular_biology_promoters
1784,0.7827635327635327,0.7822802197802198,0.7925925925925926,0.7589285714285714,0.8296703296703296,4,DT,True,molecular_biology_promoters
1785,0.7827635327635327,0.7822802197802198,0.7925925925925926,0.7589285714285714,0.8296703296703296,4,DT,False,molecular_biology_promoters
1786,0.7353988603988604,0.7348901098901098,0.7341367777649638,0.7271116138763198,0.7541208791208791,5,DT,True,molecular_biology_promoters
1787,0.745014245014245,0.7445054945054945,0.7410333294891016,0.7381410256410257,0.7541208791208791,5,DT,False,molecular_biology_promoters
1788,0.8493589743589743,0.8489010989010989,0.8403717721558801,0.9115384615384615,0.7912087912087912,0,RF,True,molecular_biology_promoters
1789,0.8682336182336182,0.867445054945055,0.8629877369007803,0.9146634615384616,0.8282967032967032,0,RF,False,molecular_biology_promoters
1790,0.8967236467236468,0.8962912087912089,0.8956122900088418,0.9089743589743591,0.8859890109890111,1,RF,True,molecular_biology_promoters
1791,0.9063390313390314,0.9059065934065935,0.904843059239611,0.9282051282051282,0.8859890109890111,1,RF,False,molecular_biology_promoters
1792,0.849002849002849,0.8475274725274724,0.8401536098310292,0.8995098039215685,0.8090659340659341,2,RF,True,molecular_biology_promoters
1793,0.8493589743589743,0.8475274725274725,0.8476704545454545,0.8888888888888888,0.8282967032967032,2,RF,False,molecular_biology_promoters
1794,0.8767806267806268,0.8763736263736264,0.8688682007647526,0.8863247863247864,0.8667582417582418,3,RF,True,molecular_biology_promoters
1795,0.8671652421652422,0.8667582417582418,0.8608632746563782,0.8727831196581196,0.8667582417582418,3,RF,False,molecular_biology_promoters
1796,0.8963675213675213,0.8962912087912087,0.8887801932367149,0.9599358974358975,0.8296703296703297,4,RF,True,molecular_biology_promoters
1797,0.8871082621082622,0.8866758241758241,0.880843685300207,0.9434523809523809,0.8296703296703297,4,RF,False,molecular_biology_promoters
1798,0.8664529914529915,0.8660714285714286,0.8553589124241299,0.9115384615384615,0.8090659340659341,5,RF,True,molecular_biology_promoters
1799,0.8664529914529915,0.8660714285714286,0.8553589124241299,0.9115384615384615,0.8090659340659341,5,RF,False,molecular_biology_promoters
1800,0.7915,0.7915000000000001,0.7898491718685476,0.794961172096631,0.7915000000000001,0,KNN,True,mfeat_fourier
1801,0.7925,0.7925,0.7910822373879222,0.7968704864134084,0.7925,0,KNN,False,mfeat_fourier
1802,0.792,0.792,0.7912283261380915,0.7972227236020539,0.792,1,KNN,True,mfeat_fourier
1803,0.792,0.792,0.7912140035575006,0.7970209332513744,0.792,1,KNN,False,mfeat_fourier
1804,0.788,0.7879999999999999,0.7875028793773704,0.7927777880503205,0.7879999999999999,2,KNN,True,mfeat_fourier
1805,0.7865,0.7865,0.7859632218834776,0.7912555950547977,0.7865,2,KNN,False,mfeat_fourier
1806,0.7935000000000001,0.7935,0.7926504799887639,0.7984335450216694,0.7935,3,KNN,True,mfeat_fourier
1807,0.7945,0.7945,0.7934343495649032,0.7991385715727763,0.7945,3,KNN,False,mfeat_fourier
1808,0.792,0.792,0.7909663902830468,0.7965682940247871,0.792,4,KNN,True,mfeat_fourier
1809,0.792,0.792,0.790879683598492,0.7966825982422205,0.792,4,KNN,False,mfeat_fourier
1810,0.7905,0.7905,0.7893446847257979,0.7951979927633465,0.7905,5,KNN,True,mfeat_fourier
1811,0.7915000000000001,0.7915000000000001,0.7902283976513008,0.7958821485362133,0.7915000000000001,5,KNN,False,mfeat_fourier
1812,0.817,0.817,0.8169787050197088,0.820507670814036,0.817,0,SVC,True,mfeat_fourier
1813,0.818,0.8180000000000001,0.8180012768474301,0.8216601272321251,0.8180000000000001,0,SVC,False,mfeat_fourier
1814,0.823,0.823,0.8234725768153461,0.8263430058535772,0.823,1,SVC,True,mfeat_fourier
1815,0.8234999999999999,0.8234999999999999,0.8239824291623465,0.8269012354121215,0.8234999999999999,1,SVC,False,mfeat_fourier
1816,0.8140000000000001,0.8140000000000001,0.8149212891042726,0.8181837644812713,0.8140000000000001,2,SVC,True,mfeat_fourier
1817,0.8125,0.8125,0.8134920141654636,0.8170286728952934,0.8125,2,SVC,False,mfeat_fourier
1818,0.8165,0.8164999999999999,0.8166993945265764,0.8211957768374912,0.8164999999999999,3,SVC,True,mfeat_fourier
1819,0.817,0.817,0.8172382658189103,0.8217547014023697,0.817,3,SVC,False,mfeat_fourier
1820,0.8045,0.8045,0.8036754094850952,0.8050182810419807,0.8045,4,SVC,True,mfeat_fourier
1821,0.8025000000000001,0.8025000000000001,0.801614985689017,0.8030009712253041,0.8025000000000001,4,SVC,False,mfeat_fourier
1822,0.8245,0.8245,0.8246482624340807,0.8276119718433349,0.8245,5,SVC,True,mfeat_fourier
1823,0.8245,0.8245,0.8246482624340807,0.8276119718433349,0.8245,5,SVC,False,mfeat_fourier
1824,0.811,0.811,0.8108220724075492,0.8143154166580502,0.811,0,LR,True,mfeat_fourier
1825,0.811,0.811,0.8108220724075492,0.8143154166580502,0.811,0,LR,False,mfeat_fourier
1826,0.8125,0.8125,0.8124871564164857,0.8152816519660312,0.8125,1,LR,True,mfeat_fourier
1827,0.8125,0.8125,0.8125599578142726,0.8154230546809634,0.8125,1,LR,False,mfeat_fourier
1828,0.804,0.804,0.8043209062356949,0.8066851289713988,0.804,2,LR,True,mfeat_fourier
1829,0.8035,0.8035,0.8038461354239967,0.806281024147651,0.8035,2,LR,False,mfeat_fourier
1830,0.8025,0.8025,0.8017859168891619,0.8042978258249578,0.8025,3,LR,True,mfeat_fourier
1831,0.8025,0.8025,0.8017859168891619,0.8042978258249578,0.8025,3,LR,False,mfeat_fourier
1832,0.8105,0.8104999999999999,0.8109467876737466,0.8134451588423504,0.8104999999999999,4,LR,True,mfeat_fourier
1833,0.8105,0.8104999999999999,0.8110292052561643,0.8135966739938655,0.8104999999999999,4,LR,False,mfeat_fourier
1834,0.8115000000000001,0.8115000000000001,0.8113716232285212,0.8142226095011733,0.8115000000000001,5,LR,True,mfeat_fourier
1835,0.8115000000000001,0.8115000000000001,0.8113716232285212,0.8142226095011733,0.8115000000000001,5,LR,False,mfeat_fourier
1836,0.761,0.7610000000000001,0.7603398088875593,0.7698141871396381,0.7610000000000001,0,NB,True,mfeat_fourier
1837,0.761,0.7610000000000001,0.7603398088875593,0.7698141871396381,0.7610000000000001,0,NB,False,mfeat_fourier
1838,0.757,0.757,0.7571823176181972,0.7652155594595218,0.757,1,NB,True,mfeat_fourier
1839,0.757,0.757,0.7571823176181972,0.7652155594595218,0.757,1,NB,False,mfeat_fourier
1840,0.7635,0.7635,0.7641971012928443,0.7723629809785729,0.7635,2,NB,True,mfeat_fourier
1841,0.7635,0.7635,0.7641971012928443,0.7723629809785729,0.7635,2,NB,False,mfeat_fourier
1842,0.7615000000000001,0.7615,0.7618552267697165,0.7689015009097229,0.7615,3,NB,True,mfeat_fourier
1843,0.7615000000000001,0.7615,0.7618552267697165,0.7689015009097229,0.7615,3,NB,False,mfeat_fourier
1844,0.7605000000000001,0.7605000000000001,0.760772549917601,0.768686852457423,0.7605000000000001,4,NB,True,mfeat_fourier
1845,0.7605000000000001,0.7605000000000001,0.760772549917601,0.768686852457423,0.7605000000000001,4,NB,False,mfeat_fourier
1846,0.7645,0.7645,0.7649347086220784,0.771854141425652,0.7645,5,NB,True,mfeat_fourier
1847,0.7645,0.7645,0.7649347086220784,0.771854141425652,0.7645,5,NB,False,mfeat_fourier
1848,0.7135,0.7135,0.7124979883673817,0.7154958815860862,0.7135,0,DT,True,mfeat_fourier
1849,0.7135,0.7135,0.7124979883673817,0.7154958815860862,0.7135,0,DT,False,mfeat_fourier
1850,0.7395,0.7395,0.7398478743293293,0.7430038776029776,0.7395,1,DT,True,mfeat_fourier
1851,0.7395,0.7395,0.7398478743293293,0.7430038776029776,0.7395,1,DT,False,mfeat_fourier
1852,0.7295,0.7295,0.7302773034609036,0.7341612370745129,0.7295,2,DT,True,mfeat_fourier
1853,0.7295,0.7295,0.7302773034609036,0.7341612370745129,0.7295,2,DT,False,mfeat_fourier
1854,0.734,0.734,0.7322787684249251,0.7365060551112734,0.734,3,DT,True,mfeat_fourier
1855,0.734,0.734,0.7322787684249251,0.7365060551112734,0.734,3,DT,False,mfeat_fourier
1856,0.728,0.728,0.7287340105123246,0.7312807478588832,0.728,4,DT,True,mfeat_fourier
1857,0.728,0.728,0.7287340105123246,0.7312807478588832,0.728,4,DT,False,mfeat_fourier
1858,0.7045000000000001,0.7045000000000001,0.7032470256255855,0.7064493055348446,0.7045000000000001,5,DT,True,mfeat_fourier
1859,0.7045000000000001,0.7045000000000001,0.7032470256255855,0.7064493055348446,0.7045000000000001,5,DT,False,mfeat_fourier
1860,0.819,0.819,0.8172001323440963,0.8192315132882517,0.819,0,RF,True,mfeat_fourier
1861,0.819,0.819,0.8172001323440963,0.8192315132882517,0.819,0,RF,False,mfeat_fourier
1862,0.8275,0.8274999999999999,0.8258305032709555,0.8265577071361809,0.8274999999999999,1,RF,True,mfeat_fourier
1863,0.8275,0.8274999999999999,0.8258305032709555,0.8265577071361809,0.8274999999999999,1,RF,False,mfeat_fourier
1864,0.8245,0.8245,0.8234374795077465,0.8248384923543743,0.8245,2,RF,True,mfeat_fourier
1865,0.8245,0.8245,0.8234374795077465,0.8248384923543743,0.8245,2,RF,False,mfeat_fourier
1866,0.831,0.831,0.8297418960430257,0.8322020075596579,0.831,3,RF,True,mfeat_fourier
1867,0.831,0.831,0.8297418960430257,0.8322020075596579,0.831,3,RF,False,mfeat_fourier
1868,0.8275,0.8275,0.8265843059542493,0.8283300340132106,0.8275,4,RF,True,mfeat_fourier
1869,0.8275,0.8275,0.8265843059542493,0.8283300340132106,0.8275,4,RF,False,mfeat_fourier
1870,0.827,0.827,0.8254332828932965,0.8287861932576397,0.827,5,RF,True,mfeat_fourier
1871,0.827,0.827,0.8254332828932965,0.8287861932576397,0.827,5,RF,False,mfeat_fourier
1872,0.994058903182126,0.9958839377352036,0.9959195739004982,0.9960076610381489,0.9958839377352036,0,KNN,True,analcatdata_authorship
1873,0.9952493793726022,0.9966750769757099,0.9967364968430659,0.9968398759209967,0.9966750769757099,0,KNN,False,analcatdata_authorship
1874,0.9952380952380953,0.9966750769757098,0.996726781528182,0.9968422067901235,0.9966750769757098,1,KNN,True,analcatdata_authorship
1875,0.9952380952380953,0.9966750769757098,0.996726781528182,0.9968422067901235,0.9966750769757098,1,KNN,False,analcatdata_authorship
1876,0.9940476190476191,0.9958304823811153,0.9959078301293379,0.9960381257398951,0.9958304823811153,2,KNN,True,analcatdata_authorship
1877,0.9940532611148725,0.9958304823811153,0.9955994345222989,0.995432167399467,0.9958304823811153,2,KNN,False,analcatdata_authorship
1878,0.9940476190476191,0.9958839377352036,0.9959087408548325,0.9959439212328767,0.9958839377352036,3,KNN,True,analcatdata_authorship
1879,0.9940476190476191,0.9958839377352036,0.9959087408548325,0.9959439212328767,0.9958839377352036,3,KNN,False,analcatdata_authorship
1880,0.9940532611148725,0.9958839377352036,0.9959150932508516,0.9959780778932941,0.9958839377352036,4,KNN,True,analcatdata_authorship
1881,0.9964285714285714,0.9975731269243928,0.9975467139056762,0.9975309328315658,0.9975731269243928,4,KNN,False,analcatdata_authorship
1882,0.9940476190476191,0.9958839377352035,0.9959108395642645,0.9959695512820512,0.9958839377352035,5,KNN,True,analcatdata_authorship
1883,0.9940476190476191,0.9958839377352035,0.9959108395642645,0.9959695512820512,0.9958839377352035,5,KNN,False,analcatdata_authorship
1884,0.997624689686301,0.998364266164899,0.9983690789149859,0.9983950617283951,0.998364266164899,0,SVC,True,analcatdata_authorship
1885,0.997624689686301,0.998364266164899,0.9983690789149859,0.9983950617283951,0.998364266164899,0,SVC,False,analcatdata_authorship
1886,0.9976190476190476,0.9983108108108107,0.9983625856164384,0.9984567901234568,0.9983108108108107,1,SVC,True,analcatdata_authorship
1887,0.9976190476190476,0.9983108108108107,0.9983625856164384,0.9984567901234568,0.9983108108108107,1,SVC,False,analcatdata_authorship
1888,0.9964285714285714,0.9975731269243928,0.9975467139056762,0.9975309328315658,0.9975731269243928,2,SVC,True,analcatdata_authorship
1889,0.9964285714285714,0.9975731269243928,0.9975467139056762,0.9975309328315658,0.9975731269243928,2,SVC,False,analcatdata_authorship
1890,0.9952380952380953,0.9966750769757099,0.9967251712328767,0.9968171296296297,0.9966750769757099,3,SVC,True,analcatdata_authorship
1891,0.9952380952380953,0.9966750769757099,0.9967251712328767,0.9968171296296297,0.9966750769757099,3,SVC,False,analcatdata_authorship
1892,0.994058903182126,0.9958839377352036,0.995918944583843,0.9960065425876634,0.9958839377352036,4,SVC,True,analcatdata_authorship
1893,0.9928740690589032,0.9951026877352036,0.9951066074283026,0.9951315585714609,0.9951026877352036,4,SVC,False,analcatdata_authorship
1894,0.9952380952380953,0.9966750769757099,0.9967277625068321,0.9968017661648991,0.9966750769757099,5,SVC,True,analcatdata_authorship
1895,0.9952380952380953,0.9966750769757099,0.9967277625068321,0.9968017661648991,0.9966750769757099,5,SVC,False,analcatdata_authorship
1896,0.997624689686301,0.9977019170333123,0.9980318739693135,0.9983950617283951,0.9977019170333123,0,LR,True,analcatdata_authorship
1897,0.9988151658767772,0.9991554054054054,0.9991866311742088,0.9992283950617284,0.9991554054054054,0,LR,False,analcatdata_authorship
1898,0.9988095238095238,0.9991554054054054,0.9991817481709665,0.99921875,0.9991554054054054,1,LR,True,analcatdata_authorship
1899,0.9988095238095238,0.9991554054054054,0.9991817481709665,0.99921875,0.9991554054054054,1,LR,False,analcatdata_authorship
1900,0.997624689686301,0.9977349508599508,0.9980438942791204,0.9983854166666666,0.9977349508599508,2,LR,True,analcatdata_authorship
1901,0.997624689686301,0.9977349508599508,0.9980438942791204,0.9983854166666666,0.9977349508599508,2,LR,False,analcatdata_authorship
1902,0.9964285714285714,0.9974662162162162,0.9975423002784323,0.9977134146341463,0.9974662162162162,3,LR,True,analcatdata_authorship
1903,0.9976190476190476,0.9983108108108107,0.9983625856164384,0.9984567901234568,0.9983108108108107,3,LR,False,analcatdata_authorship
1904,0.997624689686301,0.9983108108108107,0.9983683793451753,0.9984471450617285,0.9983108108108107,4,LR,True,analcatdata_authorship
1905,0.997624689686301,0.9983108108108107,0.9983683793451753,0.9984471450617285,0.9983108108108107,4,LR,False,analcatdata_authorship
1906,0.9952437373053487,0.9960992170248499,0.9964081604440195,0.9967496828315658,0.9960992170248499,5,LR,True,analcatdata_authorship
1907,0.9952437373053487,0.9960992170248499,0.9964081604440195,0.9967496828315658,0.9960992170248499,5,LR,False,analcatdata_authorship
1908,0.9809749492213948,0.9739406763297329,0.9793849257402358,0.9867700016502082,0.9739406763297329,0,NB,True,analcatdata_authorship
1909,0.9809749492213948,0.9739406763297329,0.9793849257402358,0.9867700016502082,0.9739406763297329,0,NB,False,analcatdata_authorship
1910,0.9869160460392687,0.985379886955956,0.9878263206169604,0.9905899705652487,0.985379886955956,1,NB,True,analcatdata_authorship
1911,0.9869160460392687,0.985379886955956,0.9878263206169604,0.9905899705652487,0.985379886955956,1,NB,False,analcatdata_authorship
1912,0.985742496050553,0.9769552265872548,0.9828512192081189,0.9897658761517556,0.9769552265872548,2,NB,True,analcatdata_authorship
1913,0.985742496050553,0.9769552265872548,0.9828512192081189,0.9897658761517556,0.9769552265872548,2,NB,False,analcatdata_authorship
1914,0.9857199277815392,0.984525403120855,0.9869814880681742,0.9897049728299728,0.984525403120855,3,NB,True,analcatdata_authorship
1915,0.9857199277815392,0.984525403120855,0.9869814880681742,0.9897049728299728,0.984525403120855,3,NB,False,analcatdata_authorship
1916,0.9857368539832996,0.9769756481147047,0.9828475236349423,0.9896786849199084,0.9769756481147047,4,NB,True,analcatdata_authorship
1917,0.9857368539832996,0.9769756481147047,0.9828475236349423,0.9896786849199084,0.9769756481147047,4,NB,False,analcatdata_authorship
1918,0.9845407357255699,0.9837468761795374,0.9861833892833902,0.9891388032097819,0.9837468761795374,5,NB,True,analcatdata_authorship
1919,0.9845407357255699,0.9837468761795374,0.9861833892833902,0.9891388032097819,0.9837468761795374,5,NB,False,analcatdata_authorship
1920,0.9369611825772963,0.919373661528504,0.921880050018504,0.9257562161346444,0.919373661528504,0,DT,True,analcatdata_authorship
1921,0.9369611825772963,0.919373661528504,0.921880050018504,0.9257562161346444,0.919373661528504,0,DT,False,analcatdata_authorship
1922,0.9191378921236741,0.9069172832608401,0.901921910957639,0.8990671886205241,0.9069172832608401,1,DT,True,analcatdata_authorship
1923,0.9191378921236741,0.9069172832608401,0.9016556187127244,0.8987972550745147,0.9069172832608401,1,DT,False,analcatdata_authorship
1924,0.9274599413225006,0.9171208714213112,0.9102347269889305,0.9071457195130063,0.9171208714213112,2,DT,True,analcatdata_authorship
1925,0.9250789889415483,0.9154851375862103,0.9086074170996815,0.9054183438611377,0.9154851375862103,2,DT,False,analcatdata_authorship
1926,0.9358045587903407,0.9111026350118288,0.9177969590130353,0.9310110976572668,0.9111026350118288,3,DT,True,analcatdata_authorship
1927,0.9334236064093884,0.9094134458226395,0.9161700201346807,0.9293644854697651,0.9094134458226395,3,DT,False,analcatdata_authorship
1928,0.9358271270593546,0.9142055405812948,0.9135638556480818,0.9157152061728604,0.9142055405812948,4,DT,True,analcatdata_authorship
1929,0.9370119611825773,0.9150501351758895,0.91616020156464,0.9196838530122815,0.9150501351758895,4,DT,False,analcatdata_authorship
1930,0.9369724667118033,0.8990631284093347,0.9023702815087942,0.9082335003580742,0.8990631284093347,5,DT,True,analcatdata_authorship
1931,0.935781990521327,0.8982719891688282,0.9015738341843813,0.9073892781988154,0.8982719891688282,5,DT,False,analcatdata_authorship
1932,0.9893026404874746,0.9853829770661258,0.9877371737814247,0.9909164727015753,0.9853829770661258,0,RF,True,analcatdata_authorship
1933,0.9881121642969984,0.9845383824715312,0.9865877886612926,0.989496018156121,0.9845383824715312,0,RF,False,analcatdata_authorship
1934,0.9916779508011736,0.9896326462959245,0.9915478590403994,0.9937035409507009,0.9896326462959245,1,RF,True,analcatdata_authorship
1935,0.9916779508011736,0.9896326462959245,0.9915478590403994,0.9937035409507009,0.9896326462959245,1,RF,False,analcatdata_authorship
1936,0.9905044008124577,0.9842490940373723,0.98818407831174,0.992963946337496,0.9842490940373723,2,RF,True,analcatdata_authorship
1937,0.9893139246219815,0.9834044994427776,0.9870407525499477,0.9914991967041418,0.9834044994427776,2,RF,False,analcatdata_authorship
1938,0.9904761904761905,0.9855018779345391,0.988835588599607,0.9929105639025495,0.9855018779345391,3,RF,True,analcatdata_authorship
1939,0.9892857142857143,0.9847107386940328,0.9880185900781047,0.9920890175830019,0.9847107386940328,3,RF,False,analcatdata_authorship
1940,0.9881121642969984,0.9826047904308594,0.9861158401049257,0.9901742803506911,0.9826047904308594,4,RF,True,analcatdata_authorship
1941,0.9869160460392687,0.981813651190353,0.9856085808695619,0.9899406605135772,0.981813651190353,4,RF,False,analcatdata_authorship
1942,0.9904818325434439,0.9888316178149119,0.9910505893882126,0.9935007376838865,0.9888316178149119,5,RF,True,analcatdata_authorship
1943,0.9892913563529677,0.9843673321006262,0.9883476685308853,0.9927293769243928,0.9843673321006262,5,RF,False,analcatdata_authorship
1944,0.9124041143654115,0.9031630713815015,0.9317534111689796,0.9273336997299382,0.9363381716322893,0,KNN,True,tokyo1
1945,0.9144918061366807,0.9060533413627899,0.9332643736738411,0.930366740178061,0.9363381716322893,0,KNN,False,tokyo1
1946,0.9197175732217573,0.9120865120853329,0.9374291652706304,0.9356822045569421,0.9396167557932263,1,KNN,True,tokyo1
1947,0.9186759065550907,0.9112748237736445,0.9365786310936777,0.935580130410282,0.9379933791698497,1,KNN,False,tokyo1
1948,0.9228294979079499,0.915051734892883,0.9397191782774181,0.936917456416322,0.9428741193447077,2,KNN,True,tokyo1
1949,0.9228294979079499,0.915051734892883,0.9397191782774181,0.936917456416322,0.9428741193447077,2,KNN,False,tokyo1
1950,0.9207766736401674,0.9122275006573795,0.9383813137344136,0.9339628803531901,0.9429059502588915,3,KNN,True,tokyo1
1951,0.9207766736401674,0.9122275006573795,0.9383813137344136,0.9339628803531901,0.9429059502588915,3,KNN,False,tokyo1
1952,0.9301429567642956,0.9215013281685058,0.9457704166715017,0.9393789490888632,0.9526992615227909,4,KNN,True,tokyo1
1953,0.929101290097629,0.9200645465593105,0.9450132338066537,0.9379075308835904,0.9526992615227909,4,KNN,False,tokyo1
1954,0.9186628312412831,0.9105107712205924,0.9365631657677027,0.9339425484267285,0.9396061454884985,5,KNN,True,tokyo1
1955,0.9197088563458856,0.9119642595926855,0.9373339665319897,0.9355098773450509,0.9396061454884985,5,KNN,False,tokyo1
1956,0.9228469316596932,0.9125171568712537,0.9401520956044717,0.9313926741206615,0.949399456752398,0,SVC,True,tokyo1
1957,0.9228469316596932,0.9125171568712537,0.9401520956044717,0.9313926741206615,0.949399456752398,0,SVC,False,tokyo1
1958,0.9259850069735008,0.9138455083134078,0.9430100637531059,0.9291786926787584,0.9575693913929209,1,SVC,True,tokyo1
1959,0.924943340306834,0.9124087267042122,0.9422663429528824,0.9277852316582587,0.9575693913929209,1,SVC,False,tokyo1
1960,0.9186715481171548,0.9080597270134512,0.9369120135943947,0.9281431809549561,0.9461314828961889,2,SVC,True,tokyo1
1961,0.9186715481171548,0.9080597270134512,0.9369120135943947,0.9281431809549561,0.9461314828961889,2,SVC,False,tokyo1
1962,0.9270484658298466,0.9152541815491718,0.9437372260530025,0.9307196471682713,0.9575800016976488,3,SVC,True,tokyo1
1963,0.9280901324965133,0.9173441648293056,0.9444434873510041,0.9336456065703542,0.9559460147695442,3,SVC,False,tokyo1
1964,0.9270179567642955,0.917815285332621,0.9433072517327014,0.9361127982447001,0.9511077158135981,4,SVC,True,tokyo1
1965,0.9270179567642955,0.917815285332621,0.9433072517327014,0.9361127982447001,0.9511077158135981,4,SVC,False,tokyo1
1966,0.9176211645746165,0.907114384598582,0.936304448816746,0.9288784461981114,0.9445081062728122,5,SVC,True,tokyo1
1967,0.9176211645746165,0.907114384598582,0.936304448816746,0.9288784461981114,0.9445081062728122,5,SVC,False,tokyo1
1968,0.9228382147838214,0.9124951449559922,0.9401796767975217,0.93153606841389,0.9493888464476701,0,LR,True,tokyo1
1969,0.9249215481171549,0.9141291318840967,0.9419155088712431,0.9317295918291499,0.9526568203038792,0,LR,False,tokyo1
1970,0.9249389818688982,0.9135981827058056,0.9420475760793664,0.9302619664837337,0.9543014175367117,1,LR,True,tokyo1
1971,0.9249389818688982,0.9135981827058056,0.9420475760793664,0.9302619664837337,0.9543014175367117,1,LR,False,tokyo1
1972,0.9249302649930264,0.9148104419284663,0.9416126050091581,0.9326822063273132,0.9510122230710467,2,LR,True,tokyo1
1973,0.9249302649930264,0.9148104419284663,0.9416126050091581,0.9326822063273132,0.9510122230710467,2,LR,False,tokyo1
1974,0.9228687238493724,0.9100934297317381,0.9406239193557275,0.9262305777172789,0.9559460147695442,3,LR,True,tokyo1
1975,0.9228687238493724,0.9100934297317381,0.9406239193557275,0.9262305777172789,0.9559460147695442,3,LR,False,tokyo1
1976,0.9228512900976289,0.9126932521933465,0.9401885574762965,0.9317722276058386,0.9494843391902215,4,LR,True,tokyo1
1977,0.9228512900976289,0.9126932521933465,0.9401885574762965,0.9317722276058386,0.9494843391902215,4,LR,False,tokyo1
1978,0.9217878312412832,0.9110241585151958,0.9396114300997402,0.930284521957938,0.9494206773618539,5,LR,True,tokyo1
1979,0.9217878312412832,0.9110241585151958,0.9396114300997402,0.930284521957938,0.9494206773618539,5,LR,False,tokyo1
1980,0.8967834728033474,0.8828273290069837,0.920417679547025,0.9082080540867612,0.9331232492997199,0,NB,True,tokyo1
1981,0.8967834728033474,0.8828273290069837,0.920417679547025,0.9082080540867612,0.9331232492997199,0,NB,False,tokyo1
1982,0.8999084728033473,0.8872159024966941,0.9228948141955432,0.9134714016819839,0.933112638994992,1,NB,True,tokyo1
1983,0.8999084728033473,0.8872159024966941,0.9228948141955432,0.9134714016819839,0.933112638994992,1,NB,False,tokyo1
1984,0.895733089260809,0.8830844268158529,0.9192973243405699,0.9119867430740679,0.9281576266870385,2,NB,True,tokyo1
1985,0.895733089260809,0.8830844268158529,0.9192973243405699,0.9119867430740679,0.9281576266870385,2,NB,False,tokyo1
1986,0.8665794979079497,0.8644463629781334,0.8910673697147965,0.9184195673261413,0.8730052627111451,3,NB,True,tokyo1
1987,0.8665794979079497,0.8644463629781334,0.8910673697147965,0.9184195673261413,0.8730052627111451,3,NB,False,tokyo1
1988,0.895759239888424,0.882102897050536,0.9195751267688574,0.9092657563988729,0.931574144809439,4,NB,True,tokyo1
1989,0.895759239888424,0.882102897050536,0.9195751267688574,0.9092657563988729,0.931574144809439,4,NB,False,tokyo1
1990,0.8873823221757322,0.8727552441112043,0.9131045696423579,0.9024880655376063,0.924974535268653,5,NB,True,tokyo1
1991,0.8873823221757322,0.8727552441112043,0.9131045696423579,0.9024880655376063,0.924974535268653,5,NB,False,tokyo1
1992,0.915511680613668,0.9048887178987656,0.9344249057211075,0.9264153319524742,0.9428635090399796,0,DT,True,tokyo1
1993,0.915511680613668,0.9048887178987656,0.9344249057211075,0.9264153319524742,0.9428635090399796,0,DT,False,tokyo1
1994,0.8988711645746165,0.890710108981018,0.9207878307894592,0.9217199563949662,0.9200195229606993,1,DT,True,tokyo1
1995,0.8988711645746165,0.890710108981018,0.9207878307894592,0.9217199563949662,0.9200195229606993,1,DT,False,tokyo1
1996,0.907169630404463,0.8972081293210827,0.9273438503572222,0.9228120216895036,0.9330489771666243,2,DT,True,tokyo1
1997,0.907169630404463,0.8972081293210827,0.9273438503572222,0.9228120216895036,0.9330489771666243,2,DT,False,tokyo1
1998,0.9124128312412831,0.900694529105657,0.9322846816220558,0.9220328642839163,0.9428953399541635,3,DT,True,tokyo1
1999,0.9124128312412831,0.900694529105657,0.9322846816220558,0.9220328642839163,0.9428953399541635,3,DT,False,tokyo1
2000,0.9061497559274757,0.8995378229540218,0.9264072722954274,0.9298595820567119,0.9233405483405484,4,DT,True,tokyo1
2001,0.9061497559274757,0.8995378229540218,0.9264072722954274,0.9298595820567119,0.9233405483405484,4,DT,False,tokyo1
2002,0.901983089260809,0.8962250339614838,0.92285297026869,0.9290634886223121,0.916815210932858,5,DT,True,tokyo1
2003,0.901983089260809,0.8962250339614838,0.92285297026869,0.9290634886223121,0.916815210932858,5,DT,False,tokyo1
2004,0.9342965481171548,0.9271832101653084,0.948681310956738,0.9449088407292743,0.9526355996944231,0,RF,True,tokyo1
2005,0.9322088563458857,0.924912728329163,0.9470358900970365,0.9432720338787732,0.9510016127663186,0,RF,False,tokyo1
2006,0.9270179567642958,0.9202960205248049,0.9429894219066757,0.9416958708359983,0.9445081062728122,1,RF,True,tokyo1
2007,0.9280596234309624,0.9211077088364933,0.9438293510022318,0.9417865746979671,0.9461314828961889,1,RF,False,tokyo1
2008,0.928063981868898,0.9216887783034772,0.9434804225139036,0.9431661989130719,0.9444868856633564,2,RF,True,tokyo1
2009,0.9301516736401674,0.9239592601396225,0.9451810684641763,0.944915188851426,0.9461208725914609,2,RF,False,tokyo1
2010,0.9384937238493724,0.930489111393871,0.9522047937751308,0.9453693794751454,0.9592139886257534,3,RF,True,tokyo1
2011,0.9374476987447699,0.9296721179298187,0.9513642104102756,0.945297005612449,0.9575800016976488,3,RF,False,tokyo1
2012,0.9332505230125523,0.9264314611412352,0.9478618565474944,0.9450475336564046,0.9510652745946863,4,RF,True,tokyo1
2013,0.931167189679219,0.924166284457454,0.9462384799241178,0.943424157033028,0.9494418979713097,4,RF,False,tokyo1
2014,0.9280639818688983,0.9210461869372667,0.9438968495390593,0.9420076115673931,0.9461420932009168,5,RF,True,tokyo1
2015,0.9301473152022315,0.9232999620105143,0.9455202261624359,0.9436205147931996,0.9477760801290214,5,RF,False,tokyo1
2016,0.8726313750352211,0.8865173473869126,0.9003314449101367,0.9375224752924008,0.8865173473869126,0,KNN,True,soybean
2017,0.8696727951535643,0.8853096179183136,0.8976158610378133,0.9325070554549565,0.8853096179183136,0,KNN,False,soybean
2018,0.8799749929557622,0.8895915678524374,0.8971473494680908,0.925233378916638,0.8895915678524374,1,KNN,True,soybean
2019,0.8799749929557622,0.8895915678524374,0.8971473494680908,0.925233378916638,0.8895915678524374,1,KNN,False,soybean
2020,0.8666525781910398,0.876921387790953,0.8881816155467118,0.9187663643463704,0.876921387790953,2,KNN,True,soybean
2021,0.8651644829529446,0.8762900746596398,0.887626201178893,0.918154855478002,0.8762900746596398,2,KNN,False,soybean
2022,0.8800102141448295,0.8852162933684673,0.8982187358964923,0.926786580852441,0.8852162933684673,3,KNN,True,soybean
2023,0.8814895040856578,0.8836462450592886,0.8967304228139764,0.925634600406325,0.8836462450592886,3,KNN,False,soybean
2024,0.8711608903916596,0.8801054018445322,0.8906245132292989,0.920549931488076,0.8801054018445322,4,KNN,True,soybean
2025,0.8696727951535643,0.8795015371102327,0.8894927877913702,0.9180245121325568,0.8795015371102327,4,KNN,False,soybean
2026,0.8696639898562976,0.8831906016688627,0.8919895394364856,0.9166408393966873,0.8831906016688627,5,KNN,True,soybean
2027,0.8741194702733165,0.887203557312253,0.8967022320824504,0.9219914393642229,0.887203557312253,5,KNN,False,soybean
2028,0.8963792617638773,0.9336517347386912,0.9321034922097317,0.9405528303218521,0.9336517347386912,0,SVC,True,soybean
2029,0.8978585517047055,0.9342555994729907,0.9329623827745046,0.9414337142846326,0.9342555994729907,0,SVC,False,soybean
2030,0.8977528881375035,0.9298803249890206,0.9309228825378943,0.9448923279406015,0.9298803249890206,1,SVC,True,soybean
2031,0.8977528881375035,0.9298803249890206,0.9309228825378943,0.9448923279406015,0.9298803249890206,1,SVC,False,soybean
2032,0.8948207241476472,0.9285353535353535,0.9302212849880916,0.9404486437816593,0.9285353535353535,2,SVC,True,soybean
2033,0.8948207241476472,0.9285353535353535,0.9302212849880916,0.9404486437816593,0.9285353535353535,2,SVC,False,soybean
2034,0.8977528881375035,0.9276789635485287,0.9310868990887347,0.9404756621255637,0.9276789635485287,3,SVC,True,soybean
2035,0.8977528881375035,0.9276789635485287,0.931558608990269,0.9419734834763261,0.9276789635485287,3,SVC,False,soybean
2036,0.8962912087912087,0.9271848924022836,0.930467603665326,0.9423163167453095,0.9271848924022836,4,SVC,True,soybean
2037,0.8962912087912087,0.9271848924022836,0.930467603665326,0.9423163167453095,0.9271848924022836,4,SVC,False,soybean
2038,0.8948559453367146,0.9242424242424242,0.925027836016567,0.9381299625287619,0.9242424242424242,5,SVC,True,soybean
2039,0.8948559453367146,0.9242424242424242,0.925027836016567,0.9381299625287619,0.9242424242424242,5,SVC,False,soybean
2040,0.9008171315863622,0.9332619675010979,0.9354410492780612,0.9478239688561008,0.9332619675010979,0,LR,True,soybean
2041,0.9008171315863622,0.9332619675010979,0.9354410492780612,0.9478239688561008,0.9332619675010979,0,LR,False,soybean
2042,0.9007378839109608,0.9332894158981115,0.9367266952335767,0.9453045733294588,0.9332894158981115,1,LR,True,soybean
2043,0.9007378839109608,0.9332894158981115,0.9367266952335767,0.9453045733294588,0.9332894158981115,1,LR,False,soybean
2044,0.8948207241476471,0.9285628019323671,0.930217129920116,0.9380916625421457,0.9285628019323671,2,LR,True,soybean
2045,0.8963000140884756,0.9291666666666667,0.9307824233775663,0.938731326376254,0.9291666666666667,2,LR,False,soybean
2046,0.9007466892082276,0.9288317962231005,0.9340277994956109,0.9452669997012897,0.9288317962231005,3,LR,True,soybean
2047,0.902225979149056,0.9294356609574,0.9354844960911963,0.948865229988028,0.9294356609574,3,LR,False,soybean
2048,0.8903652437306283,0.9269158981115502,0.9316162192480555,0.941112685754937,0.9269158981115502,4,LR,True,soybean
2049,0.8903652437306283,0.9269158981115502,0.9316162192480555,0.941112685754937,0.9269158981115502,4,LR,False,soybean
2050,0.8919061707523246,0.9273276240667546,0.9291236079178762,0.937176102646776,0.9273276240667546,5,LR,True,soybean
2051,0.8919061707523246,0.9273276240667546,0.928961732756001,0.9367627428584162,0.9273276240667546,5,LR,False,soybean
2052,0.844498450267681,0.9186539306104524,0.9068159611999874,0.9293243237709181,0.9186539306104524,0,NB,True,soybean
2053,0.844498450267681,0.9186539306104524,0.9068159611999874,0.9293243237709181,0.9186539306104524,0,NB,False,soybean
2054,0.8503539729501268,0.9319938515590689,0.9172213713244128,0.9336868134517129,0.9319938515590689,1,NB,True,soybean
2055,0.8503539729501268,0.9319938515590689,0.9172213713244128,0.9336868134517129,0.9319938515590689,1,NB,False,soybean
2056,0.8503715835446605,0.9298199385155906,0.9166085144590224,0.9348055393024906,0.9298199385155906,2,NB,True,soybean
2057,0.8474041983657369,0.9285573122529645,0.9148524497800743,0.9329867562337076,0.9285573122529645,2,NB,False,soybean
2058,0.85329494223725,0.9331741326306544,0.91789385303427,0.9341834022220202,0.9331741326306544,3,NB,True,soybean
2059,0.85329494223725,0.9331741326306544,0.91789385303427,0.9341834022220202,0.9331741326306544,3,NB,False,soybean
2060,0.84739539306847,0.9264382960035134,0.911535834469574,0.9309507805141111,0.9264382960035134,4,NB,True,soybean
2061,0.84739539306847,0.9264382960035134,0.911535834469574,0.9309507805141111,0.9264382960035134,4,NB,False,soybean
2062,0.8488746830092985,0.929161176987264,0.9161218275960837,0.9318431088733874,0.929161176987264,5,NB,True,soybean
2063,0.8488746830092985,0.929161176987264,0.9161218275960837,0.9318431088733874,0.929161176987264,5,NB,False,soybean
2064,0.9155836151028458,0.9458498023715415,0.9431763904495647,0.951048406102754,0.9458498023715415,0,DT,True,soybean
2065,0.9155836151028458,0.9458498023715415,0.9441706323858357,0.9528142529772965,0.9458498023715415,0,DT,False,soybean
2066,0.9022083685545224,0.9347222222222222,0.9316339190085029,0.9368624139548052,0.9347222222222222,1,DT,True,soybean
2067,0.9036964637926176,0.9353260869565216,0.9341032944398349,0.9405740887534366,0.9353260869565216,1,DT,False,soybean
2068,0.9155924204001127,0.9500329380764163,0.945978127836114,0.9490203511263293,0.9500329380764163,2,DT,True,soybean
2069,0.9155924204001127,0.9500603864734299,0.946046517765185,0.948650447110592,0.9500603864734299,2,DT,False,soybean
2070,0.9110929134967596,0.936945542380325,0.9411046735985222,0.9527836173488349,0.936945542380325,3,DT,True,soybean
2071,0.9125810087348548,0.9397233201581028,0.9436320734473507,0.9543256401408576,0.9397233201581028,3,DT,False,soybean
2072,0.9244593547478164,0.941661176987264,0.942806950769028,0.9517184559938183,0.941661176987264,4,DT,True,soybean
2073,0.9215007748661594,0.9361056214317085,0.9371251325872099,0.9465927946181569,0.9361056214317085,4,DT,False,soybean
2074,0.9037228796844181,0.9283432147562583,0.9293035135331092,0.941691458568585,0.9283432147562583,5,DT,True,soybean
2075,0.9037228796844181,0.9283432147562583,0.9293035135331092,0.941691458568585,0.9283432147562583,5,DT,False,soybean
2076,0.9363200901662441,0.958596837944664,0.9591615765649074,0.9668479281386889,0.958596837944664,0,RF,True,soybean
2077,0.9378081854043393,0.9592281510759771,0.9597064541755251,0.9681214357301313,0.9592281510759771,0,RF,False,soybean
2078,0.9377729642152719,0.9701800614844093,0.969140758493304,0.9702982579579643,0.9701800614844093,1,RF,True,soybean
2079,0.9377729642152719,0.9701800614844093,0.969140758493304,0.9702982579579643,0.9701800614844093,1,RF,False,soybean
2080,0.9392610594533672,0.9641798418972332,0.9644438210528634,0.9695018711238181,0.9641798418972332,2,RF,True,soybean
2081,0.9363112848689772,0.9607981993851559,0.9610624081415902,0.9666539793930763,0.9607981993851559,2,RF,False,soybean
2082,0.9467015356438434,0.9737758014931928,0.9714690793742506,0.9717269635681154,0.9737758014931928,3,RF,True,soybean
2083,0.9452222457030149,0.9731719367588932,0.9708903756705469,0.9711714080125597,0.9731719367588932,3,RF,False,soybean
2084,0.9333527049873203,0.9596453667105841,0.9583936446233299,0.962167653135395,0.9596453667105841,4,RF,True,soybean
2085,0.9377905748098057,0.9658047870004391,0.9631137184745011,0.9648842299309192,0.9658047870004391,4,RF,False,soybean
2086,0.9170629050436743,0.9486001317523056,0.9484307377948715,0.9536605822384807,0.9486001317523056,5,RF,True,soybean
2087,0.9170629050436743,0.9486275801493192,0.9485134262684756,0.9535742368770592,0.9486275801493192,5,RF,False,soybean
2088,0.95,0.9500000000000001,0.9500718247400994,0.953786232669027,0.9500000000000001,0,KNN,True,mfeat_karhunen
2089,0.95,0.9500000000000001,0.9500718247400994,0.953786232669027,0.9500000000000001,0,KNN,False,mfeat_karhunen
2090,0.9510000000000001,0.9510000000000001,0.9509307052426929,0.9543819412068835,0.9510000000000001,1,KNN,True,mfeat_karhunen
2091,0.9524999999999999,0.9524999999999999,0.9524848044095695,0.955639088022193,0.9524999999999999,1,KNN,False,mfeat_karhunen
2092,0.949,0.949,0.9490560386044088,0.9528824765713408,0.949,2,KNN,True,mfeat_karhunen
2093,0.9484999999999999,0.9484999999999999,0.9485233340119046,0.9525502788623215,0.9484999999999999,2,KNN,False,mfeat_karhunen
2094,0.949,0.949,0.9488753447138941,0.9527774458969771,0.949,3,KNN,True,mfeat_karhunen
2095,0.9485,0.9485,0.9483742848244847,0.9523100761398499,0.9485,3,KNN,False,mfeat_karhunen
2096,0.947,0.947,0.9468554445065172,0.9505926896667476,0.947,4,KNN,True,mfeat_karhunen
2097,0.947,0.947,0.946849437366478,0.9505306904335493,0.947,4,KNN,False,mfeat_karhunen
2098,0.948,0.948,0.9478765512367379,0.9512971452405712,0.948,5,KNN,True,mfeat_karhunen
2099,0.9490000000000001,0.9490000000000001,0.9488612932921314,0.952238277546434,0.9490000000000001,5,KNN,False,mfeat_karhunen
2100,0.9555,0.9555,0.9554769922902422,0.95669140410632,0.9555,0,SVC,True,mfeat_karhunen
2101,0.9550000000000001,0.955,0.954953642803612,0.9562118122695853,0.955,0,SVC,False,mfeat_karhunen
2102,0.9475,0.9475,0.94745151747378,0.9488442122336624,0.9475,1,SVC,True,mfeat_karhunen
2103,0.9475,0.9475,0.94745151747378,0.9488442122336624,0.9475,1,SVC,False,mfeat_karhunen
2104,0.9550000000000001,0.9550000000000001,0.9550517257771309,0.9562749361977101,0.9550000000000001,2,SVC,True,mfeat_karhunen
2105,0.9544999999999999,0.9545000000000001,0.9545661210942137,0.9558231304754212,0.9545000000000001,2,SVC,False,mfeat_karhunen
2106,0.95,0.95,0.9498888910595653,0.9506904450957536,0.95,3,SVC,True,mfeat_karhunen
2107,0.95,0.95,0.9498888910595653,0.9506904450957536,0.95,3,SVC,False,mfeat_karhunen
2108,0.955,0.955,0.9550295559655722,0.9560178319778626,0.955,4,SVC,True,mfeat_karhunen
2109,0.955,0.955,0.9550295559655722,0.9560178319778626,0.955,4,SVC,False,mfeat_karhunen
2110,0.9515,0.9515,0.9514986959686739,0.9524797911022236,0.9515,5,SVC,True,mfeat_karhunen
2111,0.952,0.952,0.9519989490552071,0.9529601832590864,0.952,5,SVC,False,mfeat_karhunen
2112,0.948,0.9480000000000001,0.9480832894538154,0.9493090453030014,0.9480000000000001,0,LR,True,mfeat_karhunen
2113,0.948,0.9480000000000001,0.9480787484927948,0.9492595543527752,0.9480000000000001,0,LR,False,mfeat_karhunen
2114,0.9385,0.9384999999999999,0.9384419246991387,0.940161067027248,0.9384999999999999,1,LR,True,mfeat_karhunen
2115,0.9390000000000001,0.9389999999999998,0.9389301864374003,0.9406791732596399,0.9389999999999998,1,LR,False,mfeat_karhunen
2116,0.95,0.95,0.9499752773858133,0.951228154291015,0.95,2,LR,True,mfeat_karhunen
2117,0.95,0.95,0.9499752773858133,0.951228154291015,0.95,2,LR,False,mfeat_karhunen
2118,0.9495,0.9495,0.9493771704752457,0.9506528512778097,0.9495,3,LR,True,mfeat_karhunen
2119,0.9495,0.9495,0.9493771704752457,0.9506528512778097,0.9495,3,LR,False,mfeat_karhunen
2120,0.9464999999999999,0.9465000000000001,0.9465645383897348,0.9477290601320802,0.9465000000000001,4,LR,True,mfeat_karhunen
2121,0.9464999999999999,0.9465000000000001,0.9465645383897348,0.9477290601320802,0.9465000000000001,4,LR,False,mfeat_karhunen
2122,0.948,0.9479999999999998,0.9481668775732126,0.9494560573995032,0.9479999999999998,5,LR,True,mfeat_karhunen
2123,0.948,0.9479999999999998,0.9481668775732126,0.9494560573995032,0.9479999999999998,5,LR,False,mfeat_karhunen
2124,0.9374999999999999,0.9375000000000001,0.9376777283675276,0.9400715297073492,0.9375000000000001,0,NB,True,mfeat_karhunen
2125,0.9374999999999999,0.9375000000000001,0.9376777283675276,0.9400715297073492,0.9375000000000001,0,NB,False,mfeat_karhunen
2126,0.9354999999999999,0.9355000000000001,0.9356996278890604,0.9386279874385886,0.9355000000000001,1,NB,True,mfeat_karhunen
2127,0.9354999999999999,0.9355000000000001,0.9356996278890604,0.9386279874385886,0.9355000000000001,1,NB,False,mfeat_karhunen
2128,0.9345,0.9344999999999999,0.9348211871732272,0.9379038084633005,0.9344999999999999,2,NB,True,mfeat_karhunen
2129,0.9345,0.9344999999999999,0.9348211871732272,0.9379038084633005,0.9344999999999999,2,NB,False,mfeat_karhunen
2130,0.9335,0.9334999999999999,0.9339627821938596,0.9371218437928076,0.9334999999999999,3,NB,True,mfeat_karhunen
2131,0.9335,0.9334999999999999,0.9339627821938596,0.9371218437928076,0.9334999999999999,3,NB,False,mfeat_karhunen
2132,0.9339999999999999,0.9339999999999999,0.9341519829849262,0.9374884812785765,0.9339999999999999,4,NB,True,mfeat_karhunen
2133,0.9339999999999999,0.9339999999999999,0.9341519829849262,0.9374884812785765,0.9339999999999999,4,NB,False,mfeat_karhunen
2134,0.9325,0.9324999999999999,0.9329203907019912,0.9355660230909444,0.9324999999999999,5,NB,True,mfeat_karhunen
2135,0.9325,0.9324999999999999,0.9329203907019912,0.9355660230909444,0.9324999999999999,5,NB,False,mfeat_karhunen
2136,0.817,0.817,0.8166956879832397,0.8185924288324057,0.817,0,DT,True,mfeat_karhunen
2137,0.817,0.817,0.8166956879832397,0.8185924288324057,0.817,0,DT,False,mfeat_karhunen
2138,0.8165,0.8165,0.8163432686873442,0.8195338410881919,0.8165,1,DT,True,mfeat_karhunen
2139,0.8165,0.8165,0.8163432686873442,0.8195338410881919,0.8165,1,DT,False,mfeat_karhunen
2140,0.814,0.8140000000000001,0.8142381894892796,0.8173693181325017,0.8140000000000001,2,DT,True,mfeat_karhunen
2141,0.814,0.8140000000000001,0.8142381894892796,0.8173693181325017,0.8140000000000001,2,DT,False,mfeat_karhunen
2142,0.809,0.809,0.8085970596160111,0.811983192437265,0.809,3,DT,True,mfeat_karhunen
2143,0.809,0.809,0.8085970596160111,0.811983192437265,0.809,3,DT,False,mfeat_karhunen
2144,0.8109999999999999,0.8109999999999999,0.8110913384419236,0.8147036804505208,0.8109999999999999,4,DT,True,mfeat_karhunen
2145,0.8109999999999999,0.8109999999999999,0.8110913384419236,0.8147036804505208,0.8109999999999999,4,DT,False,mfeat_karhunen
2146,0.804,0.804,0.8038046847551639,0.8072322062989963,0.804,5,DT,True,mfeat_karhunen
2147,0.804,0.804,0.8038046847551639,0.8072322062989963,0.804,5,DT,False,mfeat_karhunen
2148,0.958,0.958,0.9579624384647885,0.9586437415890263,0.958,0,RF,True,mfeat_karhunen
2149,0.958,0.958,0.9579624384647885,0.9586437415890263,0.958,0,RF,False,mfeat_karhunen
2150,0.9584999999999999,0.9584999999999999,0.958446443860049,0.9593950366625527,0.9584999999999999,1,RF,True,mfeat_karhunen
2151,0.9584999999999999,0.9584999999999999,0.958446443860049,0.9593950366625527,0.9584999999999999,1,RF,False,mfeat_karhunen
2152,0.962,0.962,0.9620347128495971,0.9630785636790671,0.962,2,RF,True,mfeat_karhunen
2153,0.962,0.962,0.9620347128495971,0.9630785636790671,0.962,2,RF,False,mfeat_karhunen
2154,0.9575,0.9575,0.9574187240413006,0.9582164186239641,0.9575,3,RF,True,mfeat_karhunen
2155,0.9575,0.9575,0.9574187240413006,0.9582164186239641,0.9575,3,RF,False,mfeat_karhunen
2156,0.96,0.9600000000000001,0.9599941118796864,0.9607304928157246,0.9600000000000001,4,RF,True,mfeat_karhunen
2157,0.96,0.9600000000000001,0.9599941118796864,0.9607304928157246,0.9600000000000001,4,RF,False,mfeat_karhunen
2158,0.959,0.9590000000000001,0.958962197425008,0.9597334772638051,0.9590000000000001,5,RF,True,mfeat_karhunen
2159,0.959,0.9590000000000001,0.958962197425008,0.9597334772638051,0.9590000000000001,5,RF,False,mfeat_karhunen
